WP_011129383.1	MER0003314|C44.001|C44	32.8	48.7	94.0	262	3.02e-28	110
WP_011129383.1	MER0011806|C44.A03|C44	33.5	48.9	93.7	239	4.11e-28	108
WP_011129383.1	MER0004101|C44.A01|C44	33.1	48.9	93.7	239	5.64e-28	108
WP_011129383.1	MER0011781|C44.A02|C44	33.3	48.7	92.8	237	2.76e-27	106
WP_011129383.1	MER0003327|C44.971|C44	30.1	44.1	83.8	219	2.12e-13	66.6
WP_011129424.1	MER0045886|C26.957|C26	44.9	42.4	94.5	225	2.26e-59	193
WP_011129424.1	MER0044889|C26.A21|C26	40.3	43.8	95.0	231	4.38e-49	166
WP_011129424.1	MER0042974|C26.A07|C26	40.8	35.0	97.9	191	3.31e-43	149
WP_011129424.1	MER0038086|C26.962|C26	35.9	39.6	88.1	223	4.03e-36	132
WP_011129424.1	MER0043387|C26.950|C26	38.8	33.7	100	178	9.53e-36	128
WP_011129424.1	MER0043537|C26.A31|C26	36.9	35.4	98.4	187	1.29e-34	125
WP_011129424.1	MER0436735|C26.A34|C26	28.5	42.4	98.9	260	3.40e-34	127
WP_011129424.1	MER0044882|C26.A09|C26	26.4	28.4	86.3	159	9.51e-12	60.8
WP_011129424.1	MER0044622|C26.A25|C26	28.6	28.4	59.1	154	1.17e-11	62.0
WP_011129424.1	MER0043394|C26.955|C26	28.7	28.0	90.9	150	4.23e-11	58.5
WP_011129424.1	MER0044619|C26.A26|C26	22.1	26.1	57.8	140	2.26e-06	45.8
WP_011129424.1	MER0044812|C26.A04|C26	30.1	19.1	40.6	103	1.36e-05	43.5
WP_011129424.1	MER0043195|C26.A30|C26	25.4	21.6	50.0	130	1.06e-04	40.8
WP_011129441.1	MER0000474|S14.001|S14	66.0	83.9	90.8	188	3.18e-88	256
WP_011129441.1	MER0005687|S14.A01|S14	64.2	78.6	83.4	176	1.45e-75	224
WP_011129441.1	MER0006046|S14.A02|S14	54.2	85.7	92.8	192	5.95e-74	220
WP_011129441.1	MER0002211|S14.003|S14	57.4	83.9	90.8	188	1.70e-73	219
WP_011129441.1	MER0002299|S14.A04|S14	55.4	83.0	92.5	186	1.06e-70	211
WP_011129441.1	MER0006063|S14.010|S14	54.6	81.7	87.5	183	3.08e-69	208
WP_011129441.1	MER0004855|S14.A03|S14	52.6	85.7	88.0	192	4.51e-69	207
WP_011129441.1	MER0004847|S14.009|S14	51.9	83.9	90.9	189	3.30e-66	200
WP_011129441.1	MER0004857|S14.008|S14	55.0	83.9	90.8	189	1.29e-65	199
WP_011129441.1	MER0006308|S14.002|S14	44.7	83.9	96.9	190	1.01e-54	171
WP_011129441.1	MER0004182|S14.006|S14	42.5	86.2	93.1	193	4.03e-53	167
WP_011129441.1	MER0006056|S14.011|S14	46.6	77.7	82.0	174	1.65e-51	163
WP_011129441.1	MER0011666|S14.005|S14	40.6	77.2	92.6	175	1.17e-37	127
WP_011129441.1	MER0001369|S14.007|S14	38.9	32.1	55.0	72	2.17e-12	59.3
WP_011129478.1	MER0065588|C26.965|C26	37.3	96.8	99.0	209	1.04e-31	111
WP_011129507.1	MER0036065|S33.A03|S33	36.3	87.1	99.6	267	1.35e-53	172
WP_011129507.1	MER0036053|S33.A01|S33	37.0	87.1	97.3	270	1.00e-44	150
WP_011129507.1	MER0036054|S33.A02|S33	31.5	87.8	95.3	279	1.97e-39	136
WP_011129507.1	MER0036074|S33.A34|S33	25.0	94.4	77.1	312	1.57e-18	82.0
WP_011129507.1	MER0011509|S33.A84|S33	23.7	90.8	87.6	291	3.18e-08	50.8
WP_011129507.1	MER0030163|S33.975|S33	24.3	86.1	89.3	280	9.31e-08	49.3
WP_011129507.1	MER0036064|S33.A16|S33	26.3	49.8	53.6	152	2.04e-06	45.1
WP_011129536.1	MER0002007|M20.008|M20D	38.8	92.5	94.1	376	2.75e-75	236
WP_011129536.1	MER0002655|M20.015|M20D	35.8	89.7	93.7	360	5.85e-70	222
WP_011129536.1	MER0002013|M20.A02|M20D	37.2	94.0	97.2	387	1.71e-66	213
WP_011129536.1	MER0002659|M20.014|M20D	33.3	93.5	95.7	378	2.86e-63	205
WP_011129536.1	MER0002014|M20.A03|M20D	33.2	90.7	92.9	367	1.30e-60	198
WP_011129536.1	MER0005173|M20.A05|M20D	35.8	91.5	97.9	371	1.00e-57	190
WP_011129536.1	MER0003770|M20.A27|M20D	35.8	92.0	97.3	372	8.43e-56	185
WP_011129536.1	MER0005155|M20.A06|M20D	33.6	91.5	97.4	372	1.69e-52	176
WP_011129536.1	MER0005163|M20.009|M20D	44.5	38.4	58.3	155	2.12e-33	122
WP_011129536.1	MER0003581|M20.020|M20D	30.4	81.7	99.4	342	8.92e-31	117
WP_011129536.1	MER0003815|M20.A04|M20D	38.9	43.7	58.3	175	1.62e-29	113
WP_011129536.1	MER0015354|M20.A01|M20D	40.7	41.7	57.6	167	2.54e-29	112
WP_011129536.1	MER0002664|M20.A26|M20D	39.4	39.9	53.6	160	1.53e-24	99.0
WP_011129610.1	MER0011785|S33.009|S33	28.2	29.9	25.5	85	9.12e-04	37.0
WP_011129693.1	MER0000474|S14.001|S14	63.0	92.0	88.4	184	1.11e-77	228
WP_011129693.1	MER0005687|S14.A01|S14	60.5	92.5	87.2	185	5.26e-72	214
WP_011129693.1	MER0006308|S14.002|S14	48.2	96.5	98.5	193	4.38e-65	196
WP_011129693.1	MER0004857|S14.008|S14	58.4	86.5	82.6	173	2.34e-62	189
WP_011129693.1	MER0002211|S14.003|S14	52.8	90.0	86.5	180	1.54e-60	185
WP_011129693.1	MER0004855|S14.A03|S14	52.2	93.0	87.1	186	1.88e-59	182
WP_011129693.1	MER0002299|S14.A04|S14	54.2	89.5	88.6	179	2.94e-59	181
WP_011129693.1	MER0006046|S14.A02|S14	50.0	90.0	86.5	180	3.54e-59	181
WP_011129693.1	MER0004847|S14.009|S14	51.7	90.0	86.5	180	2.95e-58	179
WP_011129693.1	MER0006063|S14.010|S14	50.9	86.5	82.7	173	3.13e-55	171
WP_011129693.1	MER0006056|S14.011|S14	50.9	82.5	77.3	165	2.54e-52	164
WP_011129693.1	MER0011666|S14.005|S14	46.1	82.0	87.3	165	2.64e-44	143
WP_011129693.1	MER0004182|S14.006|S14	40.8	87.0	85.2	174	5.05e-42	137
WP_011129693.1	MER0001369|S14.007|S14	37.5	36.0	55.0	72	2.70e-14	63.9
WP_011129694.1	MER0000474|S14.001|S14	43.8	87.0	84.5	194	1.14e-50	160
WP_011129694.1	MER0006046|S14.A02|S14	38.1	87.0	84.5	194	2.11e-45	147
WP_011129694.1	MER0006063|S14.010|S14	43.3	90.1	87.5	201	2.17e-45	147
WP_011129694.1	MER0005687|S14.A01|S14	39.3	92.8	92.4	214	1.50e-43	142
WP_011129694.1	MER0002211|S14.003|S14	40.3	85.7	83.1	191	5.98e-42	138
WP_011129694.1	MER0004857|S14.008|S14	42.6	84.3	81.2	188	4.75e-41	136
WP_011129694.1	MER0004847|S14.009|S14	40.3	85.2	82.7	191	2.74e-40	134
WP_011129694.1	MER0002299|S14.A04|S14	38.4	85.2	85.1	190	4.42e-37	125
WP_011129694.1	MER0004855|S14.A03|S14	33.3	87.4	84.2	195	6.73e-35	120
WP_011129694.1	MER0006056|S14.011|S14	36.1	87.0	82.5	194	3.37e-32	113
WP_011129694.1	MER0004182|S14.006|S14	29.2	87.4	86.7	195	2.55e-29	105
WP_011129694.1	MER0006308|S14.002|S14	28.8	85.2	87.8	191	4.97e-27	99.8
WP_011129694.1	MER0011666|S14.005|S14	35.2	70.4	79.4	159	6.83e-25	94.0
WP_011129718.1	MER0017118|S26.A08|S26A	29.0	51.7	80.5	62	3.59e-04	33.9
WP_011129718.1	MER0003273|S26.016|S26A	28.2	65.3	46.9	78	9.60e-04	33.9
WP_011129757.1	MER0005466|M41.021|M41	49.1	36.8	95.8	230	2.99e-67	216
WP_011129757.1	MER0002602|M41.009|M41	44.3	37.8	88.4	237	3.32e-61	201
WP_011129757.1	MER0002563|M41.020|M41	43.2	36.6	95.1	234	3.76e-57	190
WP_011129757.1	MER0017637|M41.024|M41	44.0	36.6	95.1	234	3.76e-57	190
WP_011129757.1	MER0002408|M41.017|M41	42.5	37.0	93.5	233	8.04e-53	178
WP_011129757.1	MER0023544|M41.A10|M41	44.3	36.8	81.1	230	1.86e-52	178
WP_011129757.1	MER0171760|M41.A12|M41	37.7	42.6	98.1	268	1.89e-52	178
WP_011129757.1	MER0001620|M41.001|M41	40.8	37.0	82.0	233	4.52e-52	177
WP_011129757.1	MER0056525|M41.A17|M41	41.6	37.0	89.2	231	9.36e-51	173
WP_011129757.1	MER0011224|M41.A09|M41	40.8	37.0	81.5	233	2.58e-50	172
WP_011129757.1	MER0002600|M41.002|M41	40.3	37.0	87.5	231	5.59e-50	171
WP_011129757.1	MER0011120|M41.A04|M41	41.9	38.7	93.6	248	7.22e-50	171
WP_011129757.1	MER0005496|M41.007|M41	40.7	37.0	83.3	231	1.56e-49	170
WP_011129757.1	MER0002605|M41.003|M41	40.1	37.9	86.4	237	5.16e-49	169
WP_011129757.1	MER0015194|M41.A14|M41	43.5	36.8	84.2	232	3.67e-48	166
WP_011129757.1	MER0015690|M41.A03|M41	40.8	37.1	89.8	238	2.60e-47	164
WP_011129757.1	MER0011745|M41.005|M41	42.7	37.0	88.8	234	5.84e-47	163
WP_011129757.1	MER0015197|M41.013|M41	40.7	37.6	88.8	236	8.09e-47	162
WP_011129757.1	MER0011748|M41.022|M41	39.4	37.0	81.8	231	4.50e-46	161
WP_011129757.1	MER0015137|M41.025|M41	42.3	37.0	89.8	234	5.25e-46	160
WP_011129757.1	MER0015199|M41.015|M41	39.2	36.3	81.0	227	1.36e-45	160
WP_011129757.1	MER0015609|M41.023|M41	36.8	38.2	84.6	239	1.51e-44	157
WP_011129757.1	MER0015195|M41.A15|M41	39.0	37.0	81.5	231	3.12e-44	156
WP_011129757.1	MER0024898|M41.A13|M41	38.7	37.9	84.4	238	2.17e-43	154
WP_011129757.1	MER0015193|M41.019|M41	41.0	37.0	97.1	239	2.76e-42	149
WP_011129783.1	MER0107808|C82.A03|C82A	30.8	62.5	86.5	133	3.46e-13	60.8
WP_011129783.1	MER0094392|C82.003|C82B	23.5	70.8	90.3	136	2.40e-10	52.8
WP_011129783.1	MER0107804|C82.A02|C82A	26.9	63.0	87.0	134	1.19e-07	45.8
WP_011129783.1	MER0107825|C82.A04|C82A	27.5	70.3	98.5	149	8.12e-07	43.5
WP_011129783.1	MER0107820|C82.A05|C82A	43.2	19.3	27.4	37	1.82e-04	37.0
WP_011129786.1	MER0055964|S26.A02|S26A	43.1	74.3	99.3	153	2.55e-42	137
WP_011129786.1	MER0015620|S26.A01|S26A	42.9	74.8	97.4	154	1.19e-38	127
WP_011129786.1	MER0003269|S26.008|S26A	42.5	72.8	94.9	153	4.15e-37	124
WP_011129786.1	MER0013626|S26.026|S26A	33.1	72.3	94.1	157	1.10e-18	76.3
WP_011129786.1	MER0004537|S26.025|S26A	30.6	73.3	96.3	186	2.41e-17	73.6
WP_011129786.1	MER0028421|S26.018|S26A	29.7	73.3	95.6	165	3.84e-14	64.3
WP_011129786.1	MER0016034|S26.020|S26A	29.8	68.9	95.5	161	4.97e-13	61.2
WP_011129786.1	MER0003273|S26.016|S26A	28.2	73.3	95.7	170	5.78e-13	61.2
WP_011129786.1	MER0002551|S26.024|S26A	32.0	75.2	98.5	206	1.14e-12	61.2
WP_011129786.1	MER0015993|S26.021|S26A	27.9	73.3	95.5	165	1.85e-12	59.7
WP_011129786.1	MER0001912|S26.005|S26A	30.3	74.3	94.8	165	1.88e-12	59.7
WP_011129786.1	MER0002550|S26.004|S26A	26.6	71.4	92.9	158	1.89e-11	57.0
WP_011129786.1	MER0000598|S26.012|S26A	32.0	48.5	60.4	100	8.89e-11	54.7
WP_011129786.1	MER0015994|S26.019|S26A	29.6	70.4	95.0	169	1.03e-10	55.1
WP_011129786.1	MER0000589|S26.001|S26A	26.0	74.8	98.4	250	1.52e-10	55.8
WP_011129786.1	MER0000592|S26.003|S26A	26.5	72.3	94.2	162	2.49e-10	53.9
WP_011129786.1	MER0001510|S26.007|S26A	24.1	71.4	92.9	158	6.29e-09	50.1
WP_011129786.1	MER0006313|S26.006|S26A	27.8	39.8	64.2	97	1.92e-07	45.8
WP_011129786.1	MER0000597|S26.002|S26A	30.4	64.1	70.7	135	2.29e-07	45.8
WP_011129786.1	MER0003268|S26.015|S26A	25.6	43.2	71.7	129	2.74e-07	45.8
WP_011129807.1	MER0006087|M03.A01|M03A	46.5	99.4	99.3	714	4.84e-229	652
WP_011129807.1	MER0015119|M03.A02|M03A	44.6	98.7	99.4	737	5.65e-216	620
WP_011129807.1	MER0001161|M03.004|M03A	38.2	97.8	99.6	704	4.83e-164	485
WP_011129807.1	MER0001158|M03.005|M03A	31.7	81.7	87.2	616	1.00e-84	278
WP_011129807.1	MER0001149|M03.001|M03A	28.4	95.7	94.8	691	2.29e-74	251
WP_011129807.1	MER0003110|M03.009|M03A	28.9	96.5	98.2	740	1.72e-68	235
WP_011129807.1	MER0001942|M03.002|M03A	26.0	94.7	95.9	691	5.16e-64	222
WP_011129807.1	MER0108144|M03.A07|M03A	27.4	80.0	83.7	583	1.07e-59	210
WP_011129807.1	MER0001153|M03.003|M03A	30.0	66.0	68.2	494	1.17e-58	207
WP_011129807.1	MER0079465|M03.011|M03A	26.5	78.9	85.8	589	8.72e-50	181
WP_011129807.1	MER0015170|M03.A03|M03A	28.1	65.3	69.9	473	1.45e-40	154
WP_011129807.1	MER0001156|M03.006|M03A	26.5	57.3	61.2	445	1.45e-27	115
WP_011129807.1	MER0059435|M03.A11|M03A	20.7	28.1	31.9	242	2.24e-04	41.2
WP_011129847.1	MER0061068|M38.A02|M38	59.3	83.9	99.7	297	7.26e-120	345
WP_011129884.1	MER0015475|S54.029|S54	30.8	94.1	92.0	185	1.83e-17	73.6
WP_011129884.1	MER0015459|S54.014|S54	30.5	80.5	62.0	151	3.38e-10	54.3
WP_011129884.1	MER0003940|S54.025|S54	27.8	74.1	75.1	151	1.16e-04	38.1
WP_011129884.1	MER0035255|S54.028|S54	28.8	55.7	53.7	111	5.28e-04	36.2
WP_011129912.1	MER0000870|A24.001|A24A	31.8	85.2	92.7	233	9.44e-27	101
WP_011129912.1	MER0002075|A24.A01|A24A	28.5	53.0	92.3	144	9.95e-07	44.3
WP_011129912.1	MER0000876|A24.A10|A24A	36.7	22.2	28.0	60	1.03e-04	39.3
WP_011129917.1	MER0016172|S66.002|S66	39.8	36.9	40.1	128	3.75e-19	83.2
WP_011129917.1	MER0016191|S66.001|S66	30.0	70.8	84.6	253	1.92e-15	72.4
WP_011129971.1	MER0015090|M16.975|M16B	25.8	35.6	72.1	163	2.02e-08	51.6
WP_011129971.1	MER0003543|M16.973|M16B	25.8	35.6	72.1	163	3.88e-07	47.8
WP_011129971.1	MER0026957|M16.977|M16B	24.1	23.7	49.5	108	9.90e-04	37.4
WP_011129974.1	MER0001313|A08.001|A08	29.2	74.5	78.0	130	6.59e-08	46.6
WP_011130032.1	MER0060647|C26.952|C26	39.2	93.7	98.0	367	6.54e-79	243
WP_011130032.1	MER0044812|C26.A04|C26	47.8	60.2	93.9	232	8.63e-72	221
WP_011130032.1	MER0078640|C26.951|C26	36.4	95.3	100	374	8.16e-66	209
WP_011130032.1	MER0045945|C26.963|C26	41.7	50.1	84.8	192	1.45e-50	166
WP_011130032.1	MER0043540|C26.A33|C26	36.5	63.1	100	244	4.05e-43	147
WP_011130032.1	MER0115185|C26.954|C26	51.4	37.5	99.3	144	1.39e-42	142
WP_011130032.1	MER0046161|C26.956|C26	38.9	48.3	66.1	185	2.34e-38	135
WP_011130032.1	MER0436691|C26.A27|C26	31.2	71.8	89.4	279	1.57e-36	130
WP_011130032.1	MER0043537|C26.A31|C26	27.0	40.1	81.9	163	2.63e-14	67.8
WP_011130032.1	MER0044882|C26.A09|C26	28.0	32.7	73.6	143	7.95e-10	54.7
WP_011130032.1	MER0043394|C26.955|C26	25.0	34.8	82.9	140	3.70e-09	52.4
WP_011130032.1	MER0044889|C26.A21|C26	27.3	42.7	68.6	172	4.32e-08	50.4
WP_011130032.1	MER0045095|C26.958|C26	25.0	32.5	52.4	140	3.98e-07	47.8
WP_011130032.1	MER0045094|C26.959|C26	27.4	43.3	71.4	179	4.51e-07	47.4
WP_011130032.1	MER0044622|C26.A25|C26	33.1	32.7	50.2	133	8.98e-07	46.6
WP_011130032.1	MER0043392|C26.960|C26	27.9	36.4	82.2	147	2.37e-06	44.3
WP_011130032.1	MER0042974|C26.A07|C26	27.7	37.7	77.8	159	1.41e-05	42.4
WP_011130032.1	MER0043195|C26.A30|C26	24.0	32.5	56.0	146	2.11e-05	42.4
WP_011130032.1	MER0038086|C26.962|C26	23.6	45.1	75.0	199	1.61e-04	39.7
WP_011130055.1	MER0002408|M41.017|M41	70.3	38.6	100	246	1.65e-113	337
WP_011130055.1	MER0011745|M41.005|M41	56.0	37.8	93.1	241	1.99e-89	275
WP_011130055.1	MER0015137|M41.025|M41	54.8	37.8	94.1	241	4.27e-87	269
WP_011130055.1	MER0015193|M41.019|M41	54.2	37.1	100	238	4.28e-84	261
WP_011130055.1	MER0002563|M41.020|M41	48.1	35.7	95.1	233	1.90e-64	209
WP_011130055.1	MER0017637|M41.024|M41	48.1	35.7	95.1	233	1.98e-63	207
WP_011130055.1	MER0005466|M41.021|M41	42.3	36.2	96.7	234	7.57e-58	192
WP_011130055.1	MER0002602|M41.009|M41	39.4	37.3	89.1	241	2.48e-52	178
WP_011130055.1	MER0001620|M41.001|M41	37.3	36.2	82.3	233	1.36e-47	166
WP_011130055.1	MER0015199|M41.015|M41	36.4	37.1	84.9	239	3.80e-43	153
WP_011130055.1	MER0015197|M41.013|M41	39.2	35.9	86.9	232	1.05e-41	149
WP_011130055.1	MER0056525|M41.A17|M41	37.8	36.1	89.2	233	1.42e-39	142
WP_011130055.1	MER0190577|M41.A16|M41	34.0	37.1	91.8	238	3.91e-38	138
WP_011130055.1	MER0015194|M41.A14|M41	32.5	35.9	84.2	231	3.28e-37	136
WP_011130055.1	MER0005496|M41.007|M41	34.1	36.1	83.3	232	3.63e-37	136
WP_011130055.1	MER0023544|M41.A10|M41	35.8	36.1	81.5	232	7.92e-37	135
WP_011130055.1	MER0015195|M41.A15|M41	34.1	36.1	81.5	232	7.18e-36	133
WP_011130055.1	MER0002605|M41.003|M41	35.2	36.1	84.2	233	1.05e-35	132
WP_011130055.1	MER0015609|M41.023|M41	34.9	36.4	82.4	235	1.25e-35	132
WP_011130055.1	MER0011224|M41.A09|M41	33.2	36.1	81.5	232	1.66e-34	129
WP_011130055.1	MER0002608|M41.A11|M41	33.1	36.1	85.4	236	2.62e-34	128
WP_011130055.1	MER0005755|M41.026|M41	32.9	35.9	96.0	231	3.27e-34	127
WP_011130055.1	MER0011748|M41.022|M41	34.0	36.4	82.5	235	1.44e-33	126
WP_011130055.1	MER0014324|M41.018|M41	34.1	36.1	90.8	232	1.56e-33	125
WP_011130055.1	MER0024900|M41.A21|M41	29.0	35.1	87.0	224	1.66e-32	122
WP_011130089.1	MER0073084|M61.002|M61	28.9	76.6	91.6	460	1.11e-48	173
WP_011130098.1	MER0000471|S13.002|S13	27.9	77.7	91.6	438	1.04e-21	94.0
WP_011130098.1	MER0011571|S13.003|S13	31.1	35.5	34.3	161	3.04e-09	55.5
WP_011130098.1	MER0000472|S13.001|S13	22.6	77.9	91.5	434	9.57e-09	53.9
WP_011130098.1	MER0026276|S13.A01|S13	29.5	32.1	32.8	156	1.71e-08	53.1
WP_011130098.1	MER0066354|S13.005|S13	22.2	69.5	96.0	334	4.79e-06	45.1
WP_011130129.1	MER0069741|M23.009|M23B	43.8	33.7	74.4	130	4.34e-22	88.6
WP_011130129.1	MER0003380|M23.011|M23B	47.1	25.4	35.3	85	1.13e-18	80.9
WP_011130129.1	MER0013541|M23.014|M23B	47.1	25.4	96.6	85	1.22e-18	76.6
WP_011130129.1	MER0003376|M23.005|M23B	41.3	33.1	70.5	121	1.64e-17	75.9
WP_011130129.1	MER0387040|M23.A03|M23B	42.2	26.6	87.4	90	2.79e-14	65.1
WP_011130129.1	MER0003906|M23.013|M23B	39.0	29.6	98.1	105	3.01e-14	65.1
WP_011130129.1	MER0005300|M23.950|M23B	37.0	29.9	58.3	100	2.06e-13	64.3
WP_011130129.1	MER0066182|M23.A04|M23B	42.2	26.6	45.2	90	2.13e-13	65.1
WP_011130129.1	MER0001419|M23.004|M23B	41.6	26.0	62.2	89	2.54e-13	63.5
WP_011130129.1	MER0003423|M23.012|M23B	41.6	26.0	62.2	89	4.77e-13	62.8
WP_011130129.1	MER0001282|M23.002|M23A	31.6	33.4	52.2	114	1.13e-04	39.3
WP_011130130.1	MER0069741|M23.009|M23B	41.0	30.8	66.3	117	1.06e-20	85.1
WP_011130130.1	MER0003380|M23.011|M23B	47.4	27.2	39.8	97	2.36e-20	85.9
WP_011130130.1	MER0013541|M23.014|M23B	42.4	23.8	96.6	85	9.69e-17	71.6
WP_011130130.1	MER0003906|M23.013|M23B	40.4	28.3	100	109	7.05e-15	67.0
WP_011130130.1	MER0387040|M23.A03|M23B	41.7	26.6	92.2	96	1.69e-14	65.9
WP_011130130.1	MER0005300|M23.950|M23B	34.4	32.5	71.8	122	2.65e-14	67.0
WP_011130130.1	MER0003376|M23.005|M23B	38.0	27.7	62.7	108	2.82e-14	67.0
WP_011130130.1	MER0066182|M23.A04|M23B	38.4	30.0	55.8	112	9.72e-14	66.2
WP_011130130.1	MER0001419|M23.004|M23B	35.5	29.1	76.2	110	1.88e-12	61.2
WP_011130130.1	MER0003423|M23.012|M23B	37.3	29.1	76.2	110	6.52e-12	59.7
WP_011130130.1	MER0001282|M23.002|M23A	25.0	26.6	49.4	104	5.47e-04	37.4
WP_011130134.1	MER0002408|M41.017|M41	51.3	38.1	93.9	236	6.29e-67	216
WP_011130134.1	MER0002563|M41.020|M41	40.9	37.6	95.1	235	1.94e-50	172
WP_011130134.1	MER0017637|M41.024|M41	42.1	37.6	95.1	235	1.94e-50	172
WP_011130134.1	MER0015137|M41.025|M41	42.5	37.3	88.3	233	9.93e-50	170
WP_011130134.1	MER0011745|M41.005|M41	42.0	37.3	87.3	231	1.08e-49	170
WP_011130134.1	MER0015193|M41.019|M41	43.0	38.9	99.6	244	1.13e-48	167
WP_011130134.1	MER0005466|M41.021|M41	35.7	37.6	95.4	235	6.89e-41	145
WP_011130134.1	MER0002602|M41.009|M41	37.3	37.6	85.8	236	2.36e-38	139
WP_011130134.1	MER0015199|M41.015|M41	39.7	36.7	79.6	229	4.38e-38	139
WP_011130134.1	MER0001620|M41.001|M41	34.6	36.5	78.8	228	2.17e-36	134
WP_011130134.1	MER0015197|M41.013|M41	36.3	38.6	89.2	248	5.83e-36	132
WP_011130134.1	MER0023544|M41.A10|M41	33.2	38.1	81.8	238	1.81e-33	126
WP_011130134.1	MER0011748|M41.022|M41	33.6	38.1	82.1	238	2.16e-32	123
WP_011130134.1	MER0015195|M41.A15|M41	31.9	38.1	81.8	238	2.21e-32	123
WP_011130134.1	MER0011224|M41.A09|M41	32.4	38.1	81.8	238	1.95e-31	120
WP_011130134.1	MER0056525|M41.A17|M41	32.4	38.1	89.6	238	2.08e-31	119
WP_011130134.1	MER0015609|M41.023|M41	32.4	38.1	82.0	238	3.40e-31	119
WP_011130134.1	MER0005496|M41.007|M41	31.9	38.1	83.6	238	8.06e-31	118
WP_011130134.1	MER0171760|M41.A12|M41	31.2	43.8	98.5	276	1.83e-30	117
WP_011130134.1	MER0014324|M41.018|M41	37.4	36.5	87.0	230	3.51e-30	115
WP_011130134.1	MER0004454|M41.006|M41	31.9	38.1	82.8	238	2.00e-29	114
WP_011130134.1	MER0190705|M41.A18|M41	33.0	36.8	95.0	230	5.18e-29	112
WP_011130134.1	MER0015194|M41.A14|M41	30.4	36.3	80.8	227	1.42e-28	112
WP_011130134.1	MER0190577|M41.A16|M41	32.5	37.8	88.5	237	5.63e-28	109
WP_011130134.1	MER0002605|M41.003|M41	29.1	38.1	84.5	237	5.70e-27	107
WP_011130148.1	MER0016301|M103.001|M103	33.6	90.0	93.0	441	3.88e-65	214
WP_011130148.1	MER0016248|M103.003|M103	24.0	49.7	92.8	242	1.48e-18	82.0
WP_011130148.1	MER0028087|M103.002|M103	29.5	30.1	30.3	146	2.21e-11	62.4
WP_011130148.1	MER0016222|M103.950|M103	22.6	89.6	92.2	446	5.29e-11	61.2
WP_011130154.1	MER0003514|S41.010|S41A	63.1	37.1	99.4	168	5.38e-67	209
WP_011130154.1	MER0001297|S41.008|S41A	64.0	35.5	95.3	161	6.60e-65	203
WP_011130154.1	MER0003065|S41.009|S41A	60.6	35.3	94.7	160	1.39e-56	182
WP_011130154.1	MER0003413|S41.002|S41A	47.8	35.3	94.7	161	2.45e-49	163
WP_011130154.1	MER0005714|S41.A01|S41A	50.9	35.3	94.9	169	1.21e-48	161
WP_011130154.1	MER0015684|S41.A02|S41A	50.0	35.3	94.7	162	1.82e-43	147
WP_011130154.1	MER0001425|S41.004|S41A	45.2	35.1	94.3	166	1.76e-38	134
WP_011130154.1	MER0004196|S41.013|S41A	42.6	35.1	94.2	162	1.65e-35	126
WP_011130154.1	MER0004195|S41.007|S41A	40.9	35.8	95.9	171	1.59e-31	115
WP_011130154.1	MER0001295|S41.001|S41A	32.2	35.3	95.1	174	9.92e-23	92.0
WP_011130154.1	MER0195376|S41.012|S41A	27.7	26.7	80.3	148	8.77e-06	43.1
WP_011130351.1	MER0014664|C39.004|C39	30.4	16.7	88.0	125	1.86e-19	82.4
WP_011130351.1	MER0002031|C39.005|C39	34.1	17.5	90.1	129	4.11e-18	78.6
WP_011130351.1	MER0002884|C39.007|C39	27.3	17.3	94.3	132	1.72e-12	62.4
WP_011130351.1	MER0014665|C39.003|C39	26.8	16.3	88.5	123	8.20e-08	48.9
WP_011130385.1	MER0081295|C83.001|C83	44.3	95.2	96.7	237	1.06e-63	196
WP_011130385.1	MER0100371|C83.A02|C83	33.3	84.3	99.5	213	1.61e-32	115
WP_011130385.1	MER0100342|C83.003|C83	36.5	74.7	88.3	189	9.08e-31	110
WP_011130385.1	MER0100315|C83.002|C83	28.8	82.3	97.6	208	9.23e-26	97.4
WP_011130385.1	MER0100354|C83.004|C83	32.3	77.9	89.4	195	3.71e-25	95.9
WP_011130424.1	MER0001001|M01.005|M01	61.4	24.1	100	210	1.87e-87	274
WP_011130424.1	MER0005037|M01.029|M01	52.5	21.0	99.5	183	1.32e-64	211
WP_011130424.1	MER0040779|M01.035|M01	39.1	22.6	93.9	197	4.66e-40	143
WP_011130424.1	MER0011438|M01.A08|M01	32.0	20.4	84.9	181	2.72e-25	101
WP_011130424.1	MER0011440|M01.A09|M01	28.0	22.7	90.9	200	6.11e-25	100
WP_011130424.1	MER0002060|M01.011|M01	28.1	23.1	92.2	203	1.10e-24	100
WP_011130424.1	MER0002078|M01.A28|M01	28.1	25.1	94.4	224	2.89e-24	99.4
WP_011130424.1	MER0011183|M01.A24|M01	30.2	23.7	94.1	212	4.03e-24	98.6
WP_011130424.1	MER0011371|M01.A10|M01	31.8	22.5	95.2	198	1.34e-23	96.7
WP_011130424.1	MER0002003|M01.015|M01	29.7	22.7	91.0	202	4.56e-23	95.5
WP_011130424.1	MER0002746|M01.010|M01	28.4	22.9	86.3	215	2.08e-22	94.0
WP_011130424.1	MER0001012|M01.003|M01	27.1	24.2	98.2	218	4.81e-22	92.4
WP_011130424.1	MER0019759|M01.A25|M01	29.7	22.0	83.2	195	1.24e-21	91.7
WP_011130424.1	MER0001010|M01.007|M01	29.1	22.0	93.7	196	4.43e-21	89.4
WP_011130424.1	MER0004243|M01.016|M01	30.9	21.4	88.5	194	1.03e-20	88.6
WP_011130424.1	MER0002968|M01.024|M01	27.4	23.3	93.2	208	1.46e-20	88.2
WP_011130424.1	MER0002355|M01.A19|M01	29.4	23.4	89.6	204	1.52e-20	88.2
WP_011130424.1	MER0011370|M01.A11|M01	28.8	22.8	99.0	219	7.46e-20	85.9
WP_011130424.1	MER0005331|M01.018|M01	29.1	22.5	93.4	199	8.80e-19	82.8
WP_011130424.1	MER0091680|M01.A31|M01	30.2	25.2	97.3	222	1.04e-18	82.8
WP_011130424.1	MER0001701|M01.008|M01	27.2	25.1	100	224	1.16e-18	82.8
WP_011130424.1	MER0000997|M01.001|M01	29.8	19.6	81.1	178	4.59e-18	80.9
WP_011130424.1	MER0011369|M01.A12|M01	27.0	22.8	92.4	211	5.41e-18	80.9
WP_011130424.1	MER0011423|M01.A02|M01	26.7	21.7	90.2	195	3.72e-17	78.2
WP_011130424.1	MER0002210|M01.013|M01	28.6	17.3	98.7	154	8.39e-17	75.5
WP_011130435.1	MER0036064|S33.A16|S33	28.2	80.6	93.5	248	2.23e-21	88.2
WP_011130435.1	MER0036078|S33.A75|S33	27.3	78.6	89.0	242	2.53e-17	76.6
WP_011130435.1	MER0036053|S33.A01|S33	24.1	78.9	98.9	270	7.63e-12	61.2
WP_011130435.1	MER0031611|S33.977|S33	24.1	83.9	91.8	274	1.42e-10	57.8
WP_011130435.1	MER0183709|S33.B16|S33	25.4	62.9	62.6	197	3.65e-10	56.6
WP_011130435.1	MER0044633|S33.A26|S33	28.8	42.8	36.1	132	3.44e-08	50.8
WP_011130435.1	MER0017033|S33.A15|S33	24.8	75.9	77.7	242	9.38e-08	49.3
WP_011130435.1	MER0011785|S33.009|S33	28.9	40.5	39.4	128	1.04e-05	43.1
WP_011130435.1	MER0208880|S33.B12|S33	34.0	31.1	36.8	100	1.16e-05	42.7
WP_011130435.1	MER0037236|S33.016|S33	28.3	35.8	42.1	120	1.52e-05	42.4
WP_011130435.1	MER0035973|S33.A14|S33	27.5	46.5	44.3	142	1.67e-05	42.4
WP_011130435.1	MER0044578|S33.A28|S33	26.0	33.1	29.5	104	8.12e-05	40.4
WP_011130435.1	MER0044350|S33.A81|S33	27.9	35.5	39.9	111	1.18e-04	39.7
WP_011130435.1	MER0000432|S33.971|S33	25.6	37.1	35.1	121	1.40e-04	39.7
WP_011130435.1	MER0044581|S33.A27|S33	29.9	33.1	29.2	107	4.52e-04	38.1
WP_011130435.1	MER0036075|S33.A73|S33	25.7	33.1	29.9	101	5.85e-04	37.7
WP_011130500.1	MER0065588|C26.965|C26	35.0	92.0	96.9	197	8.91e-29	103
WP_011130500.1	MER0043392|C26.960|C26	23.2	85.4	93.5	185	3.67e-05	39.7
WP_011130534.1	MER0059846|S33.A46|S33	28.9	79.7	79.4	305	2.35e-18	82.0
WP_011130546.1	MER0036053|S33.A01|S33	29.9	81.9	98.5	281	4.44e-25	99.0
WP_011130546.1	MER0036065|S33.A03|S33	30.5	79.5	97.7	269	5.36e-25	98.6
WP_011130546.1	MER0036054|S33.A02|S33	31.3	79.5	92.7	278	1.92e-23	94.7
WP_011130546.1	MER0004146|S33.995|S33	25.7	85.2	98.1	292	1.32e-11	60.8
WP_011130546.1	MER0037236|S33.016|S33	25.0	85.2	97.7	288	1.44e-10	57.8
WP_011130546.1	MER0017193|S33.991|S33	38.8	25.6	27.8	85	7.52e-09	52.8
WP_011130546.1	MER0011509|S33.A84|S33	32.4	31.6	31.7	105	1.62e-08	52.0
WP_011130546.1	MER0031616|S33.013|S33	28.1	36.4	34.7	121	1.62e-06	45.8
WP_011130546.1	MER0031557|S09.A84|S09C	36.3	23.8	27.1	80	2.50e-05	42.0
WP_011130546.1	MER0036066|S33.A04|S33	47.5	11.7	16.6	40	7.04e-05	40.4
WP_011130559.1	MER0003290|S01.482|S01C	61.1	39.8	100	157	2.30e-57	181
WP_011130559.1	MER0000268|S01.480|S01C	54.8	39.8	100	155	2.19e-50	163
WP_011130559.1	MER0013623|S01.453|S01C	52.3	39.8	100	155	3.59e-48	157
WP_011130559.1	MER0005468|S01.491|S01C	52.8	39.8	100	159	9.84e-46	151
WP_011130559.1	MER0004673|S01.494|S01C	35.8	67.7	98.5	285	3.96e-42	145
WP_011130559.1	MER0003850|S01.500|S01C	43.0	44.0	97.2	172	8.28e-42	142
WP_011130559.1	MER0002577|S01.277|S01C	50.0	39.8	100	156	1.23e-40	138
WP_011130559.1	MER0004093|S01.278|S01C	49.4	39.8	100	156	4.78e-40	136
WP_011130559.1	MER0004111|S01.442|S01C	48.7	39.8	100	156	5.07e-40	136
WP_011130559.1	MER0006096|S01.A08|S01C	53.0	33.6	100	132	2.12e-37	129
WP_011130559.1	MER0000266|S01.273|S01C	45.2	39.8	100	157	3.18e-37	129
WP_011130559.1	MER0014795|S01.284|S01C	47.5	39.8	100	162	3.48e-37	129
WP_011130559.1	MER0028330|S01.329|S01C	46.8	39.8	100	156	8.01e-37	128
WP_011130559.1	MER0011375|S01.476|S01C	46.5	39.8	100	157	1.15e-36	127
WP_011130559.1	MER0001372|S01.274|S01C	43.4	39.8	100	159	1.80e-35	124
WP_011130559.1	MER0001945|S01.472|S01C	47.2	39.8	100	159	1.96e-35	124
WP_011130559.1	MER0016351|S01.285|S01C	43.5	39.8	100	161	4.71e-34	120
WP_011130559.1	MER0004086|S01.B81|S01C	46.0	37.0	92.0	150	6.10e-34	120
WP_011130559.1	MER0022668|S01.447|S01C	45.3	39.8	100	172	1.10e-33	120
WP_011130559.1	MER0003293|S01.477|S01C	45.2	38.0	97.3	146	8.51e-33	117
WP_011130559.1	MER0004149|S01.525|S01C	41.1	39.8	100	163	1.34e-30	112
WP_011130559.1	MER0005093|S01.441|S01C	41.0	39.6	100	166	3.97e-29	108
WP_011130559.1	MER0016031|S01.364|S01C	45.2	39.8	100	166	3.97e-29	108
WP_011130559.1	MER0001373|S01.275|S01C	41.5	39.8	100	159	4.44e-29	107
WP_011130559.1	MER0010944|S01.474|S01C	38.1	39.8	100	176	8.78e-27	102
WP_011130594.1	MER0004466|M50.006|M50B	35.7	46.0	62.9	196	1.49e-21	90.9
WP_011130594.1	MER0002454|M50.002|M50B	32.0	38.4	55.2	169	1.25e-06	46.6
WP_011130620.1	MER0056047|M79.006|M79	46.2	16.6	96.3	78	2.83e-15	67.8
WP_011130620.1	MER0056022|M79.A02|M79	40.3	16.6	63.1	77	6.90e-11	56.6
WP_011130620.1	MER0056027|M79.A03|M79	40.3	16.6	65.3	77	2.29e-08	49.3
WP_011130620.1	MER0055284|M79.A10|M79	32.0	16.2	91.5	75	1.07e-06	43.5
WP_011130620.1	MER0056037|M79.A04|M79	35.0	20.5	70.8	100	1.40e-05	41.6
WP_011130620.1	MER0004246|M79.002|M79	55.0	8.6	14.3	40	1.01e-04	40.8
WP_011130623.1	MER0055964|S26.A02|S26A	37.4	77.8	99.3	182	5.38e-31	108
WP_011130623.1	MER0002551|S26.024|S26A	33.3	77.8	97.5	201	2.90e-27	100
WP_011130623.1	MER0015620|S26.A01|S26A	34.8	79.9	100	187	1.43e-24	92.4
WP_011130623.1	MER0003269|S26.008|S26A	32.6	79.9	100	187	3.47e-22	86.3
WP_011130623.1	MER0004537|S26.025|S26A	34.7	79.5	99.5	199	1.07e-20	83.2
WP_011130623.1	MER0013626|S26.026|S26A	30.7	75.6	93.5	179	2.69e-19	78.6
WP_011130623.1	MER0003273|S26.016|S26A	27.0	74.4	92.0	185	3.57e-15	67.8
WP_011130623.1	MER0016034|S26.020|S26A	26.6	74.4	97.4	192	5.80e-14	64.3
WP_011130623.1	MER0000589|S26.001|S26A	26.6	77.8	92.7	233	1.78e-13	64.7
WP_011130623.1	MER0028421|S26.018|S26A	25.9	76.5	94.9	185	6.14e-13	61.6
WP_011130623.1	MER0001912|S26.005|S26A	27.2	73.1	89.7	173	1.11e-12	60.8
WP_011130623.1	MER0015994|S26.019|S26A	25.9	74.4	95.0	189	1.17e-11	58.2
WP_011130623.1	MER0015993|S26.021|S26A	32.7	40.6	64.9	101	4.91e-10	53.5
WP_011130623.1	MER0002550|S26.004|S26A	26.5	77.4	96.2	189	9.58e-10	52.8
WP_011130623.1	MER0001510|S26.007|S26A	25.4	77.4	96.2	189	3.40e-09	51.2
WP_011130623.1	MER0003268|S26.015|S26A	26.2	41.9	71.7	130	2.29e-08	49.3
WP_011130623.1	MER0000592|S26.003|S26A	28.8	40.6	63.2	104	3.04e-08	48.5
WP_011130623.1	MER0006313|S26.006|S26A	24.2	67.5	86.1	165	1.21e-06	43.9
WP_011130623.1	MER0015611|S26.A06|S26A	28.0	64.1	100	150	1.58e-06	42.4
WP_011130623.1	MER0000597|S26.002|S26A	32.6	36.8	43.9	86	7.61e-05	38.9
WP_011130623.1	MER0000598|S26.012|S26A	32.6	19.7	34.3	46	1.83e-04	37.4
WP_011130648.1	MER0001186|M32.001|M32	34.7	96.5	97.7	513	2.41e-86	272
WP_011130648.1	MER0002064|M32.006|M32	32.2	93.2	99.4	488	2.00e-76	245
WP_011130648.1	MER0017390|M32.002|M32	30.4	93.8	95.8	493	4.43e-65	216
WP_011130648.1	MER0069021|M32.003|M32	29.8	91.7	94.4	487	6.96e-63	210
WP_011130648.1	MER0015184|M32.005|M32	32.2	97.1	99.0	515	1.56e-61	207
WP_011130648.1	MER0069024|M32.004|M32	29.2	96.1	99.0	507	1.50e-58	199
WP_011130674.1	MER0001243|M24.001|M24A	43.3	90.0	95.1	252	2.57e-72	220
WP_011130674.1	MER0015127|M24.A05|M24A	39.4	88.2	98.0	246	5.05e-60	188
WP_011130674.1	MER0005690|M24.A06|M24A	39.1	88.9	98.8	248	7.22e-57	180
WP_011130674.1	MER0015128|M24.A07|M24A	37.2	88.5	98.0	247	7.66e-54	172
WP_011130674.1	MER0001342|M24.017|M24A	35.1	90.0	95.4	251	2.60e-51	166
WP_011130674.1	MER0013929|M24.028|M24A	35.9	88.5	96.8	248	1.60e-50	164
WP_011130674.1	MER0013589|M24.A12|M24A	36.3	87.8	100	245	4.76e-50	162
WP_011130674.1	MER0013450|M24.036|M24A	36.5	88.5	97.6	249	6.77e-46	152
WP_011130674.1	MER0003880|M24.035|M24A	31.0	70.3	63.4	200	2.74e-23	93.6
WP_011130674.1	MER0004532|M24.034|M24B	30.0	72.0	83.3	203	2.84e-18	78.6
WP_011130674.1	MER0024896|M24.A13|M24A	33.8	46.6	27.9	136	6.25e-18	80.1
WP_011130674.1	MER0004931|M24.008|M24B	26.3	72.0	83.4	205	1.05e-17	77.0
WP_011130674.1	MER0005462|M24.031|M24B	23.2	87.8	95.2	246	1.27e-15	71.2
WP_011130674.1	MER0002038|M24.006|M24B	26.8	52.7	62.2	149	3.86e-11	58.5
WP_011130674.1	MER0001244|M24.004|M24B	27.0	52.7	54.2	148	7.03e-11	58.2
WP_011130697.1	MER0016172|S66.002|S66	29.6	89.6	92.1	284	6.91e-25	98.6
WP_011130697.1	MER0016191|S66.001|S66	31.6	92.3	98.6	301	2.72e-22	91.3
WP_011130726.1	MER0069741|M23.009|M23B	52.9	32.2	59.3	104	1.29e-26	100
WP_011130726.1	MER0003380|M23.011|M23B	37.7	42.4	52.3	138	1.23e-17	77.8
WP_011130726.1	MER0003376|M23.005|M23B	38.5	34.1	69.3	117	3.03e-14	66.6
WP_011130726.1	MER0013541|M23.014|M23B	43.8	26.6	96.6	89	1.11e-12	60.1
WP_011130726.1	MER0003423|M23.012|M23B	38.0	30.7	69.9	100	1.02e-11	58.9
WP_011130726.1	MER0001419|M23.004|M23B	38.8	31.0	70.6	103	1.91e-11	58.2
WP_011130726.1	MER0003906|M23.013|M23B	36.0	30.7	94.3	100	2.96e-11	56.6
WP_011130726.1	MER0015415|M23.951|M23B	31.8	40.6	72.9	132	3.17e-11	58.2
WP_011130726.1	MER0066182|M23.A04|M23B	30.6	34.4	52.3	111	6.53e-09	52.0
WP_011130726.1	MER0387040|M23.A03|M23B	34.1	27.2	85.4	88	7.81e-09	49.7
WP_011130726.1	MER0388771|M23.A06|M23B	30.6	31.0	94.7	111	4.37e-05	39.3
WP_011130726.1	MER0025070|M23.010|M23B	30.6	31.0	91.5	111	4.69e-05	39.3
WP_011130733.1	MER0321345|S49.A08|S49B	47.9	62.2	91.8	169	2.03e-52	166
WP_011130733.1	MER0003812|S49.008|S49X	47.3	62.2	87.6	169	1.51e-51	164
WP_011130733.1	MER0001299|S49.001|S49A	40.0	64.8	30.4	175	2.20e-31	119
WP_011130733.1	MER0044046|S49.006|S49B	39.9	64.1	92.4	173	3.60e-30	108
WP_011130733.1	MER0011114|S49.004|S49B	37.0	70.4	51.2	192	2.16e-29	111
WP_011130733.1	MER0013957|S49.007|S49B	35.5	61.5	87.8	166	9.25e-27	100
WP_011130733.1	MER0001300|S49.002|S49B	34.8	59.3	84.9	161	7.85e-18	76.3
WP_011130733.1	MER0001303|S49.003|S49B	31.7	59.3	81.4	161	1.13e-14	67.8
WP_011130743.1	MER0004471|M50.A10|M50B	34.8	99.2	76.9	359	8.92e-59	191
WP_011130743.1	MER0004474|M50.003|M50B	35.1	99.2	78.2	359	5.91e-58	189
WP_011130743.1	MER0897124|M50.A11|M50A	28.9	88.6	92.1	402	5.37e-29	113
WP_011130743.1	MER0004480|M50.004|M50B	33.1	84.4	98.8	332	6.90e-29	111
WP_011130743.1	MER0004468|M50.011|M50B	27.6	88.6	92.1	402	9.05e-25	101
WP_011130743.1	MER0004469|M50.005|M50B	25.6	83.6	82.7	344	1.42e-10	58.9
WP_011130775.1	MER0001238|M17.A03|M17	47.5	97.1	99.6	493	3.42e-133	391
WP_011130775.1	MER0002271|M17.002|M17	47.2	96.3	99.4	494	2.32e-127	376
WP_011130775.1	MER0004597|M17.A01|M17	57.8	67.3	93.7	334	5.31e-124	363
WP_011130775.1	MER0004598|M17.A02|M17	56.3	65.1	90.9	323	3.16e-117	345
WP_011130775.1	MER0024892|M17.008|M17	48.3	65.1	78.8	321	1.45e-90	279
WP_011130775.1	MER0001236|M17.003|M17	36.9	96.5	98.6	501	2.99e-79	252
WP_011130775.1	MER0041673|M17.013|M17	37.1	97.1	98.3	485	8.73e-79	251
WP_011130775.1	MER0035089|M17.010|M17	45.5	63.5	88.3	312	5.12e-76	239
WP_011130775.1	MER0001235|M17.001|M17	36.0	88.4	88.9	442	1.02e-64	214
WP_011130775.1	MER0003825|M17.016|M17	40.1	67.8	75.4	337	3.94e-63	209
WP_011130775.1	MER0002497|M17.004|M17	39.2	64.1	74.7	329	7.06e-56	189
WP_011130775.1	MER0014397|M17.015|M17	34.2	64.1	88.7	316	2.02e-50	172
WP_011130775.1	MER0026959|M17.950|M17	39.9	55.1	100	273	4.59e-50	169
WP_011130775.1	MER0003919|M17.005|M17	39.1	57.3	74.8	284	4.80e-47	164
WP_011130775.1	MER0001910|M17.009|M17	36.4	63.9	64.2	319	1.96e-46	165
WP_011130775.1	MER0013416|M17.006|M17	33.0	65.5	82.8	327	2.24e-35	132
WP_011130775.1	MER0105906|M17.014|M17	33.8	52.0	54.8	260	6.69e-33	127
WP_011130775.1	MER0001240|M17.A05|M17	32.7	60.2	61.5	303	2.86e-32	125
WP_011130775.1	MER0011357|M17.A04|M17	30.0	65.7	60.5	330	3.50e-31	123
WP_011130775.1	MER0081108|M17.012|M17	29.3	45.7	52.9	256	5.42e-17	80.1
WP_011130775.1	MER0079520|M17.011|M17	28.4	46.1	48.4	257	1.08e-16	79.3
WP_011130824.1	MER0001244|M24.004|M24B	47.8	63.5	99.6	270	2.69e-78	240
WP_011130824.1	MER0028601|M24.033|M24B	45.8	47.5	74.1	203	9.42e-52	172
WP_011130824.1	MER0013463|M24.026|M24B	36.2	61.2	95.8	260	2.15e-46	157
WP_011130824.1	MER0001248|M24.007|M24B	38.1	49.6	93.3	239	2.32e-40	141
WP_011130824.1	MER0001733|M24.A09|M24B	35.4	59.3	93.8	277	2.34e-39	140
WP_011130824.1	MER0004931|M24.008|M24B	32.2	60.7	96.5	258	2.69e-31	116
WP_011130824.1	MER0005462|M24.031|M24B	30.9	61.4	97.8	262	2.39e-27	105
WP_011130824.1	MER0004532|M24.034|M24B	31.7	60.9	96.9	259	1.42e-24	98.2
WP_011130824.1	MER0002038|M24.006|M24B	28.3	59.5	94.3	254	3.56e-20	85.9
WP_011130824.1	MER0005715|M24.A11|M24B	30.3	59.1	92.8	254	7.56e-18	79.3
WP_011130824.1	MER0001250|M24.003|M24B	28.6	58.8	94.8	280	4.60e-16	75.1
WP_011130824.1	MER0027437|M24.038|M24B	28.1	40.0	60.0	178	2.46e-07	48.5
WP_011130880.1	MER0003290|S01.482|S01C	60.5	40.5	100	157	2.99e-58	184
WP_011130880.1	MER0000268|S01.480|S01C	49.7	40.5	100	159	6.33e-46	152
WP_011130880.1	MER0004673|S01.494|S01C	34.6	67.8	97.4	283	5.08e-44	150
WP_011130880.1	MER0005468|S01.491|S01C	47.5	40.5	100	158	4.59e-43	144
WP_011130880.1	MER0000266|S01.273|S01C	50.6	40.5	100	160	9.17e-42	141
WP_011130880.1	MER0013623|S01.453|S01C	45.6	40.5	100	158	3.25e-41	139
WP_011130880.1	MER0004111|S01.442|S01C	46.8	40.5	100	158	3.45e-41	139
WP_011130880.1	MER0003850|S01.500|S01C	40.3	44.9	97.7	176	1.02e-38	134
WP_011130880.1	MER0001945|S01.472|S01C	47.8	40.5	100	159	1.71e-38	132
WP_011130880.1	MER0028330|S01.329|S01C	45.5	40.5	100	156	2.81e-38	132
WP_011130880.1	MER0002577|S01.277|S01C	45.5	40.5	100	156	5.51e-38	131
WP_011130880.1	MER0001372|S01.274|S01C	46.3	40.5	100	160	1.18e-37	130
WP_011130880.1	MER0004093|S01.278|S01C	46.2	40.5	100	156	2.12e-37	129
WP_011130880.1	MER0004149|S01.525|S01C	47.3	40.5	100	165	4.19e-36	126
WP_011130880.1	MER0014795|S01.284|S01C	43.8	40.5	100	162	1.43e-35	125
WP_011130880.1	MER0016351|S01.285|S01C	41.7	40.5	100	156	3.29e-35	124
WP_011130880.1	MER0004086|S01.B81|S01C	43.2	40.3	100	162	3.18e-34	121
WP_011130880.1	MER0011375|S01.476|S01C	43.7	40.5	100	158	1.35e-33	119
WP_011130880.1	MER0001373|S01.275|S01C	41.4	40.5	100	162	1.12e-32	117
WP_011130880.1	MER0016031|S01.364|S01C	42.8	40.5	100	166	1.40e-32	117
WP_011130880.1	MER0006096|S01.A08|S01C	49.2	34.3	100	132	2.73e-32	115
WP_011130880.1	MER0022668|S01.447|S01C	40.9	40.5	100	171	3.28e-30	111
WP_011130880.1	MER0003293|S01.477|S01C	42.5	39.7	100	153	9.35e-30	109
WP_011130880.1	MER0010944|S01.474|S01C	38.9	40.5	100	175	3.34e-28	105
WP_011130880.1	MER0015583|S01.416|S01C	40.0	36.9	98.0	150	7.65e-27	101
WP_011130969.1	MER0015682|S09.074|S09C	51.0	36.8	78.8	245	5.04e-74	237
WP_011130969.1	MER0126485|S09.072|S09X	47.4	32.8	91.1	215	1.65e-56	188
WP_011130969.1	MER0140224|S09.B03|S09X	44.1	33.4	94.1	227	2.44e-56	188
WP_011130969.1	MER0003558|S09.A83|S09C	40.5	38.8	99.2	259	1.78e-53	181
WP_011130969.1	MER0018170|S09.057|S09C	38.3	33.4	91.3	230	1.29e-47	165
WP_011130969.1	MER0001920|S09.A77|S09C	30.2	31.4	86.2	212	1.89e-24	99.8
WP_011130969.1	MER0017401|S09.071|S09C	26.4	32.8	89.5	216	1.53e-15	73.6
WP_011130969.1	MER0000408|S09.004|S09C	26.8	31.9	85.3	220	8.49e-15	71.6
WP_011130969.1	MER0005807|S09.070|S09C	26.0	39.1	93.5	265	1.18e-14	71.6
WP_011130969.1	MER0014827|S09.021|S09D	26.8	24.4	59.2	168	4.66e-07	48.5
WP_011130969.1	MER0034550|S09.A46|S09X	36.9	10.0	24.9	65	7.69e-04	38.5
WP_011131003.1	MER0003290|S01.482|S01C	59.2	39.5	100	157	6.99e-59	186
WP_011131003.1	MER0004673|S01.494|S01C	41.2	63.3	97.4	272	4.44e-54	177
WP_011131003.1	MER0000268|S01.480|S01C	53.8	39.5	100	158	1.34e-47	156
WP_011131003.1	MER0005468|S01.491|S01C	50.0	39.5	100	158	1.64e-46	154
WP_011131003.1	MER0004111|S01.442|S01C	49.4	39.5	100	158	6.32e-45	149
WP_011131003.1	MER0002577|S01.277|S01C	46.8	39.5	100	156	3.75e-42	142
WP_011131003.1	MER0013623|S01.453|S01C	48.1	39.5	100	158	5.26e-42	142
WP_011131003.1	MER0003850|S01.500|S01C	45.1	43.5	97.2	175	7.47e-42	142
WP_011131003.1	MER0004086|S01.B81|S01C	50.0	39.2	100	162	9.68e-42	141
WP_011131003.1	MER0001372|S01.274|S01C	49.7	39.5	100	159	3.13e-41	140
WP_011131003.1	MER0028330|S01.329|S01C	46.2	39.5	100	156	3.05e-40	137
WP_011131003.1	MER0000266|S01.273|S01C	48.1	39.5	100	160	3.33e-40	137
WP_011131003.1	MER0004093|S01.278|S01C	43.6	39.5	100	156	3.24e-39	134
WP_011131003.1	MER0001945|S01.472|S01C	44.7	39.5	100	159	1.06e-38	133
WP_011131003.1	MER0001373|S01.275|S01C	45.1	39.5	100	162	5.55e-38	131
WP_011131003.1	MER0014795|S01.284|S01C	45.7	39.5	100	162	8.01e-38	131
WP_011131003.1	MER0016351|S01.285|S01C	43.6	39.5	100	156	1.84e-37	130
WP_011131003.1	MER0004149|S01.525|S01C	45.5	39.5	100	165	9.45e-37	128
WP_011131003.1	MER0006096|S01.A08|S01C	50.0	32.9	98.5	130	1.41e-36	127
WP_011131003.1	MER0022668|S01.447|S01C	43.3	39.5	100	171	4.55e-36	127
WP_011131003.1	MER0003293|S01.477|S01C	47.7	38.7	100	153	6.57e-36	125
WP_011131003.1	MER0016031|S01.364|S01C	44.6	39.5	100	166	1.08e-35	125
WP_011131003.1	MER0011375|S01.476|S01C	42.4	39.5	100	158	4.06e-35	124
WP_011131003.1	MER0010944|S01.474|S01C	39.7	39.5	100	174	1.02e-30	112
WP_011131003.1	MER0005093|S01.441|S01C	41.1	39.2	100	168	1.72e-30	112
WP_011131017.1	MER0001297|S41.008|S41A	52.1	37.0	97.6	165	1.19e-47	158
WP_011131017.1	MER0003514|S41.010|S41A	46.8	35.4	93.5	158	8.06e-43	145
WP_011131017.1	MER0003413|S41.002|S41A	49.4	37.2	98.2	168	1.70e-41	142
WP_011131017.1	MER0003065|S41.009|S41A	46.9	36.3	95.9	162	1.28e-39	137
WP_011131017.1	MER0005714|S41.A01|S41A	45.8	35.2	93.3	166	1.31e-35	127
WP_011131017.1	MER0001425|S41.004|S41A	42.8	37.2	98.3	173	1.67e-35	126
WP_011131017.1	MER0015684|S41.A02|S41A	41.6	35.7	94.2	161	4.06e-33	120
WP_011131017.1	MER0004195|S41.007|S41A	36.3	37.4	98.8	168	9.54e-28	105
WP_011131017.1	MER0004196|S41.013|S41A	36.8	37.0	97.7	174	1.35e-27	105
WP_011131017.1	MER0001295|S41.001|S41A	32.6	36.1	95.6	175	1.30e-22	91.7
WP_011131017.1	MER0195376|S41.012|S41A	31.3	26.9	79.8	147	3.83e-05	41.2
WP_011131132.1	MER0024252|C40.009|C40	52.7	52.4	99.2	131	7.89e-44	141
WP_011131132.1	MER0003807|C40.007|C40	37.6	51.2	97.5	133	2.37e-16	70.1
WP_011131132.1	MER0014672|C40.012|C40	32.7	42.8	80.8	110	1.66e-09	51.6
WP_011131132.1	MER0031199|C40.011|C40	41.7	28.8	90.1	72	1.68e-08	47.4
WP_011131132.1	MER0038100|C40.010|C40	29.6	42.8	74.8	108	1.05e-07	46.6
WP_011131144.1	MER1054487|C44.951|C44	50.5	24.3	100	380	3.68e-116	367
WP_011131144.1	MER0198917|C44.003|C44	43.4	24.3	100	378	6.96e-96	311
WP_011131165.1	MER0002563|M41.020|M41	66.0	38.2	95.9	235	1.45e-102	308
WP_011131165.1	MER0017637|M41.024|M41	65.5	38.2	95.9	235	4.53e-101	304
WP_011131165.1	MER0002408|M41.017|M41	52.8	38.2	93.5	235	2.46e-70	224
WP_011131165.1	MER0001620|M41.001|M41	45.2	39.2	84.1	241	1.03e-64	211
WP_011131165.1	MER0002602|M41.009|M41	45.5	38.0	86.1	235	3.72e-62	204
WP_011131165.1	MER0005466|M41.021|M41	41.4	39.5	99.6	244	1.96e-57	190
WP_011131165.1	MER0015199|M41.015|M41	42.7	37.7	81.4	232	1.27e-54	184
WP_011131165.1	MER0011745|M41.005|M41	47.0	38.2	88.8	236	3.71e-54	182
WP_011131165.1	MER0015137|M41.025|M41	45.8	38.2	89.8	236	4.79e-53	179
WP_011131165.1	MER0015197|M41.013|M41	44.4	38.0	86.9	234	3.80e-52	177
WP_011131165.1	MER0023544|M41.A10|M41	43.7	38.7	82.5	238	2.24e-51	175
WP_011131165.1	MER0015193|M41.019|M41	43.3	38.2	97.1	238	2.08e-49	169
WP_011131165.1	MER0005496|M41.007|M41	40.9	38.2	83.3	235	9.43e-47	162
WP_011131165.1	MER0015194|M41.A14|M41	39.7	38.0	84.2	234	8.05e-45	157
WP_011131165.1	MER0015195|M41.A15|M41	39.0	38.2	81.5	236	2.02e-44	156
WP_011131165.1	MER0056525|M41.A17|M41	38.1	38.2	89.2	236	1.40e-43	153
WP_011131165.1	MER0011224|M41.A09|M41	37.9	38.2	81.5	235	2.57e-42	150
WP_011131165.1	MER0011748|M41.022|M41	38.4	39.7	85.0	245	8.62e-41	146
WP_011131165.1	MER0002600|M41.002|M41	39.4	38.2	87.5	236	3.69e-40	144
WP_011131165.1	MER0004454|M41.006|M41	38.0	38.2	82.5	237	4.28e-40	144
WP_011131165.1	MER0190577|M41.A16|M41	36.6	38.2	88.9	235	5.09e-40	143
WP_011131165.1	MER0015609|M41.023|M41	37.1	39.7	84.9	245	5.60e-40	144
WP_011131165.1	MER0014324|M41.018|M41	38.6	38.4	91.2	236	1.16e-39	142
WP_011131165.1	MER0002605|M41.003|M41	38.5	38.7	85.3	239	1.22e-39	143
WP_011131165.1	MER0171760|M41.A12|M41	34.4	40.5	89.4	250	3.11e-39	142
WP_011131225.1	MER0209507|S09.025|S09X	38.6	37.3	78.9	88	4.18e-06	41.2
WP_011131225.1	MER0003558|S09.A83|S09C	40.4	25.4	20.0	52	6.49e-06	42.4
WP_011131225.1	MER0018170|S09.057|S09C	36.4	26.9	21.8	55	7.39e-04	36.2
WP_011131308.1	MER0036053|S33.A01|S33	42.1	83.4	96.6	273	1.40e-62	196
WP_011131308.1	MER0036065|S33.A03|S33	34.3	84.0	99.6	274	6.53e-45	150
WP_011131308.1	MER0036054|S33.A02|S33	34.7	83.4	93.8	268	5.86e-39	135
WP_011131308.1	MER0036074|S33.A34|S33	29.2	87.1	74.1	315	6.21e-27	106
WP_011131308.1	MER0031616|S33.013|S33	38.4	25.7	27.3	86	5.91e-10	56.2
WP_011131308.1	MER0030163|S33.975|S33	35.5	27.9	31.6	93	1.34e-08	52.0
WP_011131308.1	MER0011509|S33.A84|S33	21.5	87.5	87.6	298	3.55e-08	50.8
WP_011131308.1	MER0044633|S33.A26|S33	36.3	23.8	21.3	80	2.24e-07	48.5
WP_011131308.1	MER0014065|S33.974|S33	30.0	27.0	26.5	90	3.74e-06	44.7
WP_011131308.1	MER0035973|S33.A14|S33	31.8	26.0	28.9	85	1.05e-05	43.1
WP_011131308.1	MER0011785|S33.009|S33	27.3	33.2	33.8	110	1.56e-05	42.7
WP_011131308.1	MER0031617|S33.978|S33	23.8	73.7	77.8	240	7.80e-05	40.4
WP_011131318.1	MER0003327|C44.971|C44	48.2	39.0	98.7	247	9.33e-64	207
WP_011131318.1	MER0185695|C44.A08|C44	41.3	36.3	100	235	1.54e-46	160
WP_011131318.1	MER0012158|C44.972|C44	30.7	43.8	100	342	2.19e-33	127
WP_011131318.1	MER0003350|C44.975|C44	38.4	31.1	100	211	5.21e-32	120
WP_011131318.1	MER0003322|C44.970|C44	36.5	30.6	100	211	9.26e-29	110
WP_011131318.1	MER0011806|C44.A03|C44	30.4	37.2	94.5	247	1.13e-17	79.7
WP_011131318.1	MER0004101|C44.A01|C44	30.0	37.2	94.5	247	2.81e-17	78.6
WP_011131318.1	MER0011781|C44.A02|C44	29.2	35.2	89.9	236	1.93e-15	73.2
WP_011131318.1	MER0003314|C44.001|C44	30.8	31.1	74.4	208	1.24e-11	62.4
WP_011131358.1	MER0014135|S16.A04|S16	52.5	51.3	88.6	240	1.86e-72	227
WP_011131358.1	MER0017402|S16.A11|S16	23.5	36.4	80.9	179	9.85e-10	55.5
WP_011131358.1	MER0003859|S16.005|S16	23.9	37.7	67.5	176	3.28e-08	51.2
WP_011131358.1	MER0003359|S16.008|S16	22.2	25.9	53.4	126	1.07e-05	43.5
WP_011131358.1	MER0005837|S16.A06|S16	24.5	22.0	41.4	106	2.18e-05	42.7
WP_011131404.1	MER0033184|M38.979|M38	33.7	74.1	82.6	306	5.50e-41	145
WP_011131404.1	MER0066192|M38.983|M38	34.8	68.3	79.4	282	9.36e-39	139
WP_011131432.1	MER0043394|C26.955|C26	62.0	80.7	98.8	163	1.16e-70	209
WP_011131432.1	MER0044622|C26.A25|C26	47.2	96.0	73.9	195	1.79e-63	194
WP_011131432.1	MER0045094|C26.959|C26	45.6	95.0	77.2	193	8.62e-58	179
WP_011131432.1	MER0044882|C26.A09|C26	46.8	82.2	94.0	171	4.93e-54	167
WP_011131432.1	MER0043392|C26.960|C26	42.4	74.8	87.0	151	5.31e-37	124
WP_011131432.1	MER0045095|C26.958|C26	32.4	95.5	78.7	210	9.19e-27	100
WP_011131432.1	MER0043195|C26.A30|C26	31.9	95.5	81.2	210	1.55e-22	88.6
WP_011131432.1	MER0044619|C26.A26|C26	31.5	99.5	82.3	203	4.67e-22	87.0
WP_011131432.1	MER0043537|C26.A31|C26	28.3	96.0	97.9	198	2.85e-19	78.6
WP_011131432.1	MER0044812|C26.A04|C26	33.8	65.3	51.6	133	1.49e-16	72.4
WP_011131432.1	MER0115185|C26.954|C26	33.1	66.3	90.2	136	9.86e-14	62.8
WP_011131432.1	MER0045945|C26.963|C26	29.3	67.8	59.2	140	9.76e-13	61.6
WP_011131432.1	MER0044889|C26.A21|C26	30.7	56.4	45.9	114	1.21e-09	53.1
WP_011131432.1	MER0060647|C26.952|C26	33.8	61.9	34.8	130	2.45e-09	52.8
WP_011131432.1	MER0043540|C26.A33|C26	29.5	62.4	52.6	129	1.77e-08	49.7
WP_011131432.1	MER0038086|C26.962|C26	27.5	56.4	46.4	120	3.52e-06	43.1
WP_011131432.1	MER0046161|C26.956|C26	27.5	62.4	44.5	131	3.24e-04	37.4
WP_011131499.1	MER0011830|T05.002|T05	38.0	50.4	100	221	3.50e-39	137
WP_011131499.1	MER0011829|T05.001|T05	33.8	50.4	99.1	231	8.87e-28	107
WP_011131509.1	MER0014664|C39.004|C39	31.4	18.2	96.5	137	8.73e-19	80.5
WP_011131509.1	MER0042832|C39.008|C39	28.4	17.5	95.7	134	1.97e-13	65.1
WP_011131509.1	MER0014665|C39.003|C39	26.5	17.4	95.0	132	2.28e-12	62.0
WP_011131509.1	MER0002036|C39.001|C39	30.0	16.6	86.7	130	2.94e-12	62.0
WP_011131509.1	MER0002884|C39.007|C39	26.6	17.6	96.4	139	1.12e-09	54.3
WP_011131546.1	MER0167725|M100.001|M100	33.7	91.8	35.6	172	7.99e-14	65.5
WP_011131583.1	MER0437468|C26.A36|C26	41.5	59.9	99.7	349	5.74e-83	259
WP_011131583.1	MER0065554|C26.964|C26	45.0	44.8	96.3	260	1.59e-77	243
WP_011131583.1	MER0436717|C26.A29|C26	32.3	60.0	99.7	399	9.35e-59	197
WP_011131585.1	MER0018254|I11.001|I11	29.6	79.1	90.1	142	3.05e-13	60.8
WP_011131585.1	MER0019949|I11.003|I11	29.2	76.3	82.9	137	4.72e-07	44.3
WP_011131585.1	MER0138267|I11.004|I11	27.7	73.4	93.0	130	3.16e-06	41.6
WP_011131585.1	MER0019950|I11.002|I11	25.0	73.4	86.3	136	3.69e-05	38.9
WP_011131600.1	MER0004801|M38.982|M38	73.3	61.3	100	352	1.26e-185	523
WP_041384311.1	MER0005742|M15.002|M15B	32.5	51.9	100	126	1.92e-16	69.7
WP_041384311.1	MER0014983|M15.024|M15B	38.0	45.7	84.1	121	2.99e-15	67.4
WP_041384311.1	MER0001333|M15.010|M15B	28.8	61.7	48.2	153	1.73e-14	68.2
WP_041384311.1	MER0013458|M15.003|M15B	34.5	44.0	56.8	110	2.31e-12	60.8
WP_041384312.1	MER0003448|M16.016|M16B	29.7	50.8	88.6	202	3.26e-28	107
WP_041384312.1	MER0001229|M16.003|M16B	29.1	44.0	81.0	175	9.26e-22	89.7
WP_041384312.1	MER0043985|M16.980|M16B	29.1	44.0	74.5	175	1.36e-21	89.7
WP_041384312.1	MER0390687|M16.A15|M16B	32.3	40.5	97.0	161	2.00e-21	87.4
WP_041384312.1	MER0195774|M16.019|M16B	30.9	41.0	92.1	165	9.33e-21	85.9
WP_041384312.1	MER0003543|M16.973|M16B	23.9	50.5	88.9	201	4.76e-17	76.6
WP_041384312.1	MER0015090|M16.975|M16B	23.5	50.0	88.5	200	6.49e-17	76.3
WP_041384312.1	MER0011292|M16.A07|M16A	31.4	36.9	65.9	153	3.88e-15	71.2
WP_041384312.1	MER0011192|M16.A06|M16A	32.6	34.4	84.1	138	1.15e-13	65.5
WP_041384312.1	MER0002008|M16.004|M16B	31.0	40.2	67.8	171	7.14e-13	64.7
WP_041384312.1	MER0026957|M16.977|M16B	25.5	40.5	73.9	161	1.86e-12	63.2
WP_041384312.1	MER0011744|M16.A02|M16A	27.8	40.5	79.7	169	3.12e-12	62.4
WP_041384312.1	MER0092828|M16.015|M16B	28.2	35.4	89.2	142	1.02e-11	59.7
WP_041384312.1	MER0011096|M16.A01|M16A	26.6	40.5	79.7	169	1.42e-11	60.5
WP_041384312.1	MER0015259|M16.017|M16A	27.7	36.9	73.1	155	3.51e-11	59.3
WP_041384312.1	MER0004423|M16.A20|M16B	27.0	41.0	69.3	163	5.64e-11	58.9
WP_041384312.1	MER0001233|M16.A05|M16B	27.0	43.0	74.7	185	1.24e-10	58.2
WP_041384312.1	MER0169735|M16.021|M16A	29.4	40.5	84.0	170	2.45e-10	56.6
WP_041384312.1	MER0122186|M16.A14|M16A	29.0	40.2	79.5	162	3.32e-10	56.2
WP_041384312.1	MER0001222|M16.001|M16A	28.3	40.5	79.4	166	3.76e-10	56.2
WP_041384312.1	MER0001220|M16.005|M16A	31.2	36.9	74.9	157	1.22e-09	54.7
WP_041384312.1	MER0003823|M16.A09|M16A	34.6	25.9	47.2	104	5.82e-09	52.8
WP_041384312.1	MER0002423|M16.A11|M16A	34.3	26.1	48.6	105	1.43e-08	51.6
WP_041384312.1	MER0002345|M16.A08|M16A	32.7	25.9	47.2	104	6.35e-08	49.7
WP_041384312.1	MER0142407|M16.A17|M16C	26.3	38.7	51.9	167	9.84e-08	50.1
WP_041384955.1	MER0000576|S24.003|S24	43.5	72.8	99.1	115	6.53e-31	105
WP_041384955.1	MER0000569|S24.001|S24	37.2	59.5	78.8	94	4.22e-14	62.0
WP_041384955.1	MER0006172|S24.004|S24	44.8	42.4	84.8	67	4.60e-14	60.8
WP_052646230.1	MER0076166|C82.001|C82A	29.9	54.4	42.4	117	4.84e-06	42.7
WP_052646230.1	MER0107804|C82.A02|C82A	29.4	53.9	88.5	119	2.97e-05	39.3
WP_071818070.1	MER0000474|S14.001|S14	64.6	94.1	92.8	192	8.08e-86	249
WP_071818070.1	MER0006046|S14.A02|S14	52.3	94.6	93.2	193	9.35e-73	216
WP_071818070.1	MER0005687|S14.A01|S14	64.2	86.3	83.4	176	8.65e-72	214
WP_071818070.1	MER0002211|S14.003|S14	54.7	94.1	92.8	192	4.09e-69	207
WP_071818070.1	MER0002299|S14.A04|S14	53.2	91.2	92.5	186	4.20e-65	196
WP_071818070.1	MER0004857|S14.008|S14	53.8	89.2	87.4	182	3.84e-62	189
WP_071818070.1	MER0004847|S14.009|S14	47.5	96.6	95.2	198	1.60e-61	187
WP_071818070.1	MER0004855|S14.A03|S14	52.0	84.8	82.8	173	1.65e-61	187
WP_071818070.1	MER0006063|S14.010|S14	48.6	89.7	87.5	183	1.95e-57	177
WP_071818070.1	MER0006308|S14.002|S14	47.2	87.3	91.8	180	2.70e-57	176
WP_071818070.1	MER0004182|S14.006|S14	41.3	92.6	91.1	189	2.63e-51	161
WP_071818070.1	MER0006056|S14.011|S14	44.0	85.8	82.5	175	1.52e-49	157
WP_071818070.1	MER0011666|S14.005|S14	44.5	83.8	91.5	173	6.18e-41	134
WP_071818070.1	MER0001369|S14.007|S14	37.5	35.3	55.0	72	2.18e-12	58.9
WP_157859758.1	MER0001096|M10.051|M10B	40.4	13.4	26.3	47	2.55e-05	41.2
WP_157859758.1	MER0001098|M10.053|M10B	32.7	14.0	30.6	52	8.82e-04	36.6
WP_157859852.1	MER0001102|M10.055|M10B	51.8	12.6	32.7	56	3.52e-07	46.6
WP_157859852.1	MER0004614|M10.060|M10B	31.7	32.8	71.2	126	8.63e-07	45.4
WP_157859852.1	MER0001101|M10.052|M10B	50.0	10.9	26.8	44	1.97e-06	44.3
WP_157859852.1	MER0001099|M10.054|M10B	36.8	19.5	33.7	68	2.11e-06	44.3
WP_157859852.1	MER0005068|M10.062|M10B	49.1	11.8	31.0	53	9.45e-06	42.4
WP_157859852.1	MER0001613|M10.057|M10B	35.9	23.3	55.9	103	2.64e-05	41.2
WP_157859852.1	MER0001096|M10.051|M10B	46.9	10.9	28.0	49	4.61e-05	40.4
WP_157859852.1	MER0001097|M10.056|M10B	37.7	21.6	43.2	77	1.33e-04	38.9
WP_157859852.1	MER0029131|M10.063|M10B	50.0	9.8	16.6	34	8.67e-04	36.6
