WP_013013832.1	MER0000474|S14.001|S14	60.0	97.4	91.3	190	7.51e-77	226
WP_013013832.1	MER0002211|S14.003|S14	57.1	96.9	90.8	189	3.83e-72	214
WP_013013832.1	MER0006046|S14.A02|S14	52.9	96.9	90.8	189	5.10e-70	209
WP_013013832.1	MER0002299|S14.A04|S14	50.8	99.0	94.0	193	7.45e-66	198
WP_013013832.1	MER0004847|S14.009|S14	50.5	97.4	91.3	190	1.32e-65	197
WP_013013832.1	MER0005687|S14.A01|S14	54.2	90.8	83.4	177	7.22e-61	186
WP_013013832.1	MER0004857|S14.008|S14	52.0	88.7	82.6	173	1.04e-59	182
WP_013013832.1	MER0004855|S14.A03|S14	47.4	88.7	82.3	173	2.84e-52	164
WP_013013832.1	MER0006063|S14.010|S14	42.8	95.9	88.9	187	4.46e-51	160
WP_013013832.1	MER0004182|S14.006|S14	46.0	90.3	86.2	176	6.21e-50	157
WP_013013832.1	MER0006308|S14.002|S14	41.3	88.2	87.8	172	2.31e-48	153
WP_013013832.1	MER0011666|S14.005|S14	42.2	88.2	91.5	173	1.96e-45	145
WP_013013832.1	MER0006056|S14.011|S14	42.8	88.7	81.0	173	2.09e-44	144
WP_013013832.1	MER0001369|S14.007|S14	38.9	36.9	55.0	72	6.98e-12	57.4
WP_013013832.1	MER0011947|S14.012|S14	25.6	75.4	72.8	156	3.28e-04	37.0
WP_024050091.1	MER0001238|M17.A03|M17	42.5	96.0	99.2	499	3.11e-103	315
WP_024050091.1	MER0004597|M17.A01|M17	49.4	66.5	95.4	342	6.97e-95	288
WP_024050091.1	MER0035089|M17.010|M17	50.5	63.9	90.6	319	3.00e-93	284
WP_024050091.1	MER0002271|M17.002|M17	40.5	92.5	94.4	474	1.61e-88	276
WP_024050091.1	MER0004598|M17.A02|M17	45.9	68.3	98.3	351	2.26e-86	266
WP_024050091.1	MER0041673|M17.013|M17	38.8	84.3	88.9	430	8.10e-86	269
WP_024050091.1	MER0001236|M17.003|M17	37.2	95.8	98.6	495	3.81e-78	249
WP_024050091.1	MER0003825|M17.016|M17	38.8	80.8	95.3	425	5.42e-76	243
WP_024050091.1	MER0024892|M17.008|M17	41.2	65.7	81.0	330	9.68e-71	228
WP_024050091.1	MER0014397|M17.015|M17	40.3	63.7	89.8	320	4.98e-67	216
WP_024050091.1	MER0001235|M17.001|M17	34.9	84.5	86.2	430	9.86e-61	204
WP_024050091.1	MER0002497|M17.004|M17	35.6	62.9	74.7	320	6.11e-54	184
WP_024050091.1	MER0105906|M17.014|M17	34.8	67.1	71.2	342	7.96e-52	179
WP_024050091.1	MER0013416|M17.006|M17	36.1	64.1	82.5	324	9.10e-50	172
WP_024050091.1	MER0001910|M17.009|M17	38.0	62.9	64.4	321	6.17e-48	169
WP_024050091.1	MER0003919|M17.005|M17	33.8	74.2	97.6	376	5.38e-47	164
WP_024050091.1	MER0026959|M17.950|M17	39.2	52.6	97.4	263	8.03e-47	160
WP_024050091.1	MER0011357|M17.A04|M17	32.0	63.1	59.1	319	7.29e-41	150
WP_024050091.1	MER0001240|M17.A05|M17	32.8	63.7	64.5	323	1.10e-40	149
WP_024050091.1	MER0081108|M17.012|M17	31.4	47.6	52.1	261	4.27e-19	86.7
WP_024050091.1	MER0079520|M17.011|M17	30.3	45.4	48.6	251	2.73e-18	84.3
WP_024050427.1	MER0004532|M24.034|M24B	32.0	52.8	82.5	203	7.60e-23	92.8
WP_024050427.1	MER0005462|M24.031|M24B	32.1	49.3	76.4	193	4.07e-19	82.4
WP_024050427.1	MER0002038|M24.006|M24B	29.6	56.7	88.3	226	2.87e-16	74.3
WP_024050427.1	MER0005715|M24.A11|M24B	30.3	47.8	74.9	188	1.97e-15	72.0
WP_024050427.1	MER0004931|M24.008|M24B	30.1	52.8	83.4	209	4.51e-15	70.9
WP_024050427.1	MER0001244|M24.004|M24B	25.6	60.4	93.1	258	1.65e-06	45.8
WP_024050427.1	MER0013463|M24.026|M24B	25.3	41.7	63.1	178	7.03e-05	40.8
WP_027886416.1	MER0002562|S08.067|S08A	45.3	49.6	97.4	375	3.08e-77	249
WP_027886416.1	MER0006023|S08.107|S08A	45.2	48.5	99.4	365	1.58e-72	236
WP_027886416.1	MER0000361|S08.023|S08A	41.2	49.2	99.7	371	2.64e-69	227
WP_027886416.1	MER0001709|S08.040|S08A	44.3	43.7	94.3	332	1.20e-67	223
WP_027886416.1	MER0016697|S08.110|S08A	41.8	48.6	100	371	4.72e-67	221
WP_027886416.1	MER0000362|S08.022|S08A	41.8	43.7	94.3	330	9.19e-60	201
WP_027886416.1	MER0000332|S08.009|S08A	34.8	41.8	88.6	305	3.43e-33	125
WP_027886416.1	MER0001699|S08.045|S08A	33.4	40.9	86.8	299	4.86e-29	114
WP_027886416.1	MER0000309|S08.001|S08A	33.0	41.1	87.2	300	4.83e-27	108
WP_027886416.1	MER0000311|S08.034|S08A	34.1	41.6	88.7	302	4.93e-27	108
WP_027886416.1	MER0000333|S08.007|S08A	29.4	43.9	93.7	316	6.14e-27	107
WP_027886416.1	MER0001520|S08.010|S08A	32.0	43.9	94.1	316	7.98e-27	107
WP_027886416.1	MER0000315|S08.038|S08A	32.0	43.9	94.1	316	1.08e-26	107
WP_027886416.1	MER0001906|S08.003|S08A	32.0	43.9	94.1	316	1.08e-26	107
WP_027886416.1	MER0013656|S08.046|S08A	32.5	40.6	86.2	292	2.64e-26	105
WP_027886416.1	MER0001928|S08.098|S08A	30.7	47.8	97.4	345	2.70e-26	105
WP_027886416.1	MER0077555|S08.028|S08A	31.0	43.9	94.2	319	3.00e-26	105
WP_027886416.1	MER0000310|S08.037|S08A	32.0	41.1	87.2	300	4.07e-26	105
WP_027886416.1	MER0002575|S08.102|S08A	31.7	45.5	97.8	331	4.51e-26	105
WP_027886416.1	MER0001521|S08.044|S08A	32.8	41.6	88.7	302	2.57e-25	103
WP_027886416.1	MER0000312|S08.042|S08A	32.8	41.6	88.7	302	3.48e-25	102
WP_027886416.1	MER0000313|S08.036|S08A	32.8	41.6	88.7	302	3.48e-25	102
WP_027886416.1	MER0001523|S08.035|S08A	32.8	41.6	88.7	302	3.48e-25	102
WP_027886416.1	MER0016983|S08.129|S08A	33.2	39.9	80.8	298	7.03e-25	102
WP_027886416.1	MER0002516|S08.008|S08A	32.1	42.2	89.9	321	8.26e-25	102
WP_027886422.1	MER0002013|M20.A02|M20D	24.7	50.0	46.8	190	4.53e-04	38.5
WP_027886428.1	MER0031278|C26.961|C26	36.7	87.2	83.5	218	2.77e-30	110
WP_027886428.1	MER0031288|C26.A28|C26	36.5	80.9	78.9	192	7.34e-30	108
WP_027886428.1	MER0031178|C26.A08|C26	33.5	80.4	70.3	215	6.02e-28	105
WP_027886428.1	MER0001429|C26.A06|C26	35.0	80.4	70.8	223	3.72e-26	100
WP_027886428.1	MER0001021|C26.A10|C26	33.5	67.2	60.8	191	4.71e-21	86.7
WP_027886428.1	MER0043387|C26.950|C26	29.2	48.1	55.1	113	2.86e-04	37.4
WP_027886428.1	MER0065554|C26.964|C26	25.3	68.9	66.2	198	4.39e-04	37.4
WP_027886500.1	MER0060647|C26.952|C26	40.1	92.3	100	372	2.18e-79	245
WP_027886500.1	MER0078640|C26.951|C26	35.9	92.0	100	370	5.35e-66	210
WP_027886500.1	MER0044812|C26.A04|C26	46.3	54.9	92.6	227	4.42e-65	204
WP_027886500.1	MER0043540|C26.A33|C26	38.6	56.2	93.0	220	2.11e-50	166
WP_027886500.1	MER0046161|C26.956|C26	46.2	47.2	66.8	186	4.57e-48	161
WP_027886500.1	MER0045945|C26.963|C26	42.7	47.2	82.5	185	2.32e-47	158
WP_027886500.1	MER0115185|C26.954|C26	52.1	35.6	97.9	140	3.73e-45	149
WP_027886500.1	MER0436691|C26.A27|C26	31.1	74.2	96.5	296	2.75e-34	124
WP_027886500.1	MER0043394|C26.955|C26	27.2	33.2	82.3	136	2.84e-11	58.5
WP_027886500.1	MER0044882|C26.A09|C26	29.9	31.4	73.6	134	1.79e-10	56.6
WP_027886500.1	MER0043537|C26.A31|C26	26.6	42.8	91.5	188	4.91e-10	55.5
WP_027886500.1	MER0043392|C26.960|C26	40.3	16.0	36.7	62	1.81e-06	44.7
WP_027886500.1	MER0043195|C26.A30|C26	26.6	30.7	55.2	139	6.96e-05	40.8
WP_027886622.1	MER0043394|C26.955|C26	58.3	83.9	97.6	163	2.71e-64	192
WP_027886622.1	MER0045094|C26.959|C26	44.3	98.4	78.4	192	1.11e-55	173
WP_027886622.1	MER0044622|C26.A25|C26	44.8	97.4	73.5	192	1.60e-53	168
WP_027886622.1	MER0044882|C26.A09|C26	41.8	88.0	95.6	177	1.06e-42	138
WP_027886622.1	MER0043392|C26.960|C26	42.0	82.8	93.5	162	2.17e-36	122
WP_027886622.1	MER0045095|C26.958|C26	34.3	97.4	78.7	210	5.16e-26	97.8
WP_027886622.1	MER0044619|C26.A26|C26	34.4	99.0	80.2	195	6.00e-25	94.4
WP_027886622.1	MER0043537|C26.A31|C26	30.7	97.9	97.9	189	1.13e-24	92.4
WP_027886622.1	MER0043195|C26.A30|C26	30.3	95.3	79.6	201	3.47e-18	76.6
WP_027886622.1	MER0045945|C26.963|C26	32.6	71.4	59.2	138	8.65e-16	69.7
WP_027886622.1	MER0044889|C26.A21|C26	32.5	62.0	48.3	120	1.51e-14	66.6
WP_027886622.1	MER0043387|C26.950|C26	31.9	58.9	61.9	113	4.07e-13	61.6
WP_027886622.1	MER0044812|C26.A04|C26	25.0	85.9	65.2	168	3.59e-12	60.1
WP_027886622.1	MER0115185|C26.954|C26	29.0	70.3	90.9	138	3.13e-11	55.8
WP_027886622.1	MER0060647|C26.952|C26	30.3	89.1	46.2	178	1.11e-09	53.5
WP_027886622.1	MER0038086|C26.962|C26	31.1	58.9	46.0	119	1.29e-08	50.1
WP_027886622.1	MER0046161|C26.956|C26	29.7	89.6	59.1	182	3.53e-08	48.9
WP_027886678.1	MER0014135|S16.A04|S16	46.9	54.6	88.9	241	8.67e-63	201
WP_027886678.1	MER0003359|S16.008|S16	29.0	19.9	39.7	93	7.38e-06	43.9
WP_027886678.1	MER0000485|S16.001|S16	30.7	16.9	30.2	75	3.45e-04	38.9
WP_027886695.1	MER0025512|S33.010|S33	26.0	81.6	79.3	254	1.06e-10	57.8
WP_027886695.1	MER0033259|S33.982|S33	26.2	82.0	79.2	225	6.88e-10	55.1
WP_027886695.1	MER0000436|S33.021|S33	24.6	89.1	89.6	264	1.18e-08	51.6
WP_027886695.1	MER0017193|S33.991|S33	32.3	45.3	43.7	124	8.91e-08	48.9
WP_027886695.1	MER0036076|S33.A33|S33	25.9	86.5	77.8	251	9.90e-07	45.8
WP_027886695.1	MER0210990|S33.A66|S33	29.9	42.7	41.3	144	3.59e-06	44.3
WP_027886695.1	MER0031619|S33.012|S33	28.7	44.6	39.2	122	5.98e-06	43.5
WP_027886695.1	MER0017177|S33.973|S33	30.3	39.3	33.4	109	8.21e-06	43.1
WP_027886695.1	MER0037236|S33.016|S33	26.4	91.4	91.6	258	1.65e-05	42.0
WP_027886695.1	MER0035041|S33.A92|S33	20.7	77.9	72.0	217	7.26e-05	40.0
WP_027886695.1	MER0004146|S33.995|S33	23.1	85.0	90.0	247	1.27e-04	39.3
WP_027886695.1	MER0001380|S33.003|S33	24.4	54.7	55.0	160	1.38e-04	39.3
WP_027886731.1	MER0044357|S33.A41|S33	31.5	88.9	88.1	429	5.86e-60	197
WP_027886731.1	MER0037236|S33.016|S33	27.1	35.1	50.6	140	2.87e-07	48.1
WP_027886731.1	MER0017033|S33.A15|S33	56.8	11.6	14.7	44	3.48e-06	45.1
WP_027886731.1	MER0014065|S33.974|S33	25.3	40.4	45.7	166	3.80e-06	45.1
WP_027886731.1	MER0004146|S33.995|S33	32.0	17.7	28.7	75	1.67e-05	42.7
WP_027886731.1	MER0017142|S33.994|S33	39.4	18.7	26.4	71	2.07e-05	42.4
WP_027886731.1	MER0036066|S33.A04|S33	40.4	12.4	19.5	47	8.59e-05	40.4
WP_027886731.1	MER0031616|S33.013|S33	24.7	23.5	26.7	89	1.11e-04	40.4
WP_027886731.1	MER0035973|S33.A14|S33	36.8	17.9	21.3	68	1.38e-04	40.0
WP_027886731.1	MER0030163|S33.975|S33	45.7	9.2	12.0	35	1.39e-04	40.0
WP_027886731.1	MER0042913|S33.986|S33	26.7	26.6	35.5	101	2.19e-04	39.3
WP_027886731.1	MER0210990|S33.A66|S33	26.8	32.5	36.0	127	2.78e-04	39.3
WP_027886731.1	MER0033259|S33.982|S33	38.7	16.4	23.8	62	2.96e-04	38.9
WP_027886731.1	MER0036067|S33.A71|S33	26.1	36.4	39.2	138	4.36e-04	38.5
WP_027886731.1	MER0042914|S33.987|S33	24.8	26.6	31.7	101	7.62e-04	37.7
WP_027886743.1	MER0028421|S26.018|S26A	29.1	85.0	96.8	223	5.03e-16	70.5
WP_027886743.1	MER0015993|S26.021|S26A	28.6	86.2	98.7	224	1.23e-15	69.3
WP_027886743.1	MER0002550|S26.004|S26A	26.6	85.0	96.8	222	1.74e-14	66.2
WP_027886743.1	MER0000592|S26.003|S26A	25.9	85.0	96.8	224	1.56e-12	60.8
WP_027886743.1	MER0015994|S26.019|S26A	28.2	80.4	92.5	209	6.15e-12	59.3
WP_027886743.1	MER0016034|S26.020|S26A	28.3	80.0	94.2	212	7.57e-12	58.9
WP_027886743.1	MER0003273|S26.016|S26A	23.5	85.0	96.9	221	8.77e-12	58.9
WP_027886743.1	MER0001510|S26.007|S26A	25.7	85.0	96.8	222	1.49e-11	58.2
WP_027886743.1	MER0000589|S26.001|S26A	28.1	88.8	96.4	260	2.02e-11	59.3
WP_027886743.1	MER0006313|S26.006|S26A	26.2	79.6	92.7	210	3.52e-11	57.0
WP_027886743.1	MER0003268|S26.015|S26A	22.9	84.6	97.2	227	2.76e-10	55.1
WP_027886743.1	MER0001912|S26.005|S26A	25.4	81.5	91.0	213	6.51e-10	53.5
WP_027886743.1	MER0003269|S26.008|S26A	24.3	80.8	89.7	210	1.70e-09	52.4
WP_027886743.1	MER0013626|S26.026|S26A	22.9	78.5	84.3	205	9.32e-08	47.4
WP_027886743.1	MER0002551|S26.024|S26A	23.6	84.6	97.1	254	3.81e-05	40.4
WP_027886743.1	MER0000598|S26.012|S26A	38.3	18.1	33.6	47	2.89e-04	37.0
WP_027886744.1	MER0001627|T01.006|T01B	57.1	89.1	92.6	163	4.32e-56	172
WP_027886744.1	MER0001626|T01.007|T01B	56.8	90.7	96.0	169	3.51e-55	169
WP_027886744.1	MER0030305|T01.018|T01B	52.0	82.0	91.9	150	1.47e-43	139
WP_027886744.1	MER0053121|T01.021|T01B	44.8	89.1	95.9	165	5.01e-41	133
WP_027886811.1	MER0056037|M79.A04|M79	34.9	44.6	63.1	83	5.78e-12	57.4
WP_027886814.1	MER0001285|M29.001|M29	57.7	100	99.8	409	1.64e-176	495
WP_027886814.1	MER0001287|M29.002|M29	46.8	99.8	99.5	408	1.78e-139	401
WP_027886814.1	MER0005731|M29.004|M29	38.7	99.3	99.0	408	2.20e-106	317
WP_027886814.1	MER0014416|M29.005|M29	38.3	99.8	99.5	412	3.88e-99	298
WP_027886826.1	MER0002516|S08.008|S08A	69.1	71.6	100	288	1.72e-130	374
WP_027886826.1	MER0000325|S08.051|S08A	69.9	68.7	84.0	276	9.11e-130	373
WP_027886826.1	MER0000326|S08.050|S08A	61.6	68.7	88.1	276	4.66e-108	317
WP_027886826.1	MER0006074|S08.124|S08A	50.7	69.9	99.0	300	1.33e-83	254
WP_027886826.1	MER0002764|S08.120|S08A	48.3	71.9	99.3	298	5.95e-78	240
WP_027886826.1	MER0000359|S08.A54|S08A	48.0	71.9	98.7	300	2.45e-75	233
WP_027886826.1	MER0000336|S08.061|S08A	54.3	61.7	85.9	254	9.36e-72	224
WP_027886826.1	MER0000338|S08.056|S08A	46.8	68.2	97.9	280	1.65e-66	210
WP_027886826.1	MER0000344|S08.053|S08A	44.9	71.9	98.0	296	4.28e-65	207
WP_027886826.1	MER0003117|S08.032|S08B	44.5	68.7	99.0	290	6.51e-65	206
WP_027886826.1	MER0000335|S08.054|S08A	46.8	69.2	99.3	284	2.97e-63	201
WP_027886826.1	MER0000357|S08.A51|S08A	40.7	68.9	96.5	302	8.82e-61	196
WP_027886826.1	MER0000356|S08.052|S08A	39.7	71.4	85.6	320	2.97e-60	196
WP_027886826.1	MER0000328|S08.066|S08A	44.5	68.4	97.6	290	1.61e-58	189
WP_027886826.1	MER0005078|S08.115|S08A	43.8	70.4	98.6	292	5.18e-56	183
WP_027886826.1	MER0006037|S08.025|S08A	45.7	66.9	92.7	278	2.08e-55	181
WP_027886826.1	MER0004720|S08.062|S08A	43.3	66.9	95.7	275	1.90e-53	176
WP_027886826.1	MER0077555|S08.028|S08A	43.1	62.2	90.5	260	2.94e-44	152
WP_027886826.1	MER0001928|S08.098|S08A	42.8	62.4	90.7	257	1.94e-43	149
WP_027886826.1	MER0001520|S08.010|S08A	42.4	62.4	90.7	257	1.04e-42	147
WP_027886826.1	MER0001906|S08.003|S08A	42.0	62.4	90.7	257	3.99e-42	146
WP_027886826.1	MER0000309|S08.001|S08A	44.8	57.0	84.7	239	4.54e-42	146
WP_027886826.1	MER0000310|S08.037|S08A	46.4	57.0	84.7	239	4.54e-42	146
WP_027886826.1	MER0000315|S08.038|S08A	41.6	62.4	90.7	257	1.09e-41	145
WP_027886826.1	MER0000316|S08.157|S08A	42.4	62.4	91.0	257	2.16e-40	141
WP_027886840.1	MER0001367|S33.008|S33	31.4	41.4	33.8	137	4.65e-09	53.5
WP_027886840.1	MER0001380|S33.003|S33	28.7	41.4	42.6	129	1.09e-08	52.0
WP_027886840.1	MER0037236|S33.016|S33	24.0	49.3	48.3	146	3.44e-05	41.2
WP_027886840.1	MER0042914|S33.987|S33	30.6	29.0	29.6	85	2.82e-04	38.5
WP_027886840.1	MER0077196|S33.989|S33	28.3	32.4	39.8	99	4.48e-04	37.7
WP_027886857.1	MER0066916|C26.A32|C26	46.1	94.9	97.5	193	3.83e-47	150
WP_027886857.1	MER0437437|C26.A35|C26	33.7	89.2	93.3	196	8.81e-22	85.5
WP_027886897.1	MER0002007|M20.008|M20D	40.6	94.6	93.6	372	1.26e-92	280
WP_027886897.1	MER0002655|M20.015|M20D	40.4	91.8	92.6	359	5.73e-87	265
WP_027886897.1	MER0002659|M20.014|M20D	37.2	97.7	96.4	384	2.03e-75	236
WP_027886897.1	MER0002014|M20.A03|M20D	37.8	97.7	96.4	384	1.13e-74	234
WP_027886897.1	MER0002013|M20.A02|M20D	37.0	95.6	94.4	376	9.62e-74	232
WP_027886897.1	MER0003770|M20.A27|M20D	37.4	94.6	96.5	374	3.22e-65	209
WP_027886897.1	MER0005155|M20.A06|M20D	34.1	93.3	95.8	367	4.62e-63	204
WP_027886897.1	MER0005173|M20.A05|M20D	31.7	93.3	96.2	369	2.04e-53	178
WP_027886897.1	MER0005163|M20.009|M20D	50.0	41.1	60.2	160	4.09e-46	156
WP_027886897.1	MER0003581|M20.020|M20D	31.6	85.3	100	345	8.39e-37	133
WP_027886897.1	MER0003815|M20.A04|M20D	42.5	42.9	55.3	167	5.62e-34	125
WP_027886897.1	MER0015354|M20.A01|M20D	42.3	41.9	55.9	163	6.28e-34	124
WP_027886897.1	MER0002664|M20.A26|M20D	35.7	39.6	52.2	154	8.33e-20	85.5
WP_027886965.1	MER0001297|S41.008|S41A	40.9	37.4	96.4	164	1.74e-35	126
WP_027886965.1	MER0003514|S41.010|S41A	43.0	37.7	97.0	165	4.69e-35	125
WP_027886965.1	MER0001425|S41.004|S41A	43.9	37.7	97.1	171	2.93e-32	117
WP_027886965.1	MER0003065|S41.009|S41A	40.7	37.0	95.3	162	9.22e-32	116
WP_027886965.1	MER0003413|S41.002|S41A	37.4	37.0	95.3	163	1.30e-30	113
WP_027886965.1	MER0004195|S41.007|S41A	35.1	38.4	98.8	171	2.40e-28	107
WP_027886965.1	MER0015684|S41.A02|S41A	36.8	36.8	94.7	163	1.25e-27	105
WP_027886965.1	MER0004196|S41.013|S41A	36.8	38.4	98.8	171	2.38e-27	104
WP_027886965.1	MER0005714|S41.A01|S41A	36.1	36.5	94.4	169	3.36e-24	95.9
WP_027886965.1	MER0001295|S41.001|S41A	44.2	27.2	65.9	120	5.10e-24	95.5
WP_027886965.1	MER0078760|S41.953|S41A	31.9	28.8	70.2	141	3.00e-06	44.7
WP_027886988.1	MER0025512|S33.010|S33	29.4	75.9	65.2	201	3.14e-07	47.0
WP_027886988.1	MER0000437|S33.004|S33	36.9	27.4	21.1	65	1.03e-06	45.4
WP_027886988.1	MER0210156|S33.B13|S33	37.3	24.9	28.9	59	4.27e-05	40.0
WP_027886988.1	MER0017177|S33.973|S33	30.4	41.4	34.7	112	4.85e-05	40.4
WP_027886988.1	MER0033259|S33.982|S33	34.9	26.6	24.2	63	1.01e-04	39.3
WP_027886988.1	MER0036056|S33.A10|S33	35.1	24.1	17.7	57	1.55e-04	38.9
WP_027886988.1	MER0036076|S33.A33|S33	28.7	93.2	78.2	244	2.63e-04	38.1
WP_027886988.1	MER0036073|S33.A35|S33	35.1	24.1	18.0	57	2.75e-04	38.1
WP_027886988.1	MER0036049|S33.A05|S33	34.4	26.2	23.4	64	8.09e-04	36.6
WP_027887021.1	MER0003514|S41.010|S41A	27.7	33.1	71.6	141	8.87e-11	57.4
WP_027887021.1	MER0003065|S41.009|S41A	28.5	43.2	97.0	186	5.55e-10	55.1
WP_027887021.1	MER0001297|S41.008|S41A	29.0	37.3	81.7	162	1.39e-09	53.9
WP_027887021.1	MER0001295|S41.001|S41A	29.2	35.7	72.0	154	5.77e-09	52.4
WP_027887021.1	MER0001425|S41.004|S41A	27.0	43.4	97.7	189	9.51e-09	51.6
WP_027887021.1	MER0015684|S41.A02|S41A	27.0	33.1	71.9	141	9.47e-06	42.7
WP_027887021.1	MER0004195|S41.007|S41A	26.6	33.1	71.8	143	1.71e-05	42.0
WP_027887021.1	MER0003413|S41.002|S41A	24.7	38.0	83.5	162	4.21e-05	40.8
WP_027887030.1	MER0001289|M28.009|M28F	37.0	49.6	77.9	216	5.58e-23	94.4
WP_027887030.1	MER0100667|M28.020|M28F	34.7	45.5	88.6	196	1.78e-21	89.0
WP_027887030.1	MER0194228|M28.A01|M28F	40.6	37.6	83.6	165	7.01e-21	86.7
WP_027887030.1	MER0037181|M28.019|M28A	30.2	41.7	68.3	192	1.43e-13	67.4
WP_027887030.1	MER0011461|M28.A15|M28X	39.0	24.0	39.1	100	1.90e-13	66.6
WP_027887030.1	MER0013618|M28.021|M28C	43.8	23.3	32.1	96	2.42e-12	63.9
WP_027887030.1	MER0011487|M28.A12|M28X	36.9	29.4	47.5	122	9.54e-12	61.6
WP_027887030.1	MER0001288|M28.001|M28A	35.9	21.7	38.8	92	1.05e-11	61.2
WP_027887030.1	MER0032443|M28.022|M28E	29.6	41.7	74.7	196	2.38e-11	60.5
WP_027887030.1	MER0011464|M28.A13|M28X	35.0	24.0	39.3	100	5.52e-11	59.3
WP_027887030.1	MER0038832|M28.A11|M28X	33.0	24.0	38.8	100	1.38e-10	58.2
WP_027887030.1	MER0038831|M28.A10|M28X	33.0	23.5	36.5	94	6.08e-10	56.2
WP_027887030.1	MER0038822|M28.A08|M28X	31.1	26.6	43.8	106	8.09e-09	52.4
WP_027887030.1	MER0004514|M28.004|M28E	30.1	41.2	75.9	193	8.22e-09	52.8
WP_027887030.1	MER0030257|M28.A09|M28X	32.3	23.8	38.4	99	3.75e-08	50.8
WP_027887030.1	MER0001284|M28.002|M28E	28.4	40.9	73.2	197	8.96e-08	49.7
WP_027887030.1	MER0005131|M28.006|M28E	30.8	23.5	42.0	107	2.17e-07	48.5
WP_027887030.1	MER0029965|M28.018|M28X	36.2	23.0	35.2	94	2.18e-07	48.5
WP_027887030.1	MER0015688|M28.A03|M28X	38.8	16.6	25.7	67	2.31e-06	45.4
WP_027887030.1	MER0005158|M28.A04|M28X	28.7	41.2	60.4	178	9.76e-06	43.5
WP_027887030.1	MER0015338|M28.A20|M28X	28.9	19.7	31.8	83	9.81e-06	43.5
WP_027887030.1	MER0001911|M28.A05|M28X	25.6	31.2	46.7	125	1.62e-05	42.7
WP_027887030.1	MER0015691|M28.A02|M28B	31.3	44.2	79.3	211	9.63e-04	37.4
WP_027887108.1	MER0000485|S16.001|S16	48.0	30.1	99.2	246	4.09e-65	214
WP_027887108.1	MER0014970|S16.006|S16	41.8	29.1	95.3	282	1.27e-63	212
WP_027887108.1	MER0000488|S16.004|S16	44.6	28.3	98.3	231	5.26e-55	186
WP_027887108.1	MER0003443|S16.003|S16	46.5	23.9	88.1	200	1.94e-53	182
WP_027887108.1	MER0000495|S16.002|S16	40.3	27.5	91.4	233	3.04e-52	179
WP_027887108.1	MER0003442|S16.011|S16	44.7	23.8	86.4	197	1.89e-48	168
WP_027887108.1	MER0005837|S16.A06|S16	39.3	28.1	94.5	244	5.32e-47	165
WP_027887108.1	MER0011057|S16.A02|S16	41.2	24.7	90.7	204	6.95e-46	160
WP_027887108.1	MER0011056|S16.A03|S16	40.9	25.2	92.4	208	6.27e-45	158
WP_027887108.1	MER0004236|S16.009|S16	41.9	22.0	67.3	179	9.43e-42	150
WP_027887108.1	MER0108906|S16.A13|S16	32.3	28.6	99.6	235	3.91e-35	130
WP_027887108.1	MER0000496|S16.010|S16	36.1	24.2	64.7	202	3.86e-34	130
WP_027887108.1	MER0017402|S16.A11|S16	35.1	24.3	91.4	208	2.24e-25	102
WP_027887108.1	MER0026213|S16.A14|S16	35.4	18.0	55.6	147	7.40e-25	101
WP_027887108.1	MER0003859|S16.005|S16	34.1	20.4	67.1	170	4.86e-21	90.1
WP_027887108.1	MER0003359|S16.008|S16	34.0	18.7	67.9	159	3.40e-20	87.4
WP_027887108.1	MER0017403|S16.A12|S16	37.3	15.2	49.4	126	7.13e-12	63.2
WP_027887108.1	MER0041647|S16.007|S16	44.2	8.6	30.8	77	1.52e-10	59.3
WP_027887108.1	MER0003018|S16.A10|S16	41.6	8.6	34.5	77	4.12e-08	51.6
WP_027887108.1	MER0000491|S16.A09|S16	27.1	11.8	47.2	96	1.32e-07	49.7
WP_027887108.1	MER0014135|S16.A04|S16	30.6	13.3	37.3	108	2.06e-07	50.1
WP_027887108.1	MER0003017|S16.A05|S16	24.8	17.2	82.1	141	1.49e-04	40.0
WP_027887110.1	MER0001265|M19.003|M19	29.1	54.2	56.5	189	4.00e-18	80.5
WP_027887110.1	MER0013425|M19.007|M19	27.4	97.9	98.0	336	4.99e-18	80.1
WP_027887110.1	MER0013479|M19.950|M19	24.7	72.4	79.1	267	3.08e-16	75.1
WP_027887110.1	MER0032370|M19.013|M19	26.4	97.9	90.5	348	2.90e-12	63.5
WP_027887112.1	MER0005807|S09.070|S09C	33.0	53.1	61.8	182	2.23e-08	51.2
WP_027887194.1	MER0033186|M38.980|M38	39.3	78.7	100	318	1.60e-61	198
WP_027887194.1	MER0005900|M38.002|M38	25.0	83.5	86.0	356	1.91e-05	43.1
WP_027887341.1	MER0045886|C26.957|C26	40.3	43.7	94.9	226	1.91e-48	164
WP_027887341.1	MER0042974|C26.A07|C26	44.2	35.8	97.9	190	1.75e-43	149
WP_027887341.1	MER0044889|C26.A21|C26	40.2	43.7	92.6	224	3.62e-40	142
WP_027887341.1	MER0043537|C26.A31|C26	36.2	36.2	98.4	185	3.94e-35	127
WP_027887341.1	MER0043387|C26.950|C26	40.7	34.4	100	177	1.68e-30	114
WP_027887341.1	MER0038086|C26.962|C26	33.5	40.9	88.9	224	3.20e-30	115
WP_027887341.1	MER0436735|C26.A34|C26	29.0	43.5	98.9	259	2.22e-27	107
WP_027887341.1	MER0043394|C26.955|C26	35.8	29.1	92.1	151	3.32e-18	79.0
WP_027887341.1	MER0043392|C26.960|C26	31.8	30.7	92.3	157	2.42e-15	70.9
WP_027887341.1	MER0044622|C26.A25|C26	25.1	35.8	73.5	195	4.20e-13	66.2
WP_027887341.1	MER0044882|C26.A09|C26	28.6	29.5	87.4	161	1.40e-10	57.4
WP_027887341.1	MER0044619|C26.A26|C26	32.4	27.6	59.5	148	7.54e-10	56.2
WP_027887341.1	MER0043195|C26.A30|C26	24.0	21.3	48.4	121	1.34e-04	40.4
WP_027887418.1	MER0069741|M23.009|M23B	43.0	38.4	73.3	128	4.10e-25	96.7
WP_027887418.1	MER0003380|M23.011|M23B	41.2	34.4	47.3	114	5.16e-23	92.8
WP_027887418.1	MER0013541|M23.014|M23B	47.7	26.6	100	88	6.27e-22	85.5
WP_027887418.1	MER0003376|M23.005|M23B	41.6	35.6	72.9	125	9.48e-22	87.4
WP_027887418.1	MER0003906|M23.013|M23B	40.2	27.2	86.8	92	1.44e-13	63.2
WP_027887418.1	MER0003423|M23.012|M23B	39.2	28.7	67.8	97	3.06e-12	60.5
WP_027887418.1	MER0066182|M23.A04|M23B	33.9	34.4	56.3	115	3.34e-12	61.6
WP_027887418.1	MER0005300|M23.950|M23B	40.6	29.0	58.9	96	4.55e-12	60.5
WP_027887418.1	MER0387040|M23.A03|M23B	35.8	28.4	92.2	95	8.14e-12	58.2
WP_027887418.1	MER0001419|M23.004|M23B	37.7	31.4	74.1	106	1.07e-11	58.9
WP_027887435.1	MER0016978|S08.021|S08A	37.2	37.3	86.1	285	4.64e-48	169
WP_027887435.1	MER0000311|S08.034|S08A	34.6	40.0	96.0	283	3.83e-36	134
WP_027887435.1	MER0013656|S08.046|S08A	33.7	37.0	88.4	258	1.53e-35	132
WP_027887435.1	MER0000309|S08.001|S08A	34.2	38.8	93.1	275	4.50e-35	131
WP_027887435.1	MER0000315|S08.038|S08A	34.9	39.4	94.4	275	2.56e-34	129
WP_027887435.1	MER0001906|S08.003|S08A	34.9	39.4	94.4	275	2.56e-34	129
WP_027887435.1	MER0001755|S08.002|S08A	31.4	40.0	96.0	283	4.04e-34	128
WP_027887435.1	MER0001521|S08.044|S08A	31.1	40.0	96.0	283	5.50e-34	128
WP_027887435.1	MER0000313|S08.036|S08A	31.1	40.0	96.0	283	7.50e-34	127
WP_027887435.1	MER0000310|S08.037|S08A	32.7	38.8	93.1	275	9.98e-34	127
WP_027887435.1	MER0001520|S08.010|S08A	34.5	39.4	94.4	275	2.24e-33	126
WP_027887435.1	MER0042897|S08.133|S08A	33.0	37.1	88.8	264	3.78e-33	125
WP_027887435.1	MER0000316|S08.157|S08A	33.1	39.4	94.8	275	1.03e-32	124
WP_027887435.1	MER0000333|S08.007|S08A	35.2	38.4	91.5	270	2.04e-32	123
WP_027887435.1	MER0077555|S08.028|S08A	31.6	40.1	96.4	285	2.19e-32	123
WP_027887435.1	MER0001928|S08.098|S08A	32.0	39.4	94.4	275	4.91e-32	122
WP_027887435.1	MER0001699|S08.045|S08A	32.3	35.8	85.3	254	2.51e-31	120
WP_027887435.1	MER0000332|S08.009|S08A	32.5	39.0	93.4	274	1.77e-29	115
WP_027887435.1	MER0002575|S08.102|S08A	31.7	35.3	83.5	246	3.30e-28	111
WP_027887435.1	MER0000320|S08.030|S08A	31.5	36.3	84.0	260	5.40e-28	111
WP_027887435.1	MER0005931|S08.005|S08A	35.4	29.8	86.0	212	7.91e-27	106
WP_027887435.1	MER0000319|S08.126|S08A	30.9	37.8	86.4	265	9.62e-27	107
WP_027887435.1	MER0001725|S08.105|S08A	31.7	33.7	71.5	240	1.68e-25	104
WP_027887435.1	MER0030016|S08.117|S08A	32.4	39.0	95.3	290	3.47e-25	102
WP_027887435.1	MER0002057|S08.091|S08A	29.5	41.6	85.3	349	5.08e-24	101
WP_027887467.1	MER0030934|S09.948|S09X	39.2	68.1	94.6	352	2.71e-60	199
WP_027887467.1	MER0033188|S09.979|S09X	34.6	67.3	94.3	384	1.48e-39	144
WP_027887467.1	MER0034745|S09.961|S09X	33.4	68.3	96.2	374	2.59e-38	140
WP_027887467.1	MER0037861|S09.962|S09X	39.0	49.2	64.5	259	6.58e-37	137
WP_027887467.1	MER0033240|S09.959|S09X	39.8	47.8	62.6	251	8.28e-36	134
WP_027887467.1	MER0033198|S09.980|S09X	39.4	47.8	62.2	251	2.75e-35	132
WP_027887467.1	MER0033226|S09.984|S09X	32.6	67.1	93.3	371	5.95e-35	131
WP_027887467.1	MER0034728|S09.998|S09X	32.1	68.1	95.9	380	7.73e-35	131
WP_027887467.1	MER0033227|S09.985|S09X	32.5	68.3	96.1	385	2.09e-34	130
WP_027887467.1	MER0077889|S09.957|S09X	32.0	67.5	94.6	362	3.64e-34	129
WP_027887467.1	MER0078701|S09.955|S09X	38.8	48.6	66.5	255	3.64e-34	129
WP_027887467.1	MER0034744|S09.970|S09X	31.4	67.3	94.3	369	7.01e-34	128
WP_027887467.1	MER0033213|S09.981|S09X	39.4	47.8	62.8	251	3.34e-33	127
WP_027887467.1	MER0033224|S09.983|S09X	39.8	47.8	62.8	254	4.58e-33	126
WP_027887467.1	MER0033212|S09.958|S09X	40.2	47.8	60.1	244	5.67e-33	126
WP_027887467.1	MER0034727|S09.953|S09X	38.0	48.8	63.0	250	1.23e-32	125
WP_027887467.1	MER0033236|S09.989|S09X	34.2	50.2	65.0	272	2.56e-32	124
WP_027887467.1	MER0034726|S09.997|S09X	31.3	68.3	96.2	380	3.16e-32	124
WP_027887467.1	MER0033220|S09.982|S09X	38.3	47.8	62.7	256	4.27e-32	124
WP_027887467.1	MER0077885|S09.954|S09X	38.2	48.2	61.0	246	4.79e-32	123
WP_027887467.1	MER0034730|S09.999|S09X	36.4	48.2	62.0	247	8.11e-32	122
WP_027887467.1	MER0037852|S09.964|S09X	52.1	28.5	37.6	146	1.09e-31	122
WP_027887467.1	MER0033235|S09.988|S09X	33.8	50.2	65.0	272	1.68e-31	122
WP_027887467.1	MER0034742|S09.971|S09X	52.1	28.5	37.6	146	2.80e-31	121
WP_027887467.1	MER0037850|S09.965|S09X	37.5	47.8	62.8	253	6.89e-31	120
WP_027887469.1	MER0037236|S33.016|S33	28.1	90.2	96.9	274	1.58e-19	82.8
WP_027887469.1	MER0004146|S33.995|S33	27.2	87.8	94.6	265	7.33e-18	78.2
WP_027887469.1	MER0031617|S33.978|S33	26.9	92.0	94.4	279	1.36e-17	77.8
WP_027887469.1	MER0036054|S33.A02|S33	26.1	83.6	92.7	261	1.34e-15	72.0
WP_027887469.1	MER0036068|S33.A19|S33	28.2	86.0	83.1	259	4.92e-14	67.8
WP_027887469.1	MER0036065|S33.A03|S33	24.4	83.9	98.0	258	1.16e-13	66.2
WP_027887469.1	MER0036059|S33.A79|S33	23.3	94.1	93.8	335	2.34e-13	66.2
WP_027887469.1	MER0043008|S33.A18|S33	25.4	86.7	91.0	256	4.46e-13	64.7
WP_027887469.1	MER0036067|S33.A71|S33	25.8	85.0	82.5	256	3.37e-12	62.4
WP_027887469.1	MER0036076|S33.A33|S33	26.9	92.3	86.0	271	3.42e-12	62.4
WP_027887469.1	MER0031611|S33.977|S33	25.8	86.7	85.0	271	2.09e-11	60.1
WP_027887469.1	MER0036072|S33.A36|S33	26.1	44.8	41.1	138	1.12e-10	58.2
WP_027887469.1	MER0036073|S33.A35|S33	24.1	96.5	85.4	291	1.89e-10	57.4
WP_027887469.1	MER0035041|S33.A92|S33	27.4	89.5	87.3	263	6.43e-10	55.5
WP_027887469.1	MER0003280|S33.990|S33	32.8	39.5	39.9	116	9.76e-10	55.1
WP_027887469.1	MER0036078|S33.A75|S33	26.4	84.6	87.0	254	9.96e-10	54.7
WP_027887469.1	MER0036057|S33.A09|S33	25.4	86.0	80.2	256	1.85e-09	54.3
WP_027887469.1	MER0003537|S33.005|S33	28.1	73.4	76.6	228	2.35e-09	53.9
WP_027887469.1	MER0014065|S33.974|S33	29.3	39.9	35.4	116	3.75e-09	53.5
WP_027887469.1	MER0017193|S33.991|S33	34.4	33.2	33.2	96	7.32e-09	52.4
WP_027887469.1	MER0026339|S33.992|S33	33.9	42.3	45.5	124	1.26e-08	51.6
WP_027887469.1	MER0036053|S33.A01|S33	25.4	85.3	97.3	272	2.21e-08	50.8
WP_027887469.1	MER0036084|S33.A29|S33	22.0	87.4	91.1	268	3.09e-08	50.4
WP_027887469.1	MER0017142|S33.994|S33	23.8	83.6	92.7	244	1.18e-07	48.5
WP_027887469.1	MER0011785|S33.009|S33	32.0	34.3	31.7	103	1.23e-07	48.9
WP_027887494.1	MER0005767|M38.972|M38	35.0	72.7	91.5	331	1.66e-37	135
WP_027887494.1	MER0001495|M38.001|M38	33.0	19.6	27.4	97	9.41e-07	47.4
WP_027887494.1	MER0015112|M38.973|M38	20.7	82.6	96.0	405	1.84e-06	46.6
WP_027887521.1	MER0016248|M103.003|M103	39.5	56.6	99.2	256	1.10e-51	171
WP_027887521.1	MER0016222|M103.950|M103	27.0	97.7	95.6	440	3.54e-38	140
WP_027887521.1	MER0028087|M103.002|M103	26.5	94.1	93.2	426	1.24e-28	114
WP_027887521.1	MER0016301|M103.001|M103	26.9	85.6	83.2	405	1.51e-20	90.5
WP_027887522.1	MER0016301|M103.001|M103	37.4	96.8	95.3	463	3.78e-86	269
WP_027887522.1	MER0016248|M103.003|M103	30.0	48.5	88.0	227	2.27e-24	98.6
WP_027887522.1	MER0016222|M103.950|M103	21.8	91.4	91.1	426	2.38e-17	80.9
WP_027887522.1	MER0028087|M103.002|M103	25.6	47.2	46.7	219	7.19e-17	79.3
WP_027887620.1	MER0042954|S49.005|S49C	31.5	28.3	76.5	124	4.17e-13	63.9
WP_027887620.1	MER0011666|S14.005|S14	32.8	25.9	61.4	116	2.60e-06	44.7
WP_027887678.1	MER0034539|C44.976|C44	36.6	25.3	69.9	164	7.75e-19	82.4
WP_027887678.1	MER0033254|C44.974|C44	32.8	18.9	48.0	125	4.75e-10	57.4
WP_027887678.1	MER0011806|C44.A03|C44	31.7	24.4	74.7	180	1.37e-09	55.8
WP_027887680.1	MER0034539|C44.976|C44	35.3	27.7	78.5	170	8.69e-22	90.9
WP_027887680.1	MER0033254|C44.974|C44	35.8	19.7	48.0	123	1.59e-12	64.7
WP_027887680.1	MER0004101|C44.A01|C44	28.8	27.7	84.0	205	1.30e-09	55.8
WP_027887680.1	MER0011806|C44.A03|C44	28.8	27.7	84.0	205	1.75e-09	55.5
WP_027887680.1	MER0185695|C44.A08|C44	33.3	8.4	23.1	51	8.14e-04	38.1
WP_027887682.1	MER0003065|S41.009|S41A	36.7	44.4	87.0	150	2.21e-16	72.8
WP_027887682.1	MER0001425|S41.004|S41A	35.1	48.9	95.4	171	1.11e-14	68.2
WP_027887682.1	MER0005714|S41.A01|S41A	31.9	44.7	88.2	160	9.41e-13	62.8
WP_027887682.1	MER0003514|S41.010|S41A	31.1	48.0	94.1	164	1.09e-12	62.4
WP_027887682.1	MER0001297|S41.008|S41A	31.1	48.9	95.3	167	1.13e-10	56.6
WP_027887682.1	MER0015684|S41.A02|S41A	30.7	41.7	81.3	140	5.35e-08	48.9
WP_027887682.1	MER0004196|S41.013|S41A	33.1	41.4	80.7	142	3.31e-07	46.6
WP_027887682.1	MER0003413|S41.002|S41A	31.0	50.5	94.1	171	8.11e-07	45.4
WP_027887682.1	MER0004195|S41.007|S41A	29.3	44.1	86.5	150	4.98e-06	43.1
WP_027887683.1	MER0041647|S16.007|S16	63.1	34.6	98.4	249	1.98e-96	295
WP_027887683.1	MER0003018|S16.A10|S16	38.4	29.6	96.4	216	1.24e-44	156
WP_027887683.1	MER0017402|S16.A11|S16	31.6	29.9	90.5	215	5.40e-20	86.3
WP_027887683.1	MER0003359|S16.008|S16	36.4	15.4	48.7	121	2.92e-15	72.8
WP_027887683.1	MER0003859|S16.005|S16	27.5	29.2	80.7	211	7.53e-13	65.9
WP_027887683.1	MER0005837|S16.A06|S16	29.6	19.3	51.2	142	2.11e-07	49.7
WP_027887683.1	MER0011057|S16.A02|S16	32.4	15.0	43.1	108	1.25e-06	47.0
WP_027887683.1	MER0003443|S16.003|S16	35.5	14.9	42.7	107	9.88e-06	44.3
WP_027887683.1	MER0003442|S16.011|S16	30.6	15.0	42.5	108	1.33e-05	43.9
WP_027887683.1	MER0000495|S16.002|S16	38.9	10.0	25.5	72	3.81e-05	42.7
WP_027887683.1	MER0011056|S16.A03|S16	33.3	11.3	32.9	81	7.61e-04	38.5
WP_027887696.1	MER0001266|M20.001|M20A	31.9	96.8	94.7	373	8.13e-46	158
WP_027887696.1	MER0369336|M20.A23|M20A	25.0	79.3	94.0	304	3.58e-15	72.4
WP_027887696.1	MER0028941|M20.018|M20B	24.4	79.3	80.7	303	2.25e-14	70.5
WP_027887696.1	MER0369972|M20.A25|M20A	29.2	29.3	25.8	113	7.06e-04	38.1
WP_027887700.1	MER0001945|S01.472|S01C	51.2	40.7	100	168	1.43e-49	162
WP_027887700.1	MER0005468|S01.491|S01C	51.8	40.7	100	168	1.75e-46	154
WP_027887700.1	MER0000268|S01.480|S01C	48.2	40.7	100	168	5.27e-43	145
WP_027887700.1	MER0003850|S01.500|S01C	45.1	44.3	97.2	184	7.73e-42	142
WP_027887700.1	MER0003290|S01.482|S01C	47.1	40.7	100	172	1.73e-40	138
WP_027887700.1	MER0013623|S01.453|S01C	46.2	40.7	100	169	3.11e-40	137
WP_027887700.1	MER0004111|S01.442|S01C	47.0	40.7	100	168	6.80e-39	134
WP_027887700.1	MER0001372|S01.274|S01C	47.9	40.7	100	169	2.68e-38	132
WP_027887700.1	MER0000266|S01.273|S01C	46.2	40.7	100	169	2.08e-36	127
WP_027887700.1	MER0004673|S01.494|S01C	34.2	71.4	97.0	307	1.20e-35	129
WP_027887700.1	MER0004149|S01.525|S01C	43.1	40.7	100	174	1.00e-34	123
WP_027887700.1	MER0004093|S01.278|S01C	44.6	40.7	100	168	4.17e-31	113
WP_027887700.1	MER0002577|S01.277|S01C	43.5	40.7	100	168	1.56e-30	112
WP_027887700.1	MER0010944|S01.474|S01C	37.2	40.7	100	180	2.57e-30	112
WP_027887700.1	MER0028330|S01.329|S01C	42.9	40.7	100	168	8.09e-30	110
WP_027887700.1	MER0014795|S01.284|S01C	42.5	40.7	100	174	4.94e-29	108
WP_027887700.1	MER0005093|S01.441|S01C	40.1	37.3	96.4	167	8.30e-29	107
WP_027887700.1	MER0016031|S01.364|S01C	40.8	40.7	100	174	1.15e-28	107
WP_027887700.1	MER0022668|S01.447|S01C	38.5	40.7	100	174	1.32e-28	107
WP_027887700.1	MER0001373|S01.275|S01C	40.4	40.7	100	171	1.78e-28	106
WP_027887700.1	MER0004086|S01.B81|S01C	40.9	38.0	92.0	159	1.02e-27	104
WP_027887700.1	MER0011375|S01.476|S01C	37.9	40.7	100	169	1.54e-26	101
WP_027887700.1	MER0003293|S01.477|S01C	39.2	37.0	96.6	153	3.57e-26	100
WP_027887700.1	MER0016351|S01.285|S01C	39.3	40.7	100	168	5.50e-26	99.8
WP_027887700.1	MER0063616|S01.454|S01C	37.6	40.7	100	178	2.04e-22	90.1
WP_027887724.1	MER0058228|S09.009|S09B	28.0	71.3	90.5	239	1.43e-19	83.2
WP_027887724.1	MER0013484|S09.018|S09B	27.0	71.3	92.5	244	6.28e-13	64.3
WP_027887724.1	MER0036050|S33.A17|S33	25.8	79.1	84.1	283	6.27e-10	56.2
WP_027887724.1	MER0011413|S09.016|S09B	25.9	71.3	92.5	243	1.63e-09	54.3
WP_027887724.1	MER0036051|S33.A12|S33	27.0	79.1	84.0	282	6.38e-09	53.1
WP_027887724.1	MER0017248|S09.A36|S09X	28.6	58.3	58.0	189	6.90e-09	52.8
WP_027887724.1	MER0001423|S09.013|S09B	25.6	69.5	90.9	234	1.66e-08	51.2
WP_027887724.1	MER0033244|S09.061|S09C	25.8	67.6	82.1	233	8.49e-08	49.3
WP_027887724.1	MER0018170|S09.057|S09C	23.6	65.7	82.1	229	1.53e-07	48.5
WP_027887724.1	MER0036047|S33.A20|S33	22.3	73.2	89.4	269	3.25e-07	47.8
WP_027887724.1	MER0003361|S09.A93|S09B	23.1	69.8	85.0	234	8.57e-07	46.2
WP_027887724.1	MER0036062|S33.A07|S33	21.3	70.4	88.8	254	1.01e-06	46.2
WP_027887724.1	MER0017401|S09.071|S09C	34.2	34.9	47.3	117	1.48e-06	45.4
WP_027887724.1	MER0003558|S09.A83|S09C	24.8	46.7	53.8	153	1.66e-06	45.4
WP_027887724.1	MER0031551|S09.A29|S09X	27.5	40.8	48.8	131	5.02e-06	43.9
WP_027887724.1	MER0005994|S09.A03|S09B	22.1	57.3	65.3	204	5.38e-06	43.9
WP_027887724.1	MER0037863|S09.023|S09X	21.0	77.3	83.2	262	6.03e-06	43.9
WP_027887724.1	MER0004504|S09.008|S09B	24.1	63.9	99.2	237	8.47e-06	43.1
WP_027887724.1	MER0048191|S09.A06|S09X	29.0	38.3	46.2	138	1.01e-05	43.1
WP_027887724.1	MER0036114|S33.980|S33	29.7	41.4	40.7	138	1.10e-05	43.1
WP_027887724.1	MER0036063|S33.A06|S33	22.6	73.2	89.4	266	1.40e-05	42.7
WP_027887724.1	MER0011231|S09.069|S09B	24.8	67.0	77.9	226	2.30e-05	42.0
WP_027887724.1	MER0005987|S09.A65|S09B	26.6	47.0	52.3	154	5.48e-05	40.8
WP_027887724.1	MER0033245|S09.062|S09X	22.9	50.8	75.6	170	7.64e-05	40.0
WP_027887724.1	MER0017177|S33.973|S33	28.0	37.4	35.6	125	1.54e-04	39.7
WP_027887741.1	MER0065588|C26.965|C26	37.4	95.0	97.4	195	5.94e-29	103
WP_027887760.1	MER0011583|S09.079|S09D	52.7	38.5	96.4	241	1.21e-81	254
WP_027887760.1	MER0017401|S09.071|S09C	36.0	38.1	99.2	239	1.30e-41	147
WP_027887760.1	MER0000408|S09.004|S09C	35.4	34.6	88.9	226	3.59e-33	124
WP_027887760.1	MER0000263|S09.012|S09C	31.7	34.7	92.1	227	5.20e-28	109
WP_027887760.1	MER0034615|S09.075|S09C	28.1	35.4	92.3	228	7.99e-24	97.8
WP_027887760.1	MER0126485|S09.072|S09X	33.3	34.3	89.4	222	2.91e-21	90.1
WP_027887760.1	MER0005807|S09.070|S09C	28.5	33.3	73.1	214	1.38e-18	83.2
WP_027887760.1	MER0001920|S09.A77|S09C	26.2	36.0	93.1	229	5.16e-18	80.9
WP_027887760.1	MER0018170|S09.057|S09C	25.1	32.5	82.1	207	1.43e-14	70.9
WP_027887760.1	MER0016096|S09.056|S09C	22.9	34.7	92.2	231	1.71e-14	70.5
WP_027887760.1	MER0006027|S09.A66|S09C	23.8	32.6	80.5	210	1.68e-13	67.8
WP_027887760.1	MER0195666|S09.073|S09B	27.4	30.7	79.2	197	3.24e-13	66.6
WP_027887760.1	MER0005196|S09.017|S09B	27.7	30.0	71.2	191	1.23e-12	65.1
WP_027887760.1	MER0192427|S09.A96|S09C	26.2	23.1	53.4	149	4.23e-12	63.9
WP_027887760.1	MER0004921|S09.A75|S09B	31.4	20.3	56.1	137	8.35e-12	62.4
WP_027887760.1	MER0004923|S09.019|S09B	23.7	33.0	71.0	215	8.49e-12	63.2
WP_027887760.1	MER0011413|S09.016|S09B	25.1	33.0	86.2	215	8.58e-12	62.4
WP_027887760.1	MER0004199|S09.A76|S09B	27.1	33.0	89.3	210	1.71e-11	61.2
WP_027887760.1	MER0005994|S09.A03|S09B	24.9	37.3	89.7	249	2.93e-10	58.2
WP_027887760.1	MER0004193|S09.A74|S09B	26.2	33.0	85.7	210	4.01e-10	57.4
WP_027887760.1	MER0004925|S09.021|S09D	23.4	36.9	90.5	248	9.48e-10	56.6
WP_027887760.1	MER0013484|S09.018|S09B	23.5	33.0	86.2	213	1.00e-09	56.2
WP_027887760.1	MER0005987|S09.A65|S09B	25.5	33.1	78.2	220	1.36e-07	50.1
WP_027887760.1	MER0014827|S09.021|S09D	27.1	20.5	45.8	129	2.43e-07	49.3
WP_027887760.1	MER0000403|S09.973|S09X	23.8	33.4	78.8	214	7.86e-06	44.7
WP_027887777.1	MER0005900|M38.002|M38	38.5	91.9	96.9	395	2.31e-76	240
WP_027887783.1	MER1143079|S12.013|S12	25.8	42.8	54.8	159	8.43e-09	52.8
WP_027887783.1	MER0026262|S12.008|S12	22.2	43.9	51.1	180	1.97e-07	48.9
WP_027887783.1	MER0281397|S12.A23|S12	23.2	48.3	98.5	198	2.22e-06	44.7
WP_027887783.1	MER0219770|S12.011|S12	24.5	36.1	44.1	139	4.13e-06	44.7
WP_027887783.1	MER0000463|S12.006|S12	28.3	37.3	37.8	138	2.44e-04	39.3
WP_027887783.1	MER0005964|S12.951|S12	26.7	34.7	35.6	131	3.27e-04	38.9
WP_027887788.1	MER0001945|S01.472|S01C	32.2	41.9	93.7	149	3.38e-20	83.2
WP_027887788.1	MER0000268|S01.480|S01C	32.4	41.9	93.5	145	2.09e-19	80.9
WP_027887788.1	MER0005468|S01.491|S01C	34.0	41.6	93.7	150	3.01e-18	77.8
WP_027887788.1	MER0004093|S01.278|S01C	35.3	39.2	90.8	139	5.09e-18	77.0
WP_027887788.1	MER0003290|S01.482|S01C	32.6	40.4	92.3	144	5.46e-18	77.0
WP_027887788.1	MER0013623|S01.453|S01C	35.8	42.4	94.8	151	3.47e-17	74.7
WP_027887788.1	MER0004673|S01.494|S01C	27.3	75.9	97.4	286	1.14e-16	75.9
WP_027887788.1	MER0004111|S01.442|S01C	30.9	41.9	93.5	149	3.38e-16	72.0
WP_027887788.1	MER0003850|S01.500|S01C	31.0	47.4	94.3	171	4.82e-15	69.3
WP_027887788.1	MER0000266|S01.273|S01C	32.9	41.9	93.6	146	1.12e-14	67.8
WP_027887788.1	MER0004086|S01.B81|S01C	31.3	36.0	80.9	131	1.56e-13	64.7
WP_027887788.1	MER0001372|S01.274|S01C	31.5	41.9	93.6	146	2.59e-13	63.9
WP_027887788.1	MER0002577|S01.277|S01C	32.4	39.2	90.8	139	3.32e-13	63.5
WP_027887788.1	MER0022668|S01.447|S01C	26.7	39.2	85.4	146	2.25e-12	61.6
WP_027887788.1	MER0001373|S01.275|S01C	29.7	39.2	86.1	138	6.07e-12	60.1
WP_027887788.1	MER0028330|S01.329|S01C	30.2	39.2	90.8	139	1.02e-11	59.3
WP_027887788.1	MER0016351|S01.285|S01C	29.8	39.2	90.8	141	1.40e-11	58.9
WP_027887788.1	MER0004149|S01.525|S01C	26.8	41.9	93.9	153	1.69e-11	58.9
WP_027887788.1	MER0003293|S01.477|S01C	29.5	41.9	96.6	149	2.40e-11	58.2
WP_027887788.1	MER0014795|S01.284|S01C	29.0	39.2	91.2	145	3.44e-10	55.1
WP_027887788.1	MER0016031|S01.364|S01C	26.4	39.2	89.2	148	1.33e-09	53.5
WP_027887788.1	MER0011375|S01.476|S01C	28.4	39.2	90.9	141	2.33e-08	49.7
WP_027887788.1	MER0006096|S01.A08|S01C	27.1	29.9	81.7	107	2.93e-04	37.4
WP_027887815.1	MER0000426|S10.A59|S10	29.8	24.3	25.3	124	3.18e-06	46.2
WP_027887815.1	MER0167282|S10.A61|S10	32.3	24.1	25.3	124	5.43e-06	45.4
WP_027887815.1	MER0020180|S10.A62|S10	25.6	24.3	8.0	125	2.32e-05	43.9
WP_027887815.1	MER0005764|S10.A37|S10	29.1	30.3	35.9	158	8.63e-05	41.6
WP_027887815.1	MER0002348|S10.A56|S10	25.5	21.5	21.7	110	1.61e-04	40.8
WP_027887815.1	MER0000430|S10.002|S10	23.5	29.7	31.7	153	6.27e-04	38.9
WP_027887817.1	MER0001297|S41.008|S41A	30.5	38.3	84.6	164	1.40e-13	65.5
WP_027887817.1	MER0001295|S41.001|S41A	28.7	33.3	68.1	143	1.10e-10	57.4
WP_027887817.1	MER0003065|S41.009|S41A	30.3	42.3	95.3	188	1.19e-10	57.0
WP_027887817.1	MER0003413|S41.002|S41A	32.2	32.4	71.2	143	7.60e-10	54.7
WP_027887817.1	MER0015684|S41.A02|S41A	26.7	31.0	67.8	131	6.19e-07	46.2
WP_027887817.1	MER0005714|S41.A01|S41A	39.0	13.9	32.6	59	2.51e-05	41.6
WP_027887817.1	MER0030244|S41.954|S41A	26.5	35.5	70.3	151	1.77e-04	39.3
WP_027887817.1	MER0030235|S41.950|S41A	25.8	35.5	74.5	151	2.90e-04	38.5
WP_027887819.1	MER0004419|M03.A08|M03B	37.6	39.6	99.2	237	1.31e-43	152
WP_027887819.1	MER0001163|M03.007|M03B	28.0	47.5	99.6	286	3.21e-19	85.1
WP_027887837.1	MER0016697|S08.110|S08A	32.1	46.6	84.3	315	1.60e-22	96.3
WP_027887837.1	MER0000333|S08.007|S08A	30.5	48.3	88.9	318	4.00e-22	93.6
WP_027887837.1	MER0000309|S08.001|S08A	35.7	35.1	71.9	227	4.23e-22	93.6
WP_027887837.1	MER0000310|S08.037|S08A	35.2	35.1	71.9	227	7.74e-22	92.8
WP_027887837.1	MER0000315|S08.038|S08A	35.1	34.6	70.6	225	1.75e-21	91.7
WP_027887837.1	MER0001906|S08.003|S08A	34.7	34.6	70.6	225	7.93e-21	89.7
WP_027887837.1	MER0000332|S08.009|S08A	30.6	44.1	77.5	284	1.50e-20	89.0
WP_027887837.1	MER0000319|S08.126|S08A	32.9	34.5	68.9	222	3.21e-20	88.2
WP_027887837.1	MER0001520|S08.010|S08A	34.2	34.6	70.6	225	4.86e-20	87.4
WP_027887837.1	MER0000312|S08.042|S08A	34.5	34.6	70.5	226	5.39e-20	87.4
WP_027887837.1	MER0001523|S08.035|S08A	34.5	34.6	70.5	226	5.39e-20	87.4
WP_027887837.1	MER0006023|S08.107|S08A	31.1	56.4	97.6	379	7.16e-20	88.2
WP_027887837.1	MER0000313|S08.036|S08A	34.5	34.6	70.5	226	7.28e-20	87.0
WP_027887837.1	MER0001521|S08.044|S08A	34.5	34.6	70.5	226	9.84e-20	86.7
WP_027887837.1	MER0001755|S08.002|S08A	34.1	34.6	70.5	226	1.80e-19	85.9
WP_027887837.1	MER0077555|S08.028|S08A	38.2	33.9	69.3	220	2.39e-19	85.5
WP_027887837.1	MER0000311|S08.034|S08A	35.0	34.6	70.5	226	1.09e-18	83.6
WP_027887837.1	MER0000316|S08.157|S08A	33.3	34.6	70.9	225	3.24e-18	82.0
WP_027887837.1	MER0000361|S08.023|S08A	29.3	54.5	99.4	365	4.64e-18	82.8
WP_027887837.1	MER0001928|S08.098|S08A	36.3	34.6	70.6	223	6.00e-18	81.3
WP_027887837.1	MER0002575|S08.102|S08A	30.1	47.4	84.6	306	1.28e-17	80.5
WP_027887837.1	MER0016978|S08.021|S08A	28.4	53.1	95.3	356	1.58e-17	80.9
WP_027887837.1	MER0042897|S08.133|S08A	34.1	33.9	68.3	220	2.29e-17	79.7
WP_027887837.1	MER0005931|S08.005|S08A	33.5	34.6	79.8	224	4.32e-17	78.2
WP_027887837.1	MER0001725|S08.105|S08A	27.0	56.8	98.1	382	5.35e-17	79.3
WP_027887901.1	MER0004698|M50.A05|M50B	31.9	86.5	86.8	191	4.17e-20	81.6
WP_027887902.1	MER0004698|M50.A05|M50B	43.1	85.7	81.7	188	4.67e-36	123
WP_027887902.1	MER0019119|M50.A07|M50B	28.8	58.5	60.6	132	3.92e-06	42.7
WP_027887952.1	MER0492485|S85.001|S85	32.5	92.7	94.6	166	1.06e-26	96.7
WP_027888049.1	MER0004466|M50.006|M50B	40.9	30.3	15.7	44	9.03e-06	40.8
WP_027888067.1	MER0025070|M23.010|M23B	39.3	49.3	97.5	117	5.57e-18	73.9
WP_027888067.1	MER0388771|M23.A06|M23B	38.9	47.6	97.4	113	5.28e-17	71.2
WP_027888067.1	MER0069741|M23.009|M23B	31.6	59.9	71.5	136	3.18e-10	54.3
WP_027888097.1	MER0001287|M29.002|M29	30.1	92.4	91.2	376	3.10e-28	110
WP_027888097.1	MER0001285|M29.001|M29	28.8	98.9	97.8	400	1.84e-26	105
WP_027888097.1	MER0005731|M29.004|M29	25.7	93.6	92.2	385	3.41e-18	82.0
WP_027888097.1	MER0014416|M29.005|M29	20.9	92.4	91.3	378	9.59e-16	74.7
WP_027888206.1	MER0038758|M20.022|M20A	76.9	98.6	98.3	350	1.29e-198	547
WP_027888206.1	MER0003369|M20.A08|M20A	31.9	41.7	54.4	160	1.73e-13	67.0
WP_027888206.1	MER0025046|M20.975|M20A	32.0	28.2	39.0	100	4.07e-12	62.4
WP_027888206.1	MER0017385|M20.A24|M20A	18.5	60.3	85.5	222	7.01e-08	49.7
WP_027888206.1	MER0001266|M20.001|M20A	29.1	45.1	45.3	179	2.27e-07	48.9
WP_027888206.1	MER0028025|M20.016|M20A	30.0	42.5	64.1	170	7.66e-07	46.6
WP_027888206.1	MER0015142|M20.006|M20F	27.9	39.7	33.1	172	2.40e-05	42.7
WP_027888206.1	MER0369972|M20.A25|M20A	26.9	33.5	30.2	134	1.61e-04	40.0
WP_027888206.1	MER0001361|M20.004|M20A	25.3	48.2	37.9	186	1.66e-04	40.0
WP_027888232.1	MER0004090|S12.A03|S12	32.4	79.9	80.8	318	1.93e-27	107
WP_027888232.1	MER0003800|S12.952|S12	29.4	91.9	88.0	360	1.21e-26	105
WP_027888232.1	MER0035017|S12.A26|S12	27.7	89.2	92.7	375	7.34e-21	89.4
WP_027888232.1	MER0354941|S12.A22|S12	30.9	41.6	75.6	149	6.62e-15	69.3
WP_027888232.1	MER1143079|S12.013|S12	26.9	76.0	86.2	264	5.39e-14	68.2
WP_027888232.1	MER0002489|S12.003|S12	30.2	39.5	39.9	139	6.80e-13	65.5
WP_027888232.1	MER0026262|S12.008|S12	25.6	48.8	49.4	180	1.25e-12	64.7
WP_027888232.1	MER0219770|S12.011|S12	26.3	45.5	49.8	156	1.13e-10	58.5
WP_027888232.1	MER0000459|S12.001|S12	24.4	83.2	82.8	311	1.79e-10	58.2
WP_027888232.1	MER0004154|S12.012|S12	27.7	49.7	51.9	184	7.63e-09	53.1
WP_027888232.1	MER0005836|S12.A12|S12	43.1	15.0	19.4	51	9.17e-08	49.3
WP_027888232.1	MER0005925|S12.A13|S12	24.4	46.4	47.7	172	7.50e-06	43.9
WP_027888232.1	MER0140154|S12.A27|S12	22.0	53.0	57.2	200	1.74e-05	42.7
WP_027888235.1	MER0390687|M16.A15|M16B	24.2	38.0	94.6	157	3.69e-10	55.5
WP_027888235.1	MER0015259|M16.017|M16A	25.7	32.9	60.8	136	1.37e-05	42.7
WP_027888235.1	MER0001222|M16.001|M16A	29.5	29.5	58.4	122	2.42e-05	42.0
WP_027888235.1	MER0011744|M16.A02|M16A	24.3	32.9	60.8	136	1.44e-04	39.7
WP_027888236.1	MER0003448|M16.016|M16B	37.6	51.5	93.4	213	4.02e-44	150
WP_027888236.1	MER0390687|M16.A15|M16B	40.2	39.6	98.8	164	1.01e-36	129
WP_027888236.1	MER0001229|M16.003|M16B	34.8	50.0	95.8	207	5.68e-36	128
WP_027888236.1	MER0043985|M16.980|M16B	34.8	50.0	88.1	207	9.34e-36	128
WP_027888236.1	MER0003543|M16.973|M16B	32.9	52.2	95.1	216	1.47e-30	114
WP_027888236.1	MER0015090|M16.975|M16B	32.9	52.2	95.1	216	3.93e-30	113
WP_027888236.1	MER0026957|M16.977|M16B	35.4	38.8	73.9	161	2.10e-26	102
WP_027888236.1	MER0004423|M16.A20|M16B	30.8	41.7	74.7	172	1.09e-17	78.6
WP_027888236.1	MER0195774|M16.019|M16B	29.9	42.5	100	177	5.04e-17	75.5
WP_027888236.1	MER0169735|M16.021|M16A	28.4	40.8	84.5	176	1.30e-13	66.2
WP_027888236.1	MER0001233|M16.A05|M16B	26.1	50.0	89.2	222	2.69e-12	63.2
WP_027888236.1	MER0122186|M16.A14|M16A	28.6	44.4	92.0	189	1.69e-11	60.1
WP_027888236.1	MER0092828|M16.015|M16B	27.8	37.9	98.7	158	4.28e-10	55.1
WP_027888236.1	MER0001214|M16.002|M16A	29.7	40.3	86.5	172	7.69e-10	55.1
WP_027888236.1	MER0001413|M16.971|M16B	28.2	29.6	82.0	124	4.37e-09	52.0
WP_027888236.1	MER0003386|M16.020|M16A	33.3	20.9	41.0	87	8.25e-09	52.4
WP_027888236.1	MER0170820|M16.022|M16A	34.6	24.8	49.0	104	9.60e-09	52.0
WP_027888236.1	MER0003823|M16.A09|M16A	26.5	40.8	80.2	170	1.50e-08	51.6
WP_027888236.1	MER0011096|M16.A01|M16A	33.3	20.9	41.0	87	2.73e-08	50.8
WP_027888236.1	MER0015259|M16.017|M16A	31.0	20.9	41.0	87	6.67e-08	49.7
WP_027888236.1	MER0001222|M16.001|M16A	23.3	35.0	69.9	146	8.69e-08	49.3
WP_027888236.1	MER0001218|M16.008|M16A	29.9	20.9	41.0	87	1.63e-07	48.5
WP_027888236.1	MER0002423|M16.A11|M16A	34.8	21.1	41.5	89	1.63e-07	48.5
WP_027888236.1	MER0011292|M16.A07|M16A	31.7	23.5	42.2	101	2.64e-07	48.1
WP_027888236.1	MER0011192|M16.A06|M16A	30.4	21.8	56.1	92	2.95e-07	47.0
WP_027888249.1	MER0017194|S54.027|S54	44.0	93.4	94.1	209	1.58e-50	160
WP_027888249.1	MER0047975|S54.022|S54	29.8	75.5	64.1	168	1.07e-10	56.2
WP_027888249.1	MER0015472|S54.007|S54	26.8	71.7	74.1	157	3.97e-10	54.3
WP_027888249.1	MER0094384|S54.A16|S54	32.2	68.9	68.2	149	1.34e-09	52.8
WP_027888249.1	MER0026215|S54.017|S54	31.1	67.5	61.6	148	1.56e-09	52.8
WP_027888249.1	MER0047977|S54.023|S54	26.8	67.5	61.6	149	5.55e-09	51.2
WP_027888249.1	MER0003940|S54.025|S54	24.7	72.2	77.6	166	6.40e-09	50.8
WP_027888249.1	MER0015631|S54.A01|S54	35.4	38.7	34.9	82	8.36e-09	50.8
WP_027888249.1	MER0015633|S54.A04|S54	33.8	36.3	32.7	77	1.09e-08	50.4
WP_027888249.1	MER0048181|S54.A07|S54	32.2	61.3	100	146	2.68e-08	48.1
WP_027888249.1	MER0015460|S54.A05|S54	36.4	36.3	26.0	77	4.97e-08	48.9
WP_027888249.1	MER0015667|S54.A03|S54	30.0	64.6	56.2	140	6.87e-08	48.1
WP_027888249.1	MER0015468|S54.016|S54	33.3	37.7	41.3	81	8.87e-08	47.4
WP_027888249.1	MER0015630|S54.015|S54	35.1	34.9	31.4	74	4.28e-07	45.8
WP_027888249.1	MER0015452|S54.010|S54	31.8	59.9	47.2	132	6.92e-07	45.4
WP_027888249.1	MER0047974|S54.020|S54	32.4	65.6	90.3	139	1.68e-06	43.1
WP_027888249.1	MER0015465|S54.024|S54	36.5	34.9	37.8	74	2.68e-06	43.1
WP_027888249.1	MER0026180|S54.A09|S54	30.4	37.3	52.8	79	3.14e-06	42.4
WP_027888249.1	MER0047976|S54.021|S54	26.2	66.0	72.1	145	4.85e-06	42.4
WP_027888249.1	MER0015453|S54.002|S54	30.7	63.7	58.4	150	6.69e-06	42.4
WP_027888249.1	MER0017405|S54.A19|S54	24.5	67.0	67.9	143	1.25e-05	41.2
WP_027888249.1	MER0015686|S54.A02|S54	31.0	33.5	30.2	71	3.89e-05	40.0
WP_027888249.1	MER0015470|S54.A11|S54	27.2	38.2	45.9	81	4.18e-04	36.6
WP_027888269.1	MER0437468|C26.A36|C26	39.4	62.4	99.7	355	8.12e-75	238
WP_027888269.1	MER0065554|C26.964|C26	42.6	45.5	93.3	258	3.73e-67	215
WP_027888269.1	MER0436717|C26.A29|C26	34.3	62.4	99.5	402	3.54e-60	201
WP_027888269.1	MER0031278|C26.961|C26	28.3	29.9	55.5	166	2.01e-05	43.1
WP_027888271.1	MER0094876|T03.025|T03	34.0	94.0	97.9	515	8.14e-68	224
WP_027888271.1	MER0001978|T03.001|T03	27.9	96.4	95.7	552	3.43e-48	172
WP_027888271.1	MER0011811|T03.A03|T03	29.8	84.7	82.4	484	3.37e-42	155
WP_027888271.1	MER0011800|T03.A01|T03	27.7	84.9	80.2	484	4.09e-42	155
WP_027888271.1	MER0003580|T03.011|T03	27.2	99.2	98.6	551	7.55e-42	154
WP_027888271.1	MER0004202|T03.013|T03	29.5	91.7	93.4	498	3.09e-41	152
WP_027888271.1	MER0016970|T03.017|T03	29.4	89.8	90.1	510	2.89e-40	150
WP_027888271.1	MER0006132|T03.014|T03	27.4	96.4	96.2	614	1.13e-38	146
WP_027888271.1	MER0001629|T03.006|T03	27.7	96.8	95.8	542	2.60e-36	139
WP_027888271.1	MER0002720|T03.023|T03	26.5	78.8	81.2	423	2.03e-30	120
WP_027888271.1	MER0001977|T03.002|T03	27.3	88.7	89.0	516	9.24e-27	110
WP_027888271.1	MER0011215|T03.A04|T03	27.3	89.4	98.4	510	1.63e-25	106
WP_027888271.1	MER0006124|T03.A05|T03	26.0	92.2	92.2	539	1.27e-24	104
WP_027888271.1	MER0011143|T03.005|T03	24.6	89.4	88.1	516	2.97e-22	97.1
WP_027888271.1	MER0026204|T03.018|T03	30.8	39.3	88.1	208	4.68e-19	83.2
WP_027888271.1	MER0005831|T03.A06|T03	22.8	86.6	86.4	500	4.84e-18	84.0
WP_027888271.1	MER0005029|T03.009|T03	22.3	86.0	91.5	497	3.00e-15	75.1
WP_027888271.1	MER0004194|T03.A07|T03	27.0	53.5	55.3	300	8.21e-13	67.4
WP_027888271.1	MER0159283|T03.024|T03	30.1	25.5	35.8	136	5.38e-10	57.8
WP_027888271.1	MER0016605|T03.022|T03	31.6	21.9	28.0	117	1.76e-07	50.1
WP_027888271.1	MER0037241|T03.971|T03	29.4	23.3	51.8	126	8.72e-07	47.0
WP_027888271.1	MER0003440|T03.A08|T03	23.6	42.3	49.6	229	7.64e-06	45.1
WP_027888271.1	MER0002718|T03.008|T03	24.9	30.4	89.0	181	2.85e-05	42.0
WP_027888291.1	MER0037714|M38.981|M38	35.7	58.9	99.6	258	5.00e-44	151
WP_027888330.1	MER0015197|M41.013|M41	83.3	37.3	90.0	233	2.60e-130	380
WP_027888330.1	MER0002602|M41.009|M41	48.3	36.3	86.9	232	4.64e-61	201
WP_027888330.1	MER0005466|M41.021|M41	44.0	36.6	97.5	234	2.32e-57	190
WP_027888330.1	MER0011224|M41.A09|M41	39.6	36.0	81.1	227	2.56e-49	170
WP_027888330.1	MER0002605|M41.003|M41	40.4	35.5	82.6	223	3.67e-48	166
WP_027888330.1	MER0023544|M41.A10|M41	40.4	36.0	81.1	225	4.74e-47	164
WP_027888330.1	MER0001620|M41.001|M41	41.3	34.9	79.2	225	5.89e-47	164
WP_027888330.1	MER0005755|M41.026|M41	39.1	37.1	99.1	235	3.18e-46	160
WP_027888330.1	MER0005496|M41.007|M41	39.2	36.0	82.9	227	5.43e-46	160
WP_027888330.1	MER0015194|M41.A14|M41	38.3	35.2	82.3	227	1.72e-44	156
WP_027888330.1	MER0056525|M41.A17|M41	40.7	36.0	88.8	226	5.93e-44	154
WP_027888330.1	MER0014324|M41.018|M41	41.8	37.0	94.6	239	2.14e-43	152
WP_027888330.1	MER0015199|M41.015|M41	42.0	35.2	80.3	224	2.41e-43	154
WP_027888330.1	MER0017637|M41.024|M41	40.4	36.8	98.0	240	3.50e-43	152
WP_027888330.1	MER0002563|M41.020|M41	40.4	36.8	98.0	240	4.83e-43	152
WP_027888330.1	MER0190577|M41.A16|M41	37.7	36.0	88.5	228	8.96e-43	151
WP_027888330.1	MER0171760|M41.A12|M41	37.1	38.2	89.0	240	1.06e-41	149
WP_027888330.1	MER0002408|M41.017|M41	39.7	36.0	93.1	232	2.37e-41	147
WP_027888330.1	MER0015609|M41.023|M41	36.7	36.0	81.3	226	9.00e-41	146
WP_027888330.1	MER0015195|M41.A15|M41	36.7	35.2	79.3	221	1.85e-40	145
WP_027888330.1	MER0002608|M41.A11|M41	39.0	37.0	87.3	236	4.02e-40	144
WP_027888330.1	MER0002600|M41.002|M41	36.3	36.0	87.1	226	1.45e-39	142
WP_027888330.1	MER0011748|M41.022|M41	36.1	36.0	81.4	227	2.32e-39	142
WP_027888330.1	MER0024898|M41.A13|M41	36.1	36.0	81.8	227	7.86e-38	138
WP_027888330.1	MER0002197|M41.004|M41	36.2	37.0	86.5	235	3.61e-37	136
WP_027888344.1	MER0004466|M50.006|M50B	31.1	51.0	26.4	74	1.91e-08	48.5
WP_027888448.1	MER0005767|M38.972|M38	33.6	70.3	91.1	324	4.59e-32	121
WP_027888448.1	MER0030136|M38.978|M38	28.3	83.9	99.2	400	1.27e-26	107
WP_027888448.1	MER0030155|M38.975|M38	26.8	84.6	100	400	5.76e-24	100
WP_027888448.1	MER0030151|M38.976|M38	25.9	84.6	100	402	3.54e-23	97.8
WP_027888448.1	MER0030143|M38.974|M38	25.6	84.6	100	399	6.48e-23	97.1
WP_027888448.1	MER0030149|M38.977|M38	26.0	84.6	100	404	6.48e-23	97.1
WP_027888448.1	MER0004801|M38.982|M38	26.3	35.9	44.7	167	3.63e-04	39.3
WP_027888477.1	MER0011830|T05.002|T05	40.6	53.7	100	219	1.40e-44	150
WP_027888477.1	MER0011829|T05.001|T05	35.1	53.7	99.1	225	2.35e-33	121
WP_027888483.1	MER0004466|M50.006|M50B	36.4	65.9	86.8	247	6.71e-45	153
WP_027888483.1	MER0002454|M50.002|M50B	32.4	45.1	58.0	170	2.15e-11	60.8
WP_027888483.1	MER0017395|M50.010|M50B	27.3	38.4	53.9	150	6.56e-07	47.0
WP_027888483.1	MER0004698|M50.A05|M50B	30.2	33.1	69.4	159	5.29e-06	43.9
WP_027888564.1	MER0000268|S01.480|S01C	35.0	46.0	100	163	3.53e-26	99.4
WP_027888564.1	MER0001372|S01.274|S01C	35.4	46.0	100	164	1.95e-24	94.7
WP_027888564.1	MER0003290|S01.482|S01C	38.0	44.0	97.4	158	5.21e-24	93.6
WP_027888564.1	MER0001945|S01.472|S01C	34.8	46.0	100	164	1.07e-22	90.1
WP_027888564.1	MER0004673|S01.494|S01C	30.6	77.8	97.4	294	1.68e-22	92.4
WP_027888564.1	MER0004111|S01.442|S01C	35.0	46.0	100	163	1.86e-22	89.4
WP_027888564.1	MER0005468|S01.491|S01C	32.3	46.0	100	164	9.90e-21	84.7
WP_027888564.1	MER0004093|S01.278|S01C	37.4	46.0	100	163	6.09e-20	82.4
WP_027888564.1	MER0000266|S01.273|S01C	33.6	43.2	92.3	152	6.55e-20	82.4
WP_027888564.1	MER0013623|S01.453|S01C	35.0	46.0	100	163	8.41e-20	82.0
WP_027888564.1	MER0004086|S01.B81|S01C	33.1	43.2	92.0	154	1.37e-18	79.0
WP_027888564.1	MER0028330|S01.329|S01C	33.7	46.0	100	163	2.89e-18	77.8
WP_027888564.1	MER0002577|S01.277|S01C	34.4	46.0	100	163	3.98e-18	77.4
WP_027888564.1	MER0016351|S01.285|S01C	34.5	46.0	100	165	3.98e-18	77.4
WP_027888564.1	MER0016031|S01.364|S01C	31.0	46.0	100	168	1.40e-17	76.3
WP_027888564.1	MER0011375|S01.476|S01C	35.2	46.0	100	165	1.46e-17	75.9
WP_027888564.1	MER0003850|S01.500|S01C	28.5	48.6	92.6	172	1.60e-16	73.6
WP_027888564.1	MER0005093|S01.441|S01C	32.7	41.8	92.8	162	1.77e-16	73.2
WP_027888564.1	MER0014795|S01.284|S01C	33.1	46.0	100	169	1.02e-15	70.9
WP_027888564.1	MER0010944|S01.474|S01C	29.9	46.0	100	177	1.80e-15	70.5
WP_027888564.1	MER0022668|S01.447|S01C	28.2	46.0	100	174	2.46e-15	70.1
WP_027888564.1	MER0004149|S01.525|S01C	31.8	43.2	89.6	154	3.90e-15	69.3
WP_027888564.1	MER0004696|S01.513|S01C	34.3	40.6	100	143	1.34e-13	64.3
WP_027888564.1	MER0006096|S01.A08|S01C	33.3	34.1	87.8	120	1.57e-13	63.9
WP_027888564.1	MER0003293|S01.477|S01C	29.8	42.9	95.3	151	1.11e-12	62.0
WP_027888569.1	MER0047718|S08.139|S08A	34.1	43.6	87.3	387	1.24e-47	170
WP_027888569.1	MER0000321|S08.114|S08A	36.1	25.5	63.4	233	6.51e-30	119
WP_027888569.1	MER0000309|S08.001|S08A	38.6	23.0	66.4	202	2.10e-26	106
WP_027888569.1	MER0000310|S08.037|S08A	38.6	23.0	66.4	202	5.92e-25	102
WP_027888569.1	MER0000311|S08.034|S08A	39.9	20.9	61.1	183	3.73e-24	100
WP_027888569.1	MER0030016|S08.117|S08A	38.9	20.3	62.1	180	5.92e-23	96.7
WP_027888569.1	MER0068994|S08.142|S08A	26.8	52.6	98.2	485	8.49e-23	98.6
WP_027888569.1	MER0000332|S08.009|S08A	34.9	19.7	57.2	172	4.38e-22	94.0
WP_027888569.1	MER0000313|S08.036|S08A	35.4	23.6	68.4	206	7.15e-21	90.5
WP_027888569.1	MER0001521|S08.044|S08A	35.4	23.6	68.4	206	7.15e-21	90.5
WP_027888569.1	MER0000312|S08.042|S08A	35.0	23.6	68.4	206	1.77e-20	89.4
WP_027888569.1	MER0001523|S08.035|S08A	35.0	23.6	68.4	206	1.77e-20	89.4
WP_027888569.1	MER0000315|S08.038|S08A	39.8	19.1	55.0	166	2.90e-20	88.6
WP_027888569.1	MER0001520|S08.010|S08A	39.8	19.1	55.0	166	2.90e-20	88.6
WP_027888569.1	MER0001906|S08.003|S08A	39.8	19.1	55.0	166	2.90e-20	88.6
WP_027888569.1	MER0001755|S08.002|S08A	37.2	20.9	61.1	183	3.23e-20	88.6
WP_027888569.1	MER0019280|S08.135|S08A	24.8	51.2	95.1	451	1.76e-19	87.0
WP_027888569.1	MER0000333|S08.007|S08A	35.1	19.9	57.9	174	4.52e-19	85.1
WP_027888569.1	MER0000320|S08.030|S08A	36.1	17.7	50.3	155	6.01e-19	85.1
WP_027888569.1	MER0000326|S08.050|S08A	39.3	17.1	42.3	150	6.25e-19	85.5
WP_027888569.1	MER0002500|S08.118|S08A	25.0	58.8	97.8	536	1.40e-18	85.9
WP_027888569.1	MER0004085|S08.113|S08A	33.0	20.5	51.9	185	9.28e-18	82.4
WP_027888569.1	MER0014744|S08.016|S08A	35.3	20.5	51.0	184	9.51e-18	82.4
WP_027888569.1	MER0114485|S08.138|S08A	24.6	52.2	99.5	501	1.56e-17	82.4
WP_027888569.1	MER0000316|S08.157|S08A	37.3	19.1	55.2	166	2.14e-17	80.1
WP_027888572.1	MER0058228|S09.009|S09B	33.6	48.3	52.5	140	9.45e-11	57.4
WP_027888572.1	MER0030932|S09.B06|S09X	27.9	50.9	48.2	136	1.50e-09	53.9
WP_027888572.1	MER0005196|S09.017|S09B	29.0	47.9	50.0	138	3.83e-09	52.8
WP_027888572.1	MER0001423|S09.013|S09B	27.3	45.3	44.0	121	1.34e-06	45.1
WP_027888572.1	MER0017401|S09.071|S09C	28.9	41.9	42.7	114	6.11e-06	43.1
WP_027888572.1	MER0034615|S09.075|S09C	28.3	38.1	37.8	106	2.75e-05	41.2
WP_027888572.1	MER0013484|S09.018|S09B	26.3	46.4	51.5	133	6.42e-05	40.0
WP_027888572.1	MER0192427|S09.A96|S09C	25.0	48.3	43.0	132	1.77e-04	38.9
WP_027888572.1	MER0026339|S33.992|S33	32.8	23.0	22.8	61	4.09e-04	37.7
WP_027888612.1	MER0036114|S33.980|S33	35.0	93.1	87.0	263	3.28e-48	159
WP_027888612.1	MER0031618|S33.979|S33	35.1	93.1	91.6	268	2.27e-40	138
WP_027888612.1	MER0036050|S33.A17|S33	32.8	84.4	74.5	241	5.45e-32	117
WP_027888612.1	MER0036052|S33.A11|S33	31.1	90.2	79.4	257	5.48e-31	114
WP_027888612.1	MER0036062|S33.A07|S33	27.5	86.2	88.8	247	1.98e-25	99.0
WP_027888612.1	MER0036049|S33.A05|S33	29.6	86.2	90.1	253	3.56e-25	98.2
WP_027888612.1	MER0045883|S33.993|S33	28.8	89.1	86.3	267	4.42e-25	98.6
WP_027888612.1	MER0036060|S33.A08|S33	27.8	88.4	83.6	255	2.19e-24	96.7
WP_027888612.1	MER0036047|S33.A20|S33	26.7	90.2	90.8	258	5.86e-24	95.1
WP_027888612.1	MER0044580|S33.A39|S33	29.4	86.2	75.6	248	2.16e-23	94.4
WP_027888612.1	MER0036063|S33.A06|S33	27.9	90.2	90.8	258	4.16e-23	92.8
WP_027888612.1	MER0036048|S33.A13|S33	28.1	90.6	91.9	260	7.85e-23	92.0
WP_027888612.1	MER0036081|S33.A31|S33	24.7	90.2	92.8	259	7.17e-22	89.4
WP_027888612.1	MER0036070|S33.A37|S33	28.0	89.5	86.0	261	2.34e-16	74.3
WP_027888612.1	MER0044847|S33.A24|S33	28.5	90.9	87.3	277	4.61e-16	73.6
WP_027888612.1	MER0044641|S33.A25|S33	27.2	90.9	87.2	272	2.15e-15	71.6
WP_027888612.1	MER0017248|S09.A36|S09X	22.1	87.7	72.6	253	5.53e-07	46.6
WP_027888612.1	MER0033244|S09.061|S09C	26.4	89.1	87.7	265	7.03e-06	43.1
WP_027888618.1	MER0003798|M20.A21|M20A	28.5	81.4	78.3	340	5.12e-28	111
WP_027888618.1	MER0001272|M20.010|M20A	39.7	33.8	48.9	136	1.02e-12	64.7
WP_027888618.1	MER0001273|M20.974|M20A	38.4	30.5	44.6	125	1.41e-12	64.3
WP_027888618.1	MER0003775|M20.A19|M20A	26.6	44.8	60.5	184	6.47e-10	56.6
WP_027888618.1	MER0026485|M20.A15|M20F	28.8	32.7	41.6	139	9.28e-07	47.0
WP_027888618.1	MER0015142|M20.006|M20F	29.0	43.8	30.3	176	1.33e-06	47.0
WP_027888618.1	MER0038758|M20.022|M20A	23.7	87.7	89.6	367	1.41e-06	46.6
WP_027888618.1	MER0026494|M20.005|M20F	36.6	20.7	17.3	82	6.53e-05	41.6
WP_027888618.1	MER0057434|M20.013|M20F	32.9	20.7	27.3	82	4.77e-04	38.5
WP_027888644.1	MER0001244|M24.004|M24B	24.6	63.4	95.0	252	1.34e-06	45.8
WP_027888644.1	MER0004931|M24.008|M24B	28.7	35.1	54.1	129	8.55e-06	43.1
WP_027888703.1	MER0011781|C44.A02|C44	41.6	51.6	100	243	5.12e-52	172
WP_027888703.1	MER0011806|C44.A03|C44	41.6	51.6	100	243	1.01e-51	172
WP_027888703.1	MER0004101|C44.A01|C44	41.9	50.8	99.2	241	1.20e-48	164
WP_027888703.1	MER0003314|C44.001|C44	37.5	50.1	97.0	261	7.76e-47	160
WP_027888703.1	MER0185695|C44.A08|C44	31.5	48.8	98.6	235	3.85e-18	80.1
WP_027888710.1	MER0155239|M78.002|M78	49.0	40.7	97.0	98	2.69e-26	95.5
WP_027888766.1	MER0897124|M50.A11|M50A	28.4	98.8	99.5	423	6.42e-38	137
WP_027888766.1	MER0004468|M50.011|M50B	25.5	98.8	99.5	427	1.68e-35	130
WP_027888766.1	MER0004469|M50.005|M50B	28.9	95.5	94.1	384	2.32e-26	105
WP_027888766.1	MER0004471|M50.A10|M50B	27.1	99.1	75.3	351	1.37e-24	99.8
WP_027888766.1	MER0004474|M50.003|M50B	25.1	97.0	74.7	334	7.64e-23	94.7
WP_027888766.1	MER0004480|M50.004|M50B	26.0	84.3	97.8	327	1.21e-17	79.3
WP_027888766.1	MER0004698|M50.A05|M50B	37.3	17.2	23.3	59	8.85e-04	37.0
WP_027888813.1	MER0026469|M20.976|M20X	30.5	91.3	95.2	387	1.13e-44	156
WP_027888813.1	MER0026472|M20.A07|M20X	33.9	40.8	57.0	171	2.80e-22	93.2
WP_027888818.1	MER0015112|M38.973|M38	39.6	85.4	100	399	7.12e-101	304
WP_027888818.1	MER0030151|M38.976|M38	37.5	85.4	100	395	1.58e-95	290
WP_027888818.1	MER0030136|M38.978|M38	38.5	85.4	100	395	7.86e-93	283
WP_027888818.1	MER0030143|M38.974|M38	36.5	85.4	100	395	2.47e-91	280
WP_027888818.1	MER0030155|M38.975|M38	36.2	85.4	100	395	4.32e-89	274
WP_027888818.1	MER0030149|M38.977|M38	36.2	85.4	100	395	6.10e-89	273
WP_027888822.1	MER0000485|S16.001|S16	54.6	30.3	96.8	240	4.80e-78	249
WP_027888822.1	MER0014970|S16.006|S16	39.3	29.1	92.9	275	1.23e-52	182
WP_027888822.1	MER0000495|S16.002|S16	41.1	29.3	94.1	241	4.89e-52	179
WP_027888822.1	MER0003442|S16.011|S16	46.5	25.1	88.6	202	1.50e-51	176
WP_027888822.1	MER0000488|S16.004|S16	40.7	29.5	99.1	236	3.50e-51	176
WP_027888822.1	MER0003443|S16.003|S16	46.8	24.6	89.4	205	3.29e-49	170
WP_027888822.1	MER0004236|S16.009|S16	49.1	22.1	65.8	175	4.98e-49	171
WP_027888822.1	MER0011056|S16.A03|S16	44.6	25.1	89.8	202	2.65e-47	164
WP_027888822.1	MER0011057|S16.A02|S16	43.6	25.1	89.8	202	9.38e-47	163
WP_027888822.1	MER0005837|S16.A06|S16	35.4	30.3	98.4	260	4.96e-39	142
WP_027888822.1	MER0000496|S16.010|S16	42.0	23.7	61.9	193	6.93e-38	140
WP_027888822.1	MER0108906|S16.A13|S16	36.2	29.0	97.8	232	4.30e-36	133
WP_027888822.1	MER0017402|S16.A11|S16	37.2	22.4	80.0	183	1.37e-24	99.8
WP_027888822.1	MER0003859|S16.005|S16	34.4	22.6	72.8	186	7.57e-22	92.4
WP_027888822.1	MER0026213|S16.A14|S16	33.3	18.5	55.6	147	8.74e-21	89.7
WP_027888822.1	MER0003359|S16.008|S16	29.2	25.5	87.6	212	6.74e-14	68.9
WP_027888822.1	MER0017403|S16.A12|S16	33.3	19.5	63.0	159	7.45e-11	60.1
WP_027888822.1	MER0041647|S16.007|S16	36.4	12.0	42.4	107	7.06e-08	51.2
WP_027888822.1	MER0000491|S16.A09|S16	26.3	12.5	48.7	99	6.17e-06	44.7
WP_027888825.1	MER0034541|I39.008|I39	24.0	92.4	99.0	1499	3.08e-41	163
WP_027888825.1	MER0018471|I39.005|I39	20.8	58.2	67.3	1008	1.48e-17	85.9
WP_027888825.1	MER0018468|I39.001|I39	22.7	19.6	22.3	326	3.29e-13	71.6
WP_027888825.1	MER0018486|I39.003|I39	19.8	55.9	63.9	977	7.40e-13	70.5
WP_027888825.1	MER0018473|I39.002|I39	28.9	9.5	9.7	142	8.39e-12	67.0
WP_027888825.1	MER0023883|I39.004|I39	20.9	55.9	74.8	982	7.05e-11	63.9
WP_027888836.1	MER0001186|M32.001|M32	62.0	99.8	99.8	510	1.71e-225	627
WP_027888836.1	MER0002064|M32.006|M32	40.3	94.6	99.8	477	5.52e-126	373
WP_027888836.1	MER0017390|M32.002|M32	36.1	98.0	99.0	502	6.49e-103	314
WP_027888836.1	MER0069021|M32.003|M32	37.2	93.8	95.6	479	3.34e-100	307
WP_027888836.1	MER0069024|M32.004|M32	35.2	93.8	95.6	480	2.16e-94	292
WP_027888836.1	MER0015184|M32.005|M32	35.0	99.0	99.8	506	2.13e-92	287
WP_027888915.1	MER0000313|S08.036|S08A	37.9	56.1	90.5	261	2.73e-41	145
WP_027888915.1	MER0001521|S08.044|S08A	37.9	56.1	90.5	261	5.30e-41	144
WP_027888915.1	MER0001755|S08.002|S08A	37.5	56.1	90.5	261	1.44e-40	143
WP_027888915.1	MER0000312|S08.042|S08A	37.2	56.1	90.5	261	2.79e-40	142
WP_027888915.1	MER0001523|S08.035|S08A	37.2	56.1	90.5	261	2.79e-40	142
WP_027888915.1	MER0000311|S08.034|S08A	35.7	55.5	89.5	258	4.03e-37	134
WP_027888915.1	MER0001906|S08.003|S08A	39.3	56.8	91.4	262	2.50e-35	129
WP_027888915.1	MER0000315|S08.038|S08A	39.3	56.8	91.4	262	6.69e-35	127
WP_027888915.1	MER0001520|S08.010|S08A	38.9	56.8	91.4	262	1.29e-34	127
WP_027888915.1	MER0013656|S08.046|S08A	35.5	57.5	92.9	265	4.66e-34	125
WP_027888915.1	MER0042897|S08.133|S08A	35.1	56.8	91.7	265	1.42e-30	116
WP_027888915.1	MER0001928|S08.098|S08A	36.3	56.8	91.4	262	5.86e-30	114
WP_027888915.1	MER0000309|S08.001|S08A	33.7	56.1	90.5	261	1.18e-28	110
WP_027888915.1	MER0000326|S08.050|S08A	34.9	52.0	72.6	238	1.74e-28	111
WP_027888915.1	MER0000316|S08.157|S08A	35.0	56.8	91.8	263	1.97e-28	110
WP_027888915.1	MER0000333|S08.007|S08A	35.7	52.0	84.1	244	2.89e-28	109
WP_027888915.1	MER0000310|S08.037|S08A	33.7	56.8	91.6	264	4.23e-28	109
WP_027888915.1	MER0005931|S08.005|S08A	35.9	50.7	92.6	237	7.82e-28	107
WP_027888915.1	MER0019280|S08.135|S08A	34.9	56.6	89.5	284	1.07e-27	108
WP_027888915.1	MER0077555|S08.028|S08A	37.3	53.9	86.9	252	2.09e-27	107
WP_027888915.1	MER0001699|S08.045|S08A	33.3	56.8	91.6	264	3.87e-27	106
WP_027888915.1	MER0002575|S08.102|S08A	34.4	60.7	97.5	285	1.56e-26	105
WP_027888915.1	MER0000319|S08.126|S08A	31.9	55.2	85.7	254	3.38e-24	98.6
WP_027888915.1	MER0000332|S08.009|S08A	34.6	48.4	78.6	228	3.12e-22	92.8
WP_027888915.1	MER0081072|S08.149|S08A	32.4	56.4	98.8	262	1.01e-21	90.9
WP_027888925.1	MER0003327|C44.971|C44	55.1	38.1	99.1	234	2.17e-77	242
WP_027888925.1	MER0185695|C44.A08|C44	41.2	35.1	100	221	1.02e-43	152
WP_027888925.1	MER0012158|C44.972|C44	33.4	42.7	99.4	335	2.92e-42	152
WP_027888925.1	MER0003350|C44.975|C44	39.3	29.6	100	206	1.20e-35	130
WP_027888925.1	MER0003322|C44.970|C44	36.9	26.2	90.8	187	6.84e-30	114
WP_027888925.1	MER0004101|C44.A01|C44	32.3	36.1	94.5	229	1.33e-20	88.2
WP_027888925.1	MER0011806|C44.A03|C44	30.8	37.4	97.9	237	4.48e-20	86.7
WP_027888925.1	MER0011781|C44.A02|C44	31.7	35.4	92.4	224	8.23e-20	85.9
WP_027888925.1	MER0003314|C44.001|C44	29.8	27.0	68.0	181	3.08e-14	70.1
WP_027888965.1	MER0014065|S33.974|S33	26.2	36.7	36.6	130	2.52e-10	57.8
WP_027888965.1	MER0044578|S33.A28|S33	29.9	34.5	37.2	134	2.75e-07	48.5
WP_027888965.1	MER0044581|S33.A27|S33	27.4	38.7	39.9	146	1.16e-06	46.6
WP_027888965.1	MER0036075|S33.A73|S33	31.5	29.7	31.1	108	4.61e-06	44.7
WP_027888965.1	MER0000431|S33.001|S33	27.6	27.7	31.6	98	5.61e-05	41.2
WP_027888965.1	MER0210990|S33.A66|S33	28.4	20.9	21.5	74	6.05e-05	41.2
WP_027888965.1	MER0044633|S33.A26|S33	31.7	28.0	29.3	104	8.16e-05	40.8
WP_036196823.1	MER0036069|S33.A38|S33	26.2	44.6	36.7	141	8.50e-07	46.6
WP_036196823.1	MER0037853|S33.984|S33	25.7	45.0	38.9	140	5.92e-04	37.7
WP_036196997.1	MER0001163|M03.007|M03B	38.5	39.8	85.8	244	1.37e-51	176
WP_036196997.1	MER0004419|M03.A08|M03B	28.8	37.0	95.8	229	2.05e-19	84.7
WP_036197139.1	MER0069741|M23.009|M23B	48.7	38.3	66.3	115	3.85e-29	106
WP_036197139.1	MER0003380|M23.011|M23B	45.1	40.3	50.6	122	5.94e-25	97.4
WP_036197139.1	MER0013541|M23.014|M23B	50.6	27.7	94.3	83	8.11e-20	79.3
WP_036197139.1	MER0003423|M23.012|M23B	38.7	37.3	82.5	119	9.15e-20	80.9
WP_036197139.1	MER0001419|M23.004|M23B	36.1	37.3	82.5	119	4.72e-19	79.0
WP_036197139.1	MER0005300|M23.950|M23B	31.5	54.7	97.5	165	9.92e-17	73.2
WP_036197139.1	MER0387040|M23.A03|M23B	37.4	32.7	96.1	99	2.22e-15	67.8
WP_036197139.1	MER0066182|M23.A04|M23B	33.6	41.3	61.8	125	4.95e-15	69.3
WP_036197139.1	MER0003376|M23.005|M23B	33.6	34.0	70.5	119	9.48e-15	67.8
WP_036197139.1	MER0015415|M23.951|M23B	37.5	37.0	61.8	112	1.30e-13	64.7
WP_036197139.1	MER0003906|M23.013|M23B	29.8	32.7	98.1	104	2.15e-09	51.2
WP_036197139.1	MER0001282|M23.002|M23A	30.2	31.3	55.0	106	3.19e-04	37.7
WP_043981885.1	MER0036084|S33.A29|S33	24.3	90.2	93.7	259	8.82e-13	63.5
WP_043981885.1	MER0017142|S33.994|S33	25.8	88.6	96.7	244	6.11e-12	60.8
WP_043981885.1	MER0031610|S33.976|S33	41.4	41.7	37.5	116	1.88e-10	57.0
WP_043981885.1	MER0014065|S33.974|S33	34.2	40.9	33.8	111	5.11e-10	55.8
WP_043981885.1	MER0036076|S33.A33|S33	25.9	80.7	73.0	232	3.57e-09	53.1
WP_043981885.1	MER0031616|S33.013|S33	24.5	49.2	46.0	143	6.93e-09	52.4
WP_043981885.1	MER0036053|S33.A01|S33	22.1	89.4	99.6	263	1.01e-08	51.6
WP_043981885.1	MER0017177|S33.973|S33	23.9	94.3	92.0	301	5.64e-08	49.7
WP_043981885.1	MER0035973|S33.A14|S33	28.5	86.4	80.5	253	6.73e-08	49.3
WP_043981885.1	MER0036066|S33.A04|S33	25.7	62.5	73.0	179	9.65e-08	48.5
WP_043981885.1	MER0210990|S33.A66|S33	38.0	29.2	23.0	79	2.56e-07	47.8
WP_043981885.1	MER0036059|S33.A79|S33	22.2	84.5	85.8	302	1.49e-06	45.4
WP_043981885.1	MER0036069|S33.A38|S33	33.0	35.2	28.4	97	6.22e-06	43.5
WP_043981885.1	MER0017033|S33.A15|S33	22.6	87.1	79.3	248	7.60e-06	43.1
WP_043981885.1	MER0036073|S33.A35|S33	23.9	90.9	79.7	259	1.89e-05	42.0
WP_043981885.1	MER0036078|S33.A75|S33	26.1	63.6	70.3	176	2.73e-05	41.2
WP_043981885.1	MER0037236|S33.016|S33	30.0	41.7	43.7	120	9.29e-05	39.7
WP_043981885.1	MER0011785|S33.009|S33	26.9	43.2	36.6	119	3.45e-04	38.1
WP_043981885.1	MER0011509|S33.A84|S33	26.2	54.2	46.7	149	4.52e-04	37.7
WP_043981885.1	MER0036064|S33.A16|S33	23.3	84.5	87.8	245	5.35e-04	37.4
WP_043981885.1	MER0017246|S09.A24|S09C	30.9	29.5	27.4	81	5.81e-04	37.4
WP_043981953.1	MER0001161|M03.004|M03A	44.4	99.7	89.3	612	3.05e-166	487
WP_043981953.1	MER0006087|M03.A01|M03A	37.8	99.8	87.9	625	4.92e-131	397
WP_043981953.1	MER0015119|M03.A02|M03A	36.8	99.8	89.0	646	1.14e-122	376
WP_043981953.1	MER0001149|M03.001|M03A	32.3	99.3	86.3	607	1.95e-94	301
WP_043981953.1	MER0001158|M03.005|M03A	33.0	94.9	86.3	597	3.73e-84	274
WP_043981953.1	MER0001942|M03.002|M03A	30.1	99.3	87.2	612	1.02e-83	273
WP_043981953.1	MER0108144|M03.A07|M03A	28.8	96.2	88.5	597	9.19e-73	243
WP_043981953.1	MER0003110|M03.009|M03A	29.5	92.7	83.9	611	4.19e-65	223
WP_043981953.1	MER0079465|M03.011|M03A	27.6	90.9	86.6	562	1.01e-63	218
WP_043981953.1	MER0001153|M03.003|M03A	28.3	92.0	81.3	580	1.84e-61	213
WP_043981953.1	MER0015170|M03.A03|M03A	27.1	93.5	85.4	571	7.18e-57	199
WP_043981953.1	MER0001156|M03.006|M03A	24.5	91.9	81.2	595	7.78e-35	137
WP_043981953.1	MER0059435|M03.A11|M03A	23.1	28.5	29.4	212	1.28e-06	48.1
WP_043981953.1	MER0021317|M03.971|M03A	32.2	9.8	67.8	59	3.28e-04	37.0
WP_043982093.1	MER0003339|S45.003|S45	27.5	65.6	96.3	538	3.37e-49	179
WP_043982093.1	MER0006198|S45.002|S45	28.7	44.3	67.6	383	9.35e-28	115
WP_043982093.1	MER0003306|S45.001|S45	28.9	42.1	58.7	350	1.62e-27	114
WP_043982108.1	MER0003339|S45.003|S45	30.1	64.1	96.3	522	7.90e-58	203
WP_043982108.1	MER0003306|S45.001|S45	31.2	41.5	59.1	333	7.21e-41	155
WP_043982108.1	MER0006198|S45.002|S45	27.9	43.3	67.2	358	1.56e-30	123
WP_043982125.1	MER0000392|S09.001|S09A	56.6	39.0	93.6	265	1.81e-103	313
WP_043982125.1	MER0015621|S09.A02|S09A	54.9	39.8	92.3	277	3.07e-100	305
WP_043982125.1	MER0005694|S09.076|S09A	55.4	39.6	91.5	260	1.41e-99	303
WP_043982125.1	MER0981959|S09.078|S09A	54.5	39.8	97.5	277	2.56e-96	295
WP_043982125.1	MER0002490|S09.A01|S09A	51.9	39.8	92.5	285	2.53e-94	290
WP_043982125.1	MER0079308|S09.033|S09A	56.5	39.0	93.5	260	6.62e-94	288
WP_043982125.1	MER0011450|S09.A73|S09A	55.5	39.0	94.6	265	5.96e-89	275
WP_043982125.1	MER0022823|S09.B02|S09A	49.2	39.0	93.6	262	2.64e-78	248
WP_043982125.1	MER0325901|S09.077|S09A	47.2	40.7	99.3	271	4.16e-78	247
WP_043982125.1	MER0000398|S09.002|S09A	47.0	40.2	99.2	264	7.25e-70	224
WP_043982125.1	MER0003229|S09.036|S09A	40.2	40.2	94.9	266	1.45e-56	190
WP_043982125.1	MER0000410|S09.010|S09A	34.9	39.0	90.2	261	1.82e-41	149
WP_043982125.1	MER0011872|S09.B08|S09A	31.4	38.9	90.0	261	1.43e-32	124
WP_043982125.1	MER0004227|S09.015|S09A	33.5	29.9	65.7	200	1.43e-28	113
WP_043982125.1	MER0082498|S09.A92|S09A	33.0	27.6	66.4	188	7.82e-26	104
WP_043982125.1	MER0082653|S09.034|S09A	29.9	38.0	96.8	271	6.07e-25	102
WP_043982125.1	MER0005994|S09.A03|S09B	35.5	9.5	23.7	62	1.49e-06	47.0
WP_043982125.1	MER0195666|S09.073|S09B	27.0	29.9	80.8	200	9.89e-05	41.2
WP_043982161.1	MER0237414|M16.970|M16B	27.4	46.8	93.2	223	7.69e-21	88.2
WP_043982161.1	MER0003448|M16.016|M16B	24.7	45.9	93.4	219	6.11e-13	65.1
WP_043982161.1	MER0021876|M16.P01|M16B	23.7	38.6	92.3	190	2.55e-05	42.0
WP_043982161.1	MER0001413|M16.971|M16B	27.8	24.7	76.0	115	1.22e-04	39.3
WP_043982163.1	MER0195774|M16.019|M16B	28.6	46.4	100	231	9.00e-24	95.1
WP_043982163.1	MER0003448|M16.016|M16B	21.5	52.2	89.9	260	1.64e-12	63.9
WP_043982163.1	MER0001233|M16.A05|M16B	24.4	51.8	87.6	271	1.72e-10	58.2
WP_043982163.1	MER0237414|M16.970|M16B	23.7	55.5	96.2	283	3.86e-10	57.0
WP_043982163.1	MER0002008|M16.004|M16B	43.1	10.1	21.6	51	2.05e-06	45.8
WP_043982163.1	MER0026957|M16.977|M16B	24.9	43.5	74.3	217	5.72e-06	44.3
WP_043982163.1	MER0043985|M16.980|M16B	21.4	54.7	92.3	276	6.54e-06	44.3
WP_043982163.1	MER0001229|M16.003|M16B	21.3	52.0	94.4	263	1.01e-05	43.5
WP_043982163.1	MER0390687|M16.A15|M16B	21.4	43.1	96.4	215	1.07e-05	42.7
WP_043982163.1	MER0002283|M16.A10|M16A	40.3	12.6	29.2	62	5.71e-05	41.2
WP_043982163.1	MER0002423|M16.A11|M16A	40.4	11.5	26.9	57	5.71e-05	41.2
WP_043982163.1	MER0003823|M16.A09|M16A	41.8	13.6	31.1	67	5.71e-05	41.2
WP_043982163.1	MER0122186|M16.A14|M16A	35.1	11.5	28.5	57	1.25e-04	40.0
WP_043982163.1	MER0011096|M16.A01|M16A	32.7	11.1	25.9	55	1.37e-04	40.0
WP_043982163.1	MER0002345|M16.A08|M16A	43.5	12.6	28.8	62	1.84e-04	39.7
WP_043982163.1	MER0015259|M16.017|M16A	30.9	11.1	25.9	55	4.42e-04	38.5
WP_043982163.1	MER0011744|M16.A02|M16A	33.3	10.9	25.5	54	7.93e-04	37.7
WP_043982314.1	MER0180363|N10.001|N10	27.6	21.9	61.3	290	1.44e-22	99.0
WP_043982426.1	MER0004931|M24.008|M24B	49.6	64.6	97.8	224	1.59e-71	219
WP_043982426.1	MER0005462|M24.031|M24B	42.7	65.4	99.1	227	7.37e-64	199
WP_043982426.1	MER0004532|M24.034|M24B	39.9	65.7	99.6	228	1.92e-54	175
WP_043982426.1	MER0002038|M24.006|M24B	39.3	64.3	97.4	224	6.00e-50	164
WP_043982426.1	MER0005715|M24.A11|M24B	38.4	61.7	92.8	219	2.71e-35	125
WP_043982426.1	MER0013463|M24.026|M24B	33.5	66.6	99.2	260	2.12e-28	108
WP_043982426.1	MER0001244|M24.004|M24B	30.0	63.1	94.3	247	5.85e-27	104
WP_043982426.1	MER0004321|M24.009|M24B	34.0	52.2	73.3	191	5.28e-17	76.6
WP_043982426.1	MER0001733|M24.A09|M24B	23.9	61.4	93.2	272	6.01e-17	77.0
WP_043982426.1	MER0028601|M24.033|M24B	26.4	62.5	94.0	250	1.49e-16	75.5
WP_043982426.1	MER0001248|M24.007|M24B	25.1	52.2	96.0	243	5.84e-14	67.8
WP_043982426.1	MER0016544|M24.037|M24B	30.9	51.3	66.7	188	2.85e-12	63.2
WP_043982426.1	MER0001243|M24.001|M24A	26.8	55.3	76.5	205	8.23e-12	61.6
WP_043982426.1	MER0027437|M24.038|M24B	30.9	45.0	62.7	162	2.90e-09	53.9
WP_043982426.1	MER0013450|M24.036|M24A	29.8	35.4	50.8	131	2.24e-08	51.2
WP_043982589.1	MER0001243|M24.001|M24A	36.9	96.2	94.3	255	6.10e-58	182
WP_043982589.1	MER0005690|M24.A06|M24A	30.5	92.4	95.2	243	9.48e-40	135
WP_043982589.1	MER0015127|M24.A05|M24A	31.1	94.7	97.6	251	1.88e-39	134
WP_043982589.1	MER0013589|M24.A12|M24A	30.5	94.7	100	249	2.47e-38	131
WP_043982589.1	MER0001342|M24.017|M24A	29.4	95.4	93.9	252	2.19e-37	129
WP_043982589.1	MER0013450|M24.036|M24A	30.3	94.7	97.2	251	5.26e-36	125
WP_043982589.1	MER0015128|M24.A07|M24A	29.3	92.4	94.8	246	1.95e-35	124
WP_043982589.1	MER0013929|M24.028|M24A	25.0	95.8	97.2	252	2.02e-30	111
WP_043982589.1	MER0005462|M24.031|M24B	24.6	69.6	75.5	183	2.03e-16	73.2
WP_043982589.1	MER0004532|M24.034|M24B	22.2	90.9	98.2	243	9.92e-16	71.2
WP_043982589.1	MER0004931|M24.008|M24B	24.3	96.2	96.9	255	3.61e-15	69.7
WP_043982589.1	MER0011746|M24.A02|M24A	25.6	74.1	60.7	207	2.27e-12	62.8
WP_043982589.1	MER0001244|M24.004|M24B	23.0	97.7	96.9	283	2.78e-12	62.0
WP_043982589.1	MER0005715|M24.A11|M24B	27.1	77.9	83.0	214	3.95e-12	61.2
WP_043982589.1	MER0010972|M24.950|M24A	24.6	65.0	69.1	179	3.72e-11	58.5
WP_043982589.1	MER0024896|M24.A13|M24A	25.0	47.1	24.7	124	2.88e-09	53.9
WP_043982589.1	MER0064643|M24.978|M24X	26.5	33.8	28.2	98	8.31e-04	37.0
WP_043982739.1	MER0001620|M41.001|M41	40.8	37.0	82.3	233	3.10e-53	181
WP_043982739.1	MER0005466|M41.021|M41	40.8	37.1	97.1	233	3.32e-53	179
WP_043982739.1	MER0017637|M41.024|M41	41.5	35.9	93.5	229	2.02e-49	169
WP_043982739.1	MER0002563|M41.020|M41	40.2	35.9	93.5	229	3.88e-49	168
WP_043982739.1	MER0015197|M41.013|M41	40.2	36.8	87.3	229	4.18e-49	169
WP_043982739.1	MER0002602|M41.009|M41	38.2	37.9	89.1	238	1.87e-46	162
WP_043982739.1	MER0023544|M41.A10|M41	40.2	37.0	81.8	234	2.33e-46	162
WP_043982739.1	MER0011224|M41.A09|M41	39.6	36.7	81.1	230	1.14e-44	157
WP_043982739.1	MER0005496|M41.007|M41	40.6	35.2	79.6	219	4.91e-44	155
WP_043982739.1	MER0015194|M41.A14|M41	38.7	36.7	84.2	230	1.16e-43	154
WP_043982739.1	MER0002408|M41.017|M41	38.2	37.0	93.9	233	2.52e-43	152
WP_043982739.1	MER0056525|M41.A17|M41	40.6	36.7	88.8	229	1.05e-42	151
WP_043982739.1	MER0002600|M41.002|M41	40.0	35.2	83.6	220	8.35e-42	149
WP_043982739.1	MER0011748|M41.022|M41	38.1	37.0	82.1	231	1.75e-40	145
WP_043982739.1	MER0015609|M41.023|M41	36.8	37.0	82.0	231	2.29e-40	145
WP_043982739.1	MER0002605|M41.003|M41	36.4	37.8	86.4	236	3.62e-40	144
WP_043982739.1	MER0171760|M41.A12|M41	34.6	43.1	99.6	272	6.26e-39	141
WP_043982739.1	MER0015195|M41.A15|M41	35.4	36.7	81.1	229	2.15e-38	140
WP_043982739.1	MER0024898|M41.A13|M41	38.0	35.2	78.5	221	1.05e-37	138
WP_043982739.1	MER0015199|M41.015|M41	34.6	37.5	83.9	234	1.16e-37	138
WP_043982739.1	MER0190705|M41.A18|M41	35.5	36.8	98.2	231	1.52e-35	130
WP_043982739.1	MER0014324|M41.018|M41	37.8	37.8	93.3	238	2.38e-35	130
WP_043982739.1	MER0002608|M41.A11|M41	38.7	37.5	86.9	238	4.94e-35	130
WP_043982739.1	MER0190577|M41.A16|M41	33.8	36.7	88.5	231	1.31e-34	128
WP_043982739.1	MER0015193|M41.019|M41	36.6	37.0	97.5	243	2.90e-34	127
WP_043982888.1	MER0198917|C44.003|C44	26.8	23.0	99.7	380	1.42e-25	107
WP_043982888.1	MER1054487|C44.951|C44	27.7	23.0	99.7	382	1.21e-24	104
WP_043982888.1	MER0037955|C44.A09|C44	28.7	9.3	51.1	143	3.18e-08	53.5
WP_043983067.1	MER0000870|A24.001|A24A	37.6	44.8	71.1	178	1.78e-19	83.6
WP_043983067.1	MER0002075|A24.A01|A24A	34.9	16.3	43.0	63	2.98e-06	43.5
WP_043983067.1	MER0004658|A24.003|A24A	43.8	15.5	41.3	64	1.23e-05	42.0
WP_043983076.1	MER0026494|M20.005|M20F	27.4	98.7	97.3	463	4.55e-54	184
WP_043983076.1	MER0015142|M20.006|M20F	28.8	98.7	91.9	472	3.10e-53	183
WP_043983076.1	MER0026471|M20.017|M20F	28.2	94.2	92.7	450	1.43e-46	164
WP_043983076.1	MER0026485|M20.A15|M20F	32.2	35.8	56.1	174	1.01e-22	95.1
WP_043983076.1	MER0057434|M20.013|M20F	29.6	52.7	81.0	253	8.70e-21	89.4
WP_043983076.1	MER0003397|M20.A14|M20F	31.0	38.5	60.1	187	8.53e-20	86.7
WP_043983076.1	MER0001272|M20.010|M20A	45.1	17.0	29.3	82	1.18e-13	67.8
WP_043983076.1	MER0369972|M20.A25|M20A	24.3	82.7	85.9	391	2.71e-13	68.2
WP_043983076.1	MER0003775|M20.A19|M20A	32.5	23.9	37.8	114	6.17e-08	50.8
WP_043983076.1	MER0003798|M20.A21|M20A	38.6	12.6	13.5	57	8.03e-06	44.7
WP_043983076.1	MER0001271|M20.973|M20A	30.9	26.5	29.4	123	9.07e-04	38.1
WP_043983096.1	MER0035593|P01.101|P01	43.1	56.9	97.5	116	1.49e-17	71.2
WP_043983096.1	MER0397096|P01.102|P01	30.4	41.9	88.8	79	1.37e-07	44.3
WP_043983279.1	MER0066192|M38.983|M38	38.7	88.9	57.7	199	2.58e-36	127
WP_043983279.1	MER0033184|M38.979|M38	40.2	88.9	55.4	204	1.75e-29	109
WP_043983302.1	MER0004035|C40.004|C40	43.1	64.8	94.6	109	1.13e-20	79.0
WP_043983302.1	MER0003807|C40.007|C40	45.1	53.7	77.1	91	2.59e-17	70.5
WP_043983302.1	MER0003805|C40.002|C40	38.3	70.4	98.2	115	1.26e-16	68.6
WP_043983302.1	MER0014188|C40.006|C40	41.2	61.7	89.9	102	1.76e-15	65.5
WP_043983302.1	MER0003808|C40.008|C40	33.6	69.8	97.3	113	2.96e-14	62.4
WP_043983302.1	MER0014672|C40.012|C40	32.2	61.7	92.8	118	1.20e-11	55.8
WP_043983302.1	MER0377450|C40.A07|C40	36.6	56.8	100	93	3.06e-11	53.9
WP_043983302.1	MER0376722|C40.A06|C40	33.7	56.8	95.8	92	3.36e-11	53.9
WP_043983302.1	MER0024252|C40.009|C40	35.1	63.6	88.9	114	9.41e-10	50.8
WP_043983302.1	MER0031199|C40.011|C40	44.3	37.0	83.1	61	1.61e-08	46.2
WP_043983359.1	MER0016031|S01.364|S01C	34.6	8.7	31.3	52	1.06e-04	40.0
WP_043983401.1	MER0069741|M23.009|M23B	45.4	77.3	68.0	119	3.48e-28	99.8
WP_043983401.1	MER0013541|M23.014|M23B	50.6	55.2	96.6	85	2.69e-23	84.7
WP_043983401.1	MER0003380|M23.011|M23B	43.9	69.5	44.0	107	2.73e-20	80.9
WP_043983401.1	MER0003376|M23.005|M23B	44.3	57.1	57.2	97	1.90e-19	77.0
WP_043983401.1	MER0015415|M23.951|M23B	37.5	72.1	61.8	112	1.22e-17	72.4
WP_043983401.1	MER0387040|M23.A03|M23B	38.4	63.6	96.1	99	5.64e-17	68.9
WP_043983401.1	MER0066182|M23.A04|M23B	37.2	72.7	52.8	113	1.15e-16	70.5
WP_043983401.1	MER0001419|M23.004|M23B	39.7	73.4	82.5	121	2.89e-16	68.2
WP_043983401.1	MER0003423|M23.012|M23B	39.7	73.4	82.5	121	1.13e-15	66.6
WP_043983401.1	MER0003906|M23.013|M23B	35.6	63.6	98.1	104	2.88e-14	62.0
WP_043983401.1	MER0005300|M23.950|M23B	35.4	62.3	58.9	96	5.33e-12	57.4
WP_043983401.1	MER0001282|M23.002|M23A	33.0	51.9	46.1	88	7.45e-06	40.8
WP_043983510.1	MER0066192|M38.983|M38	38.0	84.5	47.8	166	2.88e-24	94.4
WP_043983510.1	MER0033184|M38.979|M38	40.9	91.4	47.3	181	7.09e-24	93.6
WP_043983536.1	MER0026469|M20.976|M20X	32.5	91.2	99.0	397	1.32e-52	178
WP_043983536.1	MER0026472|M20.A07|M20X	25.0	87.4	94.6	384	6.13e-22	92.4
WP_051349807.1	MER0001313|A08.001|A08	33.5	92.6	85.4	155	4.21e-15	65.9
WP_051349820.1	MER0069741|M23.009|M23B	52.5	24.6	56.4	99	1.42e-23	93.6
WP_051349820.1	MER0003380|M23.011|M23B	48.5	24.9	41.5	101	1.97e-20	86.7
WP_051349820.1	MER0003376|M23.005|M23B	43.0	28.4	69.9	121	2.65e-20	84.3
WP_051349820.1	MER0001419|M23.004|M23B	40.0	26.1	76.9	110	7.36e-20	82.4
WP_051349820.1	MER0013541|M23.014|M23B	46.6	21.9	98.9	88	1.48e-18	77.0
WP_051349820.1	MER0003906|M23.013|M23B	42.3	24.6	98.1	104	4.52e-18	76.3
WP_051349820.1	MER0003423|M23.012|M23B	38.5	24.6	72.7	104	1.17e-17	76.3
WP_051349820.1	MER0066182|M23.A04|M23B	34.3	32.6	66.8	134	7.74e-15	69.7
WP_051349820.1	MER0387040|M23.A03|M23B	39.0	24.6	96.1	100	5.28e-14	64.7
WP_051349820.1	MER0001282|M23.002|M23A	30.0	34.1	78.9	150	1.94e-04	38.9
WP_051349842.1	MER0013541|M23.014|M23B	38.0	29.3	85.2	92	1.05e-12	60.1
WP_051349842.1	MER0003380|M23.011|M23B	37.0	29.3	31.1	92	2.35e-11	59.7
WP_051349842.1	MER0003376|M23.005|M23B	38.0	29.3	49.4	92	3.34e-10	55.1
WP_051349842.1	MER0003423|M23.012|M23B	34.3	31.2	58.0	99	2.64e-09	52.0
WP_051349842.1	MER0015415|M23.951|M23B	30.1	36.0	55.9	113	3.07e-09	52.4
WP_051349842.1	MER0069741|M23.009|M23B	34.3	33.8	52.3	108	4.31e-09	52.0
WP_051349842.1	MER0001419|M23.004|M23B	32.7	31.2	58.0	101	4.27e-08	48.5
WP_051349842.1	MER0003906|M23.013|M23B	37.7	21.0	63.2	69	1.62e-06	43.1
WP_051349842.1	MER0388771|M23.A06|M23B	32.9	20.7	64.0	73	1.22e-05	40.8
WP_051349842.1	MER0025070|M23.010|M23B	32.9	20.7	61.9	73	1.31e-05	40.8
WP_051349857.1	MER0006023|S08.107|S08A	43.2	70.0	99.4	345	5.46e-74	233
WP_051349857.1	MER0016697|S08.110|S08A	42.7	70.2	100	351	5.73e-73	230
WP_051349857.1	MER0000362|S08.022|S08A	42.9	69.5	98.8	343	1.58e-68	218
WP_051349857.1	MER0000361|S08.023|S08A	41.7	71.3	99.7	355	1.13e-66	214
WP_051349857.1	MER0002562|S08.067|S08A	39.8	71.5	96.9	354	1.23e-66	214
WP_051349857.1	MER0001709|S08.040|S08A	42.6	69.5	98.8	343	1.89e-66	213
WP_051349857.1	MER0000332|S08.009|S08A	41.5	57.2	81.2	260	1.09e-43	151
WP_051349857.1	MER0000333|S08.007|S08A	34.2	61.1	87.5	278	6.26e-36	130
WP_051349857.1	MER0001928|S08.098|S08A	34.1	68.9	97.4	314	1.08e-32	122
WP_051349857.1	MER0000311|S08.034|S08A	35.9	60.5	86.9	281	3.27e-32	120
WP_051349857.1	MER0000315|S08.038|S08A	35.0	68.9	97.4	314	7.55e-32	119
WP_051349857.1	MER0001520|S08.010|S08A	35.4	68.9	97.4	314	7.55e-32	119
WP_051349857.1	MER0001906|S08.003|S08A	35.0	68.9	97.4	314	7.55e-32	119
WP_051349857.1	MER0000309|S08.001|S08A	33.7	64.7	90.9	297	1.17e-31	119
WP_051349857.1	MER0001521|S08.044|S08A	36.3	59.8	85.8	278	1.65e-31	119
WP_051349857.1	MER0000312|S08.042|S08A	36.3	59.8	85.8	278	2.28e-31	118
WP_051349857.1	MER0000313|S08.036|S08A	36.3	59.8	85.8	278	2.28e-31	118
WP_051349857.1	MER0001523|S08.035|S08A	36.3	59.8	85.8	278	2.28e-31	118
WP_051349857.1	MER0002575|S08.102|S08A	34.4	65.3	93.9	299	2.48e-31	118
WP_051349857.1	MER0077555|S08.028|S08A	32.8	70.0	99.3	323	4.24e-31	117
WP_051349857.1	MER0001755|S08.002|S08A	34.6	66.0	93.5	306	5.99e-31	117
WP_051349857.1	MER0000310|S08.037|S08A	33.8	59.2	84.3	272	1.06e-29	114
WP_051349857.1	MER0000320|S08.030|S08A	31.9	63.1	90.6	298	4.73e-28	109
WP_051349857.1	MER0001699|S08.045|S08A	33.0	64.7	90.8	297	9.08e-28	108
WP_051349857.1	MER0013656|S08.046|S08A	34.1	58.1	82.5	264	2.92e-27	107
WP_052488369.1	MER0000576|S24.003|S24	36.4	67.4	80.0	99	5.38e-09	48.1
WP_052488375.1	MER0002575|S08.102|S08A	25.5	37.7	99.6	321	9.39e-15	72.4
WP_052488375.1	MER0042897|S08.133|S08A	30.8	34.7	93.5	292	4.61e-12	64.3
WP_052488375.1	MER0000309|S08.001|S08A	27.2	32.6	86.1	272	7.94e-12	63.5
WP_052488375.1	MER0000333|S08.007|S08A	28.0	31.8	82.7	264	6.02e-11	60.8
WP_052488375.1	MER0000311|S08.034|S08A	28.2	32.7	86.5	273	8.41e-11	60.5
WP_052488375.1	MER0002562|S08.067|S08A	26.8	27.6	65.9	261	3.54e-10	59.3
WP_052488375.1	MER0000310|S08.037|S08A	27.7	32.8	86.9	274	3.60e-10	58.5
WP_052488375.1	MER0001520|S08.010|S08A	28.5	32.3	85.1	270	8.25e-10	57.4
WP_052488375.1	MER0000312|S08.042|S08A	26.6	32.8	86.9	278	8.73e-10	57.4
WP_052488375.1	MER0000313|S08.036|S08A	27.0	32.8	86.9	278	8.73e-10	57.4
WP_052488375.1	MER0001521|S08.044|S08A	27.0	32.8	86.9	278	8.73e-10	57.4
WP_052488375.1	MER0001523|S08.035|S08A	26.6	32.8	86.9	278	8.73e-10	57.4
WP_052488375.1	MER0006023|S08.107|S08A	27.8	26.9	63.8	234	1.33e-09	57.4
WP_052488375.1	MER0005931|S08.005|S08A	29.6	26.3	78.6	223	2.04e-09	55.8
WP_052488375.1	MER0001906|S08.003|S08A	28.1	32.3	85.1	270	2.65e-09	55.8
WP_052488375.1	MER0000315|S08.038|S08A	28.1	32.3	85.1	270	3.55e-09	55.5
WP_052488375.1	MER0001755|S08.002|S08A	26.6	32.8	86.9	278	3.74e-09	55.5
WP_052488375.1	MER0002267|S08.111|S08A	25.6	31.5	80.3	270	9.61e-09	54.3
WP_052488375.1	MER0004113|S08.109|S08B	24.6	36.4	86.3	325	1.03e-08	54.7
WP_052488375.1	MER0000326|S08.050|S08A	28.8	32.0	72.9	271	2.03e-08	53.5
WP_052488375.1	MER0001928|S08.098|S08A	28.8	31.6	82.9	264	2.04e-08	53.1
WP_052488375.1	MER0019280|S08.135|S08A	26.3	32.8	84.9	278	2.62e-08	53.1
WP_052488375.1	MER0003117|S08.032|S08B	28.6	30.3	75.4	262	3.16e-08	52.8
WP_052488375.1	MER0000316|S08.157|S08A	29.2	31.8	84.0	267	4.83e-08	52.0
WP_052488375.1	MER0013656|S08.046|S08A	28.7	32.3	85.4	272	6.45e-08	51.6
WP_052488392.1	MER0002550|S26.004|S26A	40.6	54.7	42.9	69	2.04e-07	43.9
WP_052488392.1	MER0000592|S26.003|S26A	37.1	51.3	40.0	62	5.10e-05	37.4
WP_052488392.1	MER0016034|S26.020|S26A	44.9	39.3	31.8	49	9.61e-05	36.6
WP_119339789.1	MER0058228|S09.009|S09B	29.2	76.2	97.5	260	1.02e-15	72.4
WP_119339789.1	MER0013484|S09.018|S09B	25.5	71.3	92.5	243	8.25e-11	58.2
WP_119339789.1	MER0005196|S09.017|S09B	26.0	71.6	87.2	242	1.08e-08	52.0
WP_119339789.1	MER0001423|S09.013|S09B	27.2	68.2	91.4	232	1.69e-08	51.2
WP_119339789.1	MER0036062|S33.A07|S33	29.7	44.1	47.8	145	3.22e-07	47.8
WP_119339789.1	MER0036048|S33.A13|S33	31.8	45.1	47.7	148	4.40e-07	47.4
WP_119339789.1	MER0066174|S09.949|S09X	27.8	42.3	68.1	169	4.40e-07	47.0
WP_119339789.1	MER0017401|S09.071|S09C	28.3	62.0	78.7	205	4.62e-07	47.0
WP_119339789.1	MER0004923|S09.019|S09B	22.4	73.5	78.3	255	8.08e-07	46.6
WP_119339789.1	MER0003361|S09.A93|S09B	30.1	41.4	51.2	136	8.71e-07	46.2
WP_119339789.1	MER0004504|S09.008|S09B	28.0	41.7	56.5	143	1.10e-06	45.8
WP_119339789.1	MER0000401|S09.003|S09B	28.1	49.1	54.2	167	1.29e-06	45.8
WP_119339789.1	MER0036047|S33.A20|S33	30.4	35.2	37.7	115	3.36e-06	44.7
WP_119339789.1	MER0003558|S09.A83|S09C	24.0	73.1	88.1	250	5.42e-06	43.9
WP_119339789.1	MER0011305|S09.A64|S09B	26.7	50.0	57.2	165	2.28e-05	42.0
WP_119339789.1	MER0005987|S09.A65|S09B	27.2	49.1	54.6	162	2.33e-05	42.0
WP_119339789.1	MER0036081|S33.A31|S33	34.0	29.3	33.0	97	2.49e-05	42.0
WP_119339789.1	MER0036063|S33.A06|S33	27.2	35.2	37.7	114	4.50e-05	41.2
WP_119339789.1	MER0000405|S09.006|S09B	27.7	53.4	56.5	177	5.71e-05	40.8
WP_119339789.1	MER0031618|S33.979|S33	31.6	35.8	36.8	117	6.02e-05	40.8
WP_119339789.1	MER0048191|S09.A06|S09X	26.8	34.6	44.3	127	5.79e-04	37.7
WP_131455720.1	MER0006023|S08.107|S08A	32.0	96.7	90.1	319	2.23e-24	97.8
WP_131455720.1	MER0000316|S08.157|S08A	34.7	82.8	80.6	251	5.33e-23	92.8
WP_131455720.1	MER0001928|S08.098|S08A	35.1	80.9	78.1	245	5.24e-22	90.1
WP_131455720.1	MER0000361|S08.023|S08A	32.4	79.9	68.8	250	3.52e-21	89.0
WP_131455720.1	MER0000315|S08.038|S08A	33.5	82.2	80.3	251	5.01e-21	87.4
WP_131455720.1	MER0002565|S08.004|S08A	31.5	82.8	57.5	251	1.27e-20	87.8
WP_131455720.1	MER0001906|S08.003|S08A	33.1	82.2	80.3	251	2.49e-20	85.5
WP_131455720.1	MER0001520|S08.010|S08A	32.7	82.2	80.3	251	1.70e-19	83.2
WP_131455720.1	MER0002575|S08.102|S08A	31.8	79.9	74.6	242	2.70e-19	82.8
WP_131455720.1	MER0000332|S08.009|S08A	32.9	80.5	76.0	246	4.55e-19	82.0
WP_131455720.1	MER0002562|S08.067|S08A	27.7	96.4	86.4	328	6.08e-19	82.8
WP_131455720.1	MER0000362|S08.022|S08A	32.8	79.9	70.1	250	6.85e-19	82.4
WP_131455720.1	MER0016983|S08.129|S08A	28.5	96.7	90.4	305	1.12e-16	75.9
WP_131455720.1	MER0001709|S08.040|S08A	32.3	79.9	70.1	251	2.43e-16	75.1
WP_131455720.1	MER0000310|S08.037|S08A	32.3	81.2	78.5	251	8.96e-16	72.8
WP_131455720.1	MER0000309|S08.001|S08A	28.3	96.7	89.4	297	1.07e-14	69.7
WP_131455720.1	MER0001521|S08.044|S08A	31.1	90.1	88.7	283	1.46e-14	69.3
WP_131455720.1	MER0000313|S08.036|S08A	31.1	90.1	88.7	283	1.99e-14	68.9
WP_131455720.1	MER0000312|S08.042|S08A	30.7	90.1	88.7	283	3.68e-14	68.2
WP_131455720.1	MER0001523|S08.035|S08A	30.7	90.1	88.7	283	3.68e-14	68.2
WP_131455720.1	MER0001755|S08.002|S08A	30.7	90.1	88.7	283	5.00e-14	67.8
WP_131455720.1	MER0000311|S08.034|S08A	31.5	80.5	77.5	251	2.31e-13	65.9
WP_131455720.1	MER0002739|S08.024|S08A	25.1	80.5	52.3	267	9.52e-13	65.1
WP_131455720.1	MER0002267|S08.111|S08A	28.2	79.9	75.0	245	3.80e-12	62.4
WP_131455720.1	MER0001725|S08.105|S08A	29.8	79.9	69.0	252	9.23e-11	58.5
WP_223299584.1	MER0001297|S41.008|S41A	29.2	34.7	71.0	144	3.61e-06	43.9
WP_223299584.1	MER0001295|S41.001|S41A	28.0	28.4	54.4	118	5.04e-04	37.7
WP_223299647.1	MER0026494|M20.005|M20F	27.0	97.8	97.3	470	6.49e-38	140
WP_223299647.1	MER0015142|M20.006|M20F	32.5	62.3	56.2	286	2.51e-37	139
WP_223299647.1	MER0026471|M20.017|M20F	26.7	95.8	94.4	461	8.30e-33	126
WP_223299647.1	MER0003397|M20.A14|M20F	40.6	22.2	32.2	101	4.69e-17	78.6
WP_223299647.1	MER0026485|M20.A15|M20F	39.2	21.5	31.0	97	1.22e-15	74.3
WP_223299647.1	MER0052470|M20.A18|M20X	28.4	43.5	43.8	208	1.70e-14	72.0
WP_223299647.1	MER0001272|M20.010|M20A	39.1	25.5	41.4	115	2.14e-13	67.0
WP_223299647.1	MER0057434|M20.013|M20F	39.3	19.7	29.3	89	1.03e-11	62.4
WP_223299647.1	MER0033183|M20.011|M20A	31.1	25.3	39.0	122	1.09e-05	43.9
WP_223299647.1	MER0038758|M20.022|M20A	30.8	28.8	33.0	130	1.19e-04	40.8
WP_223299727.1	MER0140154|S12.A27|S12	23.6	74.0	83.8	322	6.84e-20	87.0
WP_223299727.1	MER0026262|S12.008|S12	31.3	46.2	53.1	198	6.34e-19	84.3
WP_223299727.1	MER0005836|S12.A12|S12	26.5	46.6	74.7	200	8.70e-14	67.8
WP_223299727.1	MER0002489|S12.003|S12	25.3	36.5	43.6	154	4.88e-13	66.6
WP_223299727.1	MER0011700|S12.A16|S12	28.3	43.5	51.6	198	1.31e-11	62.4
WP_223299727.1	MER0006204|S12.950|S12	32.6	41.1	45.9	181	2.41e-11	61.6
WP_223299727.1	MER0005925|S12.A13|S12	22.5	61.5	76.6	284	2.82e-11	61.2
WP_223299727.1	MER0000459|S12.001|S12	24.6	45.9	57.9	207	1.61e-10	58.9
WP_223299727.1	MER0004154|S12.012|S12	28.7	35.8	42.6	150	2.11e-10	58.5
WP_223299727.1	MER0354941|S12.A22|S12	25.7	42.1	91.4	187	4.58e-10	55.8
WP_223299727.1	MER0004090|S12.A03|S12	22.2	70.7	71.8	316	1.36e-09	56.2
WP_223299727.1	MER0003802|S12.A21|S12	29.7	41.1	48.4	175	4.30e-09	54.3
WP_223299727.1	MER1143079|S12.013|S12	29.0	41.1	53.0	176	1.56e-08	52.4
WP_223299727.1	MER0005923|S12.004|S12	32.5	25.7	24.1	114	2.00e-08	52.8
WP_223299727.1	MER0003800|S12.952|S12	24.0	44.7	46.9	200	3.25e-08	52.0
WP_223299727.1	MER0005964|S12.951|S12	25.8	45.4	49.3	194	2.10e-07	49.3
WP_223299727.1	MER0122661|S12.A28|S12	32.0	22.6	26.0	97	1.87e-05	43.1
WP_223299727.1	MER0219770|S12.011|S12	27.3	36.3	46.6	161	2.31e-05	42.7
WP_241768760.1	MER0026469|M20.976|M20X	34.4	91.0	98.5	392	1.14e-58	194
WP_241768760.1	MER0026472|M20.A07|M20X	32.7	90.8	98.7	391	1.28e-49	167
WP_241768763.1	MER0013541|M23.014|M23B	27.6	18.6	86.4	76	9.65e-06	40.8
WP_241768763.1	MER0003376|M23.005|M23B	28.7	22.2	60.8	101	9.40e-05	39.7
WP_241768776.1	MER0000311|S08.034|S08A	31.1	46.9	77.8	251	5.71e-22	92.8
WP_241768776.1	MER0000313|S08.036|S08A	29.8	46.9	77.8	252	5.71e-22	92.8
WP_241768776.1	MER0001521|S08.044|S08A	29.8	46.9	77.8	252	7.75e-22	92.4
WP_241768776.1	MER0000312|S08.042|S08A	29.4	46.9	77.8	252	1.93e-21	91.3
WP_241768776.1	MER0001523|S08.035|S08A	29.4	46.9	77.8	252	1.93e-21	91.3
WP_241768776.1	MER0001755|S08.002|S08A	29.4	46.9	77.8	252	1.93e-21	91.3
WP_241768776.1	MER0000320|S08.030|S08A	33.9	46.7	76.4	257	8.14e-18	80.9
WP_241768776.1	MER0000316|S08.157|S08A	30.4	47.3	78.4	253	2.72e-17	79.0
WP_241768776.1	MER0000315|S08.038|S08A	30.0	47.3	78.1	253	1.24e-16	77.0
WP_241768776.1	MER0001906|S08.003|S08A	30.0	47.3	78.1	253	1.24e-16	77.0
WP_241768776.1	MER0005931|S08.005|S08A	31.3	42.4	78.2	227	2.76e-16	75.5
WP_241768776.1	MER0001520|S08.010|S08A	29.6	47.3	78.1	253	4.11e-16	75.5
WP_241768776.1	MER0042897|S08.133|S08A	27.4	47.3	78.8	259	5.05e-15	72.4
WP_241768776.1	MER0000332|S08.009|S08A	30.2	46.4	77.1	258	6.22e-15	72.0
WP_241768776.1	MER0077555|S08.028|S08A	29.2	47.5	78.8	260	6.46e-15	72.0
WP_241768776.1	MER0004123|S08.137|S08A	28.8	55.1	88.8	330	2.12e-14	71.2
WP_241768776.1	MER0019280|S08.135|S08A	31.1	48.8	80.0	280	5.43e-14	69.7
WP_241768776.1	MER0013656|S08.046|S08A	29.2	46.7	77.2	250	6.48e-14	68.9
WP_241768776.1	MER0001928|S08.098|S08A	27.7	47.3	78.1	253	5.25e-13	66.2
WP_241768776.1	MER0000309|S08.001|S08A	29.3	46.9	77.7	256	7.47e-13	65.9
WP_241768776.1	MER0000319|S08.126|S08A	26.4	50.1	79.3	273	7.98e-13	65.9
WP_241768776.1	MER0001699|S08.045|S08A	28.1	47.3	78.4	253	9.93e-13	65.5
WP_241768776.1	MER0016978|S08.021|S08A	28.5	46.9	77.2	277	8.57e-12	63.2
WP_241768776.1	MER0002516|S08.008|S08A	30.2	47.1	73.3	258	2.93e-11	61.2
WP_241768776.1	MER0000326|S08.050|S08A	27.3	48.6	70.0	264	6.25e-11	60.5
WP_241768785.1	MER0002562|S08.067|S08A	45.2	59.7	97.2	354	4.79e-75	238
WP_241768785.1	MER0016697|S08.110|S08A	47.0	58.4	100	351	1.48e-74	237
WP_241768785.1	MER0006023|S08.107|S08A	44.5	57.3	97.9	339	3.58e-72	230
WP_241768785.1	MER0000362|S08.022|S08A	44.3	57.9	98.8	341	6.99e-71	227
WP_241768785.1	MER0000361|S08.023|S08A	42.7	59.4	99.7	351	1.04e-67	219
WP_241768785.1	MER0001709|S08.040|S08A	43.4	57.9	98.8	341	1.40e-65	213
WP_241768785.1	MER0000332|S08.009|S08A	43.5	47.4	81.2	255	2.99e-48	165
WP_241768785.1	MER0000333|S08.007|S08A	38.7	50.2	86.3	269	2.25e-43	152
WP_241768785.1	MER0000315|S08.038|S08A	38.3	57.3	97.4	308	5.49e-40	143
WP_241768785.1	MER0001520|S08.010|S08A	38.3	57.3	97.4	308	5.49e-40	143
WP_241768785.1	MER0001906|S08.003|S08A	38.3	57.3	97.4	308	5.49e-40	143
WP_241768785.1	MER0000309|S08.001|S08A	38.8	53.7	90.9	291	2.29e-39	141
WP_241768785.1	MER0000310|S08.037|S08A	38.8	53.7	90.9	294	6.07e-39	140
WP_241768785.1	MER0001928|S08.098|S08A	36.7	57.3	97.4	308	1.37e-37	136
WP_241768785.1	MER0000312|S08.042|S08A	38.8	54.9	92.4	299	3.03e-37	135
WP_241768785.1	MER0001523|S08.035|S08A	38.8	54.9	92.4	299	3.03e-37	135
WP_241768785.1	MER0001521|S08.044|S08A	38.5	54.9	92.4	299	4.19e-37	135
WP_241768785.1	MER0077555|S08.028|S08A	38.1	53.0	91.6	289	5.65e-37	135
WP_241768785.1	MER0000313|S08.036|S08A	38.5	54.9	92.4	299	5.79e-37	135
WP_241768785.1	MER0001755|S08.002|S08A	38.5	54.9	92.4	299	7.99e-37	134
WP_241768785.1	MER0001699|S08.045|S08A	39.2	54.1	91.6	293	1.05e-36	134
WP_241768785.1	MER0000311|S08.034|S08A	38.1	54.9	92.4	302	2.10e-36	133
WP_241768785.1	MER0013656|S08.046|S08A	39.3	54.1	91.8	290	6.43e-36	132
WP_241768785.1	MER0000316|S08.157|S08A	36.7	53.4	90.3	286	4.17e-34	127
WP_241768785.1	MER0002575|S08.102|S08A	38.6	47.9	82.1	259	7.43e-34	126
