WP_011617995.1	MER0011806|C44.A03|C44	39.7	46.1	98.3	239	3.37e-48	163
WP_011617995.1	MER0004101|C44.A01|C44	40.8	44.3	91.6	223	6.81e-47	160
WP_011617995.1	MER0011781|C44.A02|C44	38.3	44.3	91.1	222	5.17e-45	155
WP_011617995.1	MER0003314|C44.001|C44	39.6	44.1	92.1	245	6.10e-43	150
WP_011617995.1	MER0003327|C44.971|C44	31.7	36.9	77.4	189	2.15e-16	75.5
WP_011617995.1	MER0185695|C44.A08|C44	24.1	44.5	100	232	1.37e-10	58.2
WP_011618037.1	MER0045886|C26.957|C26	46.7	42.4	94.5	225	3.15e-64	206
WP_011618037.1	MER0044889|C26.A21|C26	41.1	43.8	95.0	231	1.38e-53	178
WP_011618037.1	MER0042974|C26.A07|C26	42.8	35.6	99.5	194	2.97e-48	162
WP_011618037.1	MER0043387|C26.950|C26	43.3	33.7	100	178	5.28e-42	145
WP_011618037.1	MER0038086|C26.962|C26	36.8	39.6	88.1	223	5.79e-37	134
WP_011618037.1	MER0436735|C26.A34|C26	28.8	42.4	98.9	260	7.46e-37	134
WP_011618037.1	MER0043537|C26.A31|C26	35.8	35.4	98.4	187	1.63e-32	120
WP_011618037.1	MER0045094|C26.959|C26	31.1	29.9	66.4	161	4.39e-14	68.9
WP_011618037.1	MER0044882|C26.A09|C26	28.0	30.1	91.2	168	5.29e-14	67.4
WP_011618037.1	MER0043394|C26.955|C26	32.2	28.0	90.9	152	7.85e-13	63.5
WP_011618037.1	MER0044622|C26.A25|C26	29.2	28.4	59.1	154	1.46e-12	64.7
WP_011618037.1	MER0044619|C26.A26|C26	20.0	25.2	56.5	135	2.32e-05	42.7
WP_011618037.1	MER0044812|C26.A04|C26	32.0	19.1	38.9	103	4.32e-05	42.0
WP_011618054.1	MER0000474|S14.001|S14	69.0	81.7	90.3	187	2.70e-88	256
WP_011618054.1	MER0005687|S14.A01|S14	60.0	83.0	87.7	190	4.05e-74	221
WP_011618054.1	MER0002211|S14.003|S14	56.5	83.4	92.3	191	3.83e-71	213
WP_011618054.1	MER0006046|S14.A02|S14	53.2	82.1	90.8	188	2.19e-70	211
WP_011618054.1	MER0002299|S14.A04|S14	54.5	81.7	93.0	187	9.65e-68	204
WP_011618054.1	MER0006063|S14.010|S14	50.5	89.1	97.6	204	4.87e-67	202
WP_011618054.1	MER0004855|S14.A03|S14	55.7	76.0	83.3	174	2.87e-66	201
WP_011618054.1	MER0004847|S14.009|S14	52.1	81.7	90.4	188	1.29e-64	196
WP_011618054.1	MER0004857|S14.008|S14	55.7	82.1	93.2	194	2.51e-64	196
WP_011618054.1	MER0006308|S14.002|S14	46.8	81.7	96.9	190	4.21e-55	172
WP_011618054.1	MER0004182|S14.006|S14	44.7	83.0	91.6	190	1.54e-51	163
WP_011618054.1	MER0006056|S14.011|S14	46.8	75.5	81.5	173	3.90e-51	162
WP_011618054.1	MER0011666|S14.005|S14	39.9	74.7	91.5	173	8.45e-36	122
WP_011618054.1	MER0001369|S14.007|S14	37.5	31.4	55.0	72	1.65e-11	57.0
WP_011618112.1	MER0002655|M20.015|M20D	38.5	92.1	94.4	364	6.35e-74	232
WP_011618112.1	MER0002007|M20.008|M20D	36.4	96.9	96.9	387	3.61e-70	223
WP_011618112.1	MER0003770|M20.A27|M20D	38.1	93.1	96.8	373	2.24e-62	202
WP_011618112.1	MER0002014|M20.A03|M20D	34.5	93.4	93.9	371	3.57e-62	202
WP_011618112.1	MER0002659|M20.014|M20D	35.1	92.3	92.9	367	1.39e-61	200
WP_011618112.1	MER0002013|M20.A02|M20D	37.5	92.8	93.2	371	8.23e-61	198
WP_011618112.1	MER0005173|M20.A05|M20D	35.8	93.1	97.9	371	7.70e-59	192
WP_011618112.1	MER0005155|M20.A06|M20D	32.8	93.1	97.4	372	6.03e-50	169
WP_011618112.1	MER0005163|M20.009|M20D	42.2	38.9	58.0	154	3.60e-34	124
WP_011618112.1	MER0003581|M20.020|M20D	30.5	83.1	99.4	338	8.22e-32	120
WP_011618112.1	MER0015354|M20.A01|M20D	38.9	42.5	57.6	167	3.24e-30	114
WP_011618112.1	MER0003815|M20.A04|M20D	38.3	42.5	55.7	167	7.58e-30	114
WP_011618112.1	MER0002664|M20.A26|M20D	39.3	38.1	51.1	150	7.41e-25	99.8
WP_011618119.1	MER0003327|C44.971|C44	46.3	38.4	98.7	242	9.47e-61	199
WP_011618119.1	MER0185695|C44.A08|C44	40.0	35.7	100	230	1.06e-47	164
WP_011618119.1	MER0012158|C44.972|C44	29.2	43.3	100	343	2.53e-30	119
WP_011618119.1	MER0003350|C44.975|C44	36.3	30.4	100	212	2.96e-30	115
WP_011618119.1	MER0003322|C44.970|C44	35.5	29.9	100	211	3.14e-28	109
WP_011618119.1	MER0011806|C44.A03|C44	30.3	36.6	94.5	238	4.73e-20	86.7
WP_011618119.1	MER0004101|C44.A01|C44	29.8	36.6	94.5	238	3.97e-19	84.0
WP_011618119.1	MER0011781|C44.A02|C44	28.1	34.6	89.9	224	5.08e-17	77.8
WP_011618119.1	MER0003314|C44.001|C44	31.0	21.2	54.5	145	1.15e-12	65.5
WP_011618157.1	MER0065588|C26.965|C26	35.9	97.2	98.5	206	2.27e-32	113
WP_011618163.1	MER0034539|C44.976|C44	39.6	27.6	78.9	169	4.81e-29	111
WP_011618163.1	MER0004101|C44.A01|C44	33.3	20.9	56.5	138	2.59e-07	48.9
WP_011618163.1	MER0011806|C44.A03|C44	32.6	20.4	55.3	135	2.69e-06	45.8
WP_011618163.1	MER0011781|C44.A02|C44	31.1	20.4	55.3	135	4.91e-05	42.0
WP_011618163.1	MER0003322|C44.970|C44	41.0	6.5	18.9	39	7.28e-04	38.1
WP_011618268.1	MER0003558|S09.A83|S09C	44.7	22.2	18.1	47	1.71e-05	41.2
WP_011618299.1	MER0066182|M23.A04|M23B	34.2	10.6	30.7	73	5.73e-05	41.6
WP_011618322.1	MER0005925|S12.A13|S12	39.8	39.2	70.5	249	1.41e-47	167
WP_011618322.1	MER0005836|S12.A12|S12	34.9	38.5	90.9	241	5.45e-31	118
WP_011618322.1	MER0026262|S12.008|S12	25.4	39.7	69.7	264	2.90e-22	95.5
WP_011618322.1	MER0140154|S12.A27|S12	27.3	28.9	54.3	194	1.22e-13	69.3
WP_011618322.1	MER0011700|S12.A16|S12	26.9	32.5	56.0	216	3.52e-12	65.1
WP_011618322.1	MER0002489|S12.003|S12	26.6	38.7	69.4	259	4.12e-12	64.7
WP_011618322.1	MER0004090|S12.A03|S12	26.5	33.3	53.9	219	8.74e-11	60.8
WP_011618322.1	MER0017069|S12.009|S12	25.3	29.6	52.1	186	3.65e-09	55.5
WP_011618322.1	MER0005964|S12.951|S12	23.6	34.0	54.1	212	5.47e-09	55.1
WP_011618322.1	MER0003802|S12.A21|S12	26.3	30.7	53.5	190	5.88e-09	54.7
WP_011618322.1	MER0356183|S12.A24|S12	25.8	35.9	96.6	240	1.45e-07	49.7
WP_011618322.1	MER0005923|S12.004|S12	21.9	36.9	64.4	301	3.50e-07	49.7
WP_011618322.1	MER0192873|S12.A25|S12	25.0	31.4	87.4	212	8.04e-07	47.4
WP_011618322.1	MER0006204|S12.950|S12	24.7	30.4	49.9	198	1.62e-06	47.4
WP_011618322.1	MER0354941|S12.A22|S12	29.8	15.3	46.7	94	1.50e-05	43.1
WP_011618322.1	MER0122661|S12.A28|S12	28.0	22.8	37.6	150	4.28e-05	42.7
WP_011618322.1	MER0003800|S12.952|S12	37.3	8.3	12.5	51	2.59e-04	40.4
WP_011618327.1	MER0002563|M41.020|M41	64.3	38.1	95.9	235	1.06e-99	301
WP_011618327.1	MER0017637|M41.024|M41	65.1	38.1	95.9	235	1.06e-99	301
WP_011618327.1	MER0002408|M41.017|M41	49.4	38.1	93.5	235	8.47e-67	215
WP_011618327.1	MER0001620|M41.001|M41	45.6	39.1	84.1	241	1.43e-65	213
WP_011618327.1	MER0002602|M41.009|M41	43.0	37.9	86.1	235	2.98e-60	199
WP_011618327.1	MER0005466|M41.021|M41	41.4	39.4	99.6	244	1.04e-57	191
WP_011618327.1	MER0011745|M41.005|M41	48.3	38.1	88.8	236	3.69e-56	187
WP_011618327.1	MER0015137|M41.025|M41	46.6	38.1	89.8	236	2.52e-54	182
WP_011618327.1	MER0015199|M41.015|M41	40.9	37.6	81.4	232	1.85e-52	178
WP_011618327.1	MER0015197|M41.013|M41	44.6	37.4	85.7	231	1.46e-50	172
WP_011618327.1	MER0015193|M41.019|M41	43.3	38.1	97.1	238	4.12e-49	168
WP_011618327.1	MER0023544|M41.A10|M41	41.2	38.6	82.5	238	2.23e-47	164
WP_011618327.1	MER0015194|M41.A14|M41	38.9	37.9	84.2	234	2.90e-43	153
WP_011618327.1	MER0015195|M41.A15|M41	37.7	38.1	81.5	236	3.79e-43	153
WP_011618327.1	MER0005496|M41.007|M41	37.4	38.1	83.3	235	4.47e-43	152
WP_011618327.1	MER0056525|M41.A17|M41	37.3	38.1	89.2	236	1.38e-42	150
WP_011618327.1	MER0011224|M41.A09|M41	37.0	38.1	81.5	235	1.81e-41	148
WP_011618327.1	MER0004454|M41.006|M41	38.0	38.1	82.5	237	4.36e-40	144
WP_011618327.1	MER0190705|M41.A18|M41	34.3	38.7	100	239	7.42e-40	142
WP_011618327.1	MER0171760|M41.A12|M41	34.0	40.4	89.4	250	2.30e-39	142
WP_011618327.1	MER0002605|M41.003|M41	37.2	38.6	85.3	239	1.60e-38	140
WP_011618327.1	MER0002600|M41.002|M41	38.1	38.1	87.5	236	3.31e-38	139
WP_011618327.1	MER0190577|M41.A16|M41	36.2	38.1	88.9	235	8.64e-38	137
WP_011618327.1	MER0011748|M41.022|M41	35.6	39.5	85.0	247	1.86e-37	137
WP_011618327.1	MER0014324|M41.018|M41	36.9	38.2	91.2	236	3.72e-37	135
WP_011618372.1	MER0024252|C40.009|C40	53.5	51.8	96.0	127	9.58e-44	141
WP_011618372.1	MER0001322|C40.001|C40	33.6	47.3	83.9	116	1.06e-10	54.7
WP_011618372.1	MER0003807|C40.007|C40	37.9	33.5	68.6	87	2.01e-10	53.9
WP_011618402.1	MER0031610|S33.976|S33	21.4	28.3	47.2	159	5.59e-04	38.9
WP_011618503.1	MER0001297|S41.008|S41A	51.5	38.2	97.6	165	1.51e-49	163
WP_011618503.1	MER0003514|S41.010|S41A	45.6	36.6	93.5	158	3.32e-42	144
WP_011618503.1	MER0003413|S41.002|S41A	48.8	38.7	98.2	168	4.79e-42	143
WP_011618503.1	MER0003065|S41.009|S41A	46.3	37.5	95.9	162	9.98e-40	137
WP_011618503.1	MER0001425|S41.004|S41A	43.3	38.4	98.3	180	8.85e-39	135
WP_011618503.1	MER0005714|S41.A01|S41A	46.4	36.3	93.3	166	3.67e-38	133
WP_011618503.1	MER0015684|S41.A02|S41A	42.9	37.3	95.3	163	6.31e-35	124
WP_011618503.1	MER0004196|S41.013|S41A	34.9	38.2	97.7	169	5.65e-26	100
WP_011618503.1	MER0004195|S41.007|S41A	33.3	38.7	98.8	168	1.89e-24	96.3
WP_011618503.1	MER0001295|S41.001|S41A	33.1	37.3	95.6	175	4.52e-23	92.8
WP_011618503.1	MER0195376|S41.012|S41A	28.1	27.8	79.8	146	2.73e-05	41.6
WP_011618540.1	MER0107825|C82.A04|C82A	42.9	27.6	26.7	35	1.32e-04	36.2
WP_011618540.1	MER0107804|C82.A02|C82A	23.7	91.3	100	135	4.79e-04	34.7
WP_011618670.1	MER0000474|S14.001|S14	63.6	92.0	88.4	184	1.29e-76	226
WP_011618670.1	MER0005687|S14.A01|S14	60.5	92.5	87.2	185	8.60e-71	211
WP_011618670.1	MER0006308|S14.002|S14	48.7	96.5	98.5	193	1.25e-64	195
WP_011618670.1	MER0004857|S14.008|S14	59.0	86.5	82.6	173	1.16e-62	190
WP_011618670.1	MER0002211|S14.003|S14	53.9	90.0	86.5	180	1.54e-60	185
WP_011618670.1	MER0002299|S14.A04|S14	55.3	89.5	88.6	179	5.14e-60	183
WP_011618670.1	MER0006046|S14.A02|S14	51.1	90.0	86.5	180	7.11e-59	181
WP_011618670.1	MER0004855|S14.A03|S14	52.2	93.0	87.1	186	1.07e-58	180
WP_011618670.1	MER0004847|S14.009|S14	52.5	90.5	87.0	181	2.95e-58	179
WP_011618670.1	MER0006063|S14.010|S14	52.0	86.5	82.7	173	1.56e-55	172
WP_011618670.1	MER0006056|S14.011|S14	50.9	82.5	77.3	165	2.90e-51	161
WP_011618670.1	MER0004182|S14.006|S14	42.0	87.0	85.2	174	8.94e-43	139
WP_011618670.1	MER0011666|S14.005|S14	44.8	82.0	87.3	165	1.69e-42	138
WP_011618670.1	MER0001369|S14.007|S14	40.3	36.0	55.0	72	5.06e-15	65.9
WP_011618695.1	MER0011513|S26.A09|S26A	26.1	94.9	94.3	115	1.22e-04	35.4
WP_011618768.1	MER0066189|S09.946|S09C	28.2	96.3	97.1	238	4.72e-27	101
WP_011618794.1	MER0017248|S09.A36|S09X	25.3	51.6	62.4	194	6.98e-06	43.9
WP_011618794.1	MER0048191|S09.A06|S09X	25.7	29.7	38.8	113	1.24e-04	40.0
WP_011618794.1	MER0017239|S09.A68|S09C	41.5	11.3	13.2	41	5.71e-04	38.1
WP_011618798.1	MER0034960|S09.A86|S09X	29.2	62.1	81.7	250	2.77e-20	86.3
WP_011618798.1	MER0033274|S09.993|S09X	29.8	43.8	55.7	141	1.51e-15	72.0
WP_011618798.1	MER0043146|S09.951|S09C	28.6	65.0	82.3	231	6.06e-15	70.5
WP_011618798.1	MER0036033|S09.A10|S09C	28.7	71.9	90.1	247	7.96e-15	70.1
WP_011618798.1	MER0036039|S09.A12|S09C	27.8	65.9	83.6	230	8.53e-15	70.1
WP_011618798.1	MER0034548|S09.A47|S09C	23.9	73.2	91.3	234	1.15e-13	66.6
WP_011618798.1	MER0043003|S09.A15|S09C	31.6	49.8	63.7	177	5.61e-13	64.7
WP_011618798.1	MER0036370|S09.968|S09C	35.3	36.9	67.8	119	7.82e-13	62.8
WP_011618798.1	MER0034961|S09.A82|S09X	35.1	35.0	34.2	114	5.75e-12	62.4
WP_011618798.1	MER0034959|S09.A85|S09X	34.5	35.0	34.5	113	8.06e-11	58.9
WP_011618798.1	MER0036029|S09.A08|S09X	43.2	21.5	24.5	74	3.23e-09	53.9
WP_011618798.1	MER0036028|S09.A07|S09X	29.5	30.6	40.7	112	2.17e-08	51.2
WP_011618798.1	MER0036040|S09.A05|S09X	45.9	18.6	20.3	61	3.32e-08	50.8
WP_011618798.1	MER0042911|S09.A14|S09X	30.1	27.8	34.8	93	2.18e-07	48.1
WP_011618798.1	MER0031563|S09.977|S09X	29.0	45.1	57.1	145	3.29e-07	47.4
WP_011618798.1	MER0039263|S09.A97|S09C	31.0	30.0	36.3	100	9.03e-07	46.2
WP_011618798.1	MER0047634|S09.068|S09X	30.3	27.1	27.3	89	1.71e-06	45.4
WP_011618798.1	MER0034722|S09.945|S09X	29.8	38.5	41.3	131	2.33e-05	42.0
WP_011618798.1	MER0036034|S09.A11|S09X	35.9	19.2	23.5	64	1.31e-04	39.7
WP_011618798.1	MER0033198|S09.980|S09X	27.2	29.3	27.0	103	9.10e-04	37.4
WP_011618812.1	MER0094392|C82.003|C82B	41.9	19.2	38.1	43	4.92e-05	38.5
WP_011618812.1	MER0107804|C82.A02|C82A	43.9	18.3	31.3	41	8.85e-05	38.1
WP_011618812.1	MER0107825|C82.A04|C82A	41.5	18.3	31.3	41	1.64e-04	37.4
WP_011618812.1	MER0107820|C82.A05|C82A	32.8	27.2	41.5	61	3.21e-04	36.6
WP_011618840.1	MER0036053|S33.A01|S33	33.0	79.5	97.0	276	1.22e-29	111
WP_011618840.1	MER0036054|S33.A02|S33	30.7	81.0	96.0	293	1.01e-23	95.5
WP_011618840.1	MER0036065|S33.A03|S33	32.7	78.9	98.4	266	3.49e-22	90.9
WP_011618840.1	MER0036074|S33.A34|S33	25.9	85.5	76.9	321	7.54e-15	71.6
WP_011618840.1	MER0037236|S33.016|S33	26.7	84.0	97.7	292	7.23e-12	61.6
WP_011618840.1	MER0004146|S33.995|S33	26.1	83.7	97.7	284	2.40e-11	60.1
WP_011618840.1	MER0011509|S33.A84|S33	23.3	81.9	86.3	288	4.73e-11	59.7
WP_011618840.1	MER0017193|S33.991|S33	43.0	23.8	27.1	79	1.63e-10	57.8
WP_011618840.1	MER0030163|S33.975|S33	25.5	79.5	90.0	275	1.79e-10	57.8
WP_011618840.1	MER0017142|S33.994|S33	36.6	32.8	39.8	112	4.50e-09	53.1
WP_011618840.1	MER0036066|S33.A04|S33	35.6	30.1	40.2	101	2.56e-08	50.8
WP_011618840.1	MER0011785|S33.009|S33	33.0	29.2	29.8	100	7.12e-08	50.1
WP_011618840.1	MER0036050|S33.A17|S33	36.3	25.9	27.1	91	9.38e-08	49.7
WP_011618840.1	MER0044578|S33.A28|S33	32.0	27.4	26.4	100	2.43e-07	48.5
WP_011618840.1	MER0031610|S33.976|S33	32.7	33.1	35.5	113	2.77e-07	48.1
WP_011618840.1	MER0036078|S33.A75|S33	31.4	30.7	31.7	102	3.77e-07	47.4
WP_011618840.1	MER0036064|S33.A16|S33	31.6	29.5	36.1	98	4.17e-07	47.4
WP_011618840.1	MER0036062|S33.A07|S33	29.8	35.2	43.9	124	1.07e-06	46.2
WP_011618840.1	MER0036075|S33.A73|S33	32.0	29.2	28.4	103	1.75e-06	45.8
WP_011618840.1	MER0036084|S33.A29|S33	30.3	32.5	39.3	109	2.47e-06	45.1
WP_011618840.1	MER0036051|S33.A12|S33	34.3	29.2	30.2	102	5.22e-06	44.3
WP_011618840.1	MER0036076|S33.A33|S33	34.7	30.1	32.8	101	1.15e-05	43.1
WP_011618840.1	MER0036063|S33.A06|S33	27.4	35.2	43.0	124	1.98e-05	42.4
WP_011618840.1	MER0036059|S33.A79|S33	30.3	33.7	33.8	122	5.52e-05	41.2
WP_011618840.1	MER0213595|S33.A70|S33	31.8	31.0	42.6	107	1.28e-04	39.7
WP_011618854.1	MER0059846|S33.A46|S33	30.0	77.9	77.1	293	6.24e-23	95.1
WP_011618904.1	MER0065588|C26.965|C26	34.7	91.2	97.4	199	3.17e-26	97.4
WP_011618904.1	MER0043392|C26.960|C26	24.5	89.8	94.7	196	3.16e-04	37.0
WP_011618943.1	MER0001001|M01.005|M01	63.3	24.0	100	210	1.92e-88	276
WP_011618943.1	MER0005037|M01.029|M01	52.2	20.8	98.9	182	3.63e-64	210
WP_011618943.1	MER0040779|M01.035|M01	39.2	23.9	100	209	2.72e-43	152
WP_011618943.1	MER0002060|M01.011|M01	29.3	22.4	90.0	198	2.05e-26	105
WP_011618943.1	MER0011440|M01.A09|M01	29.9	21.9	88.2	194	2.45e-25	102
WP_011618943.1	MER0011371|M01.A10|M01	30.8	23.5	100	208	2.48e-25	101
WP_011618943.1	MER0002003|M01.015|M01	28.5	24.8	99.5	221	1.16e-24	100
WP_011618943.1	MER0019759|M01.A25|M01	30.8	21.9	83.2	195	2.77e-24	99.4
WP_011618943.1	MER0002078|M01.A28|M01	28.3	24.8	93.6	219	7.27e-24	98.2
WP_011618943.1	MER0001012|M01.003|M01	27.1	24.1	98.2	218	2.26e-23	96.3
WP_011618943.1	MER0011183|M01.A24|M01	29.1	23.3	92.8	206	2.55e-23	96.3
WP_011618943.1	MER0011438|M01.A08|M01	30.3	20.8	86.8	185	1.27e-22	94.0
WP_011618943.1	MER0011370|M01.A11|M01	31.0	20.9	88.1	187	5.59e-22	92.0
WP_011618943.1	MER0002968|M01.024|M01	26.6	24.8	99.5	222	4.31e-21	89.7
WP_011618943.1	MER0001010|M01.007|M01	29.1	21.9	93.7	196	4.45e-21	89.4
WP_011618943.1	MER0011369|M01.A12|M01	29.6	20.7	81.3	186	5.65e-20	86.7
WP_011618943.1	MER0002746|M01.010|M01	26.1	22.8	86.3	207	6.82e-20	86.7
WP_011618943.1	MER0004243|M01.016|M01	32.3	21.5	88.0	195	1.61e-19	85.1
WP_011618943.1	MER0001701|M01.008|M01	27.6	25.3	100	225	1.87e-19	85.1
WP_011618943.1	MER0002355|M01.A19|M01	28.5	23.3	89.6	207	3.23e-19	84.3
WP_011618943.1	MER0091680|M01.A31|M01	27.9	25.1	97.3	222	4.20e-19	84.0
WP_011618943.1	MER0005331|M01.018|M01	28.1	22.4	93.4	199	4.80e-19	83.6
WP_011618943.1	MER0000997|M01.001|M01	30.5	19.1	79.3	174	7.41e-19	83.2
WP_011618943.1	MER0011423|M01.A02|M01	28.8	20.3	85.1	184	1.11e-17	79.7
WP_011618943.1	MER0006264|M01.A29|M01	28.6	20.5	98.9	185	1.86e-17	78.2
WP_011619004.1	MER0002601|C56.976|C56	36.6	34.8	54.0	82	9.89e-11	55.1
WP_011619004.1	MER0034659|C56.A05|C56	32.2	36.5	53.0	87	4.01e-10	53.9
WP_011619004.1	MER0014721|C56.A01|C56	28.1	60.9	75.6	146	1.73e-09	52.0
WP_011619004.1	MER0031431|C56.004|C56	27.6	43.5	64.8	105	4.90e-09	50.8
WP_011619004.1	MER0044553|C56.974|C56	28.4	43.9	69.7	102	5.76e-07	44.7
WP_011619004.1	MER0038141|C56.006|C56	25.3	33.9	49.0	79	3.15e-04	37.0
WP_011619058.1	MER0020029|C59.001|C59	23.9	74.9	84.5	305	1.49e-11	61.6
WP_011619190.1	MER0005068|M10.062|M10B	33.3	16.5	60.1	108	8.68e-10	55.1
WP_011619190.1	MER0014348|M10.035|M10B	38.3	9.7	30.9	60	5.35e-08	50.1
WP_011619190.1	MER0029131|M10.063|M10B	37.3	12.1	37.9	75	5.25e-07	47.0
WP_011619190.1	MER0001096|M10.051|M10B	44.1	9.5	29.7	59	3.51e-06	44.7
WP_011619190.1	MER0001098|M10.053|M10B	37.5	9.0	29.4	56	5.98e-06	43.9
WP_011619190.1	MER0001097|M10.056|M10B	35.1	12.3	42.6	77	1.79e-05	42.4
WP_011619190.1	MER0004614|M10.060|M10B	34.2	12.3	40.6	76	3.64e-05	41.6
WP_011619190.1	MER0001613|M10.057|M10B	34.4	10.3	31.8	64	4.06e-05	41.6
WP_011619190.1	MER0001101|M10.052|M10B	37.2	12.4	38.4	78	8.30e-05	40.4
WP_011619190.1	MER0001099|M10.054|M10B	40.5	11.8	37.9	74	8.84e-05	40.4
WP_011619231.1	MER0016301|M103.001|M103	35.0	90.2	93.0	446	1.26e-67	221
WP_011619231.1	MER0016248|M103.003|M103	25.0	48.4	90.4	236	2.37e-19	84.3
WP_011619231.1	MER0016222|M103.950|M103	23.3	87.7	90.7	433	1.07e-14	72.8
WP_011619231.1	MER0028087|M103.002|M103	24.4	36.4	37.1	176	1.52e-09	56.6
WP_011619248.1	MER0002408|M41.017|M41	52.4	37.3	91.9	231	3.46e-66	214
WP_011619248.1	MER0017637|M41.024|M41	43.4	37.6	95.1	235	5.25e-52	176
WP_011619248.1	MER0002563|M41.020|M41	42.6	37.6	95.1	235	1.02e-51	175
WP_011619248.1	MER0011745|M41.005|M41	43.5	37.3	87.3	232	1.53e-51	175
WP_011619248.1	MER0015137|M41.025|M41	42.7	37.3	88.3	232	2.71e-50	172
WP_011619248.1	MER0015193|M41.019|M41	43.8	37.3	95.4	233	4.28e-49	168
WP_011619248.1	MER0005466|M41.021|M41	38.3	36.3	92.1	227	1.92e-41	147
WP_011619248.1	MER0001620|M41.001|M41	36.3	38.7	86.9	251	2.78e-39	142
WP_011619248.1	MER0015199|M41.015|M41	39.1	38.1	82.8	238	3.39e-35	131
WP_011619248.1	MER0015197|M41.013|M41	38.8	37.1	85.3	232	3.91e-35	130
WP_011619248.1	MER0023544|M41.A10|M41	34.5	38.1	81.8	238	6.37e-33	124
WP_011619248.1	MER0005496|M41.007|M41	33.2	38.1	83.6	238	9.19e-32	121
WP_011619248.1	MER0002602|M41.009|M41	33.1	37.6	85.8	236	4.16e-31	119
WP_011619248.1	MER0002605|M41.003|M41	32.8	38.1	84.5	238	4.76e-30	116
WP_011619248.1	MER0011748|M41.022|M41	33.6	38.1	82.1	238	7.93e-30	115
WP_011619248.1	MER0014324|M41.018|M41	37.1	36.8	87.9	232	8.96e-30	114
WP_011619248.1	MER0015609|M41.023|M41	33.3	36.5	78.3	228	1.92e-29	114
WP_011619248.1	MER0011224|M41.A09|M41	33.2	38.1	81.8	238	5.17e-29	113
WP_011619248.1	MER0002600|M41.002|M41	29.8	38.1	87.9	238	4.01e-28	110
WP_011619248.1	MER0171760|M41.A12|M41	32.1	40.0	89.0	252	8.86e-28	109
WP_011619248.1	MER0015194|M41.A14|M41	29.1	37.9	84.5	237	1.23e-27	109
WP_011619248.1	MER0015195|M41.A15|M41	30.0	38.1	81.8	237	2.07e-27	108
WP_011619248.1	MER0056525|M41.A17|M41	31.4	36.5	85.7	229	3.10e-27	107
WP_011619248.1	MER0002608|M41.A11|M41	34.1	36.6	82.5	232	4.49e-27	107
WP_011619248.1	MER0004454|M41.006|M41	32.4	38.1	82.8	238	1.28e-26	106
WP_011619252.1	MER0069741|M23.009|M23B	47.3	27.3	52.3	91	7.71e-20	82.4
WP_011619252.1	MER0003380|M23.011|M23B	43.7	30.0	41.5	103	1.64e-19	83.2
WP_011619252.1	MER0013541|M23.014|M23B	43.5	25.5	96.6	85	1.20e-18	76.6
WP_011619252.1	MER0003376|M23.005|M23B	40.7	29.7	62.7	108	3.92e-16	72.0
WP_011619252.1	MER0387040|M23.A03|M23B	39.6	28.5	92.2	96	2.95e-15	67.8
WP_011619252.1	MER0066182|M23.A04|M23B	39.6	28.5	47.7	96	2.38e-14	67.8
WP_011619252.1	MER0001419|M23.004|M23B	40.2	30.6	74.8	107	2.76e-14	66.2
WP_011619252.1	MER0003906|M23.013|M23B	38.7	29.7	98.1	106	2.97e-14	65.1
WP_011619252.1	MER0003423|M23.012|M23B	40.2	30.6	74.8	107	9.76e-14	64.7
WP_011619252.1	MER0001282|M23.002|M23A	31.0	22.8	43.9	84	3.07e-06	43.9
WP_011619289.1	MER0000471|S13.002|S13	26.0	80.2	91.2	434	7.24e-21	91.3
WP_011619289.1	MER0011571|S13.003|S13	32.4	33.9	32.5	148	6.97e-10	57.4
WP_011619289.1	MER0026276|S13.A01|S13	30.8	25.4	24.7	120	9.65e-10	57.0
WP_011619289.1	MER0000472|S13.001|S13	21.3	76.2	88.0	413	1.25e-09	56.6
WP_011619289.1	MER0066354|S13.005|S13	22.6	72.2	96.0	336	1.12e-07	50.1
WP_011619289.1	MER0053015|S13.004|S13	23.8	74.6	87.4	336	2.89e-06	45.8
WP_011619304.1	MER0073084|M61.002|M61	29.0	74.7	92.2	452	9.22e-54	187
WP_011619340.1	MER0002408|M41.017|M41	65.9	38.3	100	246	2.08e-106	319
WP_011619340.1	MER0015137|M41.025|M41	56.0	37.5	94.1	241	2.43e-87	270
WP_011619340.1	MER0011745|M41.005|M41	56.0	37.5	93.1	241	1.48e-86	268
WP_011619340.1	MER0015193|M41.019|M41	54.6	36.9	100	240	7.35e-83	258
WP_011619340.1	MER0002563|M41.020|M41	46.5	35.0	93.9	230	1.27e-59	197
WP_011619340.1	MER0005466|M41.021|M41	44.4	35.9	96.7	234	8.01e-59	194
WP_011619340.1	MER0017637|M41.024|M41	47.0	35.0	93.9	230	1.30e-58	194
WP_011619340.1	MER0002602|M41.009|M41	38.8	37.0	89.1	242	3.68e-51	175
WP_011619340.1	MER0001620|M41.001|M41	37.8	35.9	82.3	233	3.82e-47	164
WP_011619340.1	MER0015199|M41.015|M41	35.1	36.9	84.9	239	1.74e-40	146
WP_011619340.1	MER0015197|M41.013|M41	38.8	35.6	86.9	232	5.10e-40	144
WP_011619340.1	MER0190577|M41.A16|M41	35.8	35.0	86.9	226	2.71e-37	136
WP_011619340.1	MER0005496|M41.007|M41	34.4	35.0	81.4	227	9.67e-37	135
WP_011619340.1	MER0015194|M41.A14|M41	32.5	35.6	84.2	231	4.23e-36	133
WP_011619340.1	MER0011224|M41.A09|M41	33.9	35.0	79.6	227	2.60e-35	131
WP_011619340.1	MER0056525|M41.A17|M41	35.2	35.8	89.2	233	2.69e-35	130
WP_011619340.1	MER0005755|M41.026|M41	33.0	35.6	96.0	233	3.71e-35	129
WP_011619340.1	MER0023544|M41.A10|M41	34.8	35.0	79.6	227	4.87e-35	130
WP_011619340.1	MER0002608|M41.A11|M41	32.6	35.8	85.4	236	2.69e-34	128
WP_011619340.1	MER0014324|M41.018|M41	32.3	35.8	90.8	232	2.19e-33	125
WP_011619340.1	MER0024900|M41.A21|M41	28.8	35.6	89.0	229	2.61e-33	125
WP_011619340.1	MER0171760|M41.A12|M41	32.2	41.2	98.1	270	7.57e-33	124
WP_011619340.1	MER0015609|M41.023|M41	33.6	36.1	82.4	235	4.33e-32	122
WP_011619340.1	MER0015195|M41.A15|M41	31.5	35.8	81.5	232	4.64e-32	122
WP_011619340.1	MER0011748|M41.022|M41	33.7	37.6	87.6	249	2.13e-31	120
WP_011619341.1	MER0000474|S14.001|S14	62.2	95.9	90.8	188	1.07e-81	238
WP_011619341.1	MER0005687|S14.A01|S14	66.5	89.8	83.4	176	2.25e-72	215
WP_011619341.1	MER0006046|S14.A02|S14	54.2	98.0	92.8	192	8.00e-72	213
WP_011619341.1	MER0002211|S14.003|S14	54.7	98.0	92.8	192	4.97e-68	204
WP_011619341.1	MER0002299|S14.A04|S14	53.8	94.9	92.5	186	8.91e-65	195
WP_011619341.1	MER0004857|S14.008|S14	54.4	92.9	87.4	182	1.16e-61	187
WP_011619341.1	MER0004855|S14.A03|S14	52.6	88.3	82.8	173	4.97e-61	186
WP_011619341.1	MER0004847|S14.009|S14	46.6	95.9	90.9	189	4.15e-57	176
WP_011619341.1	MER0006063|S14.010|S14	48.1	93.4	87.5	183	6.74e-56	173
WP_011619341.1	MER0004182|S14.006|S14	42.3	96.4	91.1	189	7.98e-51	160
WP_011619341.1	MER0006308|S14.002|S14	41.1	90.8	91.8	180	5.22e-50	157
WP_011619341.1	MER0006056|S14.011|S14	44.5	88.3	81.5	173	4.62e-49	155
WP_011619341.1	MER0011666|S14.005|S14	43.9	87.2	91.5	173	4.75e-41	134
WP_011619341.1	MER0001369|S14.007|S14	38.9	36.7	55.0	72	2.63e-12	58.5
WP_011619384.1	MER0043126|S09.990|S09X	46.2	99.0	99.3	286	8.20e-88	260
WP_011619384.1	MER0061081|S09.A39|S09X	48.8	97.6	100	285	5.12e-87	258
WP_011619384.1	MER0061059|S09.940|S09B	44.4	95.5	97.8	275	5.92e-75	227
WP_011619447.1	MER0015620|S26.A01|S26A	46.1	74.5	96.1	152	2.93e-44	142
WP_011619447.1	MER0003269|S26.008|S26A	44.4	72.5	93.6	151	6.70e-41	133
WP_011619447.1	MER0055964|S26.A02|S26A	43.8	75.0	99.3	153	7.70e-41	133
WP_011619447.1	MER0013626|S26.026|S26A	34.6	73.0	94.1	156	3.08e-22	85.5
WP_011619447.1	MER0016034|S26.020|S26A	34.2	69.6	95.5	161	4.78e-21	82.4
WP_011619447.1	MER0003273|S26.016|S26A	30.2	74.0	95.7	169	4.40e-20	80.1
WP_011619447.1	MER0002550|S26.004|S26A	28.1	73.0	94.2	160	4.08e-19	77.4
WP_011619447.1	MER0000592|S26.003|S26A	29.8	73.0	94.2	161	7.82e-19	76.6
WP_011619447.1	MER0004537|S26.025|S26A	30.2	71.1	93.1	182	8.16e-19	77.4
WP_011619447.1	MER0015993|S26.021|S26A	30.3	74.0	95.5	165	2.10e-18	75.5
WP_011619447.1	MER0002551|S26.024|S26A	30.4	76.0	98.5	207	4.23e-18	75.9
WP_011619447.1	MER0028421|S26.018|S26A	32.7	74.0	95.6	165	6.31e-18	74.3
WP_011619447.1	MER0015994|S26.019|S26A	30.2	71.1	95.0	169	1.88e-16	70.5
WP_011619447.1	MER0006313|S26.006|S26A	33.3	66.2	90.1	150	4.22e-16	69.3
WP_011619447.1	MER0001912|S26.005|S26A	32.5	75.0	94.8	166	6.43e-16	68.9
WP_011619447.1	MER0001510|S26.007|S26A	28.1	73.0	94.2	160	9.17e-16	68.6
WP_011619447.1	MER0003268|S26.015|S26A	26.9	71.6	93.9	186	2.86e-13	62.4
WP_011619447.1	MER0000598|S26.012|S26A	27.9	74.5	95.5	154	6.19e-13	60.5
WP_011619447.1	MER0000589|S26.001|S26A	28.2	75.5	98.4	252	1.80e-12	61.2
WP_011619447.1	MER0000597|S26.002|S26A	33.1	64.7	70.7	133	2.02e-10	54.3
WP_011619483.1	MER0001313|A08.001|A08	33.9	74.7	76.8	127	6.63e-11	54.7
WP_011619528.1	MER0000576|S24.003|S24	44.6	76.2	96.5	112	5.89e-29	99.8
WP_011619528.1	MER0006172|S24.004|S24	49.2	44.2	82.3	65	3.47e-14	60.8
WP_011619528.1	MER0000569|S24.001|S24	37.4	61.9	76.3	91	1.02e-11	55.5
WP_011619556.1	MER0060647|C26.952|C26	39.8	93.7	98.0	369	5.21e-81	249
WP_011619556.1	MER0078640|C26.951|C26	36.0	95.3	100	375	3.88e-70	221
WP_011619556.1	MER0044812|C26.A04|C26	45.9	60.9	93.9	233	1.93e-67	210
WP_011619556.1	MER0045945|C26.963|C26	45.1	45.1	76.2	173	1.33e-47	158
WP_011619556.1	MER0046161|C26.956|C26	40.5	50.7	69.7	195	7.49e-42	145
WP_011619556.1	MER0043540|C26.A33|C26	35.7	62.0	96.9	238	4.59e-41	141
WP_011619556.1	MER0115185|C26.954|C26	51.4	35.9	95.1	138	5.84e-41	138
WP_011619556.1	MER0436691|C26.A27|C26	31.3	73.9	92.5	288	3.15e-35	127
WP_011619556.1	MER0044882|C26.A09|C26	30.9	32.7	73.6	136	2.04e-13	65.1
WP_011619556.1	MER0043537|C26.A31|C26	27.1	40.1	81.9	166	4.16e-11	58.5
WP_011619556.1	MER0043394|C26.955|C26	28.1	33.0	78.7	135	4.34e-10	55.1
WP_011619556.1	MER0043392|C26.960|C26	29.3	36.4	82.2	147	8.44e-08	48.5
WP_011619556.1	MER0042974|C26.A07|C26	26.6	41.2	84.5	169	1.18e-07	48.5
WP_011619556.1	MER0045094|C26.959|C26	26.7	40.1	65.6	161	2.51e-07	48.1
WP_011619556.1	MER0045095|C26.958|C26	26.4	32.5	52.4	140	1.71e-05	42.7
WP_011619593.1	MER0003514|S41.010|S41A	66.7	37.3	99.4	168	4.03e-69	214
WP_011619593.1	MER0001297|S41.008|S41A	64.8	36.7	97.6	165	3.53e-67	209
WP_011619593.1	MER0003065|S41.009|S41A	57.6	36.7	97.6	165	7.13e-56	180
WP_011619593.1	MER0003413|S41.002|S41A	51.2	36.2	96.5	164	3.94e-51	167
WP_011619593.1	MER0005714|S41.A01|S41A	50.9	35.6	94.9	169	2.39e-47	158
WP_011619593.1	MER0015684|S41.A02|S41A	48.1	35.1	93.6	160	2.73e-40	139
WP_011619593.1	MER0001425|S41.004|S41A	43.2	36.0	96.0	169	1.68e-38	134
WP_011619593.1	MER0004196|S41.013|S41A	40.0	36.0	95.9	165	3.09e-33	120
WP_011619593.1	MER0004195|S41.007|S41A	38.0	36.7	97.6	166	1.06e-29	110
WP_011619593.1	MER0001295|S41.001|S41A	33.9	35.6	95.1	174	9.73e-23	92.0
WP_011619593.1	MER0195376|S41.012|S41A	27.2	26.9	80.3	147	5.63e-04	37.7
WP_011619620.1	MER0016191|S66.001|S66	32.1	81.0	91.8	274	6.60e-23	93.2
WP_011619620.1	MER0016172|S66.002|S66	30.3	81.0	87.8	271	1.08e-22	92.8
WP_011619626.1	MER0000870|A24.001|A24A	34.3	84.1	92.7	233	1.62e-24	95.5
WP_011619626.1	MER0002075|A24.A01|A24A	27.8	52.0	93.0	144	2.58e-04	37.4
WP_011619645.1	MER0094392|C82.003|C82B	33.6	63.5	86.7	125	4.99e-11	54.7
WP_011619645.1	MER0107804|C82.A02|C82A	34.8	50.8	83.2	115	1.33e-08	48.5
WP_011619645.1	MER0107820|C82.A05|C82A	40.0	34.0	47.4	70	4.46e-06	41.6
WP_011619763.1	MER0015475|S54.029|S54	31.0	72.5	68.5	145	1.62e-12	60.1
WP_011619763.1	MER0015459|S54.014|S54	26.0	82.0	60.8	154	7.33e-04	35.8
WP_011619788.1	MER0006087|M03.A01|M03A	49.2	99.6	98.2	706	1.47e-243	689
WP_011619788.1	MER0015119|M03.A02|M03A	46.5	99.6	99.0	733	1.34e-227	649
WP_011619788.1	MER0001161|M03.004|M03A	40.5	99.3	99.7	706	6.96e-173	508
WP_011619788.1	MER0001158|M03.005|M03A	31.0	93.0	94.8	670	4.48e-93	300
WP_011619788.1	MER0001149|M03.001|M03A	28.4	88.1	86.6	631	1.73e-70	240
WP_011619788.1	MER0001153|M03.003|M03A	27.2	78.7	78.2	566	2.01e-63	221
WP_011619788.1	MER0108144|M03.A07|M03A	27.6	81.1	83.7	586	8.08e-63	218
WP_011619788.1	MER0003110|M03.009|M03A	26.5	91.6	93.0	697	6.84e-62	217
WP_011619788.1	MER0001942|M03.002|M03A	26.4	87.5	86.9	628	4.60e-60	211
WP_011619788.1	MER0079465|M03.011|M03A	27.0	80.0	85.8	578	2.06e-55	197
WP_011619788.1	MER0015170|M03.A03|M03A	26.0	77.7	79.8	549	9.00e-42	158
WP_011619788.1	MER0001156|M03.006|M03A	24.6	79.4	79.3	602	9.55e-35	137
WP_011619788.1	MER0059435|M03.A11|M03A	21.0	28.2	31.6	238	5.00e-04	40.0
WP_011619838.1	MER0061068|M38.A02|M38	62.5	81.4	99.7	301	1.43e-133	380
WP_011619850.1	MER0003290|S01.482|S01C	61.8	39.7	100	157	6.62e-57	180
WP_011619850.1	MER0000268|S01.480|S01C	55.5	39.7	100	155	4.45e-50	162
WP_011619850.1	MER0013623|S01.453|S01C	52.3	39.7	100	155	5.64e-47	154
WP_011619850.1	MER0004673|S01.494|S01C	39.5	63.9	93.4	271	1.24e-45	155
WP_011619850.1	MER0005468|S01.491|S01C	53.2	39.7	100	158	1.42e-45	151
WP_011619850.1	MER0003850|S01.500|S01C	44.8	43.9	97.2	172	1.03e-43	147
WP_011619850.1	MER0004111|S01.442|S01C	50.6	39.7	100	156	1.25e-41	140
WP_011619850.1	MER0002577|S01.277|S01C	48.7	39.7	100	156	2.81e-38	132
WP_011619850.1	MER0004093|S01.278|S01C	48.1	39.7	100	156	5.51e-38	131
WP_011619850.1	MER0011375|S01.476|S01C	47.8	39.7	100	157	2.19e-37	129
WP_011619850.1	MER0000266|S01.273|S01C	46.5	39.7	100	157	2.32e-37	129
WP_011619850.1	MER0001945|S01.472|S01C	47.8	39.7	100	159	7.31e-36	125
WP_011619850.1	MER0028330|S01.329|S01C	47.4	39.7	100	156	8.59e-36	125
WP_011619850.1	MER0001372|S01.274|S01C	44.9	39.7	100	158	1.83e-35	124
WP_011619850.1	MER0014795|S01.284|S01C	46.1	39.7	100	167	1.07e-34	122
WP_011619850.1	MER0004086|S01.B81|S01C	48.7	36.9	92.0	150	1.63e-34	122
WP_011619850.1	MER0006096|S01.A08|S01C	48.9	33.5	100	133	1.35e-33	119
WP_011619850.1	MER0003293|S01.477|S01C	45.0	36.4	93.3	140	4.44e-33	118
WP_011619850.1	MER0022668|S01.447|S01C	46.3	36.1	87.1	149	3.14e-32	116
WP_011619850.1	MER0016351|S01.285|S01C	44.9	39.7	100	156	3.69e-32	115
WP_011619850.1	MER0001373|S01.275|S01C	42.8	39.7	100	159	2.24e-31	114
WP_011619850.1	MER0016031|S01.364|S01C	47.0	39.7	100	166	2.86e-30	111
WP_011619850.1	MER0004149|S01.525|S01C	40.5	39.7	100	163	9.90e-30	109
WP_011619850.1	MER0005093|S01.441|S01C	40.4	39.5	100	166	2.10e-27	103
WP_011619850.1	MER0015583|S01.416|S01C	43.6	35.8	97.4	149	3.94e-26	99.8
WP_011619898.1	MER0004466|M50.006|M50B	41.9	34.5	50.4	148	8.03e-18	80.1
WP_011619926.1	MER0056047|M79.006|M79	44.0	16.3	93.8	75	4.67e-14	64.3
WP_011619926.1	MER0056022|M79.A02|M79	38.4	18.7	69.7	86	3.36e-08	48.9
WP_011619926.1	MER0055284|M79.A10|M79	32.0	16.3	91.5	75	4.15e-07	44.7
WP_011619926.1	MER0056027|M79.A03|M79	36.4	16.8	65.3	77	2.06e-05	40.8
WP_011619926.1	MER0004246|M79.002|M79	52.5	8.7	14.3	40	7.52e-05	41.2
WP_011619929.1	MER0055964|S26.A02|S26A	37.4	72.8	100	187	7.00e-31	109
WP_011619929.1	MER0004537|S26.025|S26A	38.3	73.9	99.5	196	1.10e-29	107
WP_011619929.1	MER0003269|S26.008|S26A	34.2	72.8	97.4	187	8.93e-26	96.3
WP_011619929.1	MER0015620|S26.A01|S26A	35.9	73.9	99.3	192	8.81e-25	93.6
WP_011619929.1	MER0002551|S26.024|S26A	32.0	72.4	97.5	203	6.45e-21	84.7
WP_011619929.1	MER0013626|S26.026|S26A	30.6	70.4	93.5	183	1.61e-17	74.3
WP_011619929.1	MER0002550|S26.004|S26A	28.6	72.8	97.4	189	1.72e-16	71.6
WP_011619929.1	MER0003273|S26.016|S26A	38.7	38.9	65.4	111	7.26e-16	70.1
WP_011619929.1	MER0000589|S26.001|S26A	27.6	72.4	92.7	232	9.85e-14	65.9
WP_011619929.1	MER0001912|S26.005|S26A	26.1	69.3	91.6	180	7.91e-13	61.6
WP_011619929.1	MER0016034|S26.020|S26A	26.5	69.3	97.4	196	1.07e-12	61.2
WP_011619929.1	MER0028421|S26.018|S26A	26.2	72.0	96.2	191	1.59e-12	60.8
WP_011619929.1	MER0015994|S26.019|S26A	25.4	69.3	95.0	193	2.68e-10	54.7
WP_011619929.1	MER0001510|S26.007|S26A	24.9	72.8	97.4	189	3.43e-10	54.3
WP_011619929.1	MER0000592|S26.003|S26A	32.0	38.9	64.5	103	8.68e-10	53.1
WP_011619929.1	MER0003268|S26.015|S26A	29.9	39.7	72.2	134	1.12e-08	50.4
WP_011619929.1	MER0006313|S26.006|S26A	25.8	57.6	78.8	159	1.91e-04	37.7
WP_011619929.1	MER0000597|S26.002|S26A	35.6	34.6	43.9	90	2.19e-04	37.7
WP_011619955.1	MER0001186|M32.001|M32	34.8	95.3	97.7	506	3.40e-90	282
WP_011619955.1	MER0002064|M32.006|M32	31.0	91.3	98.5	480	2.15e-75	243
WP_011619955.1	MER0069021|M32.003|M32	32.2	90.5	94.4	481	3.88e-69	227
WP_011619955.1	MER0069024|M32.004|M32	32.1	91.7	95.6	486	3.32e-65	216
WP_011619955.1	MER0017390|M32.002|M32	29.4	93.6	96.8	494	6.19e-65	216
WP_011619955.1	MER0015184|M32.005|M32	32.5	95.0	98.0	504	1.98e-64	214
WP_011620004.1	MER0004474|M50.003|M50B	36.4	99.2	78.2	360	1.17e-57	188
WP_011620004.1	MER0004471|M50.A10|M50B	36.2	99.2	76.9	359	2.69e-57	187
WP_011620004.1	MER0004480|M50.004|M50B	30.4	84.4	98.8	336	1.03e-32	121
WP_011620004.1	MER0004468|M50.011|M50B	27.1	98.9	99.5	439	2.51e-32	122
WP_011620004.1	MER0897124|M50.A11|M50A	28.4	98.9	99.5	440	2.51e-32	122
WP_011620004.1	MER0004469|M50.005|M50B	25.6	84.4	83.4	347	5.55e-15	72.4
WP_011620024.1	MER0069741|M23.009|M23B	49.6	35.9	64.0	113	5.72e-27	101
WP_011620024.1	MER0003380|M23.011|M23B	39.1	43.5	52.3	138	1.78e-19	82.8
WP_011620024.1	MER0013541|M23.014|M23B	47.2	27.3	96.6	89	4.57e-15	66.6
WP_011620024.1	MER0003376|M23.005|M23B	39.1	32.7	65.1	110	5.81e-15	68.6
WP_011620024.1	MER0001419|M23.004|M23B	38.6	35.9	79.7	114	6.69e-15	67.8
WP_011620024.1	MER0003423|M23.012|M23B	40.0	31.4	69.9	100	6.22e-14	65.1
WP_011620024.1	MER0015415|M23.951|M23B	34.1	41.6	72.9	132	1.49e-13	64.7
WP_011620024.1	MER0003906|M23.013|M23B	39.6	31.4	94.3	101	5.84e-12	58.5
WP_011620024.1	MER0066182|M23.A04|M23B	34.9	34.6	51.3	109	1.20e-10	57.0
WP_011620024.1	MER0387040|M23.A03|M23B	38.4	27.3	83.5	86	1.28e-10	54.7
WP_011620024.1	MER0388771|M23.A06|M23B	31.5	31.7	94.7	111	6.59e-06	41.6
WP_011620024.1	MER0025070|M23.010|M23B	31.5	31.7	91.5	111	7.11e-06	41.6
WP_011620055.1	MER0016172|S66.002|S66	32.4	81.6	87.8	272	4.30e-24	96.7
WP_011620055.1	MER0016191|S66.001|S66	30.2	87.4	97.6	291	3.62e-19	82.8
WP_011620118.1	MER0001238|M17.A03|M17	45.0	95.4	98.8	491	3.98e-125	371
WP_011620118.1	MER0002271|M17.002|M17	44.1	95.4	99.4	492	1.65e-120	359
WP_011620118.1	MER0004597|M17.A01|M17	54.2	66.1	93.2	332	1.80e-115	341
WP_011620118.1	MER0004598|M17.A02|M17	51.8	66.1	93.4	332	2.30e-110	328
WP_011620118.1	MER0024892|M17.008|M17	45.6	71.6	88.3	360	1.11e-91	282
WP_011620118.1	MER0001236|M17.003|M17	37.4	94.8	97.7	486	6.45e-80	254
WP_011620118.1	MER0041673|M17.013|M17	38.9	89.1	93.1	452	1.03e-78	251
WP_011620118.1	MER0035089|M17.010|M17	45.2	62.7	88.3	312	7.73e-77	242
WP_011620118.1	MER0003825|M17.016|M17	39.0	72.8	84.4	377	1.10e-70	229
WP_011620118.1	MER0001235|M17.001|M17	36.7	88.9	90.3	455	5.75e-66	218
WP_011620118.1	MER0002497|M17.004|M17	39.3	63.7	75.2	331	3.87e-58	195
WP_011620118.1	MER0026959|M17.950|M17	43.4	53.6	98.5	274	2.71e-56	186
WP_011620118.1	MER0014397|M17.015|M17	35.4	63.3	88.7	316	5.65e-53	179
WP_011620118.1	MER0003919|M17.005|M17	39.8	57.7	76.1	289	5.05e-51	175
WP_011620118.1	MER0001910|M17.009|M17	34.2	84.3	88.8	441	8.87e-50	174
WP_011620118.1	MER0013416|M17.006|M17	32.8	65.3	83.6	332	2.61e-36	135
WP_011620118.1	MER0105906|M17.014|M17	33.4	63.9	68.4	329	4.00e-36	136
WP_011620118.1	MER0001240|M17.A05|M17	34.1	59.3	61.3	302	5.54e-34	130
WP_011620118.1	MER0011357|M17.A04|M17	29.6	64.9	60.5	328	2.05e-31	124
WP_011620118.1	MER0081108|M17.012|M17	30.9	45.2	52.9	256	1.78e-20	90.9
WP_011620118.1	MER0079520|M17.011|M17	34.2	28.8	28.7	149	8.71e-19	85.9
WP_011620199.1	MER0001244|M24.004|M24B	47.0	60.7	99.6	270	3.83e-77	238
WP_011620199.1	MER0028601|M24.033|M24B	39.6	58.4	96.2	265	1.50e-51	172
WP_011620199.1	MER0013463|M24.026|M24B	36.7	60.7	99.6	270	4.88e-51	170
WP_011620199.1	MER0001733|M24.A09|M24B	36.0	58.2	96.2	283	4.25e-44	153
WP_011620199.1	MER0001248|M24.007|M24B	35.7	46.5	91.7	235	6.77e-38	135
WP_011620199.1	MER0004931|M24.008|M24B	31.8	58.7	97.8	261	3.71e-34	124
WP_011620199.1	MER0005462|M24.031|M24B	29.3	58.2	96.9	259	4.56e-29	110
WP_011620199.1	MER0004532|M24.034|M24B	33.1	56.2	93.0	251	1.99e-26	103
WP_011620199.1	MER0002038|M24.006|M24B	29.0	58.7	97.8	262	3.66e-25	100
WP_011620199.1	MER0001250|M24.003|M24B	29.4	57.1	96.2	286	1.66e-18	82.4
WP_011620199.1	MER0005715|M24.A11|M24B	28.2	57.8	94.5	259	3.88e-17	77.4
WP_011620199.1	MER0001243|M24.001|M24A	26.9	57.1	92.4	268	7.23e-12	62.4
WP_011620199.1	MER0013929|M24.028|M24A	23.0	57.1	95.6	270	9.17e-11	58.9
WP_011620199.1	MER0027437|M24.038|M24B	29.2	38.2	60.0	178	1.42e-08	52.4
WP_011620271.1	MER0003290|S01.482|S01C	62.0	41.5	100	158	2.61e-57	181
WP_011620271.1	MER0000268|S01.480|S01C	49.1	41.5	100	159	4.70e-47	154
WP_011620271.1	MER0004673|S01.494|S01C	37.1	66.5	93.4	272	3.62e-46	156
WP_011620271.1	MER0005468|S01.491|S01C	48.1	41.5	100	158	2.89e-42	142
WP_011620271.1	MER0000266|S01.273|S01C	49.4	41.5	100	160	1.06e-41	140
WP_011620271.1	MER0013623|S01.453|S01C	46.2	41.5	100	158	2.05e-40	137
WP_011620271.1	MER0004111|S01.442|S01C	45.6	41.5	100	158	1.18e-39	135
WP_011620271.1	MER0001372|S01.274|S01C	46.3	41.5	100	160	1.82e-38	132
WP_011620271.1	MER0001945|S01.472|S01C	46.5	41.5	100	159	4.16e-37	129
WP_011620271.1	MER0004086|S01.B81|S01C	43.8	41.2	100	162	6.35e-37	128
WP_011620271.1	MER0002577|S01.277|S01C	44.9	41.5	100	156	1.88e-36	127
WP_011620271.1	MER0003850|S01.500|S01C	39.8	46.0	97.7	176	5.11e-36	126
WP_011620271.1	MER0004093|S01.278|S01C	44.9	41.5	100	156	5.16e-36	125
WP_011620271.1	MER0004149|S01.525|S01C	48.2	41.5	100	166	6.90e-36	125
WP_011620271.1	MER0028330|S01.329|S01C	44.9	41.5	100	156	1.98e-35	124
WP_011620271.1	MER0011375|S01.476|S01C	45.6	41.5	100	158	7.83e-35	122
WP_011620271.1	MER0014795|S01.284|S01C	43.2	41.5	100	162	3.46e-34	121
WP_011620271.1	MER0016351|S01.285|S01C	42.3	41.5	100	156	7.96e-34	120
WP_011620271.1	MER0016031|S01.364|S01C	41.6	41.5	100	166	1.15e-33	120
WP_011620271.1	MER0006096|S01.A08|S01C	47.7	35.1	100	132	3.14e-33	117
WP_011620271.1	MER0001373|S01.275|S01C	40.1	41.5	100	162	2.69e-31	113
WP_011620271.1	MER0010944|S01.474|S01C	40.0	41.5	100	175	2.77e-31	114
WP_011620271.1	MER0022668|S01.447|S01C	39.8	41.5	100	171	2.84e-30	111
WP_011620271.1	MER0003293|S01.477|S01C	41.2	40.7	100	153	5.83e-30	109
WP_011620271.1	MER0005093|S01.441|S01C	39.9	41.2	100	168	6.81e-29	107
WP_011620310.1	MER0107804|C82.A02|C82A	32.1	78.4	100	140	2.00e-09	50.1
WP_011620310.1	MER0094392|C82.003|C82B	32.0	79.0	93.8	128	7.48e-09	48.1
WP_011620310.1	MER0107820|C82.A05|C82A	29.3	77.2	100	140	1.48e-06	42.4
WP_011620310.1	MER0076166|C82.001|C82A	29.3	78.4	48.4	140	6.41e-06	41.6
WP_011620376.1	MER0015682|S09.074|S09C	49.8	37.4	78.1	243	2.11e-72	233
WP_011620376.1	MER0126485|S09.072|S09X	43.7	34.7	94.1	222	5.11e-53	179
WP_011620376.1	MER0140224|S09.B03|S09X	41.4	34.2	94.1	227	1.04e-49	170
WP_011620376.1	MER0003558|S09.A83|S09C	37.4	37.7	93.5	246	1.29e-45	159
WP_011620376.1	MER0018170|S09.057|S09C	34.8	34.2	91.3	230	3.76e-39	141
WP_011620376.1	MER0001920|S09.A77|S09C	27.9	34.5	92.3	229	6.02e-22	92.4
WP_011620376.1	MER0005807|S09.070|S09C	25.2	38.5	87.3	246	2.57e-15	73.6
WP_011620376.1	MER0011583|S09.079|S09D	28.1	33.4	85.9	224	4.31e-15	72.4
WP_011620376.1	MER0000408|S09.004|S09C	26.4	32.7	85.3	220	4.51e-15	72.4
WP_011620376.1	MER0016096|S09.056|S09C	25.1	33.8	91.8	231	1.19e-12	65.1
WP_011620376.1	MER0058228|S09.009|S09B	24.3	32.5	86.0	214	7.50e-11	59.7
WP_011620376.1	MER0014827|S09.021|S09D	26.5	25.6	60.3	166	4.52e-07	48.5
WP_011620376.1	MER0005694|S09.076|S09A	26.7	15.9	35.6	101	2.75e-04	40.0
WP_011620376.1	MER0079308|S09.033|S09A	24.5	36.4	82.5	241	3.54e-04	39.7
WP_011620423.1	MER0003290|S01.482|S01C	64.3	40.5	100	157	2.42e-63	197
WP_011620423.1	MER0000268|S01.480|S01C	55.1	40.5	100	158	4.45e-50	162
WP_011620423.1	MER0004111|S01.442|S01C	52.5	40.5	100	158	5.50e-48	157
WP_011620423.1	MER0005468|S01.491|S01C	50.6	40.5	100	158	9.26e-47	154
WP_011620423.1	MER0004673|S01.494|S01C	39.1	62.1	93.4	261	1.16e-46	157
WP_011620423.1	MER0003850|S01.500|S01C	44.6	44.7	97.2	175	1.11e-42	144
WP_011620423.1	MER0002577|S01.277|S01C	48.1	40.5	100	156	1.54e-42	143
WP_011620423.1	MER0013623|S01.453|S01C	47.5	40.5	100	158	3.25e-41	139
WP_011620423.1	MER0028330|S01.329|S01C	48.7	40.5	100	156	3.25e-41	139
WP_011620423.1	MER0001372|S01.274|S01C	49.1	40.5	100	159	1.93e-40	137
WP_011620423.1	MER0000266|S01.273|S01C	48.1	40.5	100	160	2.71e-40	137
WP_011620423.1	MER0004093|S01.278|S01C	45.5	40.5	100	156	1.34e-39	135
WP_011620423.1	MER0001373|S01.275|S01C	45.1	40.5	100	162	6.03e-39	134
WP_011620423.1	MER0004086|S01.B81|S01C	47.5	40.3	100	162	6.78e-39	134
WP_011620423.1	MER0016351|S01.285|S01C	46.2	40.5	100	156	1.43e-38	132
WP_011620423.1	MER0001945|S01.472|S01C	45.3	40.5	100	159	3.35e-38	132
WP_011620423.1	MER0006096|S01.A08|S01C	50.0	34.3	100	132	5.95e-37	127
WP_011620423.1	MER0022668|S01.447|S01C	42.7	40.5	100	171	7.04e-37	129
WP_011620423.1	MER0014795|S01.284|S01C	43.8	40.5	100	162	5.22e-36	126
WP_011620423.1	MER0004149|S01.525|S01C	45.5	40.5	100	165	3.14e-35	124
WP_011620423.1	MER0011375|S01.476|S01C	42.4	40.5	100	158	4.73e-35	123
WP_011620423.1	MER0003293|S01.477|S01C	43.8	39.7	100	153	1.63e-33	119
WP_011620423.1	MER0016031|S01.364|S01C	42.2	40.5	100	166	1.90e-33	119
WP_011620423.1	MER0010944|S01.474|S01C	41.1	40.5	100	175	2.35e-30	111
WP_011620423.1	MER0005093|S01.441|S01C	41.1	40.3	100	168	1.50e-29	109
WP_011620488.1	MER0014135|S16.A04|S16	53.8	51.2	88.6	240	6.16e-74	231
WP_011620531.1	MER0033184|M38.979|M38	35.8	78.1	83.2	310	6.18e-46	158
WP_011620531.1	MER0066192|M38.983|M38	34.5	71.8	79.7	278	5.57e-44	152
WP_011620555.1	MER0043394|C26.955|C26	60.6	83.3	100	165	7.41e-73	214
WP_011620555.1	MER0044622|C26.A25|C26	46.4	96.5	72.8	192	1.76e-62	191
WP_011620555.1	MER0045094|C26.959|C26	45.8	95.5	75.9	190	6.54e-59	182
WP_011620555.1	MER0044882|C26.A09|C26	47.6	82.3	92.3	168	5.29e-55	170
WP_011620555.1	MER0043392|C26.960|C26	42.9	78.8	89.9	156	1.61e-40	132
WP_011620555.1	MER0045095|C26.958|C26	30.6	96.5	77.9	209	8.98e-25	94.7
WP_011620555.1	MER0044619|C26.A26|C26	34.5	99.5	80.6	200	2.06e-23	90.5
WP_011620555.1	MER0043195|C26.A30|C26	31.2	95.5	79.6	205	1.06e-20	83.6
WP_011620555.1	MER0043537|C26.A31|C26	28.9	97.5	97.3	197	1.75e-20	81.6
WP_011620555.1	MER0044812|C26.A04|C26	33.6	66.2	51.2	134	3.69e-18	76.6
WP_011620555.1	MER0115185|C26.954|C26	34.3	68.2	90.9	137	5.79e-17	71.2
WP_011620555.1	MER0045945|C26.963|C26	30.7	69.2	59.2	140	2.64e-15	68.6
WP_011620555.1	MER0043540|C26.A33|C26	28.4	69.2	57.5	141	1.02e-09	53.1
WP_011620555.1	MER0060647|C26.952|C26	29.8	68.7	37.9	141	3.08e-09	52.4
WP_011620555.1	MER0044889|C26.A21|C26	28.9	57.6	45.9	114	9.86e-09	50.4
WP_011620555.1	MER0046161|C26.956|C26	29.6	64.1	44.9	135	1.45e-06	44.3
WP_011620555.1	MER0038086|C26.962|C26	26.3	83.3	68.7	175	2.47e-06	43.5
WP_011620628.1	MER0011830|T05.002|T05	40.1	52.3	100	222	1.27e-40	140
WP_011620628.1	MER0011829|T05.001|T05	38.0	52.3	99.1	234	4.01e-31	115
WP_011620687.1	MER0069741|M23.009|M23B	41.9	59.1	65.7	117	1.62e-21	84.0
WP_011620687.1	MER0015415|M23.951|M23B	33.6	60.1	68.8	122	4.05e-15	67.0
WP_011620687.1	MER0013541|M23.014|M23B	34.1	42.9	96.6	85	1.43e-12	58.2
WP_011620687.1	MER0003376|M23.005|M23B	30.8	52.0	72.3	120	1.37e-10	54.7
WP_011620687.1	MER0001419|M23.004|M23B	33.3	52.0	73.4	108	6.55e-10	52.4
WP_011620687.1	MER0005300|M23.950|M23B	30.0	40.4	49.1	80	1.73e-09	51.6
WP_011620687.1	MER0003423|M23.012|M23B	30.5	51.5	72.7	105	3.15e-08	47.8
WP_011620687.1	MER0025070|M23.010|M23B	27.4	52.5	95.8	117	3.46e-06	41.6
WP_011620687.1	MER0388771|M23.A06|M23B	26.7	52.0	98.2	116	1.58e-05	39.7
WP_011620745.1	MER0437468|C26.A36|C26	41.9	60.0	99.7	351	7.87e-83	259
WP_011620745.1	MER0065554|C26.964|C26	43.9	45.2	97.0	262	8.58e-77	241
WP_011620745.1	MER0436717|C26.A29|C26	31.0	60.3	100	400	2.73e-53	183
WP_011620750.1	MER0018254|I11.001|I11	33.1	85.0	95.1	148	3.70e-19	76.3
WP_011620750.1	MER0138267|I11.004|I11	32.1	75.1	93.0	131	6.24e-10	51.6
WP_011620750.1	MER0019950|I11.002|I11	29.7	80.9	93.2	145	6.13e-09	49.3
WP_011620750.1	MER0019949|I11.003|I11	28.1	77.5	82.2	135	3.23e-07	44.7
WP_011620766.1	MER0004801|M38.982|M38	75.5	61.0	100	347	4.48e-192	539
WP_011620767.1	MER0043537|C26.A31|C26	30.1	45.5	57.4	123	1.79e-05	41.2
WP_011620767.1	MER0043387|C26.950|C26	28.8	40.8	48.3	104	3.98e-05	40.0
WP_011620801.1	MER0062058|S08.130|S08A	39.6	20.3	66.6	346	8.29e-60	209
WP_011620801.1	MER0028365|S08.141|S08A	34.4	18.7	64.7	323	1.37e-36	140
WP_011620801.1	MER0017009|S08.154|S08A	32.4	19.6	81.4	352	1.83e-34	133
WP_011620801.1	MER0000332|S08.009|S08A	31.1	19.8	87.5	338	2.60e-30	119
WP_011620801.1	MER0000333|S08.007|S08A	38.2	12.7	70.8	217	1.86e-28	113
WP_011620801.1	MER0002562|S08.067|S08A	30.2	21.0	90.1	374	7.40e-28	114
WP_011620801.1	MER0042897|S08.133|S08A	37.1	15.1	86.0	264	6.20e-27	109
WP_011620801.1	MER0004690|S08.012|S08A	30.3	20.7	83.3	370	2.45e-25	106
WP_011620801.1	MER0000309|S08.001|S08A	36.1	12.7	71.2	219	2.95e-25	104
WP_011620801.1	MER0000311|S08.034|S08A	37.7	12.5	69.5	215	3.01e-25	104
WP_011620801.1	MER0000310|S08.037|S08A	37.0	12.7	71.2	219	9.93e-25	102
WP_011620801.1	MER0000361|S08.023|S08A	31.6	20.0	86.6	351	1.01e-24	104
WP_011620801.1	MER0006023|S08.107|S08A	33.8	20.8	91.9	364	1.74e-24	103
WP_011620801.1	MER0013656|S08.046|S08A	36.0	13.2	74.3	225	2.17e-24	101
WP_011620801.1	MER0000326|S08.050|S08A	36.4	13.6	65.2	231	6.83e-24	101
WP_011620801.1	MER0000312|S08.042|S08A	36.2	13.4	75.6	232	3.85e-23	98.2
WP_011620801.1	MER0001523|S08.035|S08A	36.2	13.4	75.6	232	3.85e-23	98.2
WP_011620801.1	MER0077555|S08.028|S08A	37.2	12.9	72.6	223	1.71e-22	96.3
WP_011620801.1	MER0001521|S08.044|S08A	36.2	13.4	75.6	232	1.75e-22	96.3
WP_011620801.1	MER0001928|S08.098|S08A	35.9	12.7	71.0	217	2.10e-22	95.9
WP_011620801.1	MER0000313|S08.036|S08A	36.2	13.4	75.6	232	2.37e-22	95.9
WP_011620801.1	MER0005931|S08.005|S08A	36.7	12.5	78.6	215	4.07e-22	94.4
WP_011620801.1	MER0005821|S08.013|S08A	36.9	11.7	40.0	203	5.38e-22	98.2
WP_011620801.1	MER0001755|S08.002|S08A	35.8	13.4	75.6	232	1.07e-21	94.0
WP_011620801.1	MER0002575|S08.102|S08A	28.1	18.7	81.0	324	2.87e-21	92.8
WP_041426235.1	MER0036065|S33.A03|S33	38.8	86.0	99.2	268	6.98e-61	191
WP_041426235.1	MER0036053|S33.A01|S33	36.3	86.0	97.0	270	3.07e-48	159
WP_041426235.1	MER0036054|S33.A02|S33	30.2	87.3	95.6	281	2.19e-39	136
WP_041426235.1	MER0036074|S33.A34|S33	25.4	87.9	72.9	307	1.70e-20	87.8
WP_041426235.1	MER0011509|S33.A84|S33	22.6	89.9	87.9	292	4.44e-13	65.5
WP_041426235.1	MER0030163|S33.975|S33	32.7	36.5	33.3	113	1.58e-09	54.7
WP_041426235.1	MER0036078|S33.A75|S33	25.6	87.9	89.8	277	5.20e-09	52.8
WP_041426235.1	MER0017123|S33.972|S33	24.7	87.3	86.9	283	1.76e-07	48.5
WP_041426235.1	MER0036066|S33.A04|S33	24.0	85.7	99.6	275	2.59e-05	41.6
WP_041426316.1	MER1054487|C44.951|C44	48.9	24.1	100	380	2.27e-112	357
WP_041426316.1	MER0198917|C44.003|C44	40.6	24.1	100	382	6.97e-83	274
WP_041426363.1	MER0033274|S09.993|S09X	29.1	35.8	46.2	117	5.27e-10	55.8
WP_041426363.1	MER0034548|S09.A47|S09C	27.4	66.1	84.6	219	1.30e-09	54.7
WP_041426363.1	MER0034960|S09.A86|S09X	30.3	42.8	45.4	142	1.33e-09	55.1
WP_041426363.1	MER0034961|S09.A82|S09X	30.2	32.3	32.1	106	1.12e-08	52.4
WP_041426363.1	MER0043003|S09.A15|S09C	32.2	33.5	42.9	115	4.92e-07	47.0
WP_041426363.1	MER0036039|S09.A12|S09C	31.7	27.5	37.7	101	5.15e-07	47.0
WP_041426363.1	MER0036029|S09.A08|S09X	37.0	21.4	24.2	73	1.41e-06	45.8
WP_041426363.1	MER0036040|S09.A05|S09X	35.7	21.7	23.3	70	1.88e-06	45.4
WP_041426363.1	MER0036370|S09.968|S09C	34.1	26.8	52.3	91	1.60e-05	41.6
WP_041426363.1	MER0042911|S09.A14|S09X	32.3	19.2	23.2	62	1.68e-05	42.4
WP_041426363.1	MER0036028|S09.A07|S09X	33.8	21.7	25.3	71	4.10e-05	41.2
WP_041426363.1	MER0043146|S09.951|S09C	23.4	66.8	86.0	235	3.01e-04	38.5
WP_041426363.1	MER0036033|S09.A10|S09C	22.8	67.4	86.6	232	7.07e-04	37.4
WP_041426363.1	MER0047634|S09.068|S09X	33.8	18.8	24.0	65	7.27e-04	37.4
WP_041426381.1	MER0000474|S14.001|S14	42.8	87.8	84.5	194	4.83e-49	156
WP_041426381.1	MER0006046|S14.A02|S14	39.2	87.8	84.5	194	2.47e-46	149
WP_041426381.1	MER0006063|S14.010|S14	43.8	86.9	83.2	192	7.26e-43	140
WP_041426381.1	MER0005687|S14.A01|S14	38.8	93.7	92.4	209	3.15e-42	139
WP_041426381.1	MER0002211|S14.003|S14	39.3	86.4	83.1	191	2.23e-41	137
WP_041426381.1	MER0004857|S14.008|S14	43.5	84.2	80.2	186	2.23e-41	137
WP_041426381.1	MER0004847|S14.009|S14	40.3	86.0	82.7	191	9.13e-41	135
WP_041426381.1	MER0002299|S14.A04|S14	38.4	86.0	85.1	190	8.28e-37	125
WP_041426381.1	MER0004855|S14.A03|S14	34.4	88.2	84.2	195	8.07e-36	122
WP_041426381.1	MER0006056|S14.011|S14	36.1	87.8	82.5	194	1.76e-31	111
WP_041426381.1	MER0004182|S14.006|S14	28.7	88.2	86.7	195	1.43e-27	101
WP_041426381.1	MER0006308|S14.002|S14	27.7	86.0	87.8	191	3.88e-25	94.7
WP_041426381.1	MER0011666|S14.005|S14	36.0	71.0	79.4	161	2.51e-24	92.4
WP_041426442.1	MER0036064|S33.A16|S33	30.1	82.8	93.5	249	6.74e-20	84.0
WP_041426442.1	MER0036078|S33.A75|S33	28.2	79.7	87.8	238	8.71e-18	77.8
WP_041426442.1	MER0036053|S33.A01|S33	23.1	82.1	100	268	4.81e-10	55.8
WP_041426442.1	MER0183709|S33.B16|S33	29.3	41.6	43.6	133	3.60e-09	53.5
WP_041426442.1	MER0037236|S33.016|S33	28.1	39.2	46.0	121	1.26e-08	51.6
WP_041426442.1	MER0036059|S33.A79|S33	23.2	78.4	86.4	306	4.30e-08	50.4
WP_041426442.1	MER0031610|S33.976|S33	32.3	33.3	31.9	99	8.88e-08	49.3
WP_041426442.1	MER0044578|S33.A28|S33	30.8	34.0	29.5	104	1.03e-07	49.3
WP_041426442.1	MER0017193|S33.991|S33	34.3	35.4	37.2	105	1.08e-07	48.9
WP_041426442.1	MER0017177|S33.973|S33	29.7	34.0	31.0	101	1.71e-07	48.5
WP_041426442.1	MER0044581|S33.A27|S33	29.8	34.0	29.2	104	3.30e-07	47.8
WP_041426442.1	MER0011785|S33.009|S33	26.4	36.8	33.8	110	7.31e-07	46.6
WP_041426442.1	MER0031616|S33.013|S33	29.5	36.8	35.0	112	1.68e-06	45.4
WP_041426442.1	MER0044633|S33.A26|S33	30.8	34.0	29.3	104	3.29e-06	44.7
WP_041426442.1	MER0036075|S33.A73|S33	29.1	34.0	29.9	110	5.68e-06	43.9
WP_041426442.1	MER0003537|S33.005|S33	24.1	36.8	37.1	108	6.62e-06	43.5
WP_041426442.1	MER0035973|S33.A14|S33	22.3	78.0	79.1	242	6.64e-06	43.5
WP_041426442.1	MER0017123|S33.972|S33	32.7	33.0	32.9	98	9.18e-06	43.1
WP_041426442.1	MER0017142|S33.994|S33	31.6	33.7	37.0	98	1.01e-05	42.7
WP_041426442.1	MER0036069|S33.A38|S33	26.9	36.4	31.7	108	4.27e-05	41.2
WP_041426442.1	MER0035041|S33.A92|S33	28.3	45.0	49.3	138	6.34e-05	40.4
WP_041426442.1	MER0031653|S33.A43|S33	24.1	35.7	35.8	141	1.93e-04	39.3
WP_041426576.1	MER0015090|M16.975|M16B	23.6	33.3	61.9	140	1.18e-05	43.1
WP_041426576.1	MER0003543|M16.973|M16B	23.9	41.7	75.7	176	5.09e-05	41.2
WP_041426647.1	MER0076166|C82.001|C82A	27.7	74.3	50.8	137	1.97e-05	40.4
WP_041426651.1	MER0321345|S49.A08|S49B	45.2	61.9	91.3	168	1.46e-49	159
WP_041426651.1	MER0003812|S49.008|S49X	45.2	61.9	87.0	168	2.71e-49	158
WP_041426651.1	MER0001299|S49.001|S49A	39.4	64.8	30.4	175	2.20e-31	119
WP_041426651.1	MER0011114|S49.004|S49B	35.4	70.4	51.2	192	1.11e-28	109
WP_041426651.1	MER0044046|S49.006|S49B	39.1	59.6	85.9	161	3.30e-26	98.6
WP_041426651.1	MER0013957|S49.007|S49B	34.3	61.5	87.8	166	3.56e-26	98.6
WP_041426651.1	MER0001300|S49.002|S49B	31.7	59.3	84.9	161	1.47e-16	72.8
WP_041426651.1	MER0001303|S49.003|S49B	31.7	59.3	81.4	161	1.45e-13	64.7
WP_041426661.1	MER0001243|M24.001|M24A	44.8	89.2	94.3	250	1.82e-72	220
WP_041426661.1	MER0015127|M24.A05|M24A	39.8	84.6	94.0	236	2.02e-59	186
WP_041426661.1	MER0005690|M24.A06|M24A	41.0	88.9	98.8	249	2.85e-59	186
WP_041426661.1	MER0015128|M24.A07|M24A	39.0	84.6	93.6	236	6.84e-55	175
WP_041426661.1	MER0001342|M24.017|M24A	35.3	89.2	94.6	249	3.30e-52	168
WP_041426661.1	MER0013589|M24.A12|M24A	37.1	87.8	100	245	3.82e-52	167
WP_041426661.1	MER0013929|M24.028|M24A	35.1	88.5	96.8	248	3.53e-49	160
WP_041426661.1	MER0013450|M24.036|M24A	35.7	88.5	97.6	249	7.47e-45	149
WP_041426661.1	MER0003880|M24.035|M24A	31.2	71.0	64.1	202	3.67e-22	90.5
WP_041426661.1	MER0024896|M24.A13|M24A	29.6	64.2	37.6	186	4.13e-19	83.6
WP_041426661.1	MER0004931|M24.008|M24B	24.5	87.8	95.2	249	5.51e-18	77.8
WP_041426661.1	MER0005462|M24.031|M24B	24.0	87.8	95.2	246	1.37e-16	73.9
WP_041426661.1	MER0004532|M24.034|M24B	28.7	72.0	83.3	202	1.25e-15	71.2
WP_041426661.1	MER0001244|M24.004|M24B	23.9	87.5	93.5	259	3.84e-11	58.9
WP_041426661.1	MER0002038|M24.006|M24B	28.3	59.1	69.1	166	1.78e-10	56.6
WP_041426915.1	MER0005466|M41.021|M41	49.4	36.8	96.3	231	5.77e-68	218
WP_041426915.1	MER0002602|M41.009|M41	43.3	37.8	88.8	238	1.89e-59	197
WP_041426915.1	MER0002563|M41.020|M41	44.3	35.9	93.5	230	1.03e-57	191
WP_041426915.1	MER0017637|M41.024|M41	45.2	35.9	93.5	230	1.03e-57	191
WP_041426915.1	MER0001620|M41.001|M41	41.5	37.0	82.3	234	1.73e-52	179
WP_041426915.1	MER0011120|M41.A04|M41	42.7	38.6	93.6	248	5.38e-52	177
WP_041426915.1	MER0023544|M41.A10|M41	43.3	36.8	81.5	231	7.16e-52	177
WP_041426915.1	MER0171760|M41.A12|M41	36.9	42.4	98.1	268	1.40e-51	176
WP_041426915.1	MER0056525|M41.A17|M41	40.7	36.8	89.2	231	4.99e-51	174
WP_041426915.1	MER0005496|M41.007|M41	41.6	36.8	83.3	231	1.61e-50	173
WP_041426915.1	MER0002408|M41.017|M41	40.2	37.0	93.9	234	2.22e-49	169
WP_041426915.1	MER0015690|M41.A03|M41	40.7	38.6	93.6	248	2.75e-49	169
WP_041426915.1	MER0011224|M41.A09|M41	39.5	36.8	81.5	233	1.35e-48	168
WP_041426915.1	MER0002600|M41.002|M41	39.4	36.8	87.5	231	1.08e-47	165
WP_041426915.1	MER0015194|M41.A14|M41	42.7	36.7	84.2	232	1.39e-47	165
WP_041426915.1	MER0002605|M41.003|M41	38.2	38.0	86.8	238	2.66e-47	164
WP_041426915.1	MER0015199|M41.015|M41	39.0	36.4	81.4	228	2.75e-46	162
WP_041426915.1	MER0011748|M41.022|M41	39.4	36.8	81.8	231	3.33e-46	161
WP_041426915.1	MER0015137|M41.025|M41	40.3	38.9	95.3	248	1.97e-45	159
WP_041426915.1	MER0011745|M41.005|M41	40.9	37.0	89.2	235	2.14e-45	159
WP_041426915.1	MER0015197|M41.013|M41	39.8	36.7	86.9	231	2.96e-45	158
WP_041426915.1	MER0015609|M41.023|M41	38.1	36.8	81.6	231	4.22e-45	158
WP_041426915.1	MER0015195|M41.A15|M41	39.4	36.8	81.5	231	4.58e-45	158
WP_041426915.1	MER0004454|M41.006|M41	38.4	36.8	82.5	232	1.49e-42	151
WP_041426915.1	MER0024898|M41.A13|M41	39.0	36.2	80.7	228	1.45e-41	149
WP_041426971.1	MER0027775|M15.012|M15D	29.3	59.1	88.3	147	2.08e-06	42.7
WP_049750332.1	MER0005742|M15.002|M15B	31.0	49.4	100	126	8.79e-15	65.5
WP_049750332.1	MER0013458|M15.003|M15B	35.5	42.0	56.8	110	1.97e-12	61.2
WP_049750332.1	MER0001333|M15.010|M15B	27.7	52.5	42.6	137	2.94e-12	62.0
WP_049750332.1	MER0014983|M15.024|M15B	34.6	40.0	72.7	104	1.67e-11	57.4
WP_049750392.1	MER0013876|U32.003|U32	37.2	37.8	88.0	328	9.89e-47	167
WP_049750392.1	MER0003855|U32.002|U32	30.9	32.2	71.8	282	4.18e-27	111
WP_049750392.1	MER0003242|U32.001|U32	38.8	15.9	45.5	139	6.13e-21	91.3
WP_049750392.1	MER0004416|U32.A02|U32	26.9	28.7	84.5	245	1.94e-17	80.5
WP_148201867.1	MER0010992|C56.002|C56	32.5	36.3	70.3	83	1.37e-07	45.8
WP_148201867.1	MER0014802|C56.003|C56	36.2	20.8	39.8	47	1.14e-05	40.4
WP_148201872.1	MER0094392|C82.003|C82B	25.4	55.0	80.5	126	1.05e-09	51.6
WP_148201872.1	MER0107808|C82.A03|C82A	31.0	51.1	83.5	129	1.07e-08	49.3
WP_148201872.1	MER0107825|C82.A04|C82A	29.8	50.7	82.4	124	1.30e-07	46.2
WP_148201872.1	MER0107804|C82.A02|C82A	27.3	54.1	88.5	132	1.78e-07	45.8
WP_148201872.1	MER0107820|C82.A05|C82A	26.7	51.1	83.7	131	9.68e-05	38.1
WP_167897183.1	MER0003290|S01.482|S01C	38.0	38.1	99.4	163	1.63e-18	79.0
WP_167897183.1	MER0004086|S01.B81|S01C	35.8	37.9	99.4	165	6.02e-17	74.7
WP_167897183.1	MER0003850|S01.500|S01C	30.1	42.2	96.6	176	1.12e-16	74.3
WP_167897183.1	MER0001945|S01.472|S01C	34.5	38.1	99.4	165	2.70e-16	72.8
WP_167897183.1	MER0016351|S01.285|S01C	32.3	38.1	99.3	161	6.03e-16	71.6
WP_167897183.1	MER0013623|S01.453|S01C	36.4	38.1	99.3	162	2.11e-15	70.1
WP_167897183.1	MER0002577|S01.277|S01C	34.2	38.1	99.3	161	5.38e-15	68.9
WP_167897183.1	MER0028330|S01.329|S01C	32.1	38.1	99.3	159	5.38e-15	68.9
WP_167897183.1	MER0005468|S01.491|S01C	37.3	38.1	99.4	166	6.00e-15	68.9
WP_167897183.1	MER0016031|S01.364|S01C	32.5	38.1	99.4	169	1.33e-14	68.2
WP_167897183.1	MER0063616|S01.454|S01C	36.0	38.1	99.4	164	1.56e-14	67.8
WP_167897183.1	MER0004111|S01.442|S01C	33.5	38.1	99.4	161	1.72e-13	64.7
WP_167897183.1	MER0000266|S01.273|S01C	34.7	34.5	91.7	147	3.26e-13	63.9
WP_167897183.1	MER0022668|S01.447|S01C	31.0	38.1	99.4	174	4.41e-13	63.9
WP_167897183.1	MER0001372|S01.274|S01C	34.0	34.5	91.7	147	4.44e-13	63.5
WP_167897183.1	MER0000268|S01.480|S01C	33.1	38.1	99.4	160	1.47e-12	62.0
WP_167897183.1	MER0014795|S01.284|S01C	33.7	38.1	99.4	166	2.22e-12	61.6
WP_167897183.1	MER0004093|S01.278|S01C	34.3	38.1	99.3	166	3.64e-12	60.8
WP_167897183.1	MER0011375|S01.476|S01C	30.7	38.1	99.4	163	6.89e-12	60.1
WP_167897183.1	MER0003293|S01.477|S01C	32.9	36.8	97.3	152	3.96e-11	57.8
WP_167897183.1	MER0005094|S01.279|S01C	35.5	36.6	94.3	155	8.59e-11	57.0
WP_167897183.1	MER0005093|S01.441|S01C	41.9	23.3	63.3	105	1.38e-10	56.6
WP_167897183.1	MER0004149|S01.525|S01C	28.9	38.1	99.4	166	3.28e-10	55.5
WP_167897183.1	MER0001373|S01.275|S01C	32.0	34.5	92.4	153	1.02e-09	53.9
WP_167897183.1	MER0004673|S01.494|S01C	35.7	25.8	46.5	126	1.68e-09	55.1
WP_193328833.1	MER0167725|M100.001|M100	33.3	85.2	33.0	162	2.52e-09	52.4
WP_237699185.1	MER0003448|M16.016|M16B	29.2	46.1	85.5	195	2.57e-32	119
WP_237699185.1	MER0195774|M16.019|M16B	34.1	41.8	100	179	1.75e-28	107
WP_237699185.1	MER0390687|M16.A15|M16B	34.2	38.1	97.0	161	8.64e-26	99.8
WP_237699185.1	MER0001229|M16.003|M16B	28.4	45.9	89.8	194	2.96e-21	88.6
WP_237699185.1	MER0043985|M16.980|M16B	28.4	45.9	82.6	194	4.34e-21	88.6
WP_237699185.1	MER0015090|M16.975|M16B	25.2	47.8	88.9	202	3.25e-20	85.9
WP_237699185.1	MER0003543|M16.973|M16B	25.8	44.0	81.9	186	7.30e-19	82.0
WP_237699185.1	MER0092828|M16.015|M16B	29.1	37.4	99.4	158	7.11e-18	77.4
WP_237699185.1	MER0026957|M16.977|M16B	25.5	43.5	84.4	184	8.71e-15	70.1
WP_237699185.1	MER0004423|M16.A20|M16B	27.6	38.3	70.2	163	1.32e-14	69.7
WP_237699185.1	MER0011192|M16.A06|M16A	33.3	32.4	84.1	141	5.00e-14	66.6
WP_237699185.1	MER0011744|M16.A02|M16A	33.6	25.8	51.9	110	4.12e-13	65.1
WP_237699185.1	MER0003823|M16.A09|M16A	27.6	40.9	85.4	181	7.56e-13	64.3
WP_237699185.1	MER0011292|M16.A07|M16A	35.2	28.6	52.6	125	1.01e-12	64.3
WP_237699185.1	MER0011096|M16.A01|M16A	31.8	25.8	51.9	110	6.30e-12	61.6
WP_237699185.1	MER0001222|M16.001|M16A	26.7	41.1	85.6	180	1.10e-11	60.8
WP_237699185.1	MER0122186|M16.A14|M16A	29.3	41.8	89.0	181	1.30e-11	60.5
WP_237699185.1	MER0001233|M16.A05|M16B	25.9	44.7	81.7	205	1.01e-10	58.5
WP_237699185.1	MER0001220|M16.005|M16A	30.4	37.1	79.7	168	1.20e-10	57.8
WP_237699185.1	MER0015259|M16.017|M16A	30.9	25.8	51.9	110	1.74e-10	57.4
WP_237699185.1	MER0002423|M16.A11|M16A	29.9	30.5	62.3	134	5.78e-10	55.8
WP_237699185.1	MER0002008|M16.004|M16B	29.5	37.8	67.8	176	7.69e-10	55.8
WP_237699185.1	MER0002345|M16.A08|M16A	29.9	27.4	54.2	117	8.57e-09	52.4
WP_237699185.1	MER0169735|M16.021|M16A	27.5	40.9	90.0	182	2.45e-08	50.8
WP_237699185.1	MER0002283|M16.A10|M16A	27.9	37.4	75.0	165	3.81e-08	50.4
WP_237699294.1	MER0036053|S33.A01|S33	43.4	89.9	99.2	267	3.69e-63	197
WP_237699294.1	MER0036065|S33.A03|S33	35.4	87.8	99.6	260	7.77e-41	139
WP_237699294.1	MER0036054|S33.A02|S33	33.7	88.9	95.6	264	8.72e-41	139
WP_237699294.1	MER0036074|S33.A34|S33	28.6	94.8	76.6	311	2.46e-28	109
WP_237699294.1	MER0031616|S33.013|S33	25.6	79.2	76.5	246	6.46e-09	52.8
WP_237699294.1	MER0011509|S33.A84|S33	23.2	87.5	83.8	276	2.18e-07	48.1
WP_237699294.1	MER0011785|S33.009|S33	32.1	45.5	40.9	137	9.55e-07	46.2
WP_237699294.1	MER0014065|S33.974|S33	45.1	17.7	15.5	51	1.28e-06	45.8
WP_237699294.1	MER0030163|S33.975|S33	46.3	14.2	14.1	41	1.18e-05	42.7
WP_237699294.1	MER0044633|S33.A26|S33	42.6	17.4	15.3	54	2.41e-05	42.0
WP_237699294.1	MER0213829|S33.A76|S33	38.5	16.0	16.1	52	4.02e-04	38.1
WP_237699294.1	MER0036075|S33.A73|S33	37.5	16.0	14.2	48	4.12e-04	38.1
WP_237699294.1	MER0044578|S33.A28|S33	37.5	17.7	15.9	56	4.21e-04	38.1
