WP_006169865.1	MER0094392|C82.003|C82B	34.1	75.5	92.9	123	9.53e-12	55.8
WP_006169865.1	MER0107804|C82.A02|C82A	38.3	61.3	83.2	115	3.95e-09	49.3
WP_006169865.1	MER0107825|C82.A04|C82A	38.6	60.7	82.4	114	3.95e-09	49.3
WP_006169865.1	MER0107820|C82.A05|C82A	35.8	41.1	47.4	67	1.31e-04	37.0
WP_009788284.1	MER0209507|S09.025|S09X	36.8	43.4	86.2	95	1.41e-06	42.4
WP_009788393.1	MER0003327|C44.971|C44	48.8	38.5	98.7	242	3.74e-67	216
WP_009788393.1	MER0185695|C44.A08|C44	40.9	35.8	100	230	2.08e-48	166
WP_009788393.1	MER0012158|C44.972|C44	30.5	43.4	100	344	1.00e-32	125
WP_009788393.1	MER0003350|C44.975|C44	38.0	30.5	100	213	2.44e-31	118
WP_009788393.1	MER0003322|C44.970|C44	36.5	30.0	100	211	1.70e-28	110
WP_009788393.1	MER0011806|C44.A03|C44	30.7	36.7	94.5	238	4.27e-23	95.5
WP_009788393.1	MER0004101|C44.A01|C44	30.3	36.7	94.5	238	5.79e-23	95.1
WP_009788393.1	MER0011781|C44.A02|C44	29.3	34.7	89.9	225	1.90e-20	87.8
WP_009788393.1	MER0003314|C44.001|C44	36.1	21.1	54.1	144	2.09e-12	64.7
WP_009788403.1	MER0065588|C26.965|C26	38.4	97.1	98.5	203	9.43e-34	116
WP_009788403.1	MER0066916|C26.A32|C26	23.8	98.1	98.0	210	5.16e-08	48.1
WP_009788403.1	MER0043537|C26.A31|C26	24.1	95.2	94.7	203	3.02e-05	40.0
WP_009788421.1	MER0002655|M20.015|M20D	39.2	91.1	93.7	360	4.32e-78	243
WP_009788421.1	MER0002007|M20.008|M20D	37.2	91.3	92.1	366	1.21e-71	226
WP_009788421.1	MER0002659|M20.014|M20D	35.7	94.9	95.7	378	1.58e-64	208
WP_009788421.1	MER0002014|M20.A03|M20D	35.7	92.1	92.9	367	6.70e-63	204
WP_009788421.1	MER0002013|M20.A02|M20D	36.0	94.1	94.9	378	1.28e-59	195
WP_009788421.1	MER0003770|M20.A27|M20D	34.9	93.6	97.6	373	3.65e-56	186
WP_009788421.1	MER0005173|M20.A05|M20D	34.5	92.1	97.1	368	6.44e-52	174
WP_009788421.1	MER0005155|M20.A06|M20D	35.0	91.3	95.8	374	1.53e-51	174
WP_009788421.1	MER0005163|M20.009|M20D	46.5	40.1	59.8	159	2.59e-35	127
WP_009788421.1	MER0015354|M20.A01|M20D	43.9	41.6	56.6	164	1.26e-31	118
WP_009788421.1	MER0003815|M20.A04|M20D	43.9	41.6	54.7	164	1.55e-31	118
WP_009788421.1	MER0003581|M20.020|M20D	29.1	82.9	99.4	337	1.39e-24	100
WP_009788421.1	MER0002664|M20.A26|M20D	39.3	38.0	51.1	150	6.38e-23	94.4
WP_009788421.1	MER0021873|M20.021|M20D	35.5	22.2	45.4	93	6.73e-06	43.5
WP_009788421.1	MER0369336|M20.A23|M20A	23.0	25.5	30.2	100	2.75e-04	39.3
WP_009788443.1	MER0036065|S33.A03|S33	38.2	91.3	99.2	267	3.81e-61	191
WP_009788443.1	MER0036053|S33.A01|S33	33.1	91.3	97.0	269	1.08e-46	154
WP_009788443.1	MER0036054|S33.A02|S33	32.1	92.7	95.6	277	5.73e-42	142
WP_009788443.1	MER0036074|S33.A34|S33	26.4	91.3	71.4	288	3.96e-22	92.0
WP_009788443.1	MER0030163|S33.975|S33	28.2	77.4	76.3	234	8.51e-12	61.2
WP_009788443.1	MER0011509|S33.A84|S33	23.0	96.2	88.3	296	1.78e-11	60.5
WP_009788443.1	MER0036078|S33.A75|S33	24.4	91.0	87.0	266	2.16e-07	47.8
WP_009788443.1	MER0031617|S33.978|S33	22.9	77.8	73.9	236	1.13e-06	45.8
WP_009788443.1	MER0036072|S33.A36|S33	19.6	92.7	77.2	280	9.80e-06	43.1
WP_009788443.1	MER0031611|S33.977|S33	22.0	95.1	87.1	277	3.78e-05	41.2
WP_009788443.1	MER0213829|S33.A76|S33	40.8	14.9	15.2	49	1.70e-04	39.3
WP_009788487.1	MER0000474|S14.001|S14	66.3	83.5	90.3	187	6.40e-88	255
WP_009788487.1	MER0005687|S14.A01|S14	63.0	84.4	86.7	189	1.55e-77	229
WP_009788487.1	MER0002211|S14.003|S14	57.2	83.5	90.3	187	4.84e-73	218
WP_009788487.1	MER0006046|S14.A02|S14	53.7	83.9	90.8	188	3.19e-71	213
WP_009788487.1	MER0006063|S14.010|S14	56.1	77.2	83.2	173	4.37e-69	207
WP_009788487.1	MER0002299|S14.A04|S14	53.4	85.3	95.0	191	7.01e-69	207
WP_009788487.1	MER0004855|S14.A03|S14	52.1	85.7	88.0	192	2.58e-68	206
WP_009788487.1	MER0004857|S14.008|S14	58.1	79.9	84.5	179	4.53e-66	200
WP_009788487.1	MER0004847|S14.009|S14	51.6	83.5	90.4	188	4.68e-66	200
WP_009788487.1	MER0006308|S14.002|S14	45.9	86.6	98.5	196	4.40e-56	174
WP_009788487.1	MER0006056|S14.011|S14	46.1	79.5	83.9	178	4.12e-52	164
WP_009788487.1	MER0004182|S14.006|S14	42.7	85.7	92.6	192	5.21e-51	161
WP_009788487.1	MER0011666|S14.005|S14	40.5	76.3	91.5	173	3.28e-37	125
WP_009788487.1	MER0001369|S14.007|S14	37.5	32.1	55.0	72	4.18e-12	58.5
WP_009788487.1	MER0042954|S49.005|S49C	27.1	60.7	84.0	140	3.76e-05	39.7
WP_009788512.1	MER0045886|C26.957|C26	46.2	42.4	94.5	225	1.85e-62	201
WP_009788512.1	MER0044889|C26.A21|C26	38.9	44.3	96.3	234	4.24e-50	169
WP_009788512.1	MER0042974|C26.A07|C26	41.4	35.0	97.9	191	3.27e-44	152
WP_009788512.1	MER0043387|C26.950|C26	41.0	33.7	100	178	9.98e-38	134
WP_009788512.1	MER0038086|C26.962|C26	35.6	39.6	88.1	222	1.06e-35	130
WP_009788512.1	MER0436735|C26.A34|C26	28.8	42.4	98.9	260	2.46e-34	127
WP_009788512.1	MER0043537|C26.A31|C26	38.6	35.2	97.9	189	3.41e-34	124
WP_009788512.1	MER0044622|C26.A25|C26	29.7	28.6	59.5	155	5.03e-15	72.0
WP_009788512.1	MER0044882|C26.A09|C26	26.2	30.1	91.2	168	1.53e-12	63.2
WP_009788512.1	MER0043394|C26.955|C26	28.4	28.6	92.7	155	1.44e-10	57.0
WP_009788512.1	MER0044619|C26.A26|C26	22.7	26.3	58.2	141	4.99e-08	50.8
WP_009788512.1	MER0044812|C26.A04|C26	29.0	33.3	69.3	183	1.33e-06	46.6
WP_009788512.1	MER0043195|C26.A30|C26	25.8	22.0	50.8	132	4.46e-04	38.9
WP_009788552.1	MER0004101|C44.A01|C44	41.0	44.2	91.1	222	2.54e-46	158
WP_009788552.1	MER0011806|C44.A03|C44	41.4	44.2	91.1	222	2.54e-46	158
WP_009788552.1	MER0011781|C44.A02|C44	40.7	44.2	90.7	221	9.88e-45	154
WP_009788552.1	MER0003314|C44.001|C44	41.2	44.2	92.1	245	4.36e-40	142
WP_009788552.1	MER0003327|C44.971|C44	27.8	46.6	95.7	237	2.41e-15	72.4
WP_009788552.1	MER0003350|C44.975|C44	27.6	37.0	100	210	5.69e-14	67.8
WP_009788552.1	MER0012158|C44.972|C44	27.1	37.0	61.1	210	6.55e-13	66.6
WP_009788552.1	MER0185695|C44.A08|C44	26.8	37.0	85.1	194	1.01e-10	58.5
WP_009788615.1	MER0043475|C26.A05|C26	24.4	65.0	64.0	168	1.47e-05	42.0
WP_009788615.1	MER0043540|C26.A33|C26	44.9	17.5	21.5	49	8.11e-04	36.6
WP_009788616.1	MER0004801|M38.982|M38	75.8	61.0	100	347	1.57e-192	540
WP_009788636.1	MER0437468|C26.A36|C26	40.5	60.8	99.7	351	1.16e-75	240
WP_009788636.1	MER0065554|C26.964|C26	44.3	45.9	97.0	262	2.34e-74	234
WP_009788636.1	MER0436717|C26.A29|C26	31.7	61.2	100	401	4.42e-55	187
WP_009788666.1	MER0167725|M100.001|M100	33.3	67.9	25.9	129	3.11e-08	49.3
WP_009788704.1	MER0011830|T05.002|T05	38.9	50.0	100	216	1.23e-41	143
WP_009788704.1	MER0011829|T05.001|T05	36.5	50.0	99.1	230	1.52e-33	122
WP_009788760.1	MER0043394|C26.955|C26	60.7	82.7	98.8	163	3.36e-71	210
WP_009788760.1	MER0044622|C26.A25|C26	44.4	99.0	74.3	196	2.21e-60	186
WP_009788760.1	MER0045094|C26.959|C26	46.8	95.9	75.9	190	1.11e-59	184
WP_009788760.1	MER0044882|C26.A09|C26	50.0	81.2	90.7	166	8.92e-56	172
WP_009788760.1	MER0043392|C26.960|C26	44.2	80.7	93.5	163	8.00e-38	125
WP_009788760.1	MER0044619|C26.A26|C26	33.7	98.5	79.3	196	1.02e-23	91.3
WP_009788760.1	MER0045095|C26.958|C26	30.0	97.0	77.9	210	1.76e-23	91.3
WP_009788760.1	MER0043537|C26.A31|C26	29.9	98.0	97.3	197	8.70e-21	82.4
WP_009788760.1	MER0044812|C26.A04|C26	35.8	69.0	53.3	137	4.98e-19	79.0
WP_009788760.1	MER0043195|C26.A30|C26	28.6	95.9	79.6	206	2.04e-18	77.4
WP_009788760.1	MER0045945|C26.963|C26	36.2	68.0	57.8	138	7.01e-17	72.8
WP_009788760.1	MER0115185|C26.954|C26	32.1	68.5	90.9	137	3.29e-14	63.9
WP_009788760.1	MER0044889|C26.A21|C26	30.4	58.4	46.3	115	1.38e-11	58.5
WP_009788760.1	MER0043387|C26.950|C26	31.6	59.4	64.2	117	7.82e-10	52.8
WP_009788760.1	MER0046161|C26.956|C26	29.5	64.0	44.5	132	4.30e-07	45.8
WP_009788760.1	MER0436691|C26.A27|C26	26.2	64.0	48.2	130	6.63e-05	39.3
WP_009788760.1	MER0043475|C26.A05|C26	33.3	48.7	39.2	105	3.89e-04	37.0
WP_009788781.1	MER0033184|M38.979|M38	32.1	79.9	79.3	315	5.30e-39	140
WP_009788781.1	MER0066192|M38.983|M38	30.5	72.6	80.6	282	1.24e-33	125
WP_009788844.1	MER0002563|M41.020|M41	66.0	38.1	95.9	235	4.78e-101	304
WP_009788844.1	MER0017637|M41.024|M41	65.5	38.1	95.9	235	5.33e-100	301
WP_009788844.1	MER0002408|M41.017|M41	51.5	38.1	93.5	235	1.95e-69	222
WP_009788844.1	MER0001620|M41.001|M41	44.4	39.1	84.1	241	4.10e-64	209
WP_009788844.1	MER0002602|M41.009|M41	43.8	37.9	86.1	235	1.53e-60	199
WP_009788844.1	MER0005466|M41.021|M41	41.8	39.4	99.6	244	1.97e-58	193
WP_009788844.1	MER0011745|M41.005|M41	46.2	38.1	88.8	236	5.24e-55	184
WP_009788844.1	MER0015199|M41.015|M41	41.4	37.6	81.4	232	2.53e-54	183
WP_009788844.1	MER0015137|M41.025|M41	44.9	38.1	89.8	236	4.94e-53	179
WP_009788844.1	MER0015197|M41.013|M41	45.3	37.9	86.9	234	2.03e-51	175
WP_009788844.1	MER0015193|M41.019|M41	42.9	38.1	97.1	238	5.73e-50	170
WP_009788844.1	MER0023544|M41.A10|M41	42.0	38.6	82.5	238	1.19e-49	171
WP_009788844.1	MER0005496|M41.007|M41	39.1	38.1	83.3	235	4.93e-46	160
WP_009788844.1	MER0015194|M41.A14|M41	39.3	37.9	84.2	234	8.47e-46	160
WP_009788844.1	MER0056525|M41.A17|M41	37.7	38.1	89.2	236	5.43e-44	154
WP_009788844.1	MER0015195|M41.A15|M41	37.3	38.1	81.5	236	1.44e-43	154
WP_009788844.1	MER0171760|M41.A12|M41	34.8	40.4	89.4	250	7.13e-42	149
WP_009788844.1	MER0011224|M41.A09|M41	36.6	38.1	81.5	235	1.71e-40	145
WP_009788844.1	MER0190577|M41.A16|M41	37.0	38.1	88.9	235	2.73e-40	144
WP_009788844.1	MER0004454|M41.006|M41	38.4	38.1	82.5	237	3.17e-40	145
WP_009788844.1	MER0002600|M41.002|M41	38.6	38.1	87.5	236	2.57e-39	142
WP_009788844.1	MER0015609|M41.023|M41	34.7	39.5	84.9	245	1.01e-38	140
WP_009788844.1	MER0002605|M41.003|M41	37.2	38.6	85.3	239	1.16e-38	140
WP_009788844.1	MER0011748|M41.022|M41	35.2	39.5	85.0	247	2.01e-38	140
WP_009788844.1	MER0002197|M41.004|M41	33.3	37.9	84.2	234	6.93e-38	138
WP_009788873.1	MER1054487|C44.951|C44	48.3	24.1	100	379	8.85e-108	344
WP_009788873.1	MER0198917|C44.003|C44	42.0	24.1	100	381	2.21e-86	284
WP_009789130.1	MER0004471|M50.A10|M50B	38.2	99.2	76.9	359	1.49e-60	196
WP_009789130.1	MER0004474|M50.003|M50B	37.8	97.2	76.3	352	1.39e-59	193
WP_009789130.1	MER0897124|M50.A11|M50A	28.0	94.4	97.6	429	2.15e-26	105
WP_009789130.1	MER0004468|M50.011|M50B	27.7	94.4	97.6	426	1.02e-25	103
WP_009789130.1	MER0004480|M50.004|M50B	30.3	84.4	98.8	346	9.70e-24	97.1
WP_009789130.1	MER0004469|M50.005|M50B	26.0	94.2	92.6	377	1.05e-12	65.5
WP_009789140.1	MER0321345|S49.A08|S49B	45.1	59.6	88.0	162	5.22e-47	152
WP_009789140.1	MER0003812|S49.008|S49X	45.1	59.6	83.9	162	1.36e-46	151
WP_009789140.1	MER0001299|S49.001|S49A	38.5	75.6	35.1	205	1.43e-33	125
WP_009789140.1	MER0044046|S49.006|S49B	41.6	64.1	92.4	173	1.44e-33	117
WP_009789140.1	MER0011114|S49.004|S49B	34.0	70.0	50.9	191	5.64e-28	107
WP_009789140.1	MER0013957|S49.007|S49B	32.4	63.0	89.9	170	7.60e-24	92.4
WP_009789140.1	MER0001300|S49.002|S49B	28.7	61.9	88.7	167	7.43e-16	70.9
WP_009789140.1	MER0001303|S49.003|S49B	26.1	64.8	89.2	176	6.41e-12	60.1
WP_009789149.1	MER0069741|M23.009|M23B	51.4	35.6	59.9	105	7.18e-28	103
WP_009789149.1	MER0003380|M23.011|M23B	40.9	38.6	47.3	115	4.51e-18	78.6
WP_009789149.1	MER0001419|M23.004|M23B	40.7	39.7	82.5	118	1.14e-16	72.4
WP_009789149.1	MER0003423|M23.012|M23B	39.8	39.7	82.5	118	1.10e-15	69.7
WP_009789149.1	MER0003376|M23.005|M23B	36.5	36.6	68.1	115	4.74e-15	68.6
WP_009789149.1	MER0003906|M23.013|M23B	36.9	34.6	97.2	103	8.30e-15	66.2
WP_009789149.1	MER0013541|M23.014|M23B	43.8	29.2	96.6	89	1.84e-13	62.0
WP_009789149.1	MER0015415|M23.951|M23B	30.6	52.9	82.9	157	7.50e-12	59.7
WP_009789149.1	MER0387040|M23.A03|M23B	35.4	33.6	92.2	99	2.15e-10	53.9
WP_009789149.1	MER0066182|M23.A04|M23B	36.4	33.6	47.7	99	3.55e-10	55.5
WP_009789149.1	MER0388771|M23.A06|M23B	30.4	33.9	94.7	112	7.26e-05	38.5
WP_009789149.1	MER0025070|M23.010|M23B	30.4	33.9	91.5	112	7.79e-05	38.5
WP_009789202.1	MER0001243|M24.001|M24A	44.0	89.3	95.1	252	1.38e-72	221
WP_009789202.1	MER0015127|M24.A05|M24A	40.3	84.0	94.0	236	1.21e-58	184
WP_009789202.1	MER0005690|M24.A06|M24A	38.7	88.3	98.8	248	6.12e-56	177
WP_009789202.1	MER0001342|M24.017|M24A	37.5	89.3	95.4	251	6.27e-53	170
WP_009789202.1	MER0015128|M24.A07|M24A	37.7	84.0	93.6	236	6.46e-53	170
WP_009789202.1	MER0013589|M24.A12|M24A	37.1	87.2	100	245	1.28e-50	164
WP_009789202.1	MER0013929|M24.028|M24A	35.2	87.9	96.8	247	5.29e-49	160
WP_009789202.1	MER0013450|M24.036|M24A	36.9	87.9	97.6	249	2.21e-44	148
WP_009789202.1	MER0003880|M24.035|M24A	30.2	69.4	63.1	199	8.97e-20	84.0
WP_009789202.1	MER0004931|M24.008|M24B	25.3	87.2	95.2	249	2.16e-18	79.0
WP_009789202.1	MER0005462|M24.031|M24B	26.4	87.2	95.2	250	4.12e-18	78.2
WP_009789202.1	MER0024896|M24.A13|M24A	33.1	46.3	27.9	136	1.60e-17	79.0
WP_009789202.1	MER0004532|M24.034|M24B	27.7	71.5	83.3	202	3.33e-15	70.1
WP_009789202.1	MER0002038|M24.006|M24B	30.5	58.7	69.1	167	2.13e-11	59.3
WP_009789202.1	MER0001244|M24.004|M24B	25.5	52.3	54.2	149	9.79e-07	45.8
WP_009789230.1	MER0001186|M32.001|M32	36.8	98.2	98.4	506	5.98e-94	291
WP_009789230.1	MER0002064|M32.006|M32	33.3	93.2	98.5	474	4.23e-83	262
WP_009789230.1	MER0069021|M32.003|M32	32.4	92.4	94.4	475	7.13e-75	241
WP_009789230.1	MER0069024|M32.004|M32	32.2	93.2	95.2	482	5.47e-68	223
WP_009789230.1	MER0017390|M32.002|M32	29.9	96.2	97.4	491	2.20e-65	216
WP_009789230.1	MER0015184|M32.005|M32	34.0	92.4	93.4	483	9.84e-65	215
WP_009789233.1	MER0094392|C82.003|C82B	30.2	77.7	95.6	129	3.49e-13	59.7
WP_009789233.1	MER0107804|C82.A02|C82A	26.5	60.8	81.7	113	3.90e-06	41.2
WP_009789233.1	MER0107825|C82.A04|C82A	38.7	37.3	42.7	62	9.47e-05	37.4
WP_009789255.1	MER0055964|S26.A02|S26A	36.6	86.4	100	191	6.71e-32	110
WP_009789255.1	MER0015620|S26.A01|S26A	35.3	85.5	96.1	190	2.65e-25	94.0
WP_009789255.1	MER0003269|S26.008|S26A	34.4	84.2	94.2	186	5.66e-25	93.2
WP_009789255.1	MER0002551|S26.024|S26A	31.2	82.8	94.1	202	9.73e-24	91.3
WP_009789255.1	MER0004537|S26.025|S26A	33.0	84.6	95.7	191	2.77e-22	87.0
WP_009789255.1	MER0003273|S26.016|S26A	28.1	78.7	87.0	185	6.88e-19	77.4
WP_009789255.1	MER0028421|S26.018|S26A	27.7	84.6	94.9	195	6.54e-18	74.7
WP_009789255.1	MER0013626|S26.026|S26A	28.8	80.1	86.3	177	3.11e-17	72.8
WP_009789255.1	MER0002550|S26.004|S26A	28.9	84.6	94.9	190	3.32e-17	72.8
WP_009789255.1	MER0000589|S26.001|S26A	31.1	82.4	89.5	228	2.33e-16	72.4
WP_009789255.1	MER0015993|S26.021|S26A	37.3	49.3	74.0	118	2.35e-16	70.5
WP_009789255.1	MER0015994|S26.019|S26A	29.4	82.4	95.0	201	5.18e-16	69.7
WP_009789255.1	MER0001912|S26.005|S26A	34.5	48.9	69.0	110	3.40e-15	67.4
WP_009789255.1	MER0016034|S26.020|S26A	27.1	83.7	98.7	203	1.25e-13	63.2
WP_009789255.1	MER0000592|S26.003|S26A	37.1	43.0	61.9	105	6.56e-13	61.2
WP_009789255.1	MER0001510|S26.007|S26A	26.7	84.6	94.9	191	1.78e-12	60.1
WP_009789255.1	MER0006313|S26.006|S26A	28.7	75.1	86.1	174	4.30e-12	58.9
WP_009789255.1	MER0006070|S26.A05|S26A	47.2	15.8	59.0	36	7.62e-04	33.9
WP_009789258.1	MER0056047|M79.006|M79	42.7	17.9	93.8	75	5.76e-14	63.9
WP_009789258.1	MER0056022|M79.A02|M79	36.8	22.6	77.0	95	4.51e-11	57.0
WP_009789258.1	MER0056027|M79.A03|M79	40.3	18.3	65.3	77	8.43e-07	44.7
WP_009789258.1	MER0055284|M79.A10|M79	34.7	17.9	91.5	75	8.64e-06	40.8
WP_009789384.1	MER0000474|S14.001|S14	42.8	87.4	84.5	194	1.76e-49	157
WP_009789384.1	MER0006046|S14.A02|S14	39.2	87.4	84.5	194	1.81e-46	150
WP_009789384.1	MER0006063|S14.010|S14	43.7	89.6	86.5	199	2.10e-45	147
WP_009789384.1	MER0005687|S14.A01|S14	39.7	93.2	92.4	214	7.26e-44	143
WP_009789384.1	MER0002211|S14.003|S14	41.4	86.0	83.1	191	5.16e-43	141
WP_009789384.1	MER0004857|S14.008|S14	43.1	84.7	81.2	188	2.06e-42	139
WP_009789384.1	MER0002299|S14.A04|S14	41.6	85.6	85.1	190	1.38e-41	137
WP_009789384.1	MER0004847|S14.009|S14	39.3	85.6	82.7	191	7.47e-40	133
WP_009789384.1	MER0004855|S14.A03|S14	35.4	87.8	84.2	195	7.51e-37	125
WP_009789384.1	MER0006056|S14.011|S14	35.6	87.4	82.5	194	2.54e-31	111
WP_009789384.1	MER0004182|S14.006|S14	31.3	87.8	86.7	195	8.16e-31	109
WP_009789384.1	MER0011666|S14.005|S14	37.1	70.7	79.4	159	2.90e-27	100
WP_009789384.1	MER0006308|S14.002|S14	27.2	85.6	87.8	191	1.10e-24	93.6
WP_009789457.1	MER0005466|M41.021|M41	49.1	36.9	95.8	230	1.98e-68	219
WP_009789457.1	MER0002602|M41.009|M41	44.1	38.0	88.8	238	8.57e-62	203
WP_009789457.1	MER0017637|M41.024|M41	43.6	36.7	95.1	234	1.03e-55	186
WP_009789457.1	MER0002563|M41.020|M41	42.7	36.7	95.1	234	1.43e-55	186
WP_009789457.1	MER0011120|M41.A04|M41	44.3	38.1	92.1	244	1.91e-53	181
WP_009789457.1	MER0171760|M41.A12|M41	38.4	42.6	98.1	268	2.59e-52	177
WP_009789457.1	MER0023544|M41.A10|M41	44.3	36.9	81.1	230	4.93e-52	177
WP_009789457.1	MER0002408|M41.017|M41	41.2	37.0	93.5	233	1.54e-50	172
WP_009789457.1	MER0005496|M41.007|M41	42.0	37.0	83.3	231	2.15e-50	172
WP_009789457.1	MER0056525|M41.A17|M41	41.6	37.0	89.2	231	2.48e-50	172
WP_009789457.1	MER0001620|M41.001|M41	40.3	37.0	82.0	233	1.18e-49	171
WP_009789457.1	MER0015690|M41.A03|M41	41.8	37.0	89.4	237	1.90e-49	170
WP_009789457.1	MER0011224|M41.A09|M41	40.3	37.0	81.5	233	1.79e-48	167
WP_009789457.1	MER0011745|M41.005|M41	43.2	37.0	88.8	234	4.24e-48	166
WP_009789457.1	MER0002600|M41.002|M41	40.3	37.0	87.5	231	7.49e-48	165
WP_009789457.1	MER0015137|M41.025|M41	43.2	37.0	89.8	234	1.04e-47	165
WP_009789457.1	MER0015197|M41.013|M41	41.8	37.0	87.3	232	4.17e-47	163
WP_009789457.1	MER0015199|M41.015|M41	39.0	36.5	81.4	228	5.22e-47	164
WP_009789457.1	MER0002605|M41.003|M41	39.5	38.1	86.8	238	6.82e-47	163
WP_009789457.1	MER0015194|M41.A14|M41	42.7	36.9	84.2	232	9.45e-47	162
WP_009789457.1	MER0011748|M41.022|M41	40.3	37.0	81.8	231	4.44e-46	161
WP_009789457.1	MER0015195|M41.A15|M41	40.3	37.0	81.5	231	6.32e-46	160
WP_009789457.1	MER0004454|M41.006|M41	40.5	37.0	82.5	232	8.51e-46	160
WP_009789457.1	MER0015609|M41.023|M41	39.0	37.0	81.6	231	5.64e-45	158
WP_009789457.1	MER0024898|M41.A13|M41	39.9	36.4	80.7	228	2.05e-42	151
WP_009789543.1	MER0036064|S33.A16|S33	30.0	83.7	93.5	247	8.35e-19	80.9
WP_009789543.1	MER0036078|S33.A75|S33	27.9	81.6	89.0	240	5.18e-16	72.8
WP_009789543.1	MER0036053|S33.A01|S33	34.2	37.5	40.3	111	2.75e-12	62.4
WP_009789543.1	MER0017123|S33.972|S33	33.3	38.9	38.3	114	1.54e-07	48.5
WP_009789543.1	MER0035973|S33.A14|S33	33.1	45.8	43.2	133	1.98e-07	48.1
WP_009789543.1	MER0183709|S33.B16|S33	30.8	34.4	33.4	104	2.11e-07	48.1
WP_009789543.1	MER0037236|S33.016|S33	28.3	37.2	42.1	113	1.02e-06	45.8
WP_009789543.1	MER0036115|S33.B18|S33	32.4	36.1	34.3	105	1.60e-06	45.4
WP_009789543.1	MER0036065|S33.A03|S33	24.3	79.5	98.4	259	5.78e-06	43.5
WP_009789543.1	MER0000432|S33.971|S33	26.4	41.3	38.1	129	7.39e-06	43.5
WP_009789543.1	MER0017142|S33.994|S33	28.9	49.3	50.8	142	9.91e-06	42.7
WP_009789543.1	MER0031611|S33.977|S33	22.5	83.7	86.7	275	2.83e-05	41.6
WP_009789543.1	MER0036069|S33.A38|S33	31.1	34.7	30.2	103	4.19e-05	41.2
WP_009789543.1	MER0036057|S33.A09|S33	24.3	78.5	77.5	251	5.09e-05	40.8
WP_009789543.1	MER0035035|S33.A94|S33	27.8	39.9	36.9	115	5.19e-05	40.8
WP_009789543.1	MER0031616|S33.013|S33	29.8	35.4	33.4	104	7.01e-05	40.4
WP_009789543.1	MER0037853|S33.984|S33	35.2	34.0	32.3	105	7.13e-05	40.4
WP_009789543.1	MER0044578|S33.A28|S33	28.8	34.4	29.5	104	1.01e-04	40.0
WP_009789543.1	MER0003280|S33.990|S33	29.6	33.3	33.7	98	1.18e-04	39.7
WP_009789543.1	MER0044581|S33.A27|S33	30.3	35.1	29.8	109	1.35e-04	39.7
WP_009789543.1	MER0004146|S33.995|S33	26.7	39.9	45.2	120	1.45e-04	39.3
WP_009789543.1	MER0031556|S09.A80|S09C	33.3	24.0	24.6	72	3.62e-04	38.1
WP_009789543.1	MER0036059|S33.A79|S33	27.3	35.1	32.4	121	9.92e-04	37.0
WP_009789559.1	MER0017988|I04.021|I04	39.5	50.0	10.0	38	9.91e-04	32.7
WP_009789611.1	MER0055964|S26.A02|S26A	44.4	78.1	99.3	153	5.92e-41	133
WP_009789611.1	MER0015620|S26.A01|S26A	42.0	77.6	96.1	157	3.91e-37	123
WP_009789611.1	MER0003269|S26.008|S26A	39.4	80.1	96.2	165	3.46e-33	113
WP_009789611.1	MER0013626|S26.026|S26A	36.9	76.0	94.1	157	1.78e-22	85.9
WP_009789611.1	MER0015993|S26.021|S26A	32.1	77.0	95.5	165	1.08e-20	81.3
WP_009789611.1	MER0016034|S26.020|S26A	32.1	73.0	96.1	162	4.50e-19	77.0
WP_009789611.1	MER0004537|S26.025|S26A	35.2	71.9	91.0	176	6.73e-19	77.4
WP_009789611.1	MER0028421|S26.018|S26A	30.1	77.6	96.2	166	1.90e-18	75.5
WP_009789611.1	MER0002550|S26.004|S26A	30.4	76.5	94.9	161	9.82e-18	73.6
WP_009789611.1	MER0000589|S26.001|S26A	31.6	74.5	90.7	231	1.89e-17	74.7
WP_009789611.1	MER0001912|S26.005|S26A	33.3	78.1	94.8	165	3.69e-17	72.0
WP_009789611.1	MER0001510|S26.007|S26A	30.2	75.5	93.6	159	1.45e-16	70.5
WP_009789611.1	MER0002551|S26.024|S26A	31.4	79.6	99.0	207	5.06e-16	70.1
WP_009789611.1	MER0003273|S26.016|S26A	27.1	77.6	96.3	170	8.74e-16	68.6
WP_009789611.1	MER0015994|S26.019|S26A	29.8	74.0	95.0	168	1.64e-15	67.8
WP_009789611.1	MER0000592|S26.003|S26A	28.1	75.5	93.5	160	7.82e-15	65.9
WP_009789611.1	MER0006313|S26.006|S26A	30.6	65.8	86.1	144	5.31e-14	63.5
WP_009789611.1	MER0003268|S26.015|S26A	25.2	60.7	83.9	159	4.49e-11	56.2
WP_009789611.1	MER0000598|S26.012|S26A	26.3	74.5	91.0	152	1.03e-09	51.6
WP_009789611.1	MER0000597|S26.002|S26A	32.1	42.9	48.2	84	5.70e-08	47.4
WP_009789611.1	MER0011513|S26.A09|S26A	28.3	57.1	70.5	113	2.81e-07	44.7
WP_009789711.1	MER0000474|S14.001|S14	63.9	97.0	92.3	191	1.18e-83	243
WP_009789711.1	MER0005687|S14.A01|S14	65.9	89.3	83.4	176	2.87e-73	217
WP_009789711.1	MER0006046|S14.A02|S14	53.6	97.5	92.8	192	2.37e-71	212
WP_009789711.1	MER0002211|S14.003|S14	54.2	97.5	92.8	192	4.83e-66	199
WP_009789711.1	MER0002299|S14.A04|S14	53.8	94.4	92.5	186	1.51e-63	192
WP_009789711.1	MER0004855|S14.A03|S14	54.3	87.8	82.8	173	6.36e-62	188
WP_009789711.1	MER0004857|S14.008|S14	54.9	92.4	87.4	182	1.70e-61	187
WP_009789711.1	MER0004847|S14.009|S14	47.9	97.0	92.3	192	8.12e-60	183
WP_009789711.1	MER0006063|S14.010|S14	49.2	92.9	87.5	183	2.65e-58	179
WP_009789711.1	MER0006308|S14.002|S14	44.4	90.4	91.8	180	5.13e-53	165
WP_009789711.1	MER0006056|S14.011|S14	46.3	88.8	82.5	175	2.97e-50	159
WP_009789711.1	MER0004182|S14.006|S14	41.3	95.9	91.1	189	2.67e-49	156
WP_009789711.1	MER0011666|S14.005|S14	43.4	86.8	91.5	173	3.13e-39	130
WP_009789711.1	MER0001369|S14.007|S14	40.3	36.5	55.0	72	1.92e-12	58.9
WP_009789713.1	MER0002408|M41.017|M41	66.3	38.3	100	246	4.09e-109	326
WP_009789713.1	MER0015137|M41.025|M41	54.8	37.5	94.1	241	5.54e-89	274
WP_009789713.1	MER0011745|M41.005|M41	54.8	37.5	93.1	241	1.71e-88	273
WP_009789713.1	MER0015193|M41.019|M41	56.7	36.9	100	240	1.01e-86	268
WP_009789713.1	MER0002563|M41.020|M41	45.9	35.5	95.1	233	4.46e-61	201
WP_009789713.1	MER0017637|M41.024|M41	46.8	35.5	95.1	233	4.46e-61	201
WP_009789713.1	MER0005466|M41.021|M41	44.4	36.0	96.7	234	2.08e-59	196
WP_009789713.1	MER0002602|M41.009|M41	39.0	37.1	89.1	241	9.77e-52	176
WP_009789713.1	MER0001620|M41.001|M41	37.3	36.0	82.3	233	1.43e-47	166
WP_009789713.1	MER0015199|M41.015|M41	36.0	36.9	84.9	239	4.49e-40	145
WP_009789713.1	MER0190577|M41.A16|M41	35.3	36.9	91.8	238	3.16e-39	141
WP_009789713.1	MER0015197|M41.013|M41	37.9	35.7	86.9	232	3.42e-39	142
WP_009789713.1	MER0011224|M41.A09|M41	34.4	38.0	91.6	262	5.94e-37	136
WP_009789713.1	MER0005496|M41.007|M41	32.8	35.8	83.3	232	3.39e-36	134
WP_009789713.1	MER0056525|M41.A17|M41	36.1	35.8	89.2	233	1.95e-35	131
WP_009789713.1	MER0014324|M41.018|M41	32.8	35.8	90.8	232	2.69e-35	130
WP_009789713.1	MER0015194|M41.A14|M41	31.2	35.7	84.2	231	2.77e-35	131
WP_009789713.1	MER0023544|M41.A10|M41	33.8	35.8	81.5	234	3.16e-34	128
WP_009789713.1	MER0002608|M41.A11|M41	30.9	35.8	85.4	236	9.34e-34	127
WP_009789713.1	MER0002605|M41.003|M41	35.0	34.4	80.8	223	1.19e-33	126
WP_009789713.1	MER0015195|M41.A15|M41	32.9	35.8	81.5	234	7.15e-33	124
WP_009789713.1	MER0015609|M41.023|M41	34.0	36.1	82.4	235	9.10e-33	124
WP_009789713.1	MER0005755|M41.026|M41	30.3	35.7	96.0	231	6.82e-32	120
WP_009789713.1	MER0002197|M41.004|M41	31.5	35.7	84.2	232	1.54e-31	120
WP_009789713.1	MER0011748|M41.022|M41	34.9	36.1	82.5	238	2.90e-31	120
WP_009789754.1	MER0073084|M61.002|M61	30.5	66.0	81.0	397	1.65e-50	178
WP_009789763.1	MER0000471|S13.002|S13	26.2	86.1	97.6	465	2.33e-23	99.0
WP_009789763.1	MER0011571|S13.003|S13	30.5	38.0	38.3	174	1.40e-10	59.7
WP_009789763.1	MER0000472|S13.001|S13	22.0	74.4	86.2	400	3.34e-10	58.5
WP_009789763.1	MER0053015|S13.004|S13	26.5	76.0	89.3	359	1.44e-08	53.1
WP_009789763.1	MER0066354|S13.005|S13	22.8	72.4	96.0	347	2.18e-08	52.4
WP_009789763.1	MER0026276|S13.A01|S13	27.5	35.7	36.6	178	7.14e-08	51.2
WP_009789805.1	MER0002408|M41.017|M41	51.5	38.9	93.1	233	1.02e-68	220
WP_009789805.1	MER0017637|M41.024|M41	45.7	38.7	95.1	234	1.20e-58	193
WP_009789805.1	MER0002563|M41.020|M41	44.4	38.7	95.1	234	1.24e-57	191
WP_009789805.1	MER0011745|M41.005|M41	43.0	38.9	88.4	235	5.44e-55	184
WP_009789805.1	MER0015137|M41.025|M41	43.0	38.9	89.5	235	2.63e-54	182
WP_009789805.1	MER0015193|M41.019|M41	41.5	38.9	96.6	236	6.12e-51	172
WP_009789805.1	MER0005466|M41.021|M41	38.3	38.7	95.4	235	1.69e-44	155
WP_009789805.1	MER0002602|M41.009|M41	38.7	38.7	85.8	235	3.46e-43	152
WP_009789805.1	MER0001620|M41.001|M41	35.3	38.9	81.6	235	5.97e-39	141
WP_009789805.1	MER0015199|M41.015|M41	39.6	37.6	79.2	227	1.94e-38	140
WP_009789805.1	MER0015197|M41.013|M41	39.0	39.1	87.3	236	7.97e-38	137
WP_009789805.1	MER0023544|M41.A10|M41	35.8	38.1	79.3	232	1.93e-35	131
WP_009789805.1	MER0015194|M41.A14|M41	31.7	37.6	81.1	227	1.56e-32	123
WP_009789805.1	MER0002608|M41.A11|M41	34.5	38.4	84.0	235	2.29e-32	122
WP_009789805.1	MER0002197|M41.004|M41	34.8	37.9	81.9	230	2.59e-32	122
WP_009789805.1	MER0005496|M41.007|M41	34.1	37.6	79.9	229	2.09e-31	120
WP_009789805.1	MER0005755|M41.026|M41	31.1	39.1	96.5	235	4.98e-31	117
WP_009789805.1	MER0190705|M41.A18|M41	31.6	38.7	97.3	234	6.00e-31	117
WP_009789805.1	MER0011224|M41.A09|M41	33.0	37.7	78.5	230	1.55e-30	117
WP_009789805.1	MER0015195|M41.A15|M41	31.2	38.9	81.1	237	2.89e-30	117
WP_009789805.1	MER0056525|M41.A17|M41	30.9	38.9	88.8	236	3.12e-30	116
WP_009789805.1	MER0015609|M41.023|M41	34.2	37.6	78.3	228	1.28e-29	115
WP_009789805.1	MER0014324|M41.018|M41	33.3	38.9	90.4	237	1.52e-29	114
WP_009789805.1	MER0011748|M41.022|M41	34.3	37.6	78.5	230	4.62e-29	113
WP_009789805.1	MER0002605|M41.003|M41	31.3	38.1	81.9	230	2.43e-28	111
WP_009789821.1	MER0016301|M103.001|M103	33.5	95.3	95.7	469	1.19e-63	210
WP_009789821.1	MER0016222|M103.950|M103	21.9	90.9	91.6	443	1.75e-13	68.9
WP_009789821.1	MER0028087|M103.002|M103	20.5	89.1	91.8	430	8.30e-10	57.4
WP_009789891.1	MER0013876|U32.003|U32	35.5	41.0	95.3	363	5.70e-47	168
WP_009789891.1	MER0003855|U32.002|U32	31.2	31.6	71.8	282	4.15e-31	123
WP_009789891.1	MER0003242|U32.001|U32	34.2	16.8	48.8	149	3.06e-19	86.3
WP_009789891.1	MER0004416|U32.A02|U32	26.4	27.0	81.3	235	6.00e-18	82.0
WP_009789892.1	MER0005742|M15.002|M15B	35.8	46.1	97.0	123	3.75e-18	74.7
WP_009789892.1	MER0001333|M15.010|M15B	28.1	52.1	45.7	146	1.35e-14	68.9
WP_009789892.1	MER0014983|M15.024|M15B	39.6	38.2	72.7	106	4.14e-14	64.7
WP_009789892.1	MER0013458|M15.003|M15B	32.7	40.1	56.8	110	2.27e-12	61.2
WP_009789908.1	MER0003448|M16.016|M16B	28.3	44.7	80.7	184	5.22e-22	90.9
WP_009789908.1	MER0195774|M16.019|M16B	29.2	43.0	100	178	7.59e-21	86.3
WP_009789908.1	MER0390687|M16.A15|M16B	33.5	38.1	95.2	158	1.10e-20	85.5
WP_009789908.1	MER0001229|M16.003|M16B	26.6	44.7	85.2	184	1.18e-19	84.0
WP_009789908.1	MER0043985|M16.980|M16B	26.6	44.7	78.3	184	1.70e-19	84.0
WP_009789908.1	MER0092828|M16.015|M16B	27.6	36.9	95.5	152	3.04e-14	67.0
WP_009789908.1	MER0003543|M16.973|M16B	23.9	44.7	81.0	184	4.32e-14	68.2
WP_009789908.1	MER0015090|M16.975|M16B	23.9	44.7	81.0	184	3.61e-13	65.5
WP_009789908.1	MER0011744|M16.A02|M16A	28.9	38.3	75.0	159	6.05e-12	61.6
WP_009789908.1	MER0011192|M16.A06|M16A	29.5	35.4	90.9	149	1.23e-11	59.7
WP_009789908.1	MER0011292|M16.A07|M16A	29.5	36.7	67.2	156	1.45e-11	60.8
WP_009789908.1	MER0003823|M16.A09|M16A	29.0	42.0	85.4	183	1.50e-11	60.5
WP_009789908.1	MER0011096|M16.A01|M16A	27.0	38.3	75.0	159	1.50e-11	60.5
WP_009789908.1	MER0001233|M16.A05|M16B	26.6	50.0	88.8	218	1.31e-10	58.2
WP_009789908.1	MER0002008|M16.004|M16B	27.4	38.3	66.9	164	3.02e-10	57.0
WP_009789908.1	MER0015259|M16.017|M16A	27.2	38.1	74.5	158	5.56e-10	55.8
WP_009789908.1	MER0026957|M16.977|M16B	24.5	38.6	72.9	159	8.09e-10	55.5
WP_009789908.1	MER0002423|M16.A11|M16A	28.1	38.1	74.5	160	2.49e-09	53.9
WP_009789908.1	MER0001222|M16.001|M16A	25.3	42.0	85.2	178	1.07e-08	52.0
WP_009789908.1	MER0004423|M16.A20|M16B	24.7	36.4	64.4	150	5.66e-08	50.1
WP_009789908.1	MER0169735|M16.021|M16A	29.8	29.1	60.5	121	7.84e-08	49.3
WP_009789908.1	MER0001220|M16.005|M16A	28.9	37.9	79.2	166	1.15e-07	48.9
WP_009789908.1	MER0002283|M16.A10|M16A	27.3	38.1	74.5	161	2.19e-07	48.1
WP_009789908.1	MER0014333|M16.A03|M16B	22.5	40.0	70.8	173	6.95e-07	47.0
WP_009789908.1	MER0001223|M16.006|M16A	26.9	42.5	93.2	186	7.83e-07	46.2
WP_009789912.1	MER0001313|A08.001|A08	33.0	65.2	65.9	109	3.11e-09	50.1
WP_009789944.1	MER0000576|S24.003|S24	42.6	78.2	99.1	115	3.17e-31	105
WP_009789944.1	MER0006172|S24.004|S24	50.7	45.6	84.8	67	7.07e-17	67.8
WP_009789944.1	MER0000569|S24.001|S24	35.4	76.2	94.9	113	7.40e-16	66.2
WP_009790033.1	MER0006087|M03.A01|M03A	48.6	99.3	97.9	699	6.72e-233	662
WP_009790033.1	MER0015119|M03.A02|M03A	47.0	99.3	98.8	726	7.64e-223	637
WP_009790033.1	MER0001161|M03.004|M03A	39.4	98.9	99.4	698	5.30e-162	479
WP_009790033.1	MER0001158|M03.005|M03A	30.2	94.4	95.3	668	1.03e-82	273
WP_009790033.1	MER0001149|M03.001|M03A	29.5	97.4	94.2	694	6.17e-73	246
WP_009790033.1	MER0001942|M03.002|M03A	27.4	87.4	86.9	624	1.21e-66	229
WP_009790033.1	MER0001153|M03.003|M03A	27.1	91.4	91.6	658	2.53e-63	220
WP_009790033.1	MER0108144|M03.A07|M03A	28.5	81.0	83.7	578	2.03e-58	206
WP_009790033.1	MER0003110|M03.009|M03A	26.6	98.1	98.6	745	5.50e-57	203
WP_009790033.1	MER0079465|M03.011|M03A	25.8	79.9	85.8	585	1.03e-45	169
WP_009790033.1	MER0015170|M03.A03|M03A	26.9	80.4	83.0	572	1.51e-38	148
WP_009790033.1	MER0001156|M03.006|M03A	27.4	57.9	59.9	441	2.71e-30	124
WP_009790033.1	MER0059435|M03.A11|M03A	20.9	28.7	31.9	234	1.26e-04	42.0
WP_009790073.1	MER0061068|M38.A02|M38	62.2	85.7	98.7	294	2.33e-130	371
WP_009790176.1	MER0016191|S66.001|S66	30.2	84.1	97.6	291	6.07e-24	96.3
WP_009790176.1	MER0016172|S66.002|S66	29.6	77.6	86.8	267	3.55e-19	83.2
WP_009790177.1	MER0011811|T03.A03|T03	32.3	92.2	87.8	538	8.18e-56	194
WP_009790177.1	MER0001978|T03.001|T03	29.7	90.8	91.4	529	8.39e-52	183
WP_009790177.1	MER0011800|T03.A01|T03	27.7	79.9	75.7	462	2.08e-42	157
WP_009790177.1	MER0011215|T03.A04|T03	27.8	77.6	85.7	460	1.37e-39	148
WP_009790177.1	MER0002720|T03.023|T03	28.2	79.9	82.5	454	2.29e-39	147
WP_009790177.1	MER0001977|T03.002|T03	28.6	92.1	92.9	559	3.04e-37	142
WP_009790177.1	MER0016970|T03.017|T03	31.0	72.8	72.4	423	8.13e-37	140
WP_009790177.1	MER0004202|T03.013|T03	29.4	94.0	97.5	547	1.12e-36	140
WP_009790177.1	MER0001629|T03.006|T03	27.7	91.7	92.4	556	4.12e-36	139
WP_009790177.1	MER0004194|T03.A07|T03	26.1	91.5	97.9	541	5.63e-36	138
WP_009790177.1	MER0003580|T03.011|T03	28.0	92.1	92.8	546	5.33e-34	132
WP_009790177.1	MER0005831|T03.A06|T03	26.3	94.0	94.6	560	4.61e-33	130
WP_009790177.1	MER0006124|T03.A05|T03	27.3	81.1	81.6	491	9.31e-32	126
WP_009790177.1	MER0094876|T03.025|T03	27.2	83.1	86.2	508	3.78e-31	124
WP_009790177.1	MER0005029|T03.009|T03	24.0	81.1	86.6	484	5.05e-29	117
WP_009790177.1	MER0011143|T03.005|T03	24.7	91.5	91.2	538	8.05e-29	117
WP_009790177.1	MER0011211|T03.007|T03	26.0	76.0	76.1	453	1.09e-28	117
WP_009790177.1	MER0011193|T03.010|T03	26.2	80.4	82.6	478	1.49e-25	107
WP_009790177.1	MER0002728|T03.012|T03	24.1	89.8	90.1	547	6.76e-21	93.2
WP_009790177.1	MER0026204|T03.018|T03	31.4	34.0	80.6	204	5.21e-19	83.2
WP_009790177.1	MER0002718|T03.008|T03	33.6	21.2	67.0	128	6.00e-15	70.5
WP_009790177.1	MER0026205|T03.019|T03	28.8	31.4	82.2	191	1.26e-10	58.5
WP_009790177.1	MER0003440|T03.A08|T03	23.6	76.4	89.3	449	3.54e-10	58.9
WP_009790177.1	MER0037241|T03.971|T03	30.1	19.4	47.8	123	5.84e-10	56.6
WP_009790177.1	MER0002721|T03.016|T03	36.7	17.8	42.7	109	1.88e-09	55.5
WP_009790183.1	MER0000870|A24.001|A24A	34.5	84.2	94.4	229	4.21e-28	104
WP_009790183.1	MER0000869|A24.019|A24A	47.1	25.6	45.0	68	3.72e-08	48.5
WP_009790183.1	MER0002075|A24.A01|A24A	30.3	49.2	89.4	132	6.09e-04	36.2
WP_009790222.1	MER0001001|M01.005|M01	63.3	24.2	100	210	1.79e-86	271
WP_009790222.1	MER0005037|M01.029|M01	50.3	21.1	99.5	183	8.22e-62	204
WP_009790222.1	MER0040779|M01.035|M01	39.9	22.3	91.9	193	1.52e-41	147
WP_009790222.1	MER0011371|M01.A10|M01	31.8	22.6	95.2	201	6.16e-25	100
WP_009790222.1	MER0001010|M01.007|M01	30.5	22.5	95.2	197	1.76e-23	96.3
WP_009790222.1	MER0011440|M01.A09|M01	30.2	22.1	88.2	199	1.77e-23	96.7
WP_009790222.1	MER0002746|M01.010|M01	27.3	24.3	89.7	216	3.30e-23	96.3
WP_009790222.1	MER0011183|M01.A24|M01	28.2	23.5	92.8	209	4.64e-23	95.5
WP_009790222.1	MER0002060|M01.011|M01	26.3	22.6	90.0	198	1.08e-22	94.4
WP_009790222.1	MER0011438|M01.A08|M01	31.2	19.3	79.7	170	5.79e-22	92.0
WP_009790222.1	MER0019759|M01.A25|M01	30.7	22.6	83.6	199	6.69e-22	92.4
WP_009790222.1	MER0002003|M01.015|M01	29.0	24.8	99.5	221	7.11e-22	92.0
WP_009790222.1	MER0002078|M01.A28|M01	28.6	22.4	83.8	199	9.48e-22	92.0
WP_009790222.1	MER0011369|M01.A12|M01	29.4	20.9	81.3	187	6.60e-21	89.4
WP_009790222.1	MER0004243|M01.016|M01	33.0	20.5	84.3	185	4.69e-20	86.7
WP_009790222.1	MER0001012|M01.003|M01	26.9	23.4	94.9	208	6.37e-20	86.3
WP_009790222.1	MER0002968|M01.024|M01	26.9	23.4	93.2	208	9.03e-20	85.9
WP_009790222.1	MER0000997|M01.001|M01	30.9	19.7	81.1	181	1.17e-19	85.5
WP_009790222.1	MER0011370|M01.A11|M01	26.8	23.0	99.0	213	1.85e-19	84.7
WP_009790222.1	MER0091680|M01.A31|M01	31.0	23.2	91.8	203	3.06e-19	84.3
WP_009790222.1	MER0001701|M01.008|M01	27.2	24.2	95.1	213	2.11e-18	82.0
WP_009790222.1	MER0005331|M01.018|M01	29.6	21.1	87.2	186	1.36e-17	79.3
WP_009790222.1	MER0006264|M01.A29|M01	29.3	20.3	96.7	181	2.50e-17	77.8
WP_009790222.1	MER0001009|M01.006|M01	25.1	25.0	99.1	219	2.56e-17	78.6
WP_009790222.1	MER0002210|M01.013|M01	28.6	17.4	98.7	154	3.30e-17	76.6
WP_009790258.1	MER0065588|C26.965|C26	35.3	93.9	99.0	201	1.76e-28	103
WP_009790258.1	MER0066916|C26.A32|C26	37.7	35.2	38.6	77	7.50e-08	47.8
WP_009790258.1	MER0043537|C26.A31|C26	32.5	38.5	43.1	83	4.29e-05	39.7
WP_009790258.1	MER0065554|C26.964|C26	33.3	31.0	22.3	66	1.11e-04	38.9
WP_009790290.1	MER0059846|S33.A46|S33	30.7	73.9	72.4	264	4.90e-17	77.8
WP_009790419.1	MER0001238|M17.A03|M17	46.9	96.3	98.8	493	1.10e-131	387
WP_009790419.1	MER0002271|M17.002|M17	46.2	96.3	99.4	493	2.37e-124	369
WP_009790419.1	MER0004597|M17.A01|M17	59.2	64.3	89.5	319	4.28e-123	360
WP_009790419.1	MER0004598|M17.A02|M17	55.8	64.3	89.7	319	9.23e-114	337
WP_009790419.1	MER0024892|M17.008|M17	49.5	65.1	78.8	321	7.30e-91	280
WP_009790419.1	MER0035089|M17.010|M17	45.8	63.5	88.3	312	5.98e-78	244
WP_009790419.1	MER0001236|M17.003|M17	36.2	91.8	93.4	467	2.86e-75	242
WP_009790419.1	MER0041673|M17.013|M17	40.4	75.1	78.6	376	2.03e-71	231
WP_009790419.1	MER0003825|M17.016|M17	38.5	73.5	84.4	379	3.89e-69	224
WP_009790419.1	MER0001235|M17.001|M17	35.7	88.6	88.9	448	4.53e-60	202
WP_009790419.1	MER0014397|M17.015|M17	35.1	64.1	88.7	316	1.75e-54	183
WP_009790419.1	MER0002497|M17.004|M17	38.1	64.5	75.2	331	2.03e-53	182
WP_009790419.1	MER0026959|M17.950|M17	41.0	51.2	94.8	261	2.35e-50	170
WP_009790419.1	MER0001910|M17.009|M17	35.9	72.4	74.8	373	5.65e-50	175
WP_009790419.1	MER0003919|M17.005|M17	38.1	58.4	76.1	289	2.50e-46	162
WP_009790419.1	MER0105906|M17.014|M17	33.7	61.0	65.2	309	8.27e-38	141
WP_009790419.1	MER0013416|M17.006|M17	34.5	63.7	80.4	319	4.82e-37	137
WP_009790419.1	MER0001240|M17.A05|M17	35.1	60.0	61.3	302	8.84e-36	135
WP_009790419.1	MER0011357|M17.A04|M17	33.0	65.5	60.3	333	1.22e-32	127
WP_009790419.1	MER0081108|M17.012|M17	32.9	45.5	52.7	255	3.06e-20	90.1
WP_009790419.1	MER0079520|M17.011|M17	36.1	28.8	28.3	147	6.32e-19	86.3
WP_009790481.1	MER0001244|M24.004|M24B	48.9	61.2	99.6	270	1.71e-77	239
WP_009790481.1	MER0028601|M24.033|M24B	45.6	45.6	73.7	204	5.62e-50	167
WP_009790481.1	MER0013463|M24.026|M24B	35.6	61.2	99.6	270	5.91e-46	157
WP_009790481.1	MER0001733|M24.A09|M24B	33.5	58.0	95.2	281	6.10e-36	131
WP_009790481.1	MER0001248|M24.007|M24B	37.7	47.8	93.3	239	4.61e-35	127
WP_009790481.1	MER0004931|M24.008|M24B	32.8	60.1	99.6	265	6.58e-32	118
WP_009790481.1	MER0005462|M24.031|M24B	31.4	58.5	96.5	258	1.15e-28	109
WP_009790481.1	MER0004532|M24.034|M24B	31.5	57.4	93.9	254	1.37e-22	92.8
WP_009790481.1	MER0002038|M24.006|M24B	26.9	59.6	98.7	264	4.71e-19	82.8
WP_009790481.1	MER0001250|M24.003|M24B	30.1	57.6	96.2	286	7.37e-18	80.5
WP_009790481.1	MER0005715|M24.A11|M24B	30.2	49.9	79.6	222	1.66e-14	69.7
WP_009790481.1	MER0013929|M24.028|M24A	25.1	59.0	98.0	283	1.22e-10	58.5
WP_009790481.1	MER0027437|M24.038|M24B	28.8	38.5	60.0	177	6.04e-08	50.4
WP_009790481.1	MER0005690|M24.A06|M24A	22.3	54.4	91.5	256	3.41e-06	45.1
WP_009790481.1	MER0015128|M24.A07|M24A	24.5	30.4	54.8	139	6.17e-06	44.3
WP_009790587.1	MER0015682|S09.074|S09C	45.2	41.6	86.9	272	1.14e-65	215
WP_009790587.1	MER0126485|S09.072|S09X	51.4	33.3	90.7	214	1.26e-59	196
WP_009790587.1	MER0140224|S09.B03|S09X	43.3	34.1	94.1	224	1.07e-50	172
WP_009790587.1	MER0003558|S09.A83|S09C	38.4	39.4	97.7	258	2.60e-46	161
WP_009790587.1	MER0018170|S09.057|S09C	36.9	36.3	96.8	244	1.86e-43	153
WP_009790587.1	MER0001920|S09.A77|S09C	31.4	34.7	93.1	229	7.16e-23	95.1
WP_009790587.1	MER0005807|S09.070|S09C	26.3	40.4	93.1	262	1.06e-15	74.7
WP_009790587.1	MER0000408|S09.004|S09C	25.1	35.5	90.5	239	3.49e-11	60.8
WP_009790587.1	MER0017401|S09.071|S09C	25.5	33.5	89.5	216	4.00e-11	60.5
WP_009790587.1	MER0014827|S09.021|S09D	28.3	36.6	92.0	254	4.31e-09	54.7
WP_009790587.1	MER0005694|S09.076|S09A	24.4	33.2	76.4	221	6.69e-05	42.0
WP_009790623.1	MER0003290|S01.482|S01C	65.0	40.9	100	157	2.72e-61	191
WP_009790623.1	MER0004673|S01.494|S01C	41.4	65.6	97.4	273	3.96e-51	169
WP_009790623.1	MER0000268|S01.480|S01C	53.8	40.9	100	158	4.10e-46	152
WP_009790623.1	MER0004111|S01.442|S01C	51.9	40.9	100	158	4.60e-45	149
WP_009790623.1	MER0005468|S01.491|S01C	50.6	40.9	100	158	5.04e-45	149
WP_009790623.1	MER0004086|S01.B81|S01C	47.5	40.7	100	162	1.62e-39	135
WP_009790623.1	MER0002577|S01.277|S01C	44.9	40.9	100	156	6.71e-39	133
WP_009790623.1	MER0013623|S01.453|S01C	46.8	40.9	100	158	6.71e-39	133
WP_009790623.1	MER0003850|S01.500|S01C	42.9	45.1	97.2	175	1.85e-38	133
WP_009790623.1	MER0028330|S01.329|S01C	45.5	40.9	100	156	5.09e-38	131
WP_009790623.1	MER0001372|S01.274|S01C	47.8	40.9	100	159	5.56e-38	131
WP_009790623.1	MER0001945|S01.472|S01C	46.9	40.9	100	160	9.00e-37	128
WP_009790623.1	MER0000266|S01.273|S01C	45.6	40.9	100	160	1.15e-36	127
WP_009790623.1	MER0014795|S01.284|S01C	44.4	40.9	100	162	2.47e-36	127
WP_009790623.1	MER0022668|S01.447|S01C	44.4	40.9	100	171	6.84e-36	126
WP_009790623.1	MER0001373|S01.275|S01C	45.7	40.9	100	162	1.29e-35	125
WP_009790623.1	MER0016031|S01.364|S01C	46.4	40.9	100	166	2.27e-35	124
WP_009790623.1	MER0016351|S01.285|S01C	42.9	40.9	100	156	4.27e-35	123
WP_009790623.1	MER0011375|S01.476|S01C	44.3	40.9	100	158	1.68e-34	122
WP_009790623.1	MER0006096|S01.A08|S01C	48.5	34.1	98.5	130	1.76e-33	118
WP_009790623.1	MER0004149|S01.525|S01C	48.0	38.1	89.6	148	2.27e-33	119
WP_009790623.1	MER0004093|S01.278|S01C	41.7	40.9	100	156	4.65e-33	118
WP_009790623.1	MER0003293|S01.477|S01C	44.4	40.2	100	153	5.99e-32	115
WP_009790623.1	MER0005093|S01.441|S01C	42.4	39.6	97.6	165	7.25e-30	110
WP_009790623.1	MER0010944|S01.474|S01C	40.8	40.9	100	174	1.63e-28	106
WP_037987799.1	MER0014135|S16.A04|S16	50.6	51.8	89.7	243	5.35e-72	226
WP_037987799.1	MER0003859|S16.005|S16	26.8	23.0	46.1	112	7.55e-09	53.1
WP_037987799.1	MER0003359|S16.008|S16	24.2	14.2	28.2	66	4.67e-04	38.5
WP_037987977.1	MER0066182|M23.A04|M23B	33.8	9.5	26.6	65	5.96e-04	38.5
WP_037988003.1	MER0024252|C40.009|C40	56.8	54.5	100	132	6.78e-46	146
WP_037988003.1	MER0003807|C40.007|C40	35.8	37.6	76.3	95	1.07e-11	57.4
WP_037988003.1	MER0004035|C40.004|C40	32.5	33.9	70.3	83	6.08e-10	52.4
WP_037988113.1	MER0016191|S66.001|S66	31.8	93.4	98.6	311	1.19e-24	97.8
WP_037988113.1	MER0016172|S66.002|S66	30.9	85.1	87.2	275	2.73e-24	97.1
WP_037988170.1	MER0000474|S14.001|S14	59.2	92.0	88.4	184	4.00e-73	217
WP_037988170.1	MER0005687|S14.A01|S14	58.4	92.5	87.2	185	1.14e-68	206
WP_037988170.1	MER0006308|S14.002|S14	46.1	96.5	98.5	193	1.54e-60	184
WP_037988170.1	MER0004847|S14.009|S14	53.0	90.5	87.0	181	9.06e-60	183
WP_037988170.1	MER0002211|S14.003|S14	51.7	90.0	86.5	180	3.54e-59	181
WP_037988170.1	MER0002299|S14.A04|S14	53.6	89.5	88.6	179	4.17e-59	181
WP_037988170.1	MER0004857|S14.008|S14	56.1	86.5	82.6	173	2.02e-58	179
WP_037988170.1	MER0006046|S14.A02|S14	50.6	90.0	86.5	180	2.02e-58	179
WP_037988170.1	MER0004855|S14.A03|S14	50.0	93.0	87.1	186	4.00e-56	174
WP_037988170.1	MER0006063|S14.010|S14	49.7	86.5	82.7	173	6.28e-55	171
WP_037988170.1	MER0006056|S14.011|S14	51.5	82.5	77.3	165	1.02e-51	162
WP_037988170.1	MER0011666|S14.005|S14	44.2	82.0	87.3	165	3.83e-41	135
WP_037988170.1	MER0004182|S14.006|S14	39.1	87.0	85.2	174	1.61e-40	134
WP_037988170.1	MER0001369|S14.007|S14	41.7	36.0	55.0	72	1.38e-14	64.7
WP_037988170.1	MER0042954|S49.005|S49C	28.3	71.5	87.7	145	3.52e-04	36.6
WP_037988245.1	MER0107808|C82.A03|C82A	31.3	65.7	85.0	131	3.86e-13	60.5
WP_037988245.1	MER0094392|C82.003|C82B	24.1	77.9	93.8	141	5.25e-11	54.3
WP_037988245.1	MER0107820|C82.A05|C82A	29.8	64.6	83.7	131	5.69e-08	46.6
WP_037988245.1	MER0107825|C82.A04|C82A	31.6	64.1	82.4	117	1.34e-06	42.7
WP_037988245.1	MER0107804|C82.A02|C82A	26.7	65.7	84.7	131	1.84e-06	42.4
WP_037988327.1	MER0003380|M23.011|M23B	51.5	27.9	41.5	101	7.97e-24	95.5
WP_037988327.1	MER0069741|M23.009|M23B	48.3	31.3	68.0	120	4.34e-23	91.7
WP_037988327.1	MER0013541|M23.014|M23B	50.6	23.7	96.6	85	2.30e-21	84.3
WP_037988327.1	MER0015415|M23.951|M23B	40.9	30.2	64.7	110	6.65e-19	80.1
WP_037988327.1	MER0003376|M23.005|M23B	44.3	27.7	62.7	106	9.88e-17	73.9
WP_037988327.1	MER0003906|M23.013|M23B	38.7	27.7	98.1	106	3.76e-15	67.8
WP_037988327.1	MER0387040|M23.A03|M23B	42.2	24.9	87.4	90	6.00e-14	64.3
WP_037988327.1	MER0001419|M23.004|M23B	42.2	24.3	62.2	90	1.55e-13	64.3
WP_037988327.1	MER0003423|M23.012|M23B	42.2	24.3	62.2	90	1.55e-13	64.3
WP_037988327.1	MER0066182|M23.A04|M23B	42.2	24.9	45.2	90	4.56e-13	64.3
WP_037988327.1	MER0001282|M23.002|M23A	27.2	54.2	95.6	206	4.59e-06	43.5
WP_037988333.1	MER0016248|M103.003|M103	30.1	52.3	92.8	239	7.11e-27	105
WP_037988333.1	MER0016222|M103.950|M103	24.3	86.2	86.9	408	3.83e-13	67.8
WP_037988333.1	MER0028087|M103.002|M103	23.2	53.2	51.7	246	3.05e-08	52.4
WP_037988426.1	MER0094392|C82.003|C82B	38.6	20.0	38.9	44	1.67e-04	37.0
WP_037988426.1	MER0107820|C82.A05|C82A	36.6	18.6	30.4	41	7.85e-04	35.4
WP_037988783.1	MER0004466|M50.006|M50B	31.9	55.7	76.4	235	6.57e-23	94.7
WP_037988952.1	MER0003290|S01.482|S01C	59.9	40.8	100	157	8.83e-55	174
WP_037988952.1	MER0013623|S01.453|S01C	54.8	40.8	100	155	5.49e-52	167
WP_037988952.1	MER0000268|S01.480|S01C	55.5	40.8	100	155	5.66e-52	167
WP_037988952.1	MER0004111|S01.442|S01C	51.9	40.8	100	156	2.61e-46	152
WP_037988952.1	MER0005468|S01.491|S01C	51.9	40.8	100	158	1.58e-45	150
WP_037988952.1	MER0004673|S01.494|S01C	38.5	65.6	93.4	270	1.92e-45	154
WP_037988952.1	MER0003850|S01.500|S01C	43.0	45.1	97.2	172	5.38e-45	150
WP_037988952.1	MER0000266|S01.273|S01C	47.1	40.8	100	157	8.50e-40	135
WP_037988952.1	MER0002577|S01.277|S01C	48.7	40.8	100	156	1.53e-39	135
WP_037988952.1	MER0011375|S01.476|S01C	47.1	40.8	100	157	1.68e-38	132
WP_037988952.1	MER0001372|S01.274|S01C	45.6	40.8	100	158	1.79e-38	132
WP_037988952.1	MER0003293|S01.477|S01C	47.9	38.9	97.3	146	2.85e-38	131
WP_037988952.1	MER0004093|S01.278|S01C	46.8	40.8	100	156	4.50e-38	131
WP_037988952.1	MER0014795|S01.284|S01C	47.3	40.8	100	167	1.06e-37	130
WP_037988952.1	MER0028330|S01.329|S01C	47.4	40.8	100	156	1.74e-37	129
WP_037988952.1	MER0001945|S01.472|S01C	47.2	40.8	100	159	5.71e-37	128
WP_037988952.1	MER0004086|S01.B81|S01C	48.0	37.9	92.0	150	1.80e-35	124
WP_037988952.1	MER0016351|S01.285|S01C	45.5	40.8	100	156	2.72e-35	124
WP_037988952.1	MER0006096|S01.A08|S01C	49.6	34.4	100	133	3.91e-35	122
WP_037988952.1	MER0004149|S01.525|S01C	44.5	37.9	89.6	146	7.44e-34	120
WP_037988952.1	MER0022668|S01.447|S01C	42.7	40.8	100	171	1.82e-33	119
WP_037988952.1	MER0016031|S01.364|S01C	48.2	40.8	100	166	8.43e-33	117
WP_037988952.1	MER0001373|S01.275|S01C	43.4	40.8	100	159	9.40e-33	117
WP_037988952.1	MER0005093|S01.441|S01C	41.6	40.5	100	166	1.25e-30	112
WP_037988952.1	MER0015583|S01.416|S01C	43.6	36.8	97.4	149	1.28e-27	103
WP_037989004.1	MER0015475|S54.029|S54	32.4	72.2	69.0	139	6.42e-14	63.9
WP_050749843.1	MER0003514|S41.010|S41A	62.0	38.7	98.2	166	9.89e-65	202
WP_050749843.1	MER0001297|S41.008|S41A	63.3	36.8	93.5	158	1.22e-62	197
WP_050749843.1	MER0003065|S41.009|S41A	56.9	37.3	94.7	160	1.32e-54	176
WP_050749843.1	MER0005714|S41.A01|S41A	49.1	37.3	94.9	169	1.25e-45	153
WP_050749843.1	MER0003413|S41.002|S41A	47.2	37.8	95.9	163	1.38e-45	152
WP_050749843.1	MER0015684|S41.A02|S41A	44.6	37.5	95.3	168	1.46e-38	134
WP_050749843.1	MER0001425|S41.004|S41A	44.6	37.1	94.3	166	1.75e-36	129
WP_050749843.1	MER0004196|S41.013|S41A	42.6	37.1	94.2	162	6.02e-35	124
WP_050749843.1	MER0004195|S41.007|S41A	39.9	37.1	94.1	163	6.02e-31	114
WP_050749843.1	MER0001295|S41.001|S41A	32.8	37.3	95.1	174	7.68e-22	89.4
WP_050749843.1	MER0028704|S41.011|S41A	27.0	34.3	89.8	152	4.89e-06	43.5
WP_050749843.1	MER0195376|S41.012|S41A	28.6	28.2	80.3	147	1.49e-05	42.4
WP_050749863.1	MER0001297|S41.008|S41A	51.5	38.5	97.6	165	2.14e-48	160
WP_050749863.1	MER0003413|S41.002|S41A	51.2	38.9	98.2	168	2.31e-42	144
WP_050749863.1	MER0003514|S41.010|S41A	44.9	36.8	93.5	158	2.36e-41	141
WP_050749863.1	MER0003065|S41.009|S41A	48.1	36.8	93.5	158	3.61e-39	135
WP_050749863.1	MER0005714|S41.A01|S41A	47.3	36.6	93.3	167	3.60e-37	130
WP_050749863.1	MER0001425|S41.004|S41A	44.8	38.7	98.3	172	6.60e-36	127
WP_050749863.1	MER0015684|S41.A02|S41A	42.9	37.1	94.2	161	8.51e-34	121
WP_050749863.1	MER0004196|S41.013|S41A	36.9	38.5	97.7	168	2.99e-27	103
WP_050749863.1	MER0004195|S41.007|S41A	34.5	38.9	98.8	168	7.03e-25	97.4
WP_050749863.1	MER0001295|S41.001|S41A	29.7	37.5	95.6	175	1.07e-18	80.5
WP_050749863.1	MER0195376|S41.012|S41A	27.2	28.0	79.8	147	8.91e-05	40.0
WP_050749880.1	MER0003290|S01.482|S01C	58.6	44.1	100	157	5.65e-57	179
WP_050749880.1	MER0004673|S01.494|S01C	37.1	70.6	93.4	272	1.93e-47	159
WP_050749880.1	MER0000268|S01.480|S01C	47.8	44.1	100	159	5.95e-46	151
WP_050749880.1	MER0005468|S01.491|S01C	47.5	44.1	100	158	6.25e-43	143
WP_050749880.1	MER0000266|S01.273|S01C	50.0	44.1	100	160	9.00e-42	140
WP_050749880.1	MER0004111|S01.442|S01C	46.2	44.1	100	158	1.73e-41	139
WP_050749880.1	MER0013623|S01.453|S01C	45.6	44.1	100	158	2.29e-41	139
WP_050749880.1	MER0001372|S01.274|S01C	47.5	44.1	100	160	3.81e-40	136
WP_050749880.1	MER0004093|S01.278|S01C	46.2	44.1	100	156	3.76e-39	133
WP_050749880.1	MER0001945|S01.472|S01C	45.9	44.1	100	159	4.49e-39	133
WP_050749880.1	MER0002577|S01.277|S01C	45.5	44.1	100	156	1.46e-38	132
WP_050749880.1	MER0028330|S01.329|S01C	44.9	44.1	100	156	5.68e-38	130
WP_050749880.1	MER0004149|S01.525|S01C	49.1	44.1	100	165	4.14e-37	128
WP_050749880.1	MER0003850|S01.500|S01C	39.2	48.9	97.7	176	1.18e-36	127
WP_050749880.1	MER0014795|S01.284|S01C	43.2	44.1	100	162	7.74e-36	125
WP_050749880.1	MER0004086|S01.B81|S01C	42.0	43.8	100	162	1.18e-35	124
WP_050749880.1	MER0016351|S01.285|S01C	41.7	44.1	100	156	4.93e-35	122
WP_050749880.1	MER0011375|S01.476|S01C	42.4	44.1	100	158	9.97e-35	122
WP_050749880.1	MER0016031|S01.364|S01C	42.2	44.1	100	166	3.86e-34	120
WP_050749880.1	MER0001373|S01.275|S01C	40.7	44.1	100	162	8.45e-34	119
WP_050749880.1	MER0006096|S01.A08|S01C	47.7	37.3	100	132	2.92e-33	117
WP_050749880.1	MER0022668|S01.447|S01C	40.4	44.1	100	171	1.39e-30	111
WP_050749880.1	MER0003293|S01.477|S01C	40.5	43.2	100	153	2.13e-29	107
WP_050749880.1	MER0005093|S01.441|S01C	39.3	43.8	100	168	6.78e-28	104
WP_050749880.1	MER0010944|S01.474|S01C	37.7	44.1	100	175	2.09e-27	103
WP_071984231.1	MER0006121|S01.522|S01B	32.9	15.7	28.5	70	3.92e-04	38.5
WP_156779454.1	MER0036053|S33.A01|S33	33.1	75.6	96.2	272	4.02e-26	102
WP_156779454.1	MER0036065|S33.A03|S33	31.6	75.3	98.0	263	9.04e-25	98.2
WP_156779454.1	MER0036054|S33.A02|S33	32.1	74.7	92.3	271	2.03e-21	89.4
WP_156779454.1	MER0036074|S33.A34|S33	24.8	78.5	73.4	307	1.68e-10	58.5
WP_156779454.1	MER0004146|S33.995|S33	26.9	72.7	88.1	260	9.72e-09	52.4
WP_156779454.1	MER0011785|S33.009|S33	27.6	38.7	40.0	134	1.35e-06	46.2
WP_156779454.1	MER0031610|S33.976|S33	33.3	29.4	32.2	102	1.67e-06	45.8
WP_156779454.1	MER0036064|S33.A16|S33	30.6	28.5	36.1	98	3.40e-06	44.7
WP_156779454.1	MER0036051|S33.A12|S33	30.1	34.3	36.5	123	4.17e-06	44.7
WP_156779454.1	MER0017142|S33.994|S33	36.3	28.5	35.8	102	1.33e-05	42.7
WP_156779454.1	MER0037236|S33.016|S33	22.2	76.7	93.5	270	1.43e-05	42.7
WP_156779454.1	MER0036059|S33.A79|S33	22.6	76.2	87.2	310	2.50e-05	42.4
WP_156779454.1	MER0036115|S33.B18|S33	27.7	36.9	41.3	130	7.00e-05	40.8
WP_156779454.1	MER0036078|S33.A75|S33	31.6	28.5	30.1	98	7.62e-05	40.4
WP_232192750.1	MER0142048|M67.A12|M67A	42.5	21.3	31.5	40	1.75e-05	39.7
WP_232192778.1	MER0022668|S01.447|S01C	28.2	44.5	100	181	1.98e-08	50.4
WP_232192778.1	MER0013623|S01.453|S01C	29.6	37.9	88.2	152	3.03e-05	40.8
WP_232192778.1	MER0004152|S01.282|S01B	27.7	41.2	88.9	177	2.53e-04	38.5
WP_232192824.1	MER0060647|C26.952|C26	37.3	92.8	100	375	1.62e-76	238
WP_232192824.1	MER0044812|C26.A04|C26	45.8	57.2	91.0	225	6.71e-68	212
WP_232192824.1	MER0078640|C26.951|C26	35.8	92.6	100	374	1.44e-66	212
WP_232192824.1	MER0045945|C26.963|C26	41.3	47.9	83.4	189	8.10e-49	162
WP_232192824.1	MER0043540|C26.A33|C26	40.9	50.0	85.5	198	1.88e-43	148
WP_232192824.1	MER0046161|C26.956|C26	38.6	55.9	78.8	220	1.78e-42	147
WP_232192824.1	MER0115185|C26.954|C26	52.2	34.9	95.1	138	5.97e-39	133
WP_232192824.1	MER0436691|C26.A27|C26	29.3	73.3	94.9	290	1.00e-36	131
WP_232192824.1	MER0044882|C26.A09|C26	30.6	36.9	85.2	157	5.41e-13	63.9
WP_232192824.1	MER0043537|C26.A31|C26	28.2	39.0	81.9	163	9.46e-12	60.5
WP_232192824.1	MER0043394|C26.955|C26	28.6	33.8	82.9	140	8.33e-10	54.3
WP_232192824.1	MER0045095|C26.958|C26	28.6	31.5	52.4	140	9.94e-07	46.6
WP_232192824.1	MER0044619|C26.A26|C26	27.3	35.9	59.5	154	1.98e-06	45.4
WP_232192824.1	MER0045094|C26.959|C26	26.6	42.1	71.4	177	2.04e-06	45.4
WP_232192824.1	MER0042974|C26.A07|C26	25.9	36.7	77.8	158	8.10e-06	43.1
WP_232192824.1	MER0045886|C26.957|C26	24.2	42.1	70.8	182	2.04e-05	42.4
WP_232192824.1	MER0043195|C26.A30|C26	25.0	31.5	56.0	144	2.20e-05	42.4
WP_232192824.1	MER0043392|C26.960|C26	26.5	35.4	82.2	147	5.02e-05	40.4
WP_232192824.1	MER0038086|C26.962|C26	26.6	31.0	52.0	139	2.99e-04	38.9
WP_232192914.1	MER0281397|S12.A23|S12	30.4	38.7	98.5	214	3.58e-16	73.9
WP_232192914.1	MER1143079|S12.013|S12	25.5	50.4	83.0	251	7.61e-04	38.1
WP_369791560.1	MER0036053|S33.A01|S33	42.1	84.7	96.6	261	9.26e-63	196
WP_369791560.1	MER0036065|S33.A03|S33	37.7	85.4	99.6	265	1.40e-47	157
WP_369791560.1	MER0036054|S33.A02|S33	35.2	89.8	98.9	273	1.07e-44	150
WP_369791560.1	MER0036074|S33.A34|S33	30.2	89.5	74.6	301	1.24e-32	121
WP_369791560.1	MER0031616|S33.013|S33	26.4	92.5	90.4	295	1.71e-12	63.5
WP_369791560.1	MER0030163|S33.975|S33	25.7	86.4	91.4	284	4.69e-09	53.1
WP_369791560.1	MER0011509|S33.A84|S33	22.5	86.4	85.1	276	5.19e-09	53.1
WP_369791560.1	MER0044633|S33.A26|S33	46.0	15.6	14.2	50	1.42e-05	42.7
WP_369791560.1	MER0011785|S33.009|S33	28.8	38.6	36.0	118	7.54e-05	40.4
WP_369791560.1	MER0014065|S33.974|S33	37.8	15.3	13.7	45	5.63e-04	37.7
WP_369791583.1	MER0191412|I87.001|I87	25.2	49.8	38.6	131	1.75e-04	38.9
