WP_002807795.1	MER0000474|S14.001|S14	61.5	89.7	87.4	182	1.93e-74	220
WP_002807795.1	MER0005687|S14.A01|S14	59.5	91.1	87.2	185	5.51e-70	209
WP_002807795.1	MER0006308|S14.002|S14	47.2	95.1	98.5	193	3.23e-63	191
WP_002807795.1	MER0004857|S14.008|S14	58.1	84.7	82.1	172	8.53e-61	186
WP_002807795.1	MER0002299|S14.A04|S14	55.3	88.2	88.6	179	1.00e-60	185
WP_002807795.1	MER0006046|S14.A02|S14	52.2	88.7	86.5	180	1.71e-60	185
WP_002807795.1	MER0002211|S14.003|S14	52.2	88.7	86.5	180	6.91e-60	183
WP_002807795.1	MER0004847|S14.009|S14	52.5	89.2	87.0	181	4.07e-59	181
WP_002807795.1	MER0004855|S14.A03|S14	50.5	91.6	87.1	186	1.37e-57	177
WP_002807795.1	MER0006063|S14.010|S14	51.4	85.2	82.7	173	1.74e-55	172
WP_002807795.1	MER0006056|S14.011|S14	52.7	81.3	77.3	165	9.96e-53	165
WP_002807795.1	MER0011666|S14.005|S14	44.8	80.8	87.3	165	1.87e-42	138
WP_002807795.1	MER0004182|S14.006|S14	40.8	85.7	85.2	174	7.88e-42	137
WP_002807795.1	MER0001369|S14.007|S14	38.9	35.5	55.0	72	2.05e-14	64.3
WP_002807795.1	MER0042954|S49.005|S49C	29.0	67.0	83.3	138	3.62e-04	36.6
WP_011376956.1	MER0000474|S14.001|S14	42.7	87.3	83.6	192	2.64e-48	154
WP_011376956.1	MER0002211|S14.003|S14	41.4	86.8	83.1	191	3.42e-43	141
WP_011376956.1	MER0006046|S14.A02|S14	37.7	86.8	83.1	191	9.66e-43	140
WP_011376956.1	MER0006063|S14.010|S14	39.3	91.4	87.5	201	1.58e-41	137
WP_011376956.1	MER0005687|S14.A01|S14	37.4	94.1	92.4	214	9.61e-41	135
WP_011376956.1	MER0004847|S14.009|S14	39.8	86.4	82.7	191	1.25e-40	135
WP_011376956.1	MER0004857|S14.008|S14	43.6	85.5	81.2	188	1.72e-40	134
WP_011376956.1	MER0002299|S14.A04|S14	41.1	87.3	86.1	192	3.62e-38	128
WP_011376956.1	MER0004855|S14.A03|S14	36.9	88.6	84.2	195	2.52e-37	126
WP_011376956.1	MER0006056|S14.011|S14	37.6	88.2	82.5	194	1.56e-32	114
WP_011376956.1	MER0004182|S14.006|S14	30.1	89.1	87.2	196	1.81e-28	103
WP_011376956.1	MER0006308|S14.002|S14	30.4	86.4	87.8	191	1.65e-27	100
WP_011376956.1	MER0011666|S14.005|S14	37.7	71.4	79.4	159	1.16e-25	95.9
WP_011817481.1	MER0003314|C44.001|C44	35.5	48.4	93.2	259	9.27e-30	114
WP_011817481.1	MER0004101|C44.A01|C44	32.2	50.4	100	255	1.60e-28	110
WP_011817481.1	MER0011806|C44.A03|C44	33.3	49.0	93.7	240	2.19e-28	109
WP_011817481.1	MER0011781|C44.A02|C44	33.3	48.4	92.0	237	7.18e-27	105
WP_011817481.1	MER0003327|C44.971|C44	28.8	44.2	83.8	219	3.88e-13	65.9
WP_011817481.1	MER0185695|C44.A08|C44	24.7	43.4	90.0	219	4.34e-10	56.6
WP_011817481.1	MER0003350|C44.975|C44	28.3	35.2	89.3	191	1.91e-07	48.5
WP_011817481.1	MER0012158|C44.972|C44	26.7	44.7	68.0	240	5.93e-07	48.1
WP_011817481.1	MER0003322|C44.970|C44	23.6	33.1	83.0	178	9.58e-05	40.4
WP_011817514.1	MER0045886|C26.957|C26	45.1	42.6	94.9	226	2.97e-60	196
WP_011817514.1	MER0044889|C26.A21|C26	41.5	43.4	94.2	229	6.12e-49	166
WP_011817514.1	MER0042974|C26.A07|C26	41.8	35.6	99.5	194	4.27e-47	159
WP_011817514.1	MER0436735|C26.A34|C26	32.7	42.4	98.9	260	2.92e-38	138
WP_011817514.1	MER0038086|C26.962|C26	37.8	40.0	88.9	225	1.14e-37	136
WP_011817514.1	MER0043387|C26.950|C26	41.0	33.7	100	178	2.66e-37	132
WP_011817514.1	MER0043537|C26.A31|C26	36.5	34.3	95.7	181	3.26e-33	122
WP_011817514.1	MER0044622|C26.A25|C26	29.9	28.6	59.5	154	1.35e-13	67.8
WP_011817514.1	MER0044882|C26.A09|C26	25.6	30.1	91.2	168	7.01e-12	61.2
WP_011817514.1	MER0043394|C26.955|C26	27.7	29.0	93.9	155	9.14e-12	60.5
WP_011817514.1	MER0045094|C26.959|C26	27.2	29.9	66.4	162	1.12e-09	55.8
WP_011817514.1	MER0043540|C26.A33|C26	25.8	31.6	71.1	178	2.68e-07	48.5
WP_011817514.1	MER0043475|C26.A05|C26	26.6	27.3	60.4	154	3.23e-07	48.5
WP_011817514.1	MER0045945|C26.963|C26	25.2	39.2	83.4	210	3.43e-07	48.1
WP_011817514.1	MER0044619|C26.A26|C26	25.7	26.1	57.8	140	1.69e-06	46.2
WP_011817514.1	MER0043392|C26.960|C26	28.2	20.6	63.3	110	2.97e-05	41.6
WP_011817529.1	MER0011830|T05.002|T05	40.9	52.2	100	230	4.95e-46	155
WP_011817529.1	MER0011829|T05.001|T05	32.5	52.2	99.1	228	7.85e-31	115
WP_011817559.1	MER0015682|S09.074|S09C	40.2	36.8	77.5	241	7.79e-53	181
WP_011817559.1	MER0140224|S09.B03|S09X	40.6	32.1	89.1	212	9.29e-44	154
WP_011817559.1	MER0003558|S09.A83|S09C	36.1	36.7	92.3	241	5.86e-42	149
WP_011817559.1	MER0126485|S09.072|S09X	38.3	32.4	88.6	209	2.87e-41	147
WP_011817559.1	MER0018170|S09.057|S09C	30.9	34.8	93.7	236	1.05e-32	123
WP_011817559.1	MER0000408|S09.004|S09C	26.1	32.1	84.5	218	3.05e-16	75.9
WP_011817559.1	MER0005807|S09.070|S09C	23.6	37.9	86.5	250	6.82e-14	69.3
WP_011817559.1	MER0011583|S09.079|S09D	23.8	32.4	84.7	214	4.55e-11	60.5
WP_011817559.1	MER0001920|S09.A77|S09C	22.2	32.1	86.6	216	1.44e-10	58.9
WP_011817559.1	MER0030932|S09.B06|S09X	25.3	30.7	78.0	198	1.13e-09	56.2
WP_011817559.1	MER0006027|S09.A66|S09C	26.0	32.9	84.4	227	1.71e-09	55.8
WP_011817559.1	MER0004921|S09.A75|S09B	23.6	34.2	92.8	229	2.08e-07	49.3
WP_011817559.1	MER0016096|S09.056|S09C	22.7	33.5	91.8	229	2.28e-06	46.2
WP_011817559.1	MER0004925|S09.021|S09D	27.2	16.4	37.4	114	3.38e-04	39.7
WP_011817559.1	MER0035185|S09.A95|S09C	39.2	8.0	21.5	51	4.91e-04	38.9
WP_011817559.1	MER0014827|S09.021|S09D	28.1	16.4	37.4	114	7.96e-04	38.5
WP_011817583.1	MER0003290|S01.482|S01C	61.8	43.4	100	157	2.75e-58	183
WP_011817583.1	MER0000268|S01.480|S01C	55.7	43.4	100	158	7.46e-48	156
WP_011817583.1	MER0013623|S01.453|S01C	53.8	43.4	100	158	1.12e-46	153
WP_011817583.1	MER0005468|S01.491|S01C	50.6	43.4	100	158	1.84e-46	152
WP_011817583.1	MER0002577|S01.277|S01C	50.6	43.4	100	156	6.81e-45	148
WP_011817583.1	MER0003850|S01.500|S01C	46.6	48.2	97.7	176	5.82e-43	144
WP_011817583.1	MER0004093|S01.278|S01C	49.4	43.4	100	156	8.11e-43	143
WP_011817583.1	MER0004673|S01.494|S01C	34.1	65.8	93.4	258	5.83e-42	144
WP_011817583.1	MER0004111|S01.442|S01C	49.4	43.4	100	158	6.66e-42	140
WP_011817583.1	MER0028330|S01.329|S01C	48.7	43.4	100	156	8.82e-42	140
WP_011817583.1	MER0014795|S01.284|S01C	48.8	43.4	100	162	1.49e-41	140
WP_011817583.1	MER0001372|S01.274|S01C	48.8	43.4	100	160	2.07e-40	137
WP_011817583.1	MER0016031|S01.364|S01C	51.2	43.4	100	166	5.48e-40	136
WP_011817583.1	MER0016351|S01.285|S01C	46.8	43.4	100	156	7.35e-40	135
WP_011817583.1	MER0004086|S01.B81|S01C	45.7	43.1	100	162	4.01e-38	131
WP_011817583.1	MER0000266|S01.273|S01C	47.2	43.4	100	159	9.29e-38	130
WP_011817583.1	MER0001945|S01.472|S01C	46.6	43.4	100	163	2.00e-37	129
WP_011817583.1	MER0004149|S01.525|S01C	50.7	40.6	89.6	148	1.30e-35	124
WP_011817583.1	MER0006096|S01.A08|S01C	47.7	37.0	100	132	1.40e-35	123
WP_011817583.1	MER0011375|S01.476|S01C	43.7	43.4	100	158	7.56e-35	122
WP_011817583.1	MER0001373|S01.275|S01C	45.7	43.4	100	162	8.49e-35	122
WP_011817583.1	MER0022668|S01.447|S01C	45.6	43.4	100	171	1.23e-34	122
WP_011817583.1	MER0003293|S01.477|S01C	47.3	41.2	96.6	148	1.49e-31	113
WP_011817583.1	MER0015583|S01.416|S01C	44.7	39.5	98.0	150	8.91e-31	111
WP_011817583.1	MER0005093|S01.441|S01C	41.2	43.1	100	170	2.63e-28	105
WP_011817625.1	MER0014135|S16.A04|S16	43.6	53.1	88.9	241	7.68e-64	204
WP_011817625.1	MER0017402|S16.A11|S16	26.2	27.1	57.3	126	2.85e-10	57.0
WP_011817625.1	MER0005837|S16.A06|S16	31.9	16.0	28.1	72	6.58e-06	44.3
WP_011817625.1	MER0003359|S16.008|S16	31.7	18.0	35.0	82	1.37e-05	43.1
WP_011817677.1	MER0043394|C26.955|C26	53.1	81.8	98.2	162	5.21e-61	184
WP_011817677.1	MER0044622|C26.A25|C26	47.7	97.0	73.2	193	6.78e-57	177
WP_011817677.1	MER0045094|C26.959|C26	45.4	97.5	77.6	194	5.51e-55	172
WP_011817677.1	MER0044882|C26.A09|C26	45.9	83.3	93.4	170	6.95e-53	164
WP_011817677.1	MER0043392|C26.960|C26	40.1	73.7	84.0	147	3.30e-31	108
WP_011817677.1	MER0045095|C26.958|C26	32.9	97.5	78.7	210	1.02e-28	105
WP_011817677.1	MER0043195|C26.A30|C26	35.6	95.5	79.6	205	1.22e-25	96.7
WP_011817677.1	MER0043537|C26.A31|C26	30.8	98.0	97.9	195	5.59e-23	88.2
WP_011817677.1	MER0044619|C26.A26|C26	31.8	98.0	79.3	198	1.18e-20	83.2
WP_011817677.1	MER0044812|C26.A04|C26	33.8	68.2	52.9	136	9.76e-20	80.9
WP_011817677.1	MER0115185|C26.954|C26	34.5	68.2	90.9	139	1.07e-17	73.2
WP_011817677.1	MER0045945|C26.963|C26	31.0	73.7	65.9	155	5.15e-16	70.5
WP_011817677.1	MER0043540|C26.A33|C26	29.1	79.8	69.7	172	4.73e-12	59.7
WP_011817677.1	MER0060647|C26.952|C26	30.8	63.6	35.0	130	4.17e-09	52.0
WP_011817677.1	MER0038086|C26.962|C26	30.4	58.1	46.8	125	8.86e-08	47.8
WP_011817677.1	MER0046161|C26.956|C26	30.3	64.1	44.9	132	1.77e-07	47.0
WP_011817719.1	MER0002563|M41.020|M41	66.5	37.8	95.1	233	5.44e-103	309
WP_011817719.1	MER0017637|M41.024|M41	65.7	37.8	95.1	233	1.70e-101	305
WP_011817719.1	MER0002408|M41.017|M41	48.5	38.1	93.5	235	2.33e-66	214
WP_011817719.1	MER0002602|M41.009|M41	45.3	39.5	89.9	245	1.23e-65	213
WP_011817719.1	MER0001620|M41.001|M41	45.2	39.1	84.1	241	1.12e-63	208
WP_011817719.1	MER0005466|M41.021|M41	42.1	39.1	98.8	242	5.00e-60	197
WP_011817719.1	MER0011745|M41.005|M41	46.4	38.2	89.2	237	1.97e-54	183
WP_011817719.1	MER0015199|M41.015|M41	40.5	37.6	81.4	232	2.56e-53	181
WP_011817719.1	MER0015137|M41.025|M41	45.1	38.2	90.2	237	3.55e-53	179
WP_011817719.1	MER0015193|M41.019|M41	43.5	38.2	97.5	239	7.91e-52	175
WP_011817719.1	MER0015197|M41.013|M41	45.0	37.4	85.7	231	1.05e-49	170
WP_011817719.1	MER0023544|M41.A10|M41	42.2	38.4	82.2	237	1.65e-49	170
WP_011817719.1	MER0015194|M41.A14|M41	41.0	37.9	84.2	234	8.66e-47	162
WP_011817719.1	MER0005496|M41.007|M41	40.4	38.1	83.3	235	1.34e-46	162
WP_011817719.1	MER0056525|M41.A17|M41	38.6	38.1	89.2	236	2.11e-45	158
WP_011817719.1	MER0002605|M41.003|M41	40.3	38.4	84.9	238	2.18e-44	156
WP_011817719.1	MER0015195|M41.A15|M41	36.4	38.1	81.5	236	5.45e-44	155
WP_011817719.1	MER0011224|M41.A09|M41	37.9	38.1	81.5	235	7.53e-44	155
WP_011817719.1	MER0002600|M41.002|M41	40.8	39.5	91.0	245	3.15e-43	152
WP_011817719.1	MER0171760|M41.A12|M41	36.4	40.4	89.4	250	3.91e-43	152
WP_011817719.1	MER0004454|M41.006|M41	38.8	38.1	82.5	237	8.27e-40	144
WP_011817719.1	MER0014324|M41.018|M41	36.6	38.1	90.8	235	5.88e-39	140
WP_011817719.1	MER0015609|M41.023|M41	35.5	39.1	83.8	242	7.35e-39	141
WP_011817719.1	MER0005755|M41.026|M41	33.6	39.1	99.1	241	1.11e-38	139
WP_011817719.1	MER0011748|M41.022|M41	34.9	39.7	86.5	249	2.01e-38	140
WP_011817759.1	MER0015682|S09.074|S09C	46.7	21.5	14.4	45	8.56e-04	36.2
WP_011817811.1	MER0001297|S41.008|S41A	50.3	38.3	97.6	165	4.10e-49	162
WP_011817811.1	MER0003514|S41.010|S41A	44.0	38.5	98.2	166	8.02e-44	148
WP_011817811.1	MER0003413|S41.002|S41A	45.7	37.6	95.9	164	3.69e-40	138
WP_011817811.1	MER0003065|S41.009|S41A	41.7	37.8	96.4	163	2.87e-37	130
WP_011817811.1	MER0001425|S41.004|S41A	39.4	38.1	97.1	170	9.50e-36	127
WP_011817811.1	MER0005714|S41.A01|S41A	44.3	36.4	93.3	167	5.51e-34	122
WP_011817811.1	MER0015684|S41.A02|S41A	40.4	36.9	94.2	161	4.57e-33	119
WP_011817811.1	MER0004196|S41.013|S41A	41.1	38.3	97.7	168	2.38e-31	115
WP_011817811.1	MER0004195|S41.007|S41A	36.3	38.7	98.8	168	4.46e-31	114
WP_011817811.1	MER0001295|S41.001|S41A	29.3	37.4	95.6	174	1.25e-23	94.4
WP_011817811.1	MER0195376|S41.012|S41A	26.0	27.8	79.8	146	1.21e-04	39.7
WP_011817852.1	MER0000431|S33.001|S33	45.2	94.3	95.2	301	1.44e-84	254
WP_011817852.1	MER0000436|S33.021|S33	34.5	34.5	38.4	116	3.01e-09	53.9
WP_011817967.1	MER0016172|S66.002|S66	25.9	92.7	93.4	293	2.51e-21	88.6
WP_011817986.1	MER0001243|M24.001|M24A	45.2	89.2	94.3	250	8.31e-71	216
WP_011817986.1	MER0005690|M24.A06|M24A	37.9	88.9	98.8	248	6.42e-58	182
WP_011817986.1	MER0015127|M24.A05|M24A	38.6	84.6	94.0	236	1.44e-56	179
WP_011817986.1	MER0015128|M24.A07|M24A	36.8	88.5	98.0	247	1.08e-53	172
WP_011817986.1	MER0013450|M24.036|M24A	37.3	88.5	97.6	249	5.09e-52	167
WP_011817986.1	MER0013929|M24.028|M24A	33.9	88.5	96.8	248	1.60e-50	164
WP_011817986.1	MER0001342|M24.017|M24A	34.9	89.2	94.6	249	1.62e-49	161
WP_011817986.1	MER0013589|M24.A12|M24A	35.9	87.8	100	245	9.23e-47	154
WP_011817986.1	MER0003880|M24.035|M24A	31.8	70.6	63.7	201	7.00e-22	89.7
WP_011817986.1	MER0024896|M24.A13|M24A	31.5	57.3	33.5	162	2.25e-19	84.3
WP_011817986.1	MER0004931|M24.008|M24B	27.3	72.0	83.4	205	1.45e-17	76.6
WP_011817986.1	MER0004532|M24.034|M24B	29.9	72.0	83.3	204	9.76e-17	74.3
WP_011817986.1	MER0005462|M24.031|M24B	25.4	87.8	95.2	248	1.75e-15	70.9
WP_011817986.1	MER0064643|M24.978|M24X	25.5	76.3	67.2	231	8.41e-10	55.5
WP_011817986.1	MER0005497|M24.973|M24X	25.5	76.3	67.2	231	4.89e-09	53.1
WP_011817986.1	MER0029983|M24.975|M24X	27.9	58.8	51.5	179	3.87e-07	47.4
WP_011817986.1	MER0047299|M24.977|M24X	30.2	43.4	38.4	129	9.15e-06	43.1
WP_011818022.1	MER0055964|S26.A02|S26A	34.4	86.3	100	189	1.15e-25	94.7
WP_011818022.1	MER0015620|S26.A01|S26A	33.9	86.3	97.4	189	8.20e-23	87.4
WP_011818022.1	MER0003269|S26.008|S26A	31.7	86.3	97.4	189	1.41e-20	81.6
WP_011818022.1	MER0002551|S26.024|S26A	30.8	86.3	98.0	214	4.06e-20	81.6
WP_011818022.1	MER0001510|S26.007|S26A	28.6	86.3	97.4	192	3.07e-18	75.5
WP_011818022.1	MER0028421|S26.018|S26A	27.3	87.2	98.7	198	2.46e-16	70.5
WP_011818022.1	MER0013626|S26.026|S26A	27.9	78.5	85.0	172	3.08e-16	70.1
WP_011818022.1	MER0001912|S26.005|S26A	30.2	86.3	97.4	192	6.25e-16	69.3
WP_011818022.1	MER0002550|S26.004|S26A	28.1	86.3	97.4	192	6.38e-16	69.3
WP_011818022.1	MER0004537|S26.025|S26A	30.0	84.5	95.7	190	1.67e-15	68.9
WP_011818022.1	MER0000592|S26.003|S26A	36.2	45.2	64.5	105	3.28e-15	67.4
WP_011818022.1	MER0000589|S26.001|S26A	26.7	81.7	89.1	225	3.55e-13	63.5
WP_011818022.1	MER0003273|S26.016|S26A	25.9	84.9	95.7	197	7.24e-13	61.2
WP_011818022.1	MER0015993|S26.021|S26A	25.9	84.9	95.5	193	1.62e-11	57.4
WP_011818022.1	MER0015994|S26.019|S26A	28.2	81.7	94.4	195	3.26e-10	53.9
WP_011818022.1	MER0006313|S26.006|S26A	24.9	77.2	91.4	177	3.87e-10	53.5
WP_011818022.1	MER0003268|S26.015|S26A	30.6	46.1	72.2	134	4.41e-10	53.9
WP_011818022.1	MER0016034|S26.020|S26A	28.2	74.0	87.7	174	5.61e-10	53.1
WP_011818024.1	MER0056047|M79.006|M79	48.0	16.6	93.8	75	5.16e-15	67.0
WP_011818024.1	MER0056022|M79.A02|M79	39.0	17.0	63.1	77	2.65e-11	57.8
WP_011818024.1	MER0056027|M79.A03|M79	38.7	16.6	63.6	75	6.45e-09	50.8
WP_011818046.1	MER0004466|M50.006|M50B	27.5	69.8	91.8	287	5.16e-16	74.7
WP_011818073.1	MER0061068|M38.A02|M38	54.2	84.2	99.7	297	2.84e-113	328
WP_011818097.1	MER0006087|M03.A01|M03A	45.2	98.7	97.0	694	1.45e-209	602
WP_011818097.1	MER0015119|M03.A02|M03A	43.7	98.7	97.9	719	1.55e-199	577
WP_011818097.1	MER0001161|M03.004|M03A	38.7	99.7	100	703	8.94e-159	471
WP_011818097.1	MER0001158|M03.005|M03A	28.8	91.8	92.2	646	1.85e-79	264
WP_011818097.1	MER0001153|M03.003|M03A	30.2	80.7	79.8	579	4.82e-75	252
WP_011818097.1	MER0001942|M03.002|M03A	30.4	83.9	82.9	598	3.56e-74	249
WP_011818097.1	MER0003110|M03.009|M03A	28.8	95.1	96.1	718	9.74e-73	246
WP_011818097.1	MER0001149|M03.001|M03A	28.5	92.1	90.4	653	1.46e-71	243
WP_011818097.1	MER0108144|M03.A07|M03A	27.7	95.1	94.0	674	3.18e-68	233
WP_011818097.1	MER0079465|M03.011|M03A	27.5	87.8	95.4	632	5.48e-62	215
WP_011818097.1	MER0015170|M03.A03|M03A	24.6	79.1	80.9	557	1.16e-37	145
WP_011818097.1	MER0001156|M03.006|M03A	27.3	66.2	67.4	499	1.19e-35	140
WP_011818097.1	MER0059435|M03.A11|M03A	21.1	35.4	37.4	280	3.35e-08	53.5
WP_011818110.1	MER0055964|S26.A02|S26A	41.6	79.4	100	154	3.91e-41	133
WP_011818110.1	MER0015620|S26.A01|S26A	41.4	78.4	96.1	157	1.00e-39	130
WP_011818110.1	MER0003269|S26.008|S26A	41.4	76.8	94.2	157	1.76e-38	127
WP_011818110.1	MER0028421|S26.018|S26A	33.5	78.9	96.8	167	2.68e-22	85.5
WP_011818110.1	MER0016034|S26.020|S26A	37.3	73.2	95.5	161	4.80e-22	84.7
WP_011818110.1	MER0003273|S26.016|S26A	32.1	77.3	95.1	168	4.82e-20	79.7
WP_011818110.1	MER0004537|S26.025|S26A	33.3	72.7	91.0	171	1.82e-17	73.6
WP_011818110.1	MER0015993|S26.021|S26A	29.7	77.8	95.5	165	2.59e-16	69.7
WP_011818110.1	MER0015994|S26.019|S26A	33.1	74.7	95.0	169	2.94e-16	69.7
WP_011818110.1	MER0013626|S26.026|S26A	32.7	76.8	94.1	159	9.68e-16	68.2
WP_011818110.1	MER0002550|S26.004|S26A	30.4	76.8	94.2	161	2.01e-15	67.4
WP_011818110.1	MER0000592|S26.003|S26A	30.5	77.8	95.5	164	7.50e-15	65.9
WP_011818110.1	MER0001510|S26.007|S26A	30.0	76.8	94.2	160	1.07e-14	65.5
WP_011818110.1	MER0002551|S26.024|S26A	28.0	79.9	98.5	207	4.71e-13	62.0
WP_011818110.1	MER0003268|S26.015|S26A	29.5	45.9	71.7	129	1.68e-12	60.1
WP_011818110.1	MER0001912|S26.005|S26A	28.9	76.8	94.2	159	2.92e-12	58.9
WP_011818110.1	MER0000589|S26.001|S26A	26.3	72.7	87.9	224	2.56e-11	57.8
WP_011818110.1	MER0006313|S26.006|S26A	26.4	66.5	86.1	144	6.77e-09	49.7
WP_011818110.1	MER0000597|S26.002|S26A	34.6	40.7	45.1	81	4.03e-08	47.8
WP_011818110.1	MER0000598|S26.012|S26A	28.5	78.4	95.5	158	9.30e-08	46.2
WP_011818180.1	MER0003514|S41.010|S41A	60.8	37.4	98.2	166	3.22e-63	199
WP_011818180.1	MER0001297|S41.008|S41A	56.5	36.3	95.3	161	4.40e-56	180
WP_011818180.1	MER0003065|S41.009|S41A	54.0	36.7	96.4	163	5.21e-54	175
WP_011818180.1	MER0003413|S41.002|S41A	45.1	36.3	95.3	162	5.14e-45	151
WP_011818180.1	MER0015684|S41.A02|S41A	45.7	36.0	94.7	162	4.97e-39	135
WP_011818180.1	MER0005714|S41.A01|S41A	44.6	35.8	94.4	168	1.19e-38	135
WP_011818180.1	MER0001425|S41.004|S41A	46.4	36.3	95.4	168	1.52e-38	134
WP_011818180.1	MER0004196|S41.013|S41A	41.1	36.5	95.9	168	3.94e-34	122
WP_011818180.1	MER0004195|S41.007|S41A	39.6	37.2	97.6	169	1.03e-31	116
WP_011818180.1	MER0001295|S41.001|S41A	35.3	35.8	94.5	173	8.52e-22	89.4
WP_011818250.1	MER0002408|M41.017|M41	64.6	38.5	100	246	7.00e-106	317
WP_011818250.1	MER0011745|M41.005|M41	57.2	38.1	93.8	243	1.15e-91	281
WP_011818250.1	MER0015137|M41.025|M41	57.7	37.8	94.1	241	8.08e-91	279
WP_011818250.1	MER0015193|M41.019|M41	58.0	37.2	100	238	4.14e-88	271
WP_011818250.1	MER0002563|M41.020|M41	45.1	35.8	95.1	233	4.23e-60	198
WP_011818250.1	MER0017637|M41.024|M41	45.1	35.8	95.1	233	1.60e-59	196
WP_011818250.1	MER0005466|M41.021|M41	42.3	37.2	99.6	241	7.45e-58	192
WP_011818250.1	MER0002602|M41.009|M41	39.3	37.5	89.5	242	6.57e-53	179
WP_011818250.1	MER0001620|M41.001|M41	36.8	36.4	82.7	234	1.30e-46	163
WP_011818250.1	MER0190577|M41.A16|M41	36.1	37.2	91.8	238	1.39e-42	150
WP_011818250.1	MER0015199|M41.015|M41	36.4	37.2	84.9	239	2.58e-42	151
WP_011818250.1	MER0015197|M41.013|M41	37.9	35.9	86.9	232	2.56e-40	145
WP_011818250.1	MER0005496|M41.007|M41	34.9	36.1	83.3	232	4.26e-39	142
WP_011818250.1	MER0023544|M41.A10|M41	35.0	36.4	82.2	234	5.74e-37	136
WP_011818250.1	MER0015194|M41.A14|M41	33.8	35.9	84.2	231	1.15e-36	135
WP_011818250.1	MER0011224|M41.A09|M41	34.1	36.1	81.5	232	2.03e-36	134
WP_011818250.1	MER0056525|M41.A17|M41	35.2	36.1	89.2	233	7.36e-36	132
WP_011818250.1	MER0002605|M41.003|M41	34.6	37.7	87.5	243	1.43e-35	132
WP_011818250.1	MER0014324|M41.018|M41	33.2	36.1	90.8	232	3.24e-34	127
WP_011818250.1	MER0002600|M41.002|M41	33.5	36.1	87.5	233	6.79e-34	127
WP_011818250.1	MER0005755|M41.026|M41	32.0	35.9	96.0	231	2.14e-33	124
WP_011818250.1	MER0015195|M41.A15|M41	32.3	36.1	81.5	232	6.98e-33	124
WP_011818250.1	MER0015609|M41.023|M41	34.2	36.4	82.4	234	1.66e-32	123
WP_011818250.1	MER0002608|M41.A11|M41	31.4	36.1	85.4	236	2.06e-32	123
WP_011818250.1	MER0024900|M41.A21|M41	28.6	35.2	87.0	224	4.22e-32	121
WP_011818253.1	MER0003448|M16.016|M16B	30.2	40.6	74.1	169	4.15e-28	107
WP_011818253.1	MER0003543|M16.973|M16B	25.1	45.0	82.7	187	7.12e-22	90.5
WP_011818253.1	MER0390687|M16.A15|M16B	28.8	39.2	98.2	163	8.25e-21	85.9
WP_011818253.1	MER0195774|M16.019|M16B	26.0	40.4	95.5	169	7.14e-20	83.6
WP_011818253.1	MER0001229|M16.003|M16B	27.5	41.1	79.2	171	1.21e-19	84.0
WP_011818253.1	MER0043985|M16.980|M16B	27.5	41.1	72.8	171	1.75e-19	84.0
WP_011818253.1	MER0026957|M16.977|M16B	27.9	39.7	75.7	165	2.35e-19	83.2
WP_011818253.1	MER0015090|M16.975|M16B	22.8	44.2	81.4	184	1.30e-18	81.3
WP_011818253.1	MER0011292|M16.A07|M16A	34.0	25.2	45.7	106	1.33e-12	63.9
WP_011818253.1	MER0011192|M16.A06|M16A	37.1	24.3	63.4	105	3.64e-12	61.2
WP_011818253.1	MER0004423|M16.A20|M16B	25.4	45.0	79.6	193	4.48e-11	59.3
WP_011818253.1	MER0001233|M16.A05|M16B	24.7	44.5	80.5	198	2.41e-10	57.4
WP_011818253.1	MER0002008|M16.004|M16B	26.5	38.5	67.8	170	4.13e-10	56.6
WP_011818253.1	MER0122186|M16.A14|M16A	29.8	27.2	57.0	114	5.33e-09	52.8
WP_011818253.1	MER0001218|M16.008|M16A	32.9	35.1	73.1	158	6.20e-09	52.8
WP_011818253.1	MER0092828|M16.015|M16B	22.1	33.7	88.5	140	9.28e-09	51.2
WP_011818253.1	MER0015259|M16.017|M16A	31.5	27.6	58.5	124	1.13e-08	52.0
WP_011818253.1	MER0011096|M16.A01|M16A	27.2	27.2	53.8	114	1.52e-08	51.6
WP_011818253.1	MER0237414|M16.970|M16B	19.4	44.5	80.8	191	2.58e-08	51.2
WP_011818253.1	MER0003001|M16.A16|M16B	28.6	31.5	73.8	133	2.97e-08	50.1
WP_011818253.1	MER0011744|M16.A02|M16A	26.8	35.6	73.6	157	3.72e-08	50.4
WP_011818253.1	MER0169735|M16.021|M16A	22.3	42.8	92.5	188	5.89e-08	49.7
WP_011818253.1	MER0003823|M16.A09|M16A	25.6	36.5	75.5	160	6.76e-08	49.7
WP_011818253.1	MER0001220|M16.005|M16A	37.0	23.3	47.8	100	1.16e-07	48.9
WP_011818253.1	MER0002423|M16.A11|M16A	27.6	27.6	54.7	116	1.65e-07	48.5
WP_011818266.1	MER0005742|M15.002|M15B	30.4	48.5	90.1	115	4.90e-12	57.8
WP_011818266.1	MER0014983|M15.024|M15B	33.6	46.8	79.5	119	4.37e-09	50.4
WP_011818266.1	MER0013458|M15.003|M15B	33.6	43.0	54.7	107	3.09e-07	46.2
WP_011818285.1	MER0014721|C56.A01|C56	32.2	39.4	48.1	87	2.53e-05	40.0
WP_011818285.1	MER0002601|C56.976|C56	41.0	27.6	39.6	61	7.08e-05	38.5
WP_011818336.1	MER0004801|M38.982|M38	71.5	61.0	100	347	3.25e-182	514
WP_011818350.1	MER0044812|C26.A04|C26	45.9	63.3	97.1	242	4.86e-71	219
WP_011818350.1	MER0060647|C26.952|C26	37.6	95.5	100	375	2.19e-70	221
WP_011818350.1	MER0078640|C26.951|C26	37.6	95.3	100	375	2.75e-70	221
WP_011818350.1	MER0045945|C26.963|C26	43.5	48.0	81.2	184	1.22e-48	161
WP_011818350.1	MER0115185|C26.954|C26	53.1	37.2	98.6	143	8.44e-45	148
WP_011818350.1	MER0043540|C26.A33|C26	43.3	48.5	80.7	187	2.70e-44	150
WP_011818350.1	MER0046161|C26.956|C26	41.3	49.3	67.5	189	1.05e-41	144
WP_011818350.1	MER0436691|C26.A27|C26	32.9	75.2	94.1	292	4.83e-41	142
WP_011818350.1	MER0043537|C26.A31|C26	27.9	40.6	83.0	172	2.58e-10	56.2
WP_011818350.1	MER0044882|C26.A09|C26	26.1	35.1	78.6	153	5.86e-10	55.1
WP_011818350.1	MER0043394|C26.955|C26	26.8	35.1	83.5	142	1.48e-09	53.5
WP_011818350.1	MER0045095|C26.958|C26	28.6	32.5	52.4	140	1.66e-07	48.9
WP_011818350.1	MER0045094|C26.959|C26	30.6	37.5	58.5	157	4.51e-07	47.4
WP_011818350.1	MER0042974|C26.A07|C26	25.1	42.7	87.6	179	2.56e-05	41.6
WP_011818350.1	MER0043392|C26.960|C26	23.8	36.4	82.2	147	2.93e-04	38.1
WP_011818364.1	MER0000576|S24.003|S24	44.7	82.6	98.3	114	3.29e-31	105
WP_011818364.1	MER0000569|S24.001|S24	37.4	65.9	76.3	91	1.06e-12	57.8
WP_011818364.1	MER0006172|S24.004|S24	36.9	47.1	82.3	65	5.17e-11	52.4
WP_011818364.1	MER0022664|S24.005|S24	32.5	58.0	63.2	80	1.58e-06	41.6
WP_011818386.1	MER0001313|A08.001|A08	32.5	96.0	93.3	154	9.50e-13	59.3
WP_011818415.1	MER0011571|S13.003|S13	32.1	40.0	35.7	168	1.60e-12	65.5
WP_011818415.1	MER0026276|S13.A01|S13	29.1	37.0	34.9	165	2.71e-09	55.5
WP_011818415.1	MER0000471|S13.002|S13	31.3	32.8	30.8	144	4.73e-09	54.7
WP_011818452.1	MER0002408|M41.017|M41	36.9	41.3	95.9	241	2.33e-45	157
WP_011818452.1	MER0011745|M41.005|M41	35.5	41.3	91.1	242	2.79e-39	141
WP_011818452.1	MER0015137|M41.025|M41	34.7	41.3	92.2	242	6.78e-39	140
WP_011818452.1	MER0005466|M41.021|M41	37.4	40.4	96.7	238	1.04e-36	134
WP_011818452.1	MER0015193|M41.019|M41	35.2	40.6	97.9	244	6.75e-36	131
WP_011818452.1	MER0002563|M41.020|M41	33.3	39.7	94.7	234	7.51e-35	129
WP_011818452.1	MER0017637|M41.024|M41	34.2	39.7	94.7	234	1.42e-34	128
WP_011818452.1	MER0001620|M41.001|M41	34.5	38.9	79.2	229	2.14e-32	123
WP_011818452.1	MER0002602|M41.009|M41	35.5	39.6	85.0	234	2.70e-29	114
WP_011818452.1	MER0014324|M41.018|M41	31.2	39.7	89.5	234	1.32e-26	105
WP_011818452.1	MER0015199|M41.015|M41	33.8	38.7	79.2	228	1.68e-26	106
WP_011818452.1	MER0015197|M41.013|M41	31.8	40.6	88.0	239	5.18e-26	104
WP_011818452.1	MER0015194|M41.A14|M41	30.0	38.5	80.8	227	5.82e-24	98.6
WP_011818452.1	MER0002197|M41.004|M41	29.7	38.9	81.5	229	7.15e-24	98.2
WP_011818452.1	MER0024900|M41.A21|M41	30.3	39.6	87.8	231	2.48e-23	96.3
WP_011818452.1	MER0190705|M41.A18|M41	33.1	27.6	71.2	163	3.19e-22	92.4
WP_011818452.1	MER0004454|M41.006|M41	30.3	39.2	80.3	231	4.89e-22	93.2
WP_011818452.1	MER0171760|M41.A12|M41	28.9	41.8	87.5	246	5.51e-22	92.8
WP_011818452.1	MER0015195|M41.A15|M41	28.7	39.2	79.3	230	5.61e-21	90.1
WP_011818452.1	MER0011748|M41.022|M41	27.7	39.2	79.6	231	1.01e-20	89.4
WP_011818452.1	MER0005755|M41.026|M41	28.5	41.1	99.1	242	1.03e-20	88.2
WP_011818452.1	MER0190577|M41.A16|M41	27.5	40.8	90.6	240	8.97e-20	85.9
WP_011818452.1	MER0023544|M41.A10|M41	29.4	39.2	79.3	231	1.55e-19	85.9
WP_011818452.1	MER0002608|M41.A11|M41	26.1	40.2	85.4	238	2.52e-19	85.1
WP_011818452.1	MER0015609|M41.023|M41	26.4	39.2	79.4	231	3.65e-19	84.7
WP_011818462.1	MER0016301|M103.001|M103	31.6	90.9	93.0	453	7.38e-62	206
WP_011818462.1	MER0016222|M103.950|M103	22.1	91.6	94.7	453	3.30e-15	74.3
WP_011818462.1	MER0028087|M103.002|M103	20.7	90.1	94.5	444	7.15e-13	67.0
WP_011818463.1	MER0016248|M103.003|M103	30.2	56.4	98.8	255	7.68e-29	110
WP_011818463.1	MER0016301|M103.001|M103	23.8	52.0	50.0	252	2.77e-06	46.2
WP_011818525.1	MER0001001|M01.005|M01	57.1	24.2	100	210	1.49e-82	261
WP_011818525.1	MER0005037|M01.029|M01	53.0	21.1	99.5	183	4.17e-61	202
WP_011818525.1	MER0040779|M01.035|M01	37.8	22.2	91.9	193	1.40e-38	139
WP_011818525.1	MER0001012|M01.003|M01	28.1	24.3	98.2	217	1.20e-21	91.3
WP_011818525.1	MER0002060|M01.011|M01	26.7	21.8	86.8	191	1.25e-21	91.3
WP_011818525.1	MER0001010|M01.007|M01	31.8	21.4	91.3	192	1.76e-21	90.5
WP_011818525.1	MER0011371|M01.A10|M01	29.3	22.4	94.2	205	6.12e-21	89.0
WP_011818525.1	MER0011183|M01.A24|M01	28.0	22.4	88.7	211	1.55e-20	88.2
WP_011818525.1	MER0011438|M01.A08|M01	28.4	19.8	82.1	176	3.10e-20	87.0
WP_011818525.1	MER0002746|M01.010|M01	27.3	23.8	89.7	216	4.98e-20	87.0
WP_011818525.1	MER0002003|M01.015|M01	29.0	24.0	96.4	214	6.96e-20	86.3
WP_011818525.1	MER0028449|M01.A30|M01	28.4	22.7	90.7	204	1.03e-19	85.9
WP_011818525.1	MER0011440|M01.A09|M01	26.6	21.7	86.4	192	1.70e-19	85.1
WP_011818525.1	MER0091680|M01.A31|M01	29.4	24.4	96.3	214	2.26e-19	84.7
WP_011818525.1	MER0002078|M01.A28|M01	28.2	23.8	89.7	213	5.67e-19	84.0
WP_011818525.1	MER0002968|M01.024|M01	26.8	24.3	96.8	213	7.65e-19	83.2
WP_011818525.1	MER0011370|M01.A11|M01	28.2	22.9	95.7	202	2.14e-18	81.6
WP_011818525.1	MER0002355|M01.A19|M01	29.0	23.5	89.6	207	2.70e-18	81.6
WP_011818525.1	MER0011369|M01.A12|M01	28.1	21.1	82.2	185	3.97e-18	81.3
WP_011818525.1	MER0011423|M01.A02|M01	28.0	20.3	84.2	182	4.38e-18	80.9
WP_011818525.1	MER0015166|M01.A16|M01	32.4	19.7	78.7	182	5.95e-18	80.9
WP_011818525.1	MER0001701|M01.008|M01	29.1	22.5	88.8	213	6.00e-17	77.8
WP_011818525.1	MER0006264|M01.A29|M01	31.7	20.2	96.7	180	6.30e-17	76.6
WP_011818525.1	MER0019759|M01.A25|M01	28.1	22.9	86.2	203	7.00e-17	77.8
WP_011818525.1	MER0004243|M01.016|M01	27.1	21.7	88.9	199	9.60e-17	77.0
WP_011818597.1	MER0436691|C26.A27|C26	29.0	66.3	52.9	145	7.76e-04	36.2
WP_011818730.1	MER0043475|C26.A05|C26	28.5	48.2	46.8	123	2.83e-07	47.0
WP_011818730.1	MER0043537|C26.A31|C26	38.1	41.2	50.5	105	2.02e-06	43.9
WP_011818730.1	MER0043540|C26.A33|C26	44.9	20.0	21.5	49	3.67e-06	43.5
WP_011818730.1	MER0065588|C26.965|C26	21.8	63.7	84.2	170	9.78e-06	42.0
WP_011818730.1	MER0115185|C26.954|C26	48.6	14.3	24.5	35	6.45e-05	38.9
WP_011818730.1	MER0060647|C26.952|C26	37.0	21.2	15.4	54	1.74e-04	38.9
WP_011818753.1	MER0036053|S33.A01|S33	29.1	88.2	99.6	285	8.01e-31	114
WP_011818753.1	MER0036065|S33.A03|S33	29.3	85.0	98.8	273	2.76e-27	104
WP_011818753.1	MER0036054|S33.A02|S33	25.7	84.3	93.1	288	2.29e-20	85.9
WP_011818753.1	MER0011509|S33.A84|S33	30.4	35.8	34.0	112	6.89e-12	62.0
WP_011818753.1	MER0213829|S33.A76|S33	25.5	39.9	44.3	149	5.95e-10	56.2
WP_011818753.1	MER0031614|S33.011|S33	21.0	90.4	73.2	290	3.70e-08	50.8
WP_011818753.1	MER0031617|S33.978|S33	27.2	39.0	41.5	125	5.54e-07	47.0
WP_011818753.1	MER0036059|S33.A79|S33	18.5	86.3	88.1	313	2.81e-05	42.0
WP_011818753.1	MER0036068|S33.A19|S33	41.2	16.0	17.3	51	3.27e-04	38.5
WP_011818753.1	MER0036073|S33.A35|S33	31.9	15.0	14.9	47	4.57e-04	38.1
WP_011818753.1	MER0036072|S33.A36|S33	24.7	45.0	43.5	146	4.71e-04	38.1
WP_011818769.1	MER0094384|S54.A16|S54	36.0	37.5	34.3	75	6.13e-04	36.2
WP_011818795.1	MER0003812|S49.008|S49X	45.0	62.5	87.6	169	7.33e-52	165
WP_011818795.1	MER0321345|S49.A08|S49B	44.4	62.5	91.8	169	8.89e-51	162
WP_011818795.1	MER0011114|S49.004|S49B	35.6	71.4	51.7	194	4.12e-32	118
WP_011818795.1	MER0001299|S49.001|S49A	35.7	67.7	31.6	182	1.25e-29	114
WP_011818795.1	MER0013957|S49.007|S49B	35.6	64.3	92.0	174	1.58e-28	104
WP_011818795.1	MER0044046|S49.006|S49B	35.4	65.1	93.5	175	1.24e-25	97.1
WP_011818795.1	MER0001300|S49.002|S49B	32.4	65.4	95.2	179	7.70e-21	84.3
WP_011818795.1	MER0001303|S49.003|S49B	26.1	59.5	81.4	161	1.80e-12	61.6
WP_011818803.1	MER0004471|M50.A10|M50B	36.3	99.2	76.9	358	3.09e-63	203
WP_011818803.1	MER0004474|M50.003|M50B	36.3	99.2	78.2	358	1.24e-60	196
WP_011818803.1	MER0897124|M50.A11|M50A	28.4	88.6	92.1	405	3.39e-32	122
WP_011818803.1	MER0004468|M50.011|M50B	27.3	88.6	92.1	406	1.69e-31	120
WP_011818803.1	MER0004480|M50.004|M50B	31.1	85.2	99.7	334	1.31e-23	96.7
WP_011818803.1	MER0004469|M50.005|M50B	25.4	83.6	82.7	343	7.91e-12	62.8
WP_011818883.1	MER0005466|M41.021|M41	48.3	37.4	96.7	232	3.79e-67	216
WP_011818883.1	MER0002602|M41.009|M41	45.1	38.1	88.4	237	7.97e-62	203
WP_011818883.1	MER0017637|M41.024|M41	43.5	37.7	97.1	239	4.70e-58	192
WP_011818883.1	MER0002563|M41.020|M41	42.7	37.7	97.1	239	6.56e-58	192
WP_011818883.1	MER0171760|M41.A12|M41	39.0	43.5	99.6	272	6.53e-53	179
WP_011818883.1	MER0023544|M41.A10|M41	43.9	37.1	81.1	230	3.35e-52	177
WP_011818883.1	MER0011120|M41.A04|M41	43.3	37.4	89.8	238	6.77e-51	174
WP_011818883.1	MER0002408|M41.017|M41	40.9	37.6	94.3	235	7.55e-51	173
WP_011818883.1	MER0001620|M41.001|M41	39.7	37.4	82.3	234	5.80e-50	172
WP_011818883.1	MER0015690|M41.A03|M41	42.6	37.3	89.4	237	6.75e-50	171
WP_011818883.1	MER0005496|M41.007|M41	41.6	37.3	83.3	231	1.05e-49	171
WP_011818883.1	MER0056525|M41.A17|M41	40.7	37.3	89.2	231	2.33e-49	169
WP_011818883.1	MER0011224|M41.A09|M41	41.2	37.3	81.5	233	4.60e-49	169
WP_011818883.1	MER0002600|M41.002|M41	42.0	37.3	87.5	231	5.19e-49	168
WP_011818883.1	MER0011745|M41.005|M41	41.5	37.6	89.6	236	1.07e-47	165
WP_011818883.1	MER0002605|M41.003|M41	39.7	38.2	86.4	237	1.27e-47	165
WP_011818883.1	MER0015194|M41.A14|M41	42.2	37.1	84.2	232	8.99e-47	162
WP_011818883.1	MER0015137|M41.025|M41	41.5	37.6	90.6	236	2.58e-46	161
WP_011818883.1	MER0011748|M41.022|M41	39.1	37.6	82.5	233	1.50e-44	157
WP_011818883.1	MER0015195|M41.A15|M41	38.5	37.3	81.5	231	1.54e-44	157
WP_011818883.1	MER0015199|M41.015|M41	37.0	37.9	83.9	235	3.28e-44	156
WP_011818883.1	MER0004454|M41.006|M41	40.7	37.3	82.5	231	3.97e-44	155
WP_011818883.1	MER0015197|M41.013|M41	38.7	37.1	86.9	235	2.55e-43	153
WP_011818883.1	MER0015193|M41.019|M41	40.2	37.6	97.9	241	3.77e-43	152
WP_011818883.1	MER0015609|M41.023|M41	36.9	37.6	82.4	233	2.50e-42	150
WP_011818947.1	MER0001238|M17.A03|M17	46.9	96.7	99.0	501	3.19e-128	379
WP_011818947.1	MER0002271|M17.002|M17	46.8	96.5	99.4	496	5.80e-128	378
WP_011818947.1	MER0004597|M17.A01|M17	57.1	68.2	92.6	338	4.09e-126	368
WP_011818947.1	MER0004598|M17.A02|M17	56.2	68.2	92.9	338	2.06e-123	361
WP_011818947.1	MER0024892|M17.008|M17	50.8	64.7	78.3	319	4.32e-99	301
WP_011818947.1	MER0041673|M17.013|M17	39.7	86.9	90.3	443	1.05e-80	256
WP_011818947.1	MER0035089|M17.010|M17	44.7	63.7	88.6	313	1.38e-79	249
WP_011818947.1	MER0001236|M17.003|M17	34.8	96.9	98.8	492	1.26e-77	248
WP_011818947.1	MER0003825|M17.016|M17	43.5	64.7	72.0	322	1.06e-73	236
WP_011818947.1	MER0001235|M17.001|M17	35.1	88.0	88.5	445	3.53e-66	218
WP_011818947.1	MER0014397|M17.015|M17	38.0	65.7	90.9	324	6.90e-60	197
WP_011818947.1	MER0026959|M17.950|M17	41.5	54.7	99.3	275	2.53e-55	183
WP_011818947.1	MER0002497|M17.004|M17	36.5	64.1	74.7	323	5.59e-52	179
WP_011818947.1	MER0003919|M17.005|M17	39.8	55.3	72.1	274	3.28e-50	172
WP_011818947.1	MER0001910|M17.009|M17	35.8	63.3	63.6	316	7.73e-49	172
WP_011818947.1	MER0013416|M17.006|M17	34.7	64.7	81.7	329	7.00e-38	139
WP_011818947.1	MER0001240|M17.A05|M17	34.4	62.0	63.3	314	1.48e-37	140
WP_011818947.1	MER0105906|M17.014|M17	31.2	66.5	69.3	333	4.03e-37	139
WP_011818947.1	MER0011357|M17.A04|M17	30.7	63.7	58.6	322	1.40e-31	124
WP_011818947.1	MER0081108|M17.012|M17	31.9	42.4	48.3	232	1.28e-20	91.3
WP_011818947.1	MER0079520|M17.011|M17	32.2	29.2	28.7	149	1.43e-16	79.0
WP_011819057.1	MER0001244|M24.004|M24B	41.5	61.2	99.6	270	2.99e-65	207
WP_011819057.1	MER0028601|M24.033|M24B	37.5	61.2	100	275	5.28e-51	170
WP_011819057.1	MER0013463|M24.026|M24B	36.0	61.0	99.2	272	4.43e-45	154
WP_011819057.1	MER0001733|M24.A09|M24B	32.9	58.7	96.2	283	1.64e-36	132
WP_011819057.1	MER0004931|M24.008|M24B	32.0	58.7	96.9	259	3.47e-36	130
WP_011819057.1	MER0001248|M24.007|M24B	33.5	49.0	95.7	245	2.31e-32	120
WP_011819057.1	MER0005462|M24.031|M24B	30.9	58.7	96.9	259	4.74e-32	119
WP_011819057.1	MER0004532|M24.034|M24B	33.3	57.1	93.9	255	5.60e-28	107
WP_011819057.1	MER0005715|M24.A11|M24B	30.0	56.9	92.8	253	5.55e-22	91.3
WP_011819057.1	MER0002038|M24.006|M24B	29.1	49.7	86.5	220	1.28e-21	90.1
WP_011819057.1	MER0001250|M24.003|M24B	29.4	57.6	96.2	286	6.52e-19	83.6
WP_011819057.1	MER0027437|M24.038|M24B	30.5	38.5	60.0	177	6.46e-12	62.4
WP_011819057.1	MER0002039|M24.005|M24B	29.4	44.2	64.3	204	1.36e-08	52.4
WP_011819057.1	MER0004321|M24.009|M24B	28.0	43.8	63.2	200	1.98e-07	48.9
WP_011819057.1	MER0016542|M24.A04|M24B	31.1	35.6	51.1	167	1.71e-06	46.2
WP_011819105.1	MER0003290|S01.482|S01C	61.1	41.5	100	157	8.33e-59	185
WP_011819105.1	MER0000268|S01.480|S01C	51.6	41.5	100	159	1.68e-47	155
WP_011819105.1	MER0004673|S01.494|S01C	36.1	69.4	97.4	285	7.12e-46	155
WP_011819105.1	MER0005468|S01.491|S01C	49.4	41.5	100	158	1.90e-43	145
WP_011819105.1	MER0004111|S01.442|S01C	48.7	41.5	100	158	2.64e-42	142
WP_011819105.1	MER0028330|S01.329|S01C	48.7	41.5	100	156	6.88e-42	141
WP_011819105.1	MER0002577|S01.277|S01C	48.1	41.5	100	156	1.36e-41	140
WP_011819105.1	MER0003850|S01.500|S01C	41.5	46.0	97.7	176	1.12e-39	136
WP_011819105.1	MER0001945|S01.472|S01C	46.5	41.5	100	159	3.68e-39	134
WP_011819105.1	MER0013623|S01.453|S01C	46.2	41.5	100	158	2.34e-38	132
WP_011819105.1	MER0004086|S01.B81|S01C	46.3	41.2	100	162	3.05e-38	132
WP_011819105.1	MER0001372|S01.274|S01C	48.1	41.5	100	160	3.58e-38	131
WP_011819105.1	MER0016351|S01.285|S01C	44.2	41.5	100	156	4.60e-38	131
WP_011819105.1	MER0004093|S01.278|S01C	44.2	41.5	100	156	3.48e-37	129
WP_011819105.1	MER0000266|S01.273|S01C	48.4	41.5	100	159	3.81e-37	129
WP_011819105.1	MER0014795|S01.284|S01C	45.1	41.5	100	162	1.60e-36	127
WP_011819105.1	MER0011375|S01.476|S01C	44.9	41.5	100	158	7.44e-36	125
WP_011819105.1	MER0016031|S01.364|S01C	45.8	41.5	100	166	2.89e-35	124
WP_011819105.1	MER0004149|S01.525|S01C	45.5	41.5	100	165	7.25e-35	123
WP_011819105.1	MER0022668|S01.447|S01C	43.9	41.5	100	171	1.33e-33	120
WP_011819105.1	MER0006096|S01.A08|S01C	49.2	35.1	100	132	2.25e-33	118
WP_011819105.1	MER0001373|S01.275|S01C	41.4	41.5	100	162	3.51e-33	118
WP_011819105.1	MER0015583|S01.416|S01C	42.0	37.8	98.0	150	4.83e-28	104
WP_011819105.1	MER0003293|S01.477|S01C	41.2	40.7	100	153	1.17e-27	103
WP_011819105.1	MER0010944|S01.474|S01C	37.7	41.5	100	175	2.93e-27	103
WP_011819125.1	MER1054487|C44.951|C44	48.2	24.5	100	380	1.15e-107	344
WP_011819125.1	MER0198917|C44.003|C44	39.6	24.5	100	379	8.18e-82	271
WP_011819131.1	MER0024252|C40.009|C40	51.7	47.6	91.3	120	1.08e-38	128
WP_011819131.1	MER0003807|C40.007|C40	35.5	46.4	89.0	121	5.98e-11	55.5
WP_011819213.1	MER0036053|S33.A01|S33	43.8	84.6	97.0	258	2.60e-66	205
WP_011819213.1	MER0036054|S33.A02|S33	36.6	84.6	94.2	262	1.17e-48	160
WP_011819213.1	MER0036065|S33.A03|S33	34.4	84.6	99.2	259	6.32e-43	145
WP_011819213.1	MER0036074|S33.A34|S33	29.7	88.0	73.9	303	6.31e-29	111
WP_011819213.1	MER0031616|S33.013|S33	29.2	39.1	38.3	120	4.74e-11	59.3
WP_011819213.1	MER0044633|S33.A26|S33	34.3	43.1	37.8	134	7.83e-10	55.8
WP_011819213.1	MER0011509|S33.A84|S33	33.3	28.1	27.6	87	4.00e-09	53.5
WP_011819213.1	MER0030163|S33.975|S33	32.2	29.1	30.9	90	1.56e-08	51.6
WP_011819213.1	MER0213829|S33.A76|S33	33.1	35.5	34.7	121	4.24e-08	50.4
WP_011819213.1	MER0011785|S33.009|S33	27.0	48.2	44.6	148	4.27e-08	50.4
WP_011819213.1	MER0036075|S33.A73|S33	36.1	34.1	30.8	108	7.91e-08	49.7
WP_011819213.1	MER0044578|S33.A28|S33	36.8	27.1	24.7	87	3.47e-07	47.8
WP_011819213.1	MER0044581|S33.A27|S33	32.2	36.5	32.0	115	1.11e-06	46.2
WP_011819213.1	MER0031617|S33.978|S33	22.7	84.6	88.0	264	1.62e-06	45.4
WP_011819213.1	MER0036064|S33.A16|S33	28.4	46.8	52.9	141	1.99e-06	45.1
WP_011819213.1	MER0036069|S33.A38|S33	33.7	26.8	24.3	83	7.97e-05	40.4
WP_011819213.1	MER0014065|S33.974|S33	28.9	26.4	24.4	83	1.38e-04	39.7
WP_011819220.1	MER0003327|C44.971|C44	40.2	39.0	100	246	3.19e-50	171
WP_011819220.1	MER0185695|C44.A08|C44	37.6	35.8	100	234	3.45e-42	149
WP_011819220.1	MER0012158|C44.972|C44	32.2	43.4	100	342	1.32e-34	131
WP_011819220.1	MER0003350|C44.975|C44	38.4	30.6	100	211	8.59e-31	116
WP_011819220.1	MER0003322|C44.970|C44	36.5	30.1	100	211	2.33e-28	109
WP_011819220.1	MER0011781|C44.A02|C44	30.4	33.0	83.5	214	7.67e-21	89.0
WP_011819220.1	MER0004101|C44.A01|C44	29.0	33.0	84.0	214	1.12e-17	79.7
WP_011819220.1	MER0011806|C44.A03|C44	26.5	33.0	84.0	211	2.79e-17	78.6
WP_011819220.1	MER0003314|C44.001|C44	34.2	18.4	45.1	120	2.35e-10	58.5
WP_011819225.1	MER0002655|M20.015|M20D	37.1	94.2	97.6	375	1.20e-71	226
WP_011819225.1	MER0002007|M20.008|M20D	35.3	97.5	99.0	394	1.29e-71	226
WP_011819225.1	MER0002659|M20.014|M20D	36.6	94.7	96.2	380	2.79e-66	213
WP_011819225.1	MER0002013|M20.A02|M20D	37.2	94.2	95.9	382	8.40e-66	211
WP_011819225.1	MER0002014|M20.A03|M20D	36.7	91.9	93.4	373	1.29e-63	206
WP_011819225.1	MER0003770|M20.A27|M20D	34.5	92.4	97.1	368	2.56e-57	189
WP_011819225.1	MER0005155|M20.A06|M20D	33.9	90.6	95.8	372	7.75e-53	177
WP_011819225.1	MER0005173|M20.A05|M20D	34.8	91.4	97.1	368	6.78e-52	174
WP_011819225.1	MER0003815|M20.A04|M20D	36.1	45.9	61.0	183	1.61e-31	118
WP_011819225.1	MER0015354|M20.A01|M20D	40.0	43.9	60.3	175	6.68e-31	116
WP_011819225.1	MER0005163|M20.009|M20D	41.2	38.1	57.6	153	1.39e-29	112
WP_011819225.1	MER0003581|M20.020|M20D	27.5	81.7	98.8	342	3.24e-26	104
WP_011819225.1	MER0002664|M20.A26|M20D	34.7	37.6	51.1	150	1.35e-20	87.8
WP_011819240.1	MER0036065|S33.A03|S33	33.5	86.2	98.8	266	8.63e-52	168
WP_011819240.1	MER0036053|S33.A01|S33	35.6	86.2	96.6	270	1.87e-45	152
WP_011819240.1	MER0036054|S33.A02|S33	32.3	88.8	96.7	285	3.46e-41	141
WP_011819240.1	MER0036074|S33.A34|S33	28.4	88.8	73.1	296	2.60e-24	98.6
WP_011819240.1	MER0011509|S33.A84|S33	24.8	92.4	89.2	298	6.25e-15	70.9
WP_011819240.1	MER0031611|S33.977|S33	23.1	88.5	85.4	281	2.48e-11	60.1
WP_011819240.1	MER0011785|S33.009|S33	30.4	36.2	31.7	112	5.92e-08	50.1
WP_011819240.1	MER0030163|S33.975|S33	29.8	34.2	33.0	104	2.25e-07	48.1
WP_011819240.1	MER0213829|S33.A76|S33	29.1	39.5	36.2	127	1.42e-06	45.8
WP_011819240.1	MER0036064|S33.A16|S33	28.5	39.8	42.2	123	1.18e-05	42.7
WP_011819240.1	MER0036078|S33.A75|S33	24.4	84.9	85.4	262	6.26e-05	40.4
WP_011819240.1	MER0044633|S33.A26|S33	26.5	38.2	35.8	136	4.63e-04	38.1
WP_011819240.1	MER0014065|S33.974|S33	27.9	35.5	29.9	111	5.92e-04	37.7
WP_011819266.1	MER0000474|S14.001|S14	68.4	88.8	91.8	190	1.62e-90	261
WP_011819266.1	MER0005687|S14.A01|S14	64.8	82.2	83.4	176	1.42e-75	224
WP_011819266.1	MER0002211|S14.003|S14	57.3	89.7	92.8	192	4.75e-73	217
WP_011819266.1	MER0006046|S14.A02|S14	54.7	89.7	92.8	192	7.77e-72	214
WP_011819266.1	MER0002299|S14.A04|S14	54.3	86.9	92.5	186	3.96e-68	204
WP_011819266.1	MER0006063|S14.010|S14	54.4	85.0	87.0	182	5.70e-67	202
WP_011819266.1	MER0004855|S14.A03|S14	55.8	80.4	82.3	172	8.34e-67	201
WP_011819266.1	MER0004847|S14.009|S14	51.1	87.4	90.4	188	5.31e-65	197
WP_011819266.1	MER0004857|S14.008|S14	56.0	85.0	87.4	182	2.08e-64	195
WP_011819266.1	MER0006308|S14.002|S14	46.0	86.9	96.4	189	1.43e-54	170
WP_011819266.1	MER0004182|S14.006|S14	46.8	87.9	90.6	188	7.11e-54	168
WP_011819266.1	MER0006056|S14.011|S14	49.7	80.8	81.5	173	2.57e-53	167
WP_011819266.1	MER0011666|S14.005|S14	39.9	79.9	91.5	173	3.04e-38	128
WP_011819266.1	MER0001369|S14.007|S14	40.3	33.6	55.0	72	2.58e-12	58.9
WP_011819288.1	MER0167725|M100.001|M100	35.7	85.7	32.7	157	3.63e-14	66.2
WP_011819300.1	MER0065554|C26.964|C26	46.8	47.2	97.4	263	2.33e-78	244
WP_011819300.1	MER0437468|C26.A36|C26	40.3	62.3	99.7	350	1.97e-77	244
WP_011819300.1	MER0436717|C26.A29|C26	33.2	62.5	99.7	401	1.66e-57	194
WP_011819300.1	MER0031278|C26.961|C26	24.6	37.7	79.5	224	2.54e-07	48.9
WP_041484550.1	MER0059846|S33.A46|S33	29.3	75.1	75.3	280	9.06e-16	74.3
WP_041484550.1	MER0066184|S09.B04|S09C	29.9	19.6	31.3	77	4.61e-05	41.2
WP_041484610.1	MER0036064|S33.A16|S33	28.9	78.9	91.6	249	3.19e-22	90.5
WP_041484610.1	MER0036053|S33.A01|S33	36.0	37.1	41.4	111	7.47e-16	72.8
WP_041484610.1	MER0036078|S33.A75|S33	24.8	79.9	90.7	250	8.78e-14	66.6
WP_041484610.1	MER0037236|S33.016|S33	31.0	41.8	48.7	129	3.75e-10	56.2
WP_041484610.1	MER0036076|S33.A33|S33	29.7	46.2	48.8	148	2.84e-08	50.8
WP_041484610.1	MER0035973|S33.A14|S33	32.7	32.8	33.8	101	1.19e-07	48.9
WP_041484610.1	MER0017123|S33.972|S33	29.1	36.8	39.3	117	1.27e-06	45.8
WP_041484610.1	MER0044578|S33.A28|S33	30.8	33.1	29.5	104	6.17e-06	43.9
WP_041484610.1	MER0031614|S33.011|S33	22.4	79.6	70.6	250	1.07e-05	43.1
WP_041484610.1	MER0044581|S33.A27|S33	28.1	36.5	31.7	114	1.96e-05	42.4
WP_041484610.1	MER0031653|S33.A43|S33	27.1	34.4	35.5	140	4.88e-05	41.2
WP_041484610.1	MER0031610|S33.976|S33	33.7	31.8	31.2	98	5.49e-05	40.8
WP_041484610.1	MER0036073|S33.A35|S33	30.1	32.8	31.3	103	7.58e-05	40.4
WP_041484610.1	MER0000432|S33.971|S33	25.2	43.1	40.8	139	1.40e-04	39.7
WP_041484610.1	MER0017193|S33.991|S33	34.1	27.1	28.9	82	2.90e-04	38.5
WP_041484610.1	MER0031645|S33.A42|S33	24.0	43.8	37.6	167	4.87e-04	38.1
WP_052293371.1	MER0065588|C26.965|C26	37.1	75.0	79.1	170	2.68e-18	76.6
WP_052293371.1	MER0044622|C26.A25|C26	22.7	81.8	60.7	185	4.74e-05	40.0
WP_071813230.1	MER0003273|S26.016|S26A	45.9	28.5	22.8	37	8.89e-04	34.3
WP_225866273.1	MER0001602|M15.011|M15D	42.5	66.7	52.9	80	8.33e-09	47.4
WP_263890449.1	MER0000474|S14.001|S14	59.6	95.9	90.8	188	1.17e-78	231
WP_263890449.1	MER0005687|S14.A01|S14	63.1	89.8	83.4	176	5.22e-71	211
WP_263890449.1	MER0002211|S14.003|S14	54.7	98.0	92.8	192	1.15e-66	200
WP_263890449.1	MER0006046|S14.A02|S14	49.0	98.0	92.8	192	3.78e-65	196
WP_263890449.1	MER0002299|S14.A04|S14	52.2	94.9	92.5	186	2.37e-62	189
WP_263890449.1	MER0004855|S14.A03|S14	53.8	88.3	82.8	173	3.05e-62	189
WP_263890449.1	MER0004857|S14.008|S14	53.3	92.9	87.4	182	1.88e-60	184
WP_263890449.1	MER0006063|S14.010|S14	48.6	93.4	88.0	183	3.62e-58	179
WP_263890449.1	MER0004847|S14.009|S14	47.6	95.9	90.9	189	2.07e-57	177
WP_263890449.1	MER0006308|S14.002|S14	43.8	90.3	90.8	178	7.01e-53	165
WP_263890449.1	MER0006056|S14.011|S14	47.4	89.3	82.5	175	8.88e-52	162
WP_263890449.1	MER0004182|S14.006|S14	39.7	96.4	91.1	189	2.36e-47	151
WP_263890449.1	MER0011666|S14.005|S14	42.3	91.3	96.3	182	3.03e-39	130
WP_263890449.1	MER0001369|S14.007|S14	40.3	36.7	55.0	72	9.73e-13	59.7
