WP_011293809.1	MER0000576|S24.003|S24	40.5	80.6	100	116	1.58e-25	90.9
WP_011293809.1	MER0006172|S24.004|S24	40.6	47.9	87.3	69	9.92e-13	57.0
WP_011293809.1	MER0000569|S24.001|S24	36.2	65.3	78.8	94	2.62e-11	54.3
WP_011293809.1	MER0022664|S24.005|S24	30.4	63.9	72.8	92	9.10e-06	39.7
WP_011293826.1	MER0000474|S14.001|S14	58.6	97.4	92.3	191	3.06e-81	237
WP_011293826.1	MER0005687|S14.A01|S14	62.9	89.3	82.9	175	7.40e-71	211
WP_011293826.1	MER0006046|S14.A02|S14	51.6	98.0	92.8	192	2.14e-69	207
WP_011293826.1	MER0002211|S14.003|S14	55.7	98.0	92.8	192	2.01e-67	202
WP_011293826.1	MER0004857|S14.008|S14	55.2	92.3	87.0	181	5.01e-63	191
WP_011293826.1	MER0002299|S14.A04|S14	51.1	94.9	92.5	186	3.36e-62	189
WP_011293826.1	MER0004847|S14.009|S14	47.4	97.4	92.3	192	5.53e-60	183
WP_011293826.1	MER0004855|S14.A03|S14	52.6	88.3	82.8	173	8.08e-60	183
WP_011293826.1	MER0006063|S14.010|S14	48.6	93.4	87.5	183	6.74e-56	173
WP_011293826.1	MER0006308|S14.002|S14	42.8	90.8	91.8	180	3.23e-51	160
WP_011293826.1	MER0004182|S14.006|S14	40.6	95.4	90.1	187	3.21e-50	158
WP_011293826.1	MER0006056|S14.011|S14	45.7	89.3	82.5	175	2.31e-49	156
WP_011293826.1	MER0011666|S14.005|S14	43.6	86.7	91.0	172	4.28e-39	129
WP_011293826.1	MER0001369|S14.007|S14	37.5	36.7	55.0	72	7.13e-11	54.7
WP_011295228.1	MER0000474|S14.001|S14	62.1	91.0	87.4	182	3.00e-75	222
WP_011295228.1	MER0005687|S14.A01|S14	61.1	90.0	84.8	180	1.73e-70	210
WP_011295228.1	MER0006308|S14.002|S14	48.2	96.5	98.5	193	1.01e-63	192
WP_011295228.1	MER0004857|S14.008|S14	59.9	86.0	82.1	172	2.89e-63	192
WP_011295228.1	MER0002299|S14.A04|S14	55.3	89.5	88.6	179	3.16e-61	186
WP_011295228.1	MER0004855|S14.A03|S14	53.8	93.0	87.1	186	2.32e-60	184
WP_011295228.1	MER0002211|S14.003|S14	52.2	90.0	86.5	180	6.20e-60	183
WP_011295228.1	MER0006046|S14.A02|S14	51.1	90.0	86.5	180	6.20e-60	183
WP_011295228.1	MER0004847|S14.009|S14	51.9	90.5	87.0	181	1.82e-59	182
WP_011295228.1	MER0006063|S14.010|S14	49.1	86.5	82.7	173	1.44e-53	167
WP_011295228.1	MER0006056|S14.011|S14	52.1	82.5	77.3	165	5.10e-52	163
WP_011295228.1	MER0011666|S14.005|S14	44.8	82.0	87.3	165	4.23e-43	140
WP_011295228.1	MER0004182|S14.006|S14	40.2	87.0	85.2	174	5.05e-42	137
WP_011295228.1	MER0001369|S14.007|S14	38.9	36.0	55.0	72	9.89e-15	65.1
WP_011822805.1	MER0004101|C44.A01|C44	31.5	50.3	100	254	8.36e-29	110
WP_011822805.1	MER0011806|C44.A03|C44	31.8	48.9	93.7	239	2.01e-27	107
WP_011822805.1	MER0011781|C44.A02|C44	30.3	52.2	100	254	2.76e-27	106
WP_011822805.1	MER0003314|C44.001|C44	34.5	48.2	93.2	258	1.83e-26	105
WP_011822837.1	MER0045886|C26.957|C26	44.9	42.4	94.5	225	2.78e-61	198
WP_011822837.1	MER0044889|C26.A21|C26	39.7	43.4	94.2	229	2.10e-51	172
WP_011822837.1	MER0042974|C26.A07|C26	44.3	35.0	97.9	192	6.11e-46	156
WP_011822837.1	MER0436735|C26.A34|C26	30.8	42.4	98.9	260	5.95e-41	145
WP_011822837.1	MER0043387|C26.950|C26	41.6	33.7	100	178	3.79e-39	137
WP_011822837.1	MER0038086|C26.962|C26	36.9	40.0	88.9	225	4.32e-38	137
WP_011822837.1	MER0043537|C26.A31|C26	38.2	34.3	95.7	186	6.20e-33	121
WP_011822837.1	MER0044622|C26.A25|C26	25.9	34.5	72.8	189	4.80e-12	63.2
WP_011822837.1	MER0045094|C26.959|C26	26.5	35.0	78.0	189	1.75e-11	61.2
WP_011822837.1	MER0044882|C26.A09|C26	26.4	28.4	86.3	159	1.75e-11	60.1
WP_011822837.1	MER0043394|C26.955|C26	29.9	28.8	92.7	154	2.66e-10	56.2
WP_011822837.1	MER0043392|C26.960|C26	29.9	27.1	83.4	147	2.92e-10	56.2
WP_011822837.1	MER0044619|C26.A26|C26	22.1	26.1	57.8	140	2.26e-06	45.8
WP_011822866.1	MER0011830|T05.002|T05	38.7	51.2	100	222	2.28e-38	135
WP_011822866.1	MER0011829|T05.001|T05	34.6	51.2	99.1	234	8.43e-29	109
WP_011822929.1	MER0015682|S09.074|S09C	46.3	36.8	77.8	242	3.41e-65	214
WP_011822929.1	MER0140224|S09.B03|S09X	47.0	32.1	90.3	215	2.21e-54	182
WP_011822929.1	MER0003558|S09.A83|S09C	39.5	39.1	97.7	258	4.26e-52	177
WP_011822929.1	MER0126485|S09.072|S09X	41.3	34.5	94.5	223	5.61e-51	173
WP_011822929.1	MER0018170|S09.057|S09C	35.8	33.7	90.9	229	1.94e-38	139
WP_011822929.1	MER0017401|S09.071|S09C	26.1	33.9	91.2	222	1.06e-18	82.8
WP_011822929.1	MER0001920|S09.A77|S09C	25.1	34.2	92.3	227	3.00e-18	81.6
WP_011822929.1	MER0000408|S09.004|S09C	26.3	35.7	92.9	243	8.35e-15	71.6
WP_011822929.1	MER0016096|S09.056|S09C	25.5	33.5	92.2	231	2.95e-12	63.9
WP_011822929.1	MER0005807|S09.070|S09C	27.2	32.9	75.6	213	1.40e-11	62.4
WP_011822929.1	MER0000263|S09.012|S09C	25.1	33.5	92.1	231	1.96e-09	55.5
WP_011822929.1	MER0000401|S09.003|S09B	21.3	38.7	94.7	258	4.68e-06	45.4
WP_011822929.1	MER0000399|S09.007|S09B	23.2	34.0	85.1	233	1.09e-05	44.3
WP_011822929.1	MER0030932|S09.B06|S09X	25.3	29.7	74.7	194	3.14e-05	42.7
WP_011822951.1	MER0003290|S01.482|S01C	62.4	39.8	100	157	3.68e-61	191
WP_011822951.1	MER0000268|S01.480|S01C	57.0	39.8	100	158	1.05e-49	162
WP_011822951.1	MER0004111|S01.442|S01C	53.2	39.8	100	158	2.54e-47	155
WP_011822951.1	MER0005468|S01.491|S01C	50.6	39.8	100	158	1.18e-45	151
WP_011822951.1	MER0004673|S01.494|S01C	36.1	61.5	93.4	263	2.05e-45	154
WP_011822951.1	MER0013623|S01.453|S01C	48.7	39.8	100	158	4.27e-44	147
WP_011822951.1	MER0028330|S01.329|S01C	48.1	39.8	100	156	7.41e-41	139
WP_011822951.1	MER0002577|S01.277|S01C	46.8	39.8	100	156	1.46e-40	138
WP_011822951.1	MER0003850|S01.500|S01C	44.6	43.9	97.2	175	5.67e-40	137
WP_011822951.1	MER0014795|S01.284|S01C	46.9	39.8	100	162	9.45e-40	136
WP_011822951.1	MER0001373|S01.275|S01C	48.8	39.8	100	162	2.52e-39	135
WP_011822951.1	MER0004093|S01.278|S01C	43.6	39.8	100	156	4.27e-39	134
WP_011822951.1	MER0004086|S01.B81|S01C	46.9	39.5	100	162	7.81e-39	134
WP_011822951.1	MER0016351|S01.285|S01C	44.9	39.8	100	156	2.30e-38	132
WP_011822951.1	MER0022668|S01.447|S01C	45.6	39.8	100	171	2.79e-38	132
WP_011822951.1	MER0001945|S01.472|S01C	47.2	39.8	100	159	7.56e-38	131
WP_011822951.1	MER0001372|S01.274|S01C	47.5	39.8	100	160	9.68e-38	130
WP_011822951.1	MER0000266|S01.273|S01C	47.5	39.8	100	160	2.66e-37	129
WP_011822951.1	MER0003293|S01.477|S01C	47.7	39.0	100	153	2.27e-36	127
WP_011822951.1	MER0006096|S01.A08|S01C	50.0	33.2	98.5	130	5.11e-36	125
WP_011822951.1	MER0011375|S01.476|S01C	44.9	39.8	100	158	5.15e-36	126
WP_011822951.1	MER0004149|S01.525|S01C	44.8	39.8	100	165	3.57e-35	124
WP_011822951.1	MER0016031|S01.364|S01C	45.2	39.8	100	166	5.44e-35	124
WP_011822951.1	MER0015583|S01.416|S01C	44.7	36.2	98.0	150	2.18e-31	114
WP_011822951.1	MER0005093|S01.441|S01C	42.3	39.5	100	168	1.18e-30	112
WP_011822993.1	MER0014135|S16.A04|S16	48.1	52.1	88.9	241	1.98e-70	221
WP_011822993.1	MER0017402|S16.A11|S16	24.2	39.0	86.8	194	1.31e-09	55.1
WP_011822993.1	MER0003359|S16.008|S16	24.5	20.9	41.5	98	1.41e-05	43.1
WP_011822993.1	MER0005837|S16.A06|S16	22.6	18.3	32.8	84	2.15e-04	39.7
WP_011823026.1	MER0033184|M38.979|M38	33.1	71.8	76.6	287	2.94e-37	135
WP_011823026.1	MER0066192|M38.983|M38	29.4	72.3	80.9	286	4.71e-32	120
WP_011823042.1	MER0043394|C26.955|C26	54.0	82.3	98.8	163	5.89e-65	194
WP_011823042.1	MER0044622|C26.A25|C26	46.2	99.0	74.7	197	8.09e-61	187
WP_011823042.1	MER0045094|C26.959|C26	46.2	99.0	78.8	197	1.15e-59	184
WP_011823042.1	MER0044882|C26.A09|C26	48.2	82.3	92.3	168	9.12e-51	159
WP_011823042.1	MER0043392|C26.960|C26	39.7	76.3	87.0	151	1.18e-34	117
WP_011823042.1	MER0045095|C26.958|C26	35.8	97.5	78.7	212	1.17e-31	112
WP_011823042.1	MER0043195|C26.A30|C26	33.5	97.0	80.8	209	3.17e-26	98.2
WP_011823042.1	MER0044619|C26.A26|C26	34.4	97.5	78.9	195	3.83e-24	92.4
WP_011823042.1	MER0043537|C26.A31|C26	30.8	98.0	97.9	198	1.65e-21	84.3
WP_011823042.1	MER0045945|C26.963|C26	33.1	67.7	57.8	136	1.38e-17	74.7
WP_011823042.1	MER0044812|C26.A04|C26	32.1	68.7	53.3	137	1.90e-17	74.7
WP_011823042.1	MER0115185|C26.954|C26	32.4	68.2	90.9	139	1.24e-14	65.1
WP_011823042.1	MER0044889|C26.A21|C26	32.8	58.6	46.7	116	8.08e-13	62.0
WP_011823042.1	MER0038086|C26.962|C26	27.5	83.3	68.7	182	2.56e-10	55.1
WP_011823042.1	MER0060647|C26.952|C26	29.8	64.1	35.3	131	9.21e-10	53.9
WP_011823042.1	MER0436691|C26.A27|C26	30.5	64.1	48.6	131	1.44e-08	50.1
WP_011823081.1	MER0017637|M41.024|M41	65.1	38.2	95.9	235	1.42e-99	300
WP_011823081.1	MER0002563|M41.020|M41	64.7	38.2	95.9	235	1.12e-98	298
WP_011823081.1	MER0002408|M41.017|M41	47.2	40.0	95.1	246	1.14e-66	215
WP_011823081.1	MER0001620|M41.001|M41	44.8	39.2	84.1	241	7.37e-65	211
WP_011823081.1	MER0002602|M41.009|M41	44.7	38.0	86.1	235	2.77e-61	201
WP_011823081.1	MER0005466|M41.021|M41	42.6	39.5	99.6	244	9.76e-59	194
WP_011823081.1	MER0011745|M41.005|M41	47.0	38.2	88.8	236	7.08e-55	184
WP_011823081.1	MER0015137|M41.025|M41	44.9	38.2	89.8	236	6.67e-53	179
WP_011823081.1	MER0015199|M41.015|M41	40.1	37.7	81.4	232	1.30e-51	176
WP_011823081.1	MER0015193|M41.019|M41	44.1	38.2	97.1	238	5.56e-51	173
WP_011823081.1	MER0015197|M41.013|M41	44.2	37.6	85.7	231	7.37e-50	171
WP_011823081.1	MER0023544|M41.A10|M41	40.4	38.2	81.5	235	1.09e-45	160
WP_011823081.1	MER0005496|M41.007|M41	39.1	38.2	83.3	235	8.97e-45	157
WP_011823081.1	MER0015194|M41.A14|M41	39.7	38.0	84.2	234	1.11e-44	157
WP_011823081.1	MER0015195|M41.A15|M41	37.3	38.2	81.5	236	1.35e-42	151
WP_011823081.1	MER0056525|M41.A17|M41	36.0	38.2	89.2	236	4.70e-41	146
WP_011823081.1	MER0011224|M41.A09|M41	36.2	38.2	81.5	235	1.22e-40	146
WP_011823081.1	MER0002605|M41.003|M41	39.0	38.2	84.2	236	2.46e-40	145
WP_011823081.1	MER0005755|M41.026|M41	36.3	38.0	96.0	234	3.19e-40	143
WP_011823081.1	MER0014324|M41.018|M41	38.1	38.4	91.2	236	1.60e-39	142
WP_011823081.1	MER0004454|M41.006|M41	35.4	38.2	82.5	237	2.52e-37	137
WP_011823081.1	MER0002600|M41.002|M41	37.9	36.7	84.0	227	1.08e-36	134
WP_011823081.1	MER0190577|M41.A16|M41	35.3	38.2	88.9	235	1.09e-36	134
WP_011823081.1	MER0171760|M41.A12|M41	32.4	40.5	89.4	250	1.32e-36	134
WP_011823081.1	MER0002197|M41.004|M41	32.9	38.0	84.2	234	4.24e-36	133
WP_011823113.1	MER0200434|S09.941|S09X	35.2	39.3	71.3	88	2.46e-06	42.0
WP_011823113.1	MER0210019|S09.A56|S09X	45.7	17.4	31.5	35	7.49e-05	37.7
WP_011823113.1	MER0209507|S09.025|S09X	35.2	30.8	64.2	71	1.36e-04	37.0
WP_011823255.1	MER0016172|S66.002|S66	28.4	95.9	95.7	299	1.17e-27	105
WP_011823255.1	MER0016191|S66.001|S66	31.6	93.5	97.3	294	2.58e-27	104
WP_011823255.1	MER0016185|S66.003|S66	23.9	96.9	97.3	335	3.54e-11	59.7
WP_011823274.1	MER0001243|M24.001|M24A	44.0	90.0	95.1	252	6.12e-76	229
WP_011823274.1	MER0005690|M24.A06|M24A	38.7	88.9	98.8	248	3.57e-60	188
WP_011823274.1	MER0015127|M24.A05|M24A	37.4	88.2	98.0	246	1.44e-56	179
WP_011823274.1	MER0001342|M24.017|M24A	37.1	90.0	95.4	251	2.98e-56	179
WP_011823274.1	MER0013589|M24.A12|M24A	38.4	87.8	100	245	1.08e-54	174
WP_011823274.1	MER0013929|M24.028|M24A	38.3	88.5	96.8	248	1.45e-54	174
WP_011823274.1	MER0015128|M24.A07|M24A	34.8	88.5	98.0	247	1.51e-50	164
WP_011823274.1	MER0013450|M24.036|M24A	35.7	88.5	97.6	249	4.35e-47	155
WP_011823274.1	MER0003880|M24.035|M24A	31.2	71.0	64.1	202	3.67e-22	90.5
WP_011823274.1	MER0004931|M24.008|M24B	28.8	87.8	95.2	250	3.12e-21	86.7
WP_011823274.1	MER0024896|M24.A13|M24A	30.6	66.7	39.1	193	1.98e-20	87.4
WP_011823274.1	MER0005462|M24.031|M24B	25.8	87.8	95.2	248	3.79e-17	75.5
WP_011823274.1	MER0004532|M24.034|M24B	27.7	72.0	83.3	202	3.24e-15	70.1
WP_011823274.1	MER0011746|M24.A02|M24A	26.2	72.4	64.1	214	1.20e-14	69.7
WP_011823274.1	MER0002038|M24.006|M24B	30.8	50.9	59.6	143	1.29e-12	62.8
WP_011823274.1	MER0001244|M24.004|M24B	26.4	52.7	54.2	148	2.09e-11	59.7
WP_011823289.1	MER0001186|M32.001|M32	33.8	97.8	98.0	521	1.18e-84	268
WP_011823289.1	MER0002064|M32.006|M32	32.3	94.1	99.4	486	2.02e-78	250
WP_011823289.1	MER0069021|M32.003|M32	32.4	92.9	94.8	490	2.80e-77	248
WP_011823289.1	MER0069024|M32.004|M32	31.4	93.7	95.6	491	1.75e-68	225
WP_011823289.1	MER0017390|M32.002|M32	29.6	97.1	98.0	503	2.45e-67	222
WP_011823289.1	MER0015184|M32.005|M32	30.8	92.9	93.8	487	3.49e-62	208
WP_011823310.1	MER0056047|M79.006|M79	49.3	16.7	93.8	75	9.52e-15	66.2
WP_011823310.1	MER0056022|M79.A02|M79	38.9	21.2	77.0	95	9.05e-11	56.2
WP_011823310.1	MER0056027|M79.A03|M79	40.3	17.2	65.3	77	1.18e-08	50.1
WP_011823310.1	MER0055284|M79.A10|M79	33.3	16.7	91.5	75	3.25e-05	39.3
WP_011823351.1	MER0061068|M38.A02|M38	61.0	83.3	99.0	295	1.42e-129	370
WP_011823373.1	MER0006087|M03.A01|M03A	46.8	98.7	97.2	699	2.29e-213	612
WP_011823373.1	MER0015119|M03.A02|M03A	45.0	98.7	98.1	725	6.97e-203	586
WP_011823373.1	MER0001161|M03.004|M03A	39.1	98.7	99.1	701	1.04e-162	481
WP_011823373.1	MER0001158|M03.005|M03A	30.3	90.6	91.2	646	5.89e-80	265
WP_011823373.1	MER0001942|M03.002|M03A	29.7	87.8	87.0	633	1.06e-70	240
WP_011823373.1	MER0001149|M03.001|M03A	29.8	86.8	85.1	625	1.13e-68	235
WP_011823373.1	MER0108144|M03.A07|M03A	27.0	88.6	92.6	645	1.73e-65	226
WP_011823373.1	MER0003110|M03.009|M03A	29.1	88.6	89.9	677	5.54e-64	223
WP_011823373.1	MER0001153|M03.003|M03A	29.5	78.4	78.0	573	2.50e-62	218
WP_011823373.1	MER0079465|M03.011|M03A	28.8	80.2	85.8	584	7.09e-55	196
WP_011823373.1	MER0015170|M03.A03|M03A	25.7	78.4	80.3	556	3.76e-38	147
WP_011823373.1	MER0001156|M03.006|M03A	25.0	80.1	79.4	604	7.83e-28	116
WP_011823373.1	MER0059435|M03.A11|M03A	22.8	25.7	28.0	206	9.16e-07	48.9
WP_011823385.1	MER0055964|S26.A02|S26A	50.0	81.9	100	154	6.15e-49	153
WP_011823385.1	MER0015620|S26.A01|S26A	48.7	80.9	96.1	152	2.99e-45	144
WP_011823385.1	MER0003269|S26.008|S26A	45.1	79.8	94.9	153	1.58e-40	132
WP_011823385.1	MER0015993|S26.021|S26A	31.3	80.9	96.1	166	2.66e-23	87.8
WP_011823385.1	MER0013626|S26.026|S26A	31.8	79.3	94.1	157	1.21e-20	80.9
WP_011823385.1	MER0016034|S26.020|S26A	35.6	75.0	94.8	160	1.23e-20	80.9
WP_011823385.1	MER0001912|S26.005|S26A	32.3	77.1	91.6	155	6.92e-20	79.0
WP_011823385.1	MER0028421|S26.018|S26A	31.2	81.4	96.8	170	1.56e-18	75.5
WP_011823385.1	MER0004537|S26.025|S26A	30.7	75.0	91.0	176	4.13e-18	75.1
WP_011823385.1	MER0003273|S26.016|S26A	28.7	79.3	94.4	167	2.54e-17	72.4
WP_011823385.1	MER0000592|S26.003|S26A	26.3	78.7	93.5	160	1.65e-16	70.1
WP_011823385.1	MER0002550|S26.004|S26A	26.9	79.3	94.2	160	1.68e-16	70.1
WP_011823385.1	MER0006313|S26.006|S26A	29.8	71.8	90.1	151	5.79e-16	68.6
WP_011823385.1	MER0001510|S26.007|S26A	28.1	79.3	94.2	160	9.37e-15	65.5
WP_011823385.1	MER0015994|S26.019|S26A	27.2	77.7	95.6	169	1.42e-14	65.1
WP_011823385.1	MER0002551|S26.024|S26A	27.1	81.4	97.5	199	4.23e-14	64.7
WP_011823385.1	MER0000589|S26.001|S26A	25.9	78.7	90.7	232	2.47e-12	60.5
WP_011823385.1	MER0003268|S26.015|S26A	28.7	47.3	71.7	129	5.51e-12	58.5
WP_011823385.1	MER0000598|S26.012|S26A	27.7	77.7	91.0	148	1.75e-09	50.8
WP_011823385.1	MER0000597|S26.002|S26A	33.8	42.6	45.7	80	3.40e-07	45.1
WP_011823450.1	MER0003514|S41.010|S41A	60.2	38.2	98.2	166	1.82e-66	207
WP_011823450.1	MER0001297|S41.008|S41A	54.7	37.1	95.3	161	7.50e-55	177
WP_011823450.1	MER0003065|S41.009|S41A	54.9	37.8	97.0	164	4.13e-54	175
WP_011823450.1	MER0003413|S41.002|S41A	47.6	37.6	96.5	164	1.02e-46	155
WP_011823450.1	MER0005714|S41.A01|S41A	46.2	37.3	96.1	171	1.12e-43	148
WP_011823450.1	MER0015684|S41.A02|S41A	42.1	36.9	94.7	164	1.64e-37	131
WP_011823450.1	MER0001425|S41.004|S41A	44.2	36.6	94.3	165	1.39e-35	126
WP_011823450.1	MER0004196|S41.013|S41A	43.2	36.6	94.2	162	9.06e-35	124
WP_011823450.1	MER0004195|S41.007|S41A	36.9	37.3	95.9	168	6.07e-28	105
WP_011823450.1	MER0001295|S41.001|S41A	32.8	36.9	95.1	174	5.81e-22	89.7
WP_011823450.1	MER0028704|S41.011|S41A	27.0	30.4	80.7	137	7.50e-05	40.0
WP_011823568.1	MER0034539|C44.976|C44	38.5	20.2	59.8	130	1.40e-16	75.9
WP_011823568.1	MER0033254|C44.974|C44	28.0	32.2	71.8	211	4.70e-14	69.3
WP_011823579.1	MER0065588|C26.965|C26	34.9	97.7	99.0	212	4.57e-26	97.1
WP_011823579.1	MER0044622|C26.A25|C26	31.0	38.7	30.0	84	8.31e-05	39.3
WP_011823622.1	MER0060647|C26.952|C26	38.1	94.5	100	375	4.70e-74	231
WP_011823622.1	MER0078640|C26.951|C26	36.8	94.3	100	375	3.07e-67	213
WP_011823622.1	MER0044812|C26.A04|C26	43.6	58.1	91.0	225	2.20e-64	202
WP_011823622.1	MER0045945|C26.963|C26	41.9	49.0	84.3	191	3.19e-46	155
WP_011823622.1	MER0046161|C26.956|C26	40.9	47.9	66.4	186	4.28e-42	145
WP_011823622.1	MER0043540|C26.A33|C26	37.9	50.8	85.5	198	2.61e-41	142
WP_011823622.1	MER0115185|C26.954|C26	50.3	37.2	100	145	1.28e-40	137
WP_011823622.1	MER0436691|C26.A27|C26	30.9	76.6	97.6	301	4.41e-38	134
WP_011823622.1	MER0044882|C26.A09|C26	28.5	32.6	74.2	144	2.09e-11	59.3
WP_011823622.1	MER0043537|C26.A31|C26	26.1	39.6	81.9	165	3.13e-11	58.9
WP_011823622.1	MER0045094|C26.959|C26	31.4	44.3	73.9	188	6.41e-11	58.9
WP_011823622.1	MER0045095|C26.958|C26	27.8	34.4	56.6	151	9.17e-09	52.8
WP_011823622.1	MER0043394|C26.955|C26	28.2	34.4	82.9	142	1.28e-08	50.8
WP_011823622.1	MER0436735|C26.A34|C26	36.4	16.4	24.8	66	4.03e-06	44.7
WP_011823622.1	MER0043195|C26.A30|C26	22.3	36.5	62.4	157	2.88e-05	42.0
WP_011823622.1	MER0043392|C26.960|C26	39.1	16.7	36.7	64	6.64e-05	40.0
WP_011823622.1	MER0031288|C26.A28|C26	23.5	38.0	75.1	183	8.57e-05	40.4
WP_011823622.1	MER0038086|C26.962|C26	22.9	42.2	71.4	188	1.23e-04	40.0
WP_011823622.1	MER0044622|C26.A25|C26	29.6	32.8	51.0	135	2.24e-04	39.3
WP_011823622.1	MER0031278|C26.961|C26	27.8	37.8	73.6	187	9.32e-04	37.4
WP_011823653.1	MER0002408|M41.017|M41	63.8	38.4	100	246	1.22e-107	322
WP_011823653.1	MER0015137|M41.025|M41	57.7	37.7	94.1	241	2.07e-88	273
WP_011823653.1	MER0011745|M41.005|M41	57.7	37.7	93.1	241	1.26e-87	271
WP_011823653.1	MER0015193|M41.019|M41	56.9	37.0	100	239	7.48e-86	265
WP_011823653.1	MER0002563|M41.020|M41	45.9	35.6	95.1	233	3.09e-61	201
WP_011823653.1	MER0017637|M41.024|M41	46.8	35.6	95.1	233	3.09e-61	201
WP_011823653.1	MER0005466|M41.021|M41	42.7	36.1	96.7	234	1.40e-60	199
WP_011823653.1	MER0002602|M41.009|M41	41.2	37.3	89.5	243	4.92e-54	182
WP_011823653.1	MER0001620|M41.001|M41	39.3	37.0	84.5	239	1.50e-51	176
WP_011823653.1	MER0015199|M41.015|M41	36.1	37.8	86.7	244	2.04e-43	154
WP_011823653.1	MER0190577|M41.A16|M41	37.4	37.0	91.8	238	7.52e-43	151
WP_011823653.1	MER0015197|M41.013|M41	36.4	35.8	86.9	231	4.27e-38	139
WP_011823653.1	MER0011224|M41.A09|M41	36.5	35.9	81.5	233	8.80e-38	138
WP_011823653.1	MER0023544|M41.A10|M41	35.0	36.3	82.2	234	2.27e-37	137
WP_011823653.1	MER0005496|M41.007|M41	33.6	35.9	83.3	232	5.05e-37	136
WP_011823653.1	MER0015194|M41.A14|M41	33.3	35.8	84.2	231	8.58e-37	135
WP_011823653.1	MER0002608|M41.A11|M41	33.5	35.9	85.4	233	9.25e-37	135
WP_011823653.1	MER0002605|M41.003|M41	34.5	38.8	90.9	252	5.69e-36	133
WP_011823653.1	MER0014324|M41.018|M41	33.2	35.9	90.8	232	1.42e-35	131
WP_011823653.1	MER0002600|M41.002|M41	36.9	35.9	87.5	233	2.19e-35	131
WP_011823653.1	MER0015609|M41.023|M41	34.0	36.3	82.4	235	1.56e-34	129
WP_011823653.1	MER0005755|M41.026|M41	32.2	35.8	96.0	230	1.76e-34	127
WP_011823653.1	MER0056525|M41.A17|M41	34.8	35.9	89.2	233	6.10e-34	127
WP_011823653.1	MER0015195|M41.A15|M41	33.9	35.9	81.5	233	7.99e-34	127
WP_011823653.1	MER0171760|M41.A12|M41	33.7	38.3	89.8	249	8.39e-34	127
WP_011823682.1	MER0011571|S13.003|S13	33.0	22.1	19.7	91	2.45e-07	49.3
WP_011823682.1	MER0053015|S13.004|S13	28.4	34.1	38.5	148	4.60e-05	42.0
WP_011823682.1	MER0026276|S13.A01|S13	29.1	24.3	23.4	110	6.40e-04	38.5
WP_011823682.1	MER0066354|S13.005|S13	25.6	43.8	58.5	199	7.09e-04	38.1
WP_011823682.1	MER0000471|S13.002|S13	29.4	23.4	22.0	102	8.42e-04	38.1
WP_011823713.1	MER0002408|M41.017|M41	39.5	39.7	90.7	228	1.07e-45	158
WP_011823713.1	MER0017637|M41.024|M41	36.8	39.8	93.5	231	3.35e-39	140
WP_011823713.1	MER0002563|M41.020|M41	35.9	39.8	93.5	231	4.62e-39	140
WP_011823713.1	MER0015137|M41.025|M41	33.5	39.7	87.1	230	5.22e-36	132
WP_011823713.1	MER0011745|M41.005|M41	33.8	39.7	86.1	231	2.57e-34	127
WP_011823713.1	MER0001620|M41.001|M41	32.5	40.3	80.9	234	1.18e-33	126
WP_011823713.1	MER0005466|M41.021|M41	32.5	39.8	93.8	231	1.24e-31	119
WP_011823713.1	MER0015193|M41.019|M41	33.9	41.2	97.9	239	7.81e-31	117
WP_011823713.1	MER0002602|M41.009|M41	32.5	40.2	85.0	234	2.02e-25	102
WP_011823713.1	MER0015199|M41.015|M41	31.7	39.1	78.9	227	8.72e-25	101
WP_011823713.1	MER0015197|M41.013|M41	28.1	39.8	84.9	231	1.38e-20	88.6
WP_011823713.1	MER0171760|M41.A12|M41	26.3	41.4	85.2	240	6.87e-20	86.7
WP_011823713.1	MER0015195|M41.A15|M41	29.0	39.7	78.9	231	2.05e-19	85.5
WP_011823713.1	MER0002600|M41.002|M41	28.2	40.2	85.9	234	2.71e-19	84.7
WP_011823713.1	MER0002605|M41.003|M41	29.1	40.7	83.8	237	1.43e-18	82.8
WP_011823713.1	MER0023544|M41.A10|M41	28.6	40.3	80.4	234	1.68e-18	82.8
WP_011823713.1	MER0190577|M41.A16|M41	27.8	40.9	88.9	237	1.82e-18	82.0
WP_011823713.1	MER0004454|M41.006|M41	26.5	40.0	80.7	234	1.00e-17	80.5
WP_011823713.1	MER0015194|M41.A14|M41	24.9	39.1	80.8	229	5.29e-17	78.2
WP_011823713.1	MER0002608|M41.A11|M41	27.8	39.8	83.2	234	3.35e-16	75.9
WP_011823713.1	MER0005755|M41.026|M41	27.5	39.7	93.4	233	4.25e-16	74.7
WP_011823713.1	MER0011224|M41.A09|M41	26.8	40.7	81.1	239	9.06e-16	74.7
WP_011823713.1	MER0015690|M41.A03|M41	29.3	27.3	60.4	164	1.43e-15	73.9
WP_011823713.1	MER0011120|M41.A04|M41	29.3	27.3	60.4	164	4.73e-15	72.4
WP_011823713.1	MER0190705|M41.A18|M41	26.1	41.0	98.6	238	1.47e-14	70.1
WP_011823724.1	MER0016301|M103.001|M103	35.4	92.3	93.0	452	2.04e-65	215
WP_011823724.1	MER0016222|M103.950|M103	23.3	91.5	91.8	438	2.24e-12	65.5
WP_011823724.1	MER0028087|M103.002|M103	24.4	37.3	37.1	176	1.93e-09	56.2
WP_011823725.1	MER0016248|M103.003|M103	31.5	54.1	97.2	254	1.35e-30	115
WP_011823725.1	MER0016222|M103.950|M103	23.6	87.7	87.1	416	5.58e-17	79.7
WP_011823847.1	MER0015633|S54.A04|S54	26.0	74.9	58.0	146	5.89e-05	39.3
WP_011823869.1	MER0043475|C26.A05|C26	25.2	51.9	49.2	127	1.22e-09	53.9
WP_011823869.1	MER0042974|C26.A07|C26	25.2	59.3	68.6	147	1.85e-07	47.0
WP_011823869.1	MER0043537|C26.A31|C26	32.0	49.0	61.2	125	7.98e-07	45.1
WP_011823869.1	MER0043540|C26.A33|C26	27.2	42.0	37.7	103	4.85e-06	43.1
WP_011823869.1	MER0001021|C26.A10|C26	28.1	39.1	29.9	96	1.61e-04	38.9
WP_011823869.1	MER0115185|C26.954|C26	27.8	28.8	43.4	72	7.35e-04	35.8
WP_011823869.1	MER0001429|C26.A06|C26	29.2	39.1	29.8	96	9.19e-04	36.6
WP_011823887.1	MER0000431|S33.001|S33	45.9	95.9	96.8	305	3.74e-90	268
WP_011823887.1	MER0000436|S33.021|S33	30.6	38.3	45.7	134	5.99e-12	62.0
WP_011823887.1	MER0001380|S33.003|S33	25.9	32.0	37.1	108	5.47e-09	53.1
WP_011823887.1	MER0031611|S33.977|S33	23.9	82.3	80.3	268	3.33e-06	44.7
WP_011823887.1	MER0000437|S33.004|S33	22.3	32.3	36.8	112	1.09e-05	43.1
WP_011824076.1	MER0036064|S33.A16|S33	23.5	78.5	92.0	251	3.68e-15	70.9
WP_011824076.1	MER0036053|S33.A01|S33	25.1	78.5	99.2	271	2.76e-13	65.5
WP_011824076.1	MER0036078|S33.A75|S33	24.3	75.8	86.6	235	4.23e-13	64.7
WP_011824076.1	MER0183709|S33.B16|S33	31.5	41.7	46.2	143	8.54e-11	58.5
WP_011824076.1	MER0036065|S33.A03|S33	23.9	75.8	98.4	255	5.77e-08	49.7
WP_011824076.1	MER0037236|S33.016|S33	29.4	35.8	42.5	119	6.23e-07	46.6
WP_011824076.1	MER0031618|S33.979|S33	21.6	77.5	84.6	259	1.68e-05	42.4
WP_011824076.1	MER0035973|S33.A14|S33	29.3	32.5	33.8	99	2.26e-05	42.0
WP_011824076.1	MER0044350|S33.A81|S33	28.3	33.4	38.1	106	5.06e-05	40.8
WP_011824084.1	MER0001001|M01.005|M01	61.9	24.1	100	210	4.99e-88	275
WP_011824084.1	MER0005037|M01.029|M01	52.5	21.0	99.5	183	1.33e-64	211
WP_011824084.1	MER0040779|M01.035|M01	41.6	22.6	93.9	197	4.70e-45	157
WP_011824084.1	MER0002003|M01.015|M01	31.0	24.3	97.3	216	1.16e-24	100
WP_011824084.1	MER0011371|M01.A10|M01	32.4	23.6	100	216	9.84e-24	97.1
WP_011824084.1	MER0001012|M01.003|M01	27.7	24.2	98.2	220	3.06e-23	95.9
WP_011824084.1	MER0002746|M01.010|M01	27.6	24.4	91.9	228	3.33e-23	96.3
WP_011824084.1	MER0011438|M01.A08|M01	30.2	20.5	85.4	182	3.70e-23	95.5
WP_011824084.1	MER0002355|M01.A19|M01	29.5	24.9	95.5	217	6.20e-23	95.1
WP_011824084.1	MER0002078|M01.A28|M01	29.0	24.4	91.9	224	8.33e-23	95.1
WP_011824084.1	MER0002060|M01.011|M01	27.7	22.9	91.8	202	1.09e-22	94.4
WP_011824084.1	MER0002968|M01.024|M01	28.8	24.9	99.5	222	1.48e-22	94.0
WP_011824084.1	MER0019759|M01.A25|M01	28.2	24.9	94.0	220	1.99e-22	94.0
WP_011824084.1	MER0011440|M01.A09|M01	28.7	22.8	91.4	202	2.06e-22	93.6
WP_011824084.1	MER0001010|M01.007|M01	31.1	22.0	93.7	196	2.81e-22	92.8
WP_011824084.1	MER0011183|M01.A24|M01	29.2	22.3	88.7	209	7.33e-22	92.0
WP_011824084.1	MER0011370|M01.A11|M01	29.2	22.8	99.0	219	6.46e-21	89.0
WP_011824084.1	MER0091680|M01.A31|M01	31.2	22.9	91.3	202	1.98e-20	87.8
WP_011824084.1	MER0028449|M01.A30|M01	28.0	22.3	89.3	207	2.25e-20	87.8
WP_011824084.1	MER0011369|M01.A12|M01	29.4	22.5	88.0	201	5.63e-20	86.7
WP_011824084.1	MER0052595|M01.026|M01	29.1	22.3	89.6	203	9.71e-20	85.9
WP_011824084.1	MER0011720|M01.A23|M01	29.3	23.0	88.3	208	1.11e-19	85.5
WP_011824084.1	MER0001701|M01.008|M01	29.4	23.0	91.1	204	6.31e-19	83.6
WP_011824084.1	MER0004243|M01.016|M01	29.4	21.4	88.5	194	1.00e-18	82.8
WP_011824084.1	MER0002210|M01.013|M01	28.6	17.3	98.7	154	1.11e-18	80.9
WP_011824090.1	MER0004904|C19.A74|C19	29.7	24.6	21.1	118	5.49e-04	38.9
WP_011824103.1	MER0065588|C26.965|C26	33.0	93.8	96.9	197	2.41e-27	100
WP_011824103.1	MER0002601|C56.976|C56	40.0	28.7	41.0	60	7.59e-04	35.4
WP_011824161.1	MER0059846|S33.A46|S33	27.5	76.5	77.9	291	3.82e-16	75.5
WP_011824170.1	MER0036053|S33.A01|S33	28.9	85.8	99.6	280	2.68e-24	96.7
WP_011824170.1	MER0036054|S33.A02|S33	29.3	81.4	92.3	280	4.37e-23	93.6
WP_011824170.1	MER0036065|S33.A03|S33	26.0	83.3	99.6	281	4.80e-19	82.0
WP_011824170.1	MER0036074|S33.A34|S33	23.0	92.6	79.4	331	2.23e-14	70.1
WP_011824170.1	MER0036059|S33.A79|S33	21.5	82.7	86.9	312	5.33e-10	56.6
WP_011824170.1	MER0017177|S33.973|S33	23.6	95.4	97.8	330	8.59e-10	55.8
WP_011824170.1	MER0011509|S33.A84|S33	30.9	34.1	33.3	110	1.49e-09	55.1
WP_011824170.1	MER0037236|S33.016|S33	22.8	88.5	98.9	289	6.43e-09	52.8
WP_011824170.1	MER0035973|S33.A14|S33	21.4	83.3	80.8	276	4.34e-08	50.4
WP_011824170.1	MER0031610|S33.976|S33	19.0	87.6	85.0	294	1.47e-07	48.9
WP_011824170.1	MER0011785|S33.009|S33	29.7	33.4	32.0	111	1.60e-07	48.9
WP_011824170.1	MER0044633|S33.A26|S33	29.2	35.3	31.3	120	1.68e-05	42.7
WP_011824170.1	MER0036050|S33.A17|S33	30.1	25.7	24.9	83	3.72e-05	41.6
WP_011824170.1	MER0036064|S33.A16|S33	25.7	31.9	36.5	109	4.16e-05	41.2
WP_011824170.1	MER0036067|S33.A71|S33	29.2	18.3	22.3	65	1.44e-04	39.7
WP_011824218.1	MER0321345|S49.A08|S49B	47.4	63.9	94.0	173	3.93e-52	165
WP_011824218.1	MER0003812|S49.008|S49X	47.4	63.9	89.6	173	1.04e-51	164
WP_011824218.1	MER0001299|S49.001|S49A	38.0	66.5	31.1	179	4.45e-32	120
WP_011824218.1	MER0044046|S49.006|S49B	42.3	65.1	93.5	175	1.18e-31	112
WP_011824218.1	MER0011114|S49.004|S49B	35.4	70.6	51.2	192	7.80e-29	109
WP_011824218.1	MER0013957|S49.007|S49B	34.5	63.6	90.4	171	1.68e-27	102
WP_011824218.1	MER0001300|S49.002|S49B	32.5	62.5	89.2	169	5.57e-18	76.6
WP_011824218.1	MER0001303|S49.003|S49B	31.1	61.7	84.5	167	3.23e-16	72.0
WP_011824225.1	MER0004471|M50.A10|M50B	37.0	98.3	76.4	357	8.35e-64	204
WP_011824225.1	MER0004474|M50.003|M50B	36.4	98.3	77.7	357	3.06e-62	200
WP_011824225.1	MER0897124|M50.A11|M50A	26.4	95.6	97.1	435	5.01e-28	110
WP_011824225.1	MER0004468|M50.011|M50B	25.7	95.3	96.7	435	1.60e-26	106
WP_011824225.1	MER0004480|M50.004|M50B	30.1	85.0	99.7	335	1.68e-26	104
WP_011824225.1	MER0004469|M50.005|M50B	24.5	87.3	85.9	359	1.88e-09	55.5
WP_011824290.1	MER0000474|S14.001|S14	42.8	86.6	84.5	194	9.42e-50	158
WP_011824290.1	MER0006046|S14.A02|S14	38.7	86.6	84.5	194	1.73e-44	145
WP_011824290.1	MER0005687|S14.A01|S14	38.8	92.4	92.4	214	7.75e-44	143
WP_011824290.1	MER0002211|S14.003|S14	41.4	85.3	83.1	191	5.50e-43	141
WP_011824290.1	MER0006063|S14.010|S14	43.5	85.3	82.7	191	7.99e-43	140
WP_011824290.1	MER0002299|S14.A04|S14	41.1	85.7	86.1	192	1.85e-42	139
WP_011824290.1	MER0004857|S14.008|S14	42.0	83.9	81.2	188	2.46e-41	137
WP_011824290.1	MER0004847|S14.009|S14	38.7	84.8	82.7	191	2.23e-39	132
WP_011824290.1	MER0004855|S14.A03|S14	34.9	87.1	84.2	195	5.66e-37	125
WP_011824290.1	MER0006056|S14.011|S14	36.6	86.6	82.5	194	1.75e-32	114
WP_011824290.1	MER0004182|S14.006|S14	29.0	86.2	85.7	193	2.02e-28	103
WP_011824290.1	MER0006308|S14.002|S14	28.2	91.5	92.9	206	1.41e-26	98.6
WP_011824290.1	MER0011666|S14.005|S14	34.0	70.1	79.4	159	5.33e-24	91.7
WP_011824311.1	MER0001238|M17.A03|M17	47.3	90.7	92.2	457	3.15e-135	397
WP_011824311.1	MER0002271|M17.002|M17	46.7	89.9	92.0	458	2.36e-131	387
WP_011824311.1	MER0004597|M17.A01|M17	53.2	70.5	99.4	355	7.79e-125	365
WP_011824311.1	MER0004598|M17.A02|M17	55.1	64.2	90.9	323	2.03e-119	351
WP_011824311.1	MER0024892|M17.008|M17	45.4	73.1	90.3	368	3.52e-96	293
WP_011824311.1	MER0035089|M17.010|M17	47.9	62.8	88.6	313	1.73e-85	264
WP_011824311.1	MER0041673|M17.013|M17	39.2	84.6	88.9	429	4.73e-84	265
WP_011824311.1	MER0003825|M17.016|M17	40.5	77.8	84.7	390	1.06e-79	252
WP_011824311.1	MER0001236|M17.003|M17	34.5	94.9	97.7	487	9.52e-79	251
WP_011824311.1	MER0001235|M17.001|M17	37.5	84.8	86.2	437	7.87e-72	233
WP_011824311.1	MER0002497|M17.004|M17	39.4	62.8	74.2	320	2.49e-60	201
WP_011824311.1	MER0014397|M17.015|M17	36.8	64.0	89.8	321	2.82e-60	199
WP_011824311.1	MER0026959|M17.950|M17	41.1	53.3	98.1	270	3.27e-58	191
WP_011824311.1	MER0003919|M17.005|M17	36.7	64.4	86.9	330	6.30e-54	182
WP_011824311.1	MER0001910|M17.009|M17	36.2	66.3	68.7	345	1.23e-52	182
WP_011824311.1	MER0013416|M17.006|M17	30.9	73.9	94.8	375	1.26e-43	155
WP_011824311.1	MER0105906|M17.014|M17	30.4	79.6	82.9	408	2.90e-40	148
WP_011824311.1	MER0001240|M17.A05|M17	32.7	65.3	65.6	330	3.59e-39	145
WP_011824311.1	MER0011357|M17.A04|M17	30.5	65.5	61.0	334	4.36e-39	145
WP_011824311.1	MER0081108|M17.012|M17	31.3	45.5	53.3	256	7.42e-21	92.0
WP_011824311.1	MER0079520|M17.011|M17	29.2	45.9	48.8	257	1.53e-18	85.1
WP_011824383.1	MER0001244|M24.004|M24B	48.1	60.1	97.3	264	2.28e-77	238
WP_011824383.1	MER0013463|M24.026|M24B	39.3	61.3	99.2	272	4.85e-54	178
WP_011824383.1	MER0028601|M24.033|M24B	39.4	59.0	95.9	264	9.92e-51	169
WP_011824383.1	MER0001248|M24.007|M24B	38.4	49.2	95.7	245	3.83e-43	149
WP_011824383.1	MER0001733|M24.A09|M24B	35.1	59.0	96.2	282	5.58e-42	147
WP_011824383.1	MER0004931|M24.008|M24B	32.8	60.8	100	268	4.71e-35	127
WP_011824383.1	MER0004532|M24.034|M24B	32.6	60.8	100	267	2.30e-31	117
WP_011824383.1	MER0005462|M24.031|M24B	29.8	58.8	96.5	258	2.22e-29	111
WP_011824383.1	MER0001250|M24.003|M24B	29.5	57.2	95.1	278	2.03e-24	99.4
WP_011824383.1	MER0002038|M24.006|M24B	28.9	57.4	93.9	253	4.38e-24	97.1
WP_011824383.1	MER0005715|M24.A11|M24B	27.5	59.5	97.0	265	5.11e-19	82.8
WP_011824383.1	MER0001243|M24.001|M24A	22.1	57.4	91.7	262	1.01e-10	58.9
WP_011824383.1	MER0027437|M24.038|M24B	27.2	51.3	85.1	243	4.06e-10	57.0
WP_011824383.1	MER0003880|M24.035|M24A	31.8	29.4	42.0	132	1.83e-07	49.3
WP_011824383.1	MER0002039|M24.005|M24B	29.1	44.9	65.1	206	3.39e-07	48.1
WP_011824424.1	MER0003290|S01.482|S01C	61.8	40.9	100	157	2.41e-59	186
WP_011824424.1	MER0000268|S01.480|S01C	51.3	40.9	100	158	1.14e-45	151
WP_011824424.1	MER0004673|S01.494|S01C	33.9	68.5	97.4	283	1.20e-44	152
WP_011824424.1	MER0005468|S01.491|S01C	50.3	40.9	100	161	1.40e-44	148
WP_011824424.1	MER0028330|S01.329|S01C	48.1	40.9	100	156	5.47e-42	141
WP_011824424.1	MER0003850|S01.500|S01C	43.2	45.4	97.7	176	1.53e-41	141
WP_011824424.1	MER0004111|S01.442|S01C	47.5	40.9	100	158	4.44e-41	139
WP_011824424.1	MER0002577|S01.277|S01C	47.4	40.9	100	156	3.20e-40	137
WP_011824424.1	MER0013623|S01.453|S01C	46.2	40.9	100	158	8.82e-40	135
WP_011824424.1	MER0000266|S01.273|S01C	48.8	40.9	100	160	9.65e-40	135
WP_011824424.1	MER0014795|S01.284|S01C	46.3	40.9	100	162	1.48e-39	135
WP_011824424.1	MER0004093|S01.278|S01C	44.9	40.9	100	156	4.79e-39	134
WP_011824424.1	MER0001372|S01.274|S01C	46.9	40.9	100	160	5.23e-39	134
WP_011824424.1	MER0016351|S01.285|S01C	44.9	40.9	100	156	6.71e-39	133
WP_011824424.1	MER0001945|S01.472|S01C	44.7	40.9	100	159	3.46e-36	126
WP_011824424.1	MER0011375|S01.476|S01C	43.7	40.9	100	158	4.18e-36	126
WP_011824424.1	MER0006096|S01.A08|S01C	50.0	34.1	98.5	130	1.14e-35	124
WP_011824424.1	MER0004086|S01.B81|S01C	43.2	40.7	100	162	5.54e-35	123
WP_011824424.1	MER0001373|S01.275|S01C	43.8	40.9	100	162	6.90e-35	123
WP_011824424.1	MER0016031|S01.364|S01C	44.6	40.9	100	166	9.05e-34	120
WP_011824424.1	MER0004149|S01.525|S01C	43.6	40.9	100	165	1.16e-33	120
WP_011824424.1	MER0022668|S01.447|S01C	43.9	40.9	100	171	1.55e-31	114
WP_011824424.1	MER0015583|S01.416|S01C	43.3	37.3	98.0	150	1.87e-30	111
WP_011824424.1	MER0003293|S01.477|S01C	42.5	40.2	100	153	1.22e-29	108
WP_011824424.1	MER0010944|S01.474|S01C	38.6	40.9	100	176	4.37e-28	105
WP_011824457.1	MER0004801|M38.982|M38	72.3	61.0	100	347	4.60e-182	513
WP_011824486.1	MER0024252|C40.009|C40	52.3	52.8	99.2	132	8.92e-43	139
WP_011824486.1	MER0003807|C40.007|C40	40.6	36.8	76.3	96	1.73e-14	65.1
WP_011824486.1	MER0004035|C40.004|C40	33.3	33.2	70.3	84	9.56e-11	54.7
WP_011824486.1	MER0014672|C40.012|C40	32.4	37.2	79.2	108	3.94e-08	47.8
WP_011824486.1	MER0031199|C40.011|C40	34.2	29.2	90.1	73	3.72e-06	40.8
WP_011824486.1	MER0038100|C40.010|C40	26.7	36.0	66.1	90	1.54e-05	40.4
WP_011824555.1	MER0036053|S33.A01|S33	42.3	85.1	98.9	267	1.06e-63	199
WP_011824555.1	MER0036065|S33.A03|S33	34.0	83.8	99.6	262	4.21e-45	150
WP_011824555.1	MER0036054|S33.A02|S33	35.6	83.2	93.8	261	9.54e-45	150
WP_011824555.1	MER0036074|S33.A34|S33	29.9	90.1	76.4	311	5.65e-33	122
WP_011824555.1	MER0011509|S33.A84|S33	24.2	85.1	85.4	281	1.72e-09	54.7
WP_011824555.1	MER0031616|S33.013|S33	36.4	27.7	27.7	88	2.34e-08	51.2
WP_011824555.1	MER0011785|S33.009|S33	25.7	74.3	74.2	245	1.40e-07	48.9
WP_011824555.1	MER0036057|S33.A09|S33	46.9	15.8	16.4	49	3.07e-07	47.8
WP_011824555.1	MER0036068|S33.A19|S33	25.9	85.5	84.1	266	1.73e-06	45.4
WP_011824555.1	MER0036064|S33.A16|S33	37.0	35.0	40.3	108	2.04e-06	45.1
WP_011824555.1	MER0014065|S33.974|S33	31.6	30.0	28.0	95	2.54e-06	45.1
WP_011824555.1	MER0030163|S33.975|S33	37.8	28.4	30.2	90	4.07e-06	44.3
WP_011824555.1	MER0031617|S33.978|S33	35.8	17.5	18.7	53	5.31e-06	43.9
WP_011824555.1	MER0044633|S33.A26|S33	35.7	25.4	22.2	84	3.53e-05	41.6
WP_011824555.1	MER0036078|S33.A75|S33	25.9	82.8	86.6	263	6.23e-05	40.4
WP_011824555.1	MER0044581|S33.A27|S33	33.3	37.6	33.4	120	2.62e-04	38.9
WP_011824555.1	MER0213829|S33.A76|S33	29.9	35.0	34.7	117	7.76e-04	37.4
WP_011824555.1	MER0044578|S33.A28|S33	29.5	32.7	29.8	105	8.13e-04	37.4
WP_011824563.1	MER0003327|C44.971|C44	42.5	39.0	98.7	247	6.28e-55	184
WP_011824563.1	MER0185695|C44.A08|C44	40.9	36.3	100	235	8.20e-48	164
WP_011824563.1	MER0012158|C44.972|C44	30.5	43.8	100	348	1.61e-33	128
WP_011824563.1	MER0003350|C44.975|C44	37.4	31.1	100	211	3.10e-33	123
WP_011824563.1	MER0003322|C44.970|C44	36.0	30.6	100	211	3.02e-30	115
WP_011824563.1	MER0011781|C44.A02|C44	28.4	34.5	86.5	225	1.93e-15	73.2
WP_011824563.1	MER0011806|C44.A03|C44	26.6	34.5	86.9	222	2.91e-14	69.7
WP_011824563.1	MER0004101|C44.A01|C44	27.0	34.5	86.9	222	1.77e-13	67.4
WP_011824563.1	MER0003314|C44.001|C44	34.2	21.8	54.1	149	1.24e-11	62.4
WP_011824568.1	MER0002007|M20.008|M20D	40.8	94.9	96.2	382	3.32e-85	261
WP_011824568.1	MER0002655|M20.015|M20D	37.1	94.4	97.6	375	1.47e-79	246
WP_011824568.1	MER0002659|M20.014|M20D	34.7	94.2	95.4	377	1.76e-71	226
WP_011824568.1	MER0002013|M20.A02|M20D	38.3	90.1	91.4	363	3.80e-71	225
WP_011824568.1	MER0002014|M20.A03|M20D	34.4	96.4	96.9	387	4.93e-71	225
WP_011824568.1	MER0005155|M20.A06|M20D	35.7	90.9	95.8	367	5.78e-62	201
WP_011824568.1	MER0003770|M20.A27|M20D	34.4	92.9	97.3	372	3.09e-59	194
WP_011824568.1	MER0005173|M20.A05|M20D	31.5	91.6	97.1	368	1.04e-55	184
WP_011824568.1	MER0005163|M20.009|M20D	44.7	39.8	59.8	159	1.89e-36	130
WP_011824568.1	MER0015354|M20.A01|M20D	40.7	44.7	61.0	177	4.88e-36	130
WP_011824568.1	MER0003815|M20.A04|M20D	40.7	43.4	57.3	172	1.65e-35	129
WP_011824568.1	MER0003581|M20.020|M20D	26.0	82.0	98.8	335	9.09e-27	106
WP_011824568.1	MER0002664|M20.A26|M20D	38.9	39.6	53.6	157	1.34e-23	96.3
WP_011824581.1	MER0036065|S33.A03|S33	35.4	88.3	99.6	268	3.74e-52	169
WP_011824581.1	MER0036053|S33.A01|S33	35.2	88.6	97.7	273	7.48e-47	155
WP_011824581.1	MER0036054|S33.A02|S33	31.6	87.6	93.8	275	1.27e-39	137
WP_011824581.1	MER0036074|S33.A34|S33	22.4	94.3	76.4	308	1.14e-15	73.6
WP_011824581.1	MER0011509|S33.A84|S33	26.4	40.5	35.9	121	2.85e-10	57.0
WP_011824581.1	MER0030163|S33.975|S33	31.1	40.5	39.2	122	1.49e-09	54.7
WP_011824581.1	MER0031616|S33.013|S33	29.4	36.1	32.2	109	1.70e-08	51.6
WP_011824581.1	MER0037853|S33.984|S33	30.6	47.8	42.0	147	1.79e-07	48.5
WP_011824581.1	MER0011785|S33.009|S33	25.6	39.1	33.8	117	7.74e-07	46.6
WP_011824581.1	MER0213829|S33.A76|S33	24.6	38.1	34.1	130	1.82e-04	39.3
WP_011824581.1	MER0031611|S33.977|S33	19.1	89.3	84.7	278	9.54e-04	37.0
WP_011824597.1	MER0001102|M10.055|M10B	33.7	17.8	43.3	83	5.19e-05	40.4
WP_011824597.1	MER0001613|M10.057|M10B	31.6	16.5	39.1	76	2.52e-04	38.5
WP_011824597.1	MER0001101|M10.052|M10B	38.5	14.5	38.4	65	3.92e-04	37.7
WP_011824597.1	MER0001099|M10.054|M10B	35.7	14.5	40.2	70	5.58e-04	37.4
WP_011824624.1	MER0000474|S14.001|S14	64.1	88.1	92.8	192	3.59e-88	256
WP_011824624.1	MER0005687|S14.A01|S14	61.1	88.5	88.6	193	2.34e-75	223
WP_011824624.1	MER0002211|S14.003|S14	55.3	86.2	90.8	188	9.00e-72	214
WP_011824624.1	MER0006046|S14.A02|S14	51.6	86.2	90.8	188	3.40e-69	207
WP_011824624.1	MER0002299|S14.A04|S14	53.1	89.9	97.0	196	3.23e-68	205
WP_011824624.1	MER0006063|S14.010|S14	48.5	93.6	98.1	204	5.73e-68	204
WP_011824624.1	MER0004855|S14.A03|S14	50.2	93.1	93.3	203	1.69e-67	203
WP_011824624.1	MER0004857|S14.008|S14	56.7	82.6	85.0	180	7.34e-66	199
WP_011824624.1	MER0004847|S14.009|S14	49.5	86.7	91.3	190	7.05e-64	194
WP_011824624.1	MER0006308|S14.002|S14	45.8	86.2	96.9	190	4.66e-54	169
WP_011824624.1	MER0006056|S14.011|S14	46.6	80.7	82.9	176	2.37e-52	165
WP_011824624.1	MER0004182|S14.006|S14	43.9	85.8	90.1	187	3.00e-51	162
WP_011824624.1	MER0011666|S14.005|S14	39.5	80.3	93.7	177	4.30e-36	122
WP_011824624.1	MER0001369|S14.007|S14	36.1	33.0	55.0	72	1.41e-11	57.0
WP_011824624.1	MER0042954|S49.005|S49C	28.8	65.1	87.7	146	9.97e-08	47.0
WP_011824642.1	MER0167725|M100.001|M100	32.0	90.2	41.6	200	2.83e-12	61.6
WP_011824655.1	MER0437468|C26.A36|C26	40.6	60.2	99.7	350	2.48e-80	253
WP_011824655.1	MER0065554|C26.964|C26	46.0	45.2	96.7	261	4.42e-80	249
WP_011824655.1	MER0436717|C26.A29|C26	32.8	60.4	99.7	400	6.30e-59	198
WP_011824655.1	MER0031278|C26.961|C26	27.3	34.8	76.0	216	4.77e-07	48.1
WP_041700539.1	MER0004466|M50.006|M50B	30.0	56.2	73.9	237	8.93e-24	97.1
WP_041700539.1	MER0002454|M50.002|M50B	33.3	26.8	37.2	111	2.11e-05	42.7
WP_041700539.1	MER0017395|M50.010|M50B	27.5	29.9	46.5	131	2.45e-05	42.4
WP_041700539.1	MER0004698|M50.A05|M50B	29.5	27.7	66.7	146	6.51e-04	37.7
WP_041700550.1	MER0001313|A08.001|A08	33.1	75.6	76.8	127	1.19e-12	59.3
WP_041700552.1	MER0001333|M15.010|M15B	34.8	57.2	42.9	138	1.03e-17	77.0
WP_041700552.1	MER0005742|M15.002|M15B	28.6	53.4	100	126	4.84e-12	57.8
WP_041700552.1	MER0013458|M15.003|M15B	27.3	61.9	78.9	154	9.48e-11	56.2
WP_041700552.1	MER0014983|M15.024|M15B	30.8	50.0	83.3	120	5.95e-09	50.1
WP_041700620.1	MER0005466|M41.021|M41	49.4	37.0	96.3	231	2.77e-68	219
WP_041700620.1	MER0002602|M41.009|M41	44.8	38.1	89.1	239	6.37e-61	201
WP_041700620.1	MER0002563|M41.020|M41	43.2	36.7	95.1	234	9.78e-58	191
WP_041700620.1	MER0017637|M41.024|M41	44.0	36.7	95.1	234	9.78e-58	191
WP_041700620.1	MER0023544|M41.A10|M41	43.7	38.1	84.0	238	4.88e-54	182
WP_041700620.1	MER0171760|M41.A12|M41	38.5	42.9	98.9	270	6.93e-53	179
WP_041700620.1	MER0011120|M41.A04|M41	42.1	38.6	93.2	247	2.67e-52	177
WP_041700620.1	MER0005496|M41.007|M41	40.6	38.3	86.2	239	4.16e-52	177
WP_041700620.1	MER0002600|M41.002|M41	41.4	38.3	90.6	239	7.68e-52	176
WP_041700620.1	MER0001620|M41.001|M41	41.6	36.5	82.0	233	8.50e-50	171
WP_041700620.1	MER0002408|M41.017|M41	40.6	37.2	93.9	234	1.53e-49	169
WP_041700620.1	MER0056525|M41.A17|M41	40.3	37.0	89.2	231	1.77e-49	169
WP_041700620.1	MER0011224|M41.A09|M41	39.8	38.3	84.4	241	1.82e-49	170
WP_041700620.1	MER0002605|M41.003|M41	39.7	38.3	87.2	239	3.67e-49	169
WP_041700620.1	MER0011745|M41.005|M41	43.2	38.1	92.3	243	2.20e-48	167
WP_041700620.1	MER0015690|M41.A03|M41	39.3	38.6	93.2	247	3.62e-48	166
WP_041700620.1	MER0015194|M41.A14|M41	42.7	36.9	84.2	232	3.55e-47	164
WP_041700620.1	MER0011748|M41.022|M41	39.8	37.0	81.8	231	1.68e-46	162
WP_041700620.1	MER0015137|M41.025|M41	42.0	38.1	93.4	243	2.70e-46	161
WP_041700620.1	MER0015199|M41.015|M41	39.2	36.4	81.0	227	1.86e-45	159
WP_041700620.1	MER0015195|M41.A15|M41	40.7	37.0	81.5	231	2.31e-45	159
WP_041700620.1	MER0015197|M41.013|M41	40.3	36.9	86.9	231	3.96e-45	158
WP_041700620.1	MER0015609|M41.023|M41	38.1	37.0	81.6	231	7.80e-45	157
WP_041700620.1	MER0024898|M41.A13|M41	37.9	38.3	85.1	240	4.09e-43	153
WP_041700620.1	MER0004454|M41.006|M41	40.4	36.4	81.0	228	7.58e-43	152
WP_041700632.1	MER1054487|C44.951|C44	48.3	24.3	100	379	4.22e-112	356
WP_041700632.1	MER0198917|C44.003|C44	40.1	24.3	100	379	5.83e-84	277
WP_071813346.1	MER0003448|M16.016|M16B	27.4	55.1	99.1	226	7.67e-23	93.2
WP_071813346.1	MER0195774|M16.019|M16B	28.7	42.2	98.3	174	2.88e-21	87.4
WP_071813346.1	MER0001229|M16.003|M16B	26.5	46.1	87.5	189	1.16e-19	84.0
WP_071813346.1	MER0390687|M16.A15|M16B	30.5	37.6	92.8	154	1.37e-19	82.4
WP_071813346.1	MER0043985|M16.980|M16B	26.5	46.1	80.4	189	1.67e-19	84.0
WP_071813346.1	MER0003543|M16.973|M16B	23.2	46.1	83.2	190	3.75e-15	71.2
WP_071813346.1	MER0122186|M16.A14|M16A	30.1	43.7	90.0	183	1.11e-14	69.3
WP_071813346.1	MER0015090|M16.975|M16B	21.7	51.5	92.9	212	2.33e-14	68.9
WP_071813346.1	MER0011192|M16.A06|M16A	34.0	35.9	93.3	156	3.50e-14	67.0
WP_071813346.1	MER0026957|M16.977|M16B	23.8	40.0	75.2	164	1.28e-13	66.6
WP_071813346.1	MER0092828|M16.015|M16B	24.2	38.3	98.7	157	2.63e-13	64.3
WP_071813346.1	MER0011292|M16.A07|M16A	29.5	35.9	65.9	156	4.34e-12	62.4
WP_071813346.1	MER0002008|M16.004|M16B	27.2	39.5	68.6	169	1.12e-11	61.2
WP_071813346.1	MER0002283|M16.A10|M16A	27.9	43.7	88.2	190	2.01e-11	60.1
WP_071813346.1	MER0003823|M16.A09|M16A	28.6	42.2	85.4	182	3.68e-11	59.3
WP_071813346.1	MER0001233|M16.A05|M16B	27.6	39.0	69.3	170	3.94e-11	59.7
WP_071813346.1	MER0001220|M16.005|M16A	32.4	34.4	68.6	145	4.63e-11	58.9
WP_071813346.1	MER0011744|M16.A02|M16A	28.2	35.9	73.1	156	9.08e-11	58.2
WP_071813346.1	MER0011096|M16.A01|M16A	34.0	24.1	47.2	100	1.23e-10	57.8
WP_071813346.1	MER0015259|M16.017|M16A	34.0	24.1	47.2	100	2.24e-10	57.0
WP_071813346.1	MER0001214|M16.002|M16A	30.8	32.0	68.8	133	7.64e-10	55.1
WP_071813346.1	MER0002423|M16.A11|M16A	28.0	42.2	85.4	182	1.01e-09	55.1
WP_071813346.1	MER0001218|M16.008|M16A	28.8	35.9	73.1	156	1.36e-09	54.7
WP_071813346.1	MER0014333|M16.A03|M16B	23.1	39.8	70.0	173	4.65e-09	53.5
WP_071813346.1	MER0188967|M16.A18|M16C	24.7	42.0	40.5	186	4.76e-09	54.7
WP_155105402.1	MER0001297|S41.008|S41A	54.0	37.4	96.4	163	3.02e-50	165
WP_155105402.1	MER0003514|S41.010|S41A	46.9	37.2	95.9	162	3.40e-43	146
WP_155105402.1	MER0003413|S41.002|S41A	47.3	38.1	97.6	167	4.04e-40	138
WP_155105402.1	MER0003065|S41.009|S41A	46.9	37.2	95.9	162	5.49e-40	138
WP_155105402.1	MER0005714|S41.A01|S41A	48.5	36.0	93.3	167	9.99e-40	137
WP_155105402.1	MER0001425|S41.004|S41A	41.9	37.8	97.7	172	5.40e-35	125
WP_155105402.1	MER0004196|S41.013|S41A	42.5	37.6	97.1	167	2.54e-33	120
WP_155105402.1	MER0015684|S41.A02|S41A	40.9	36.0	93.0	159	1.83e-31	115
WP_155105402.1	MER0004195|S41.007|S41A	36.3	38.3	98.8	168	9.03e-30	110
WP_155105402.1	MER0001295|S41.001|S41A	31.6	36.7	95.1	174	1.89e-20	85.5
WP_155105402.1	MER0195376|S41.012|S41A	29.7	27.3	79.2	145	1.52e-05	42.4
WP_225866967.1	MER0000454|S11.005|S11	26.8	38.1	35.3	127	9.44e-06	43.5
WP_225866967.1	MER0223899|S11.A01|S11	47.2	11.3	35.6	36	8.57e-05	38.1
WP_225867010.1	MER0055964|S26.A02|S26A	37.2	92.2	99.3	188	2.88e-32	111
WP_225867010.1	MER0003269|S26.008|S26A	34.0	92.2	96.8	188	3.95e-24	90.5
WP_225867010.1	MER0002551|S26.024|S26A	32.4	92.2	97.5	210	6.25e-24	91.3
WP_225867010.1	MER0015620|S26.A01|S26A	34.4	94.1	99.3	192	1.43e-23	89.0
WP_225867010.1	MER0004537|S26.025|S26A	33.3	93.6	98.9	198	1.93e-21	84.3
WP_225867010.1	MER0013626|S26.026|S26A	30.6	83.3	83.7	170	2.88e-18	75.1
WP_225867010.1	MER0028421|S26.018|S26A	28.0	93.6	100	200	4.91e-16	69.3
WP_225867010.1	MER0003273|S26.016|S26A	27.3	91.7	96.3	198	1.06e-14	65.9
WP_225867010.1	MER0016034|S26.020|S26A	29.1	86.8	95.5	189	1.28e-13	62.8
WP_225867010.1	MER0002550|S26.004|S26A	27.1	91.7	96.2	192	1.33e-13	62.8
WP_225867010.1	MER0000592|S26.003|S26A	33.3	50.5	67.1	108	1.30e-11	57.4
WP_225867010.1	MER0015994|S26.019|S26A	25.6	87.7	94.4	195	1.96e-11	57.0
WP_225867010.1	MER0000589|S26.001|S26A	27.6	88.2	89.5	228	3.07e-11	57.8
WP_225867010.1	MER0001912|S26.005|S26A	24.9	89.7	91.6	185	1.26e-10	54.7
WP_225867010.1	MER0015993|S26.021|S26A	32.0	47.1	64.3	103	4.53e-10	53.1
WP_225867010.1	MER0001510|S26.007|S26A	24.7	93.6	98.7	194	6.12e-09	50.1
WP_225867010.1	MER0003268|S26.015|S26A	49.0	24.0	25.6	49	5.62e-08	47.8
WP_225867010.1	MER0006313|S26.006|S26A	24.2	81.9	88.1	178	9.98e-08	46.6
WP_225867010.1	MER0015611|S26.A06|S26A	29.2	75.5	97.9	154	6.51e-07	43.1
WP_225867010.1	MER0000598|S26.012|S26A	37.7	29.9	37.3	61	1.08e-04	37.7
WP_225867010.1	MER0006070|S26.A05|S26A	50.0	17.2	59.0	36	2.66e-04	35.0
WP_225867010.1	MER0000597|S26.002|S26A	31.4	42.2	42.7	86	2.74e-04	37.0
