WP_011124159.1	MER0011806|C44.A03|C44	34.3	48.9	93.7	239	6.87e-31	116
WP_011124159.1	MER0004101|C44.A01|C44	33.9	50.3	100	254	9.48e-31	116
WP_011124159.1	MER0011781|C44.A02|C44	33.3	49.1	94.1	240	1.58e-28	110
WP_011124159.1	MER0003314|C44.001|C44	34.9	48.2	93.2	258	1.60e-28	110
WP_011124159.1	MER0003327|C44.971|C44	32.0	44.1	83.8	219	4.71e-14	68.6
WP_011124193.1	MER0045886|C26.957|C26	47.3	42.6	94.9	226	8.08e-65	207
WP_011124193.1	MER0044889|C26.A21|C26	38.9	43.4	94.2	229	3.14e-49	167
WP_011124193.1	MER0042974|C26.A07|C26	38.2	35.0	97.9	191	6.47e-41	143
WP_011124193.1	MER0436735|C26.A34|C26	28.8	42.4	98.9	260	2.72e-36	132
WP_011124193.1	MER0038086|C26.962|C26	36.8	39.6	88.1	223	6.97e-34	125
WP_011124193.1	MER0043387|C26.950|C26	37.6	33.7	100	178	3.22e-33	121
WP_011124193.1	MER0043537|C26.A31|C26	36.6	35.2	97.9	186	6.20e-33	121
WP_011124193.1	MER0044882|C26.A09|C26	27.5	30.7	92.9	171	2.11e-14	68.6
WP_011124193.1	MER0043394|C26.955|C26	30.7	28.6	92.7	153	2.68e-12	62.0
WP_011124193.1	MER0043392|C26.960|C26	30.3	28.8	88.8	155	1.01e-11	60.5
WP_011124193.1	MER0044622|C26.A25|C26	25.8	34.7	73.2	190	9.27e-11	59.3
WP_011124193.1	MER0045094|C26.959|C26	26.0	37.1	82.6	200	1.40e-10	58.5
WP_011124193.1	MER0044619|C26.A26|C26	21.4	26.1	57.8	140	7.01e-07	47.4
WP_011124193.1	MER0043475|C26.A05|C26	27.0	27.3	60.4	159	1.41e-05	43.5
WP_011124213.1	MER0034539|C44.976|C44	32.8	26.6	78.5	174	1.48e-18	81.6
WP_011124213.1	MER0033254|C44.974|C44	26.0	24.2	69.4	177	4.61e-11	60.5
WP_011124237.1	MER0015682|S09.074|S09C	47.6	34.4	73.5	229	3.95e-65	214
WP_011124237.1	MER0140224|S09.B03|S09X	42.9	33.4	94.1	224	2.44e-50	172
WP_011124237.1	MER0003558|S09.A83|S09C	37.7	38.5	98.5	257	5.50e-45	158
WP_011124237.1	MER0126485|S09.072|S09X	37.4	32.7	90.7	214	2.69e-44	155
WP_011124237.1	MER0018170|S09.057|S09C	31.7	35.7	97.6	246	1.71e-36	134
WP_011124237.1	MER0001920|S09.A77|S09C	25.2	32.1	87.8	218	5.93e-20	86.7
WP_011124237.1	MER0000408|S09.004|S09C	29.3	34.7	90.1	239	1.53e-17	79.7
WP_011124237.1	MER0017401|S09.071|S09C	24.9	32.7	89.1	217	6.92e-15	71.6
WP_011124237.1	MER0005807|S09.070|S09C	25.2	36.3	84.4	238	3.86e-14	70.1
WP_011124237.1	MER0006027|S09.A66|S09C	25.5	30.5	79.8	212	4.38e-08	51.6
WP_011124261.1	MER0003290|S01.482|S01C	60.5	39.9	100	157	1.96e-57	182
WP_011124261.1	MER0004673|S01.494|S01C	39.9	59.6	94.1	258	1.64e-48	162
WP_011124261.1	MER0000268|S01.480|S01C	52.5	39.9	100	158	1.32e-46	154
WP_011124261.1	MER0004111|S01.442|S01C	51.3	39.9	100	158	1.92e-46	153
WP_011124261.1	MER0005468|S01.491|S01C	48.1	39.9	100	158	5.24e-43	144
WP_011124261.1	MER0013623|S01.453|S01C	44.9	39.9	100	158	2.13e-39	135
WP_011124261.1	MER0002577|S01.277|S01C	44.2	39.9	100	156	5.86e-39	134
WP_011124261.1	MER0001372|S01.274|S01C	46.3	39.9	100	160	1.76e-38	132
WP_011124261.1	MER0028330|S01.329|S01C	43.6	39.9	100	156	2.26e-38	132
WP_011124261.1	MER0000266|S01.273|S01C	46.9	39.9	100	160	4.84e-38	131
WP_011124261.1	MER0004086|S01.B81|S01C	45.7	39.6	100	162	8.09e-38	131
WP_011124261.1	MER0003850|S01.500|S01C	41.7	44.0	97.2	175	6.52e-37	129
WP_011124261.1	MER0001373|S01.275|S01C	45.1	39.9	100	162	2.08e-36	127
WP_011124261.1	MER0001945|S01.472|S01C	45.1	39.9	100	162	2.14e-36	127
WP_011124261.1	MER0004093|S01.278|S01C	42.3	39.9	100	156	3.51e-36	126
WP_011124261.1	MER0011375|S01.476|S01C	44.9	39.9	100	158	3.61e-36	126
WP_011124261.1	MER0016351|S01.285|S01C	41.7	39.9	100	156	6.86e-36	125
WP_011124261.1	MER0014795|S01.284|S01C	42.0	39.9	100	162	4.37e-35	124
WP_011124261.1	MER0022668|S01.447|S01C	42.7	39.9	100	171	3.27e-34	122
WP_011124261.1	MER0004149|S01.525|S01C	44.2	39.9	100	165	7.11e-34	120
WP_011124261.1	MER0006096|S01.A08|S01C	48.5	33.2	98.5	130	2.92e-33	118
WP_011124261.1	MER0003293|S01.477|S01C	43.1	39.1	100	153	1.01e-30	112
WP_011124261.1	MER0016031|S01.364|S01C	42.2	39.9	100	166	1.62e-30	112
WP_011124261.1	MER0010944|S01.474|S01C	41.0	39.9	100	173	1.35e-27	104
WP_011124261.1	MER0015583|S01.416|S01C	40.0	36.3	98.0	150	5.97e-27	102
WP_011124310.1	MER0014135|S16.A04|S16	46.5	52.3	89.7	243	3.25e-69	218
WP_011124310.1	MER0003359|S16.008|S16	27.1	20.8	40.2	96	1.94e-04	39.7
WP_011124347.1	MER0066192|M38.983|M38	32.9	78.7	88.4	313	9.44e-38	136
WP_011124347.1	MER0033184|M38.979|M38	32.1	80.8	87.0	324	3.97e-36	132
WP_011124364.1	MER0043394|C26.955|C26	56.8	81.0	98.2	162	2.36e-67	201
WP_011124364.1	MER0044622|C26.A25|C26	49.0	96.5	73.5	194	1.66e-63	194
WP_011124364.1	MER0045094|C26.959|C26	43.1	97.0	78.0	195	1.04e-55	174
WP_011124364.1	MER0044882|C26.A09|C26	40.7	83.5	94.5	172	6.37e-49	154
WP_011124364.1	MER0043392|C26.960|C26	41.3	77.5	89.3	155	1.99e-36	122
WP_011124364.1	MER0045095|C26.958|C26	34.4	97.0	79.0	212	9.10e-26	97.4
WP_011124364.1	MER0044619|C26.A26|C26	33.3	98.0	80.2	198	1.11e-23	91.3
WP_011124364.1	MER0043195|C26.A30|C26	34.5	94.5	79.6	206	1.52e-21	85.9
WP_011124364.1	MER0043537|C26.A31|C26	27.6	95.5	96.3	192	5.06e-20	80.5
WP_011124364.1	MER0044812|C26.A04|C26	30.3	65.5	51.2	132	6.98e-15	67.8
WP_011124364.1	MER0115185|C26.954|C26	31.1	65.5	88.1	135	6.80e-14	63.2
WP_011124364.1	MER0045945|C26.963|C26	30.4	77.0	69.1	171	3.58e-13	62.8
WP_011124364.1	MER0043387|C26.950|C26	29.7	74.0	81.8	148	1.65e-10	54.7
WP_011124364.1	MER0044889|C26.A21|C26	31.0	56.5	45.5	113	3.37e-10	54.7
WP_011124364.1	MER0042974|C26.A07|C26	25.9	76.0	79.9	158	9.40e-09	50.1
WP_011124364.1	MER0060647|C26.952|C26	27.5	63.5	35.3	131	2.62e-08	49.7
WP_011124364.1	MER0038086|C26.962|C26	29.7	56.5	46.0	118	1.39e-06	44.3
WP_011124364.1	MER0046161|C26.956|C26	27.2	65.5	46.4	136	8.98e-06	42.0
WP_011124364.1	MER0043475|C26.A05|C26	29.5	49.5	40.4	105	2.06e-05	40.8
WP_011124454.1	MER0209507|S09.025|S09X	39.2	31.3	65.1	74	8.92e-04	34.7
WP_011124609.1	MER0016172|S66.002|S66	30.6	88.3	92.4	288	4.93e-24	96.3
WP_011124609.1	MER0016191|S66.001|S66	32.1	78.7	86.7	262	5.52e-23	93.2
WP_011124629.1	MER0001243|M24.001|M24A	43.2	89.6	94.3	250	1.18e-67	208
WP_011124629.1	MER0005690|M24.A06|M24A	41.1	89.2	98.8	248	1.73e-60	189
WP_011124629.1	MER0015127|M24.A05|M24A	41.1	84.9	94.0	236	1.73e-60	189
WP_011124629.1	MER0015128|M24.A07|M24A	39.4	84.9	93.6	236	6.62e-55	175
WP_011124629.1	MER0013589|M24.A12|M24A	38.4	88.1	100	245	1.86e-52	168
WP_011124629.1	MER0013929|M24.028|M24A	36.7	88.8	96.8	248	1.39e-51	166
WP_011124629.1	MER0001342|M24.017|M24A	34.5	89.6	94.6	249	1.23e-48	159
WP_011124629.1	MER0013450|M24.036|M24A	34.9	88.8	97.6	249	1.44e-44	148
WP_011124629.1	MER0003880|M24.035|M24A	32.5	72.7	65.4	206	6.87e-22	89.7
WP_011124629.1	MER0024896|M24.A13|M24A	30.6	64.4	37.6	186	1.36e-18	82.0
WP_011124629.1	MER0004532|M24.034|M24B	27.3	78.8	91.2	220	1.92e-13	65.1
WP_011124629.1	MER0004931|M24.008|M24B	25.2	80.9	93.4	230	3.64e-13	64.3
WP_011124629.1	MER0005462|M24.031|M24B	22.8	88.1	95.2	246	1.50e-11	59.7
WP_011124629.1	MER0001244|M24.004|M24B	23.5	52.9	54.2	149	1.33e-05	42.4
WP_011124629.1	MER0064643|M24.978|M24X	22.3	59.7	51.9	179	9.27e-05	40.0
WP_011124629.1	MER0005497|M24.973|M24X	37.7	23.7	19.4	69	5.18e-04	37.7
WP_011124646.1	MER0001186|M32.001|M32	35.2	97.7	97.7	520	2.40e-85	270
WP_011124646.1	MER0002064|M32.006|M32	32.3	94.3	99.4	492	2.12e-74	240
WP_011124646.1	MER0069021|M32.003|M32	30.7	93.2	94.8	489	2.30e-64	214
WP_011124646.1	MER0069024|M32.004|M32	30.1	97.7	99.4	512	6.48e-63	210
WP_011124646.1	MER0017390|M32.002|M32	28.5	98.1	99.0	513	1.28e-60	204
WP_011124646.1	MER0015184|M32.005|M32	31.4	97.7	98.4	512	4.20e-58	197
WP_011124667.1	MER0055964|S26.A02|S26A	37.4	85.6	100	190	6.66e-29	103
WP_011124667.1	MER0002551|S26.024|S26A	33.7	85.6	98.0	208	9.41e-25	94.0
WP_011124667.1	MER0015620|S26.A01|S26A	33.7	86.9	99.3	196	2.95e-24	91.3
WP_011124667.1	MER0003269|S26.008|S26A	32.8	86.5	98.7	192	2.63e-22	86.3
WP_011124667.1	MER0004537|S26.025|S26A	33.7	84.2	96.3	193	8.18e-21	83.2
WP_011124667.1	MER0013626|S26.026|S26A	30.6	82.9	93.5	186	1.63e-17	73.6
WP_011124667.1	MER0003273|S26.016|S26A	27.0	83.8	95.1	196	2.06e-13	62.8
WP_011124667.1	MER0000589|S26.001|S26A	27.8	86.9	99.6	255	7.04e-13	62.8
WP_011124667.1	MER0028421|S26.018|S26A	23.5	77.9	86.7	179	9.10e-11	55.5
WP_011124667.1	MER0002550|S26.004|S26A	24.9	85.6	97.4	197	4.38e-10	53.5
WP_011124667.1	MER0001912|S26.005|S26A	22.9	80.2	89.7	179	1.12e-09	52.4
WP_011124667.1	MER0001510|S26.007|S26A	23.9	85.6	97.4	197	2.16e-09	51.6
WP_011124667.1	MER0000592|S26.003|S26A	30.1	45.0	64.5	103	5.52e-09	50.4
WP_011124667.1	MER0016034|S26.020|S26A	24.5	81.5	97.4	192	1.40e-08	49.3
WP_011124667.1	MER0003268|S26.015|S26A	30.3	45.0	71.1	132	1.30e-07	47.0
WP_011124667.1	MER0015994|S26.019|S26A	25.4	75.7	86.9	185	1.38e-07	46.6
WP_011124667.1	MER0006313|S26.006|S26A	23.7	74.3	86.1	173	2.03e-06	43.1
WP_011124667.1	MER0006070|S26.A05|S26A	39.1	20.3	75.4	46	1.14e-04	36.2
WP_011124670.1	MER0056047|M79.006|M79	49.3	16.6	93.8	75	2.75e-15	67.8
WP_011124670.1	MER0056022|M79.A02|M79	37.9	21.0	77.0	95	3.01e-12	60.5
WP_011124670.1	MER0056027|M79.A03|M79	37.7	17.0	65.3	77	1.95e-07	46.6
WP_011124670.1	MER0055284|M79.A10|M79	34.7	16.6	91.5	75	5.00e-06	41.6
WP_011124693.1	MER0004466|M50.006|M50B	31.0	56.8	76.1	239	8.90e-23	94.4
WP_011124724.1	MER0061068|M38.A02|M38	56.6	82.7	99.7	297	8.69e-120	345
WP_011124897.1	MER0044812|C26.A04|C26	45.5	58.3	90.6	224	8.15e-73	224
WP_011124897.1	MER0060647|C26.952|C26	37.1	95.3	100	375	7.48e-72	225
WP_011124897.1	MER0078640|C26.951|C26	35.2	95.0	100	375	7.43e-64	204
WP_011124897.1	MER0045945|C26.963|C26	40.7	48.8	83.4	189	4.18e-46	154
WP_011124897.1	MER0043540|C26.A33|C26	42.6	49.1	82.0	190	2.82e-44	150
WP_011124897.1	MER0115185|C26.954|C26	48.9	36.0	95.8	139	1.04e-42	143
WP_011124897.1	MER0046161|C26.956|C26	36.4	57.2	78.8	220	2.25e-40	141
WP_011124897.1	MER0436691|C26.A27|C26	30.4	75.1	94.9	296	6.51e-34	123
WP_011124897.1	MER0043537|C26.A31|C26	28.5	39.9	81.9	165	3.64e-12	61.6
WP_011124897.1	MER0044882|C26.A09|C26	30.6	37.8	85.2	157	2.80e-11	58.9
WP_011124897.1	MER0045886|C26.957|C26	28.2	43.0	70.8	174	1.27e-08	52.0
WP_011124897.1	MER0045095|C26.958|C26	27.9	32.3	52.4	140	2.24e-07	48.5
WP_011124897.1	MER0042974|C26.A07|C26	25.6	37.5	77.8	160	5.33e-07	46.6
WP_011124897.1	MER0045094|C26.959|C26	26.8	45.1	75.5	190	6.09e-07	47.0
WP_011124897.1	MER0044619|C26.A26|C26	27.6	39.1	62.4	163	2.56e-06	45.1
WP_011124897.1	MER0038086|C26.962|C26	24.8	33.6	51.2	145	1.20e-05	43.1
WP_011124897.1	MER0043394|C26.955|C26	22.9	34.9	83.5	144	1.37e-05	42.0
WP_011124897.1	MER0043195|C26.A30|C26	22.3	36.7	62.4	157	3.80e-05	41.6
WP_011124897.1	MER0043392|C26.960|C26	26.2	36.7	83.4	149	4.87e-05	40.4
WP_011124897.1	MER0044889|C26.A21|C26	25.7	37.0	59.1	152	2.07e-04	39.3
WP_011124912.1	MER0000576|S24.003|S24	44.3	80.4	99.1	115	2.24e-30	103
WP_011124912.1	MER0000569|S24.001|S24	35.1	76.2	92.4	111	2.03e-14	62.4
WP_011124912.1	MER0006172|S24.004|S24	44.6	45.5	82.3	65	9.67e-13	57.0
WP_011124912.1	MER0022664|S24.005|S24	31.0	60.1	68.0	87	8.11e-04	34.3
WP_011124970.1	MER0003448|M16.016|M16B	30.4	45.6	85.1	194	4.95e-30	113
WP_011124970.1	MER0390687|M16.A15|M16B	31.3	39.1	100	166	8.42e-25	97.1
WP_011124970.1	MER0195774|M16.019|M16B	30.6	41.4	100	180	7.64e-24	94.7
WP_011124970.1	MER0001229|M16.003|M16B	26.3	43.8	86.1	186	1.97e-20	86.3
WP_011124970.1	MER0043985|M16.980|M16B	26.3	43.8	79.1	186	2.87e-20	86.3
WP_011124970.1	MER0015090|M16.975|M16B	24.3	41.4	78.3	177	4.73e-18	79.7
WP_011124970.1	MER0003543|M16.973|M16B	24.3	39.8	74.8	169	1.62e-17	78.2
WP_011124970.1	MER0026957|M16.977|M16B	28.1	37.6	73.4	160	8.91e-17	75.9
WP_011124970.1	MER0011192|M16.A06|M16A	34.6	31.1	81.1	136	1.07e-14	68.6
WP_011124970.1	MER0092828|M16.015|M16B	29.6	33.2	89.2	142	1.71e-14	67.8
WP_011124970.1	MER0001233|M16.A05|M16B	27.7	43.8	80.9	202	5.70e-14	68.2
WP_011124970.1	MER0011292|M16.A07|M16A	30.1	34.6	65.9	156	3.06e-13	65.9
WP_011124970.1	MER0004423|M16.A20|M16B	27.5	35.1	64.0	149	3.74e-13	65.5
WP_011124970.1	MER0002008|M16.004|M16B	27.7	40.0	71.6	177	1.46e-12	63.9
WP_011124970.1	MER0003823|M16.A09|M16A	28.2	41.4	87.7	188	3.46e-12	62.4
WP_011124970.1	MER0014333|M16.A03|M16B	23.2	44.0	80.2	198	9.61e-12	61.6
WP_011124970.1	MER0002423|M16.A11|M16A	28.1	42.4	88.2	192	3.88e-11	59.3
WP_011124970.1	MER0015259|M16.017|M16A	30.8	24.2	49.1	104	5.82e-10	55.8
WP_011124970.1	MER0002345|M16.A08|M16A	26.2	42.6	89.6	195	7.85e-10	55.5
WP_011124970.1	MER0011096|M16.A01|M16A	35.4	19.1	38.7	82	1.43e-09	54.7
WP_011124970.1	MER0001218|M16.008|M16A	32.9	19.8	40.1	85	3.52e-09	53.5
WP_011124970.1	MER0001220|M16.005|M16A	29.2	37.4	81.2	171	4.46e-09	53.1
WP_011124970.1	MER0001222|M16.001|M16A	24.3	41.2	86.1	181	6.17e-09	52.8
WP_011124970.1	MER0011744|M16.A02|M16A	27.9	24.2	49.1	104	1.16e-08	52.0
WP_011124970.1	MER0122186|M16.A14|M16A	30.0	27.1	60.0	120	1.35e-08	51.6
WP_011124985.1	MER0005742|M15.002|M15B	32.5	50.0	100	126	2.25e-15	67.0
WP_011124985.1	MER0001333|M15.010|M15B	33.7	40.5	30.9	104	1.46e-14	68.6
WP_011124985.1	MER0014983|M15.024|M15B	37.7	40.5	72.7	106	1.26e-13	63.2
WP_011124985.1	MER0013458|M15.003|M15B	33.0	40.9	54.7	106	1.15e-10	56.2
WP_011125072.1	MER0000474|S14.001|S14	60.7	97.4	92.3	191	1.86e-82	240
WP_011125072.1	MER0005687|S14.A01|S14	63.6	89.8	83.4	176	2.60e-71	212
WP_011125072.1	MER0002211|S14.003|S14	57.3	98.0	92.8	192	1.23e-68	205
WP_011125072.1	MER0006046|S14.A02|S14	49.5	98.0	92.8	192	4.04e-67	201
WP_011125072.1	MER0002299|S14.A04|S14	51.6	94.9	92.5	186	3.36e-62	189
WP_011125072.1	MER0004855|S14.A03|S14	54.3	88.3	82.8	173	8.68e-62	188
WP_011125072.1	MER0004847|S14.009|S14	46.9	97.4	92.3	192	1.11e-59	182
WP_011125072.1	MER0004857|S14.008|S14	53.8	87.2	82.1	171	2.16e-59	182
WP_011125072.1	MER0006063|S14.010|S14	47.5	93.4	87.5	183	1.67e-56	174
WP_011125072.1	MER0006308|S14.002|S14	42.8	90.8	91.8	180	1.14e-51	162
WP_011125072.1	MER0006056|S14.011|S14	45.7	89.3	82.5	175	1.15e-49	157
WP_011125072.1	MER0004182|S14.006|S14	43.0	87.8	84.7	172	4.16e-48	153
WP_011125072.1	MER0011666|S14.005|S14	45.7	87.2	91.5	173	9.49e-41	134
WP_011125072.1	MER0001369|S14.007|S14	40.3	36.7	55.0	72	5.10e-12	57.8
WP_011125073.1	MER0002408|M41.017|M41	67.4	37.5	97.2	239	9.10e-107	320
WP_011125073.1	MER0011745|M41.005|M41	56.0	37.8	93.1	241	4.31e-88	272
WP_011125073.1	MER0015137|M41.025|M41	55.2	37.8	94.1	241	6.00e-87	269
WP_011125073.1	MER0015193|M41.019|M41	56.1	37.1	100	239	1.82e-86	267
WP_011125073.1	MER0005466|M41.021|M41	44.3	36.7	97.9	237	9.71e-61	199
WP_011125073.1	MER0002563|M41.020|M41	44.6	35.7	95.1	233	8.61e-59	194
WP_011125073.1	MER0017637|M41.024|M41	45.1	35.7	95.1	233	2.33e-58	193
WP_011125073.1	MER0002602|M41.009|M41	39.8	37.3	89.1	241	6.60e-55	185
WP_011125073.1	MER0001620|M41.001|M41	37.2	36.4	82.7	234	1.88e-47	165
WP_011125073.1	MER0015199|M41.015|M41	36.8	37.1	84.9	239	7.60e-44	155
WP_011125073.1	MER0190577|M41.A16|M41	36.1	37.1	91.8	238	6.62e-41	146
WP_011125073.1	MER0023544|M41.A10|M41	36.8	36.4	82.2	234	3.92e-40	145
WP_011125073.1	MER0015197|M41.013|M41	37.7	35.9	86.9	231	8.60e-39	140
WP_011125073.1	MER0011224|M41.A09|M41	35.3	36.1	81.5	232	9.43e-39	141
WP_011125073.1	MER0056525|M41.A17|M41	36.7	38.1	96.4	251	9.59e-39	140
WP_011125073.1	MER0015194|M41.A14|M41	34.2	35.9	84.2	231	1.00e-38	140
WP_011125073.1	MER0005496|M41.007|M41	34.5	36.1	83.3	232	2.88e-38	139
WP_011125073.1	MER0002605|M41.003|M41	35.7	36.4	84.9	235	6.74e-38	138
WP_011125073.1	MER0014324|M41.018|M41	34.9	36.1	90.8	232	1.54e-36	134
WP_011125073.1	MER0002600|M41.002|M41	36.9	36.1	87.5	233	2.38e-36	134
WP_011125073.1	MER0015609|M41.023|M41	34.5	36.4	82.4	235	9.14e-36	132
WP_011125073.1	MER0171760|M41.A12|M41	34.3	38.4	89.8	248	1.93e-35	131
WP_011125073.1	MER0002608|M41.A11|M41	33.0	36.1	85.4	233	3.99e-35	130
WP_011125073.1	MER0015195|M41.A15|M41	33.0	36.1	81.5	233	4.73e-35	130
WP_011125073.1	MER0005755|M41.026|M41	33.3	35.9	96.0	234	9.28e-35	128
WP_011125103.1	MER0011571|S13.003|S13	26.4	34.2	32.7	148	1.15e-08	53.5
WP_011125103.1	MER0026276|S13.A01|S13	20.8	80.5	93.6	442	3.49e-07	48.9
WP_011125103.1	MER0000472|S13.001|S13	27.3	34.2	33.3	154	2.45e-06	46.2
WP_011125103.1	MER0000471|S13.002|S13	28.7	24.5	23.3	108	1.00e-05	44.3
WP_011125132.1	MER0002408|M41.017|M41	34.7	40.4	93.9	239	1.57e-35	130
WP_011125132.1	MER0015137|M41.025|M41	34.7	40.4	90.2	236	3.82e-35	130
WP_011125132.1	MER0011745|M41.005|M41	35.2	40.4	89.2	236	1.07e-34	129
WP_011125132.1	MER0017637|M41.024|M41	32.8	40.4	96.3	238	4.63e-33	124
WP_011125132.1	MER0002563|M41.020|M41	31.5	40.4	96.3	238	1.64e-32	122
WP_011125132.1	MER0015193|M41.019|M41	33.3	40.4	97.5	240	2.35e-31	119
WP_011125132.1	MER0015199|M41.015|M41	33.2	40.4	82.8	238	5.68e-28	110
WP_011125132.1	MER0005466|M41.021|M41	32.4	40.4	96.7	238	1.13e-27	108
WP_011125132.1	MER0001620|M41.001|M41	29.1	40.2	82.0	237	3.75e-23	96.7
WP_011125132.1	MER0002602|M41.009|M41	29.0	40.8	87.3	241	2.34e-22	94.0
WP_011125132.1	MER0015197|M41.013|M41	31.1	40.1	86.9	238	3.70e-22	93.2
WP_011125132.1	MER0004454|M41.006|M41	34.2	27.2	56.6	161	7.47e-21	89.7
WP_011125132.1	MER0171760|M41.A12|M41	29.7	35.4	73.5	209	9.53e-20	86.3
WP_011125132.1	MER0015609|M41.023|M41	29.0	40.4	82.0	238	2.00e-19	85.5
WP_011125132.1	MER0190705|M41.A18|M41	27.8	40.9	100	241	6.67e-19	82.8
WP_011125132.1	MER0011748|M41.022|M41	30.4	38.5	77.7	227	6.88e-19	84.0
WP_011125132.1	MER0005755|M41.026|M41	27.8	40.9	98.2	245	9.98e-19	82.4
WP_011125132.1	MER0014324|M41.018|M41	29.0	40.1	90.4	238	2.30e-18	81.6
WP_011125132.1	MER0015194|M41.A14|M41	26.3	40.1	84.2	236	3.62e-18	81.6
WP_011125132.1	MER0190577|M41.A16|M41	26.6	40.2	88.9	237	4.62e-18	80.9
WP_011125132.1	MER0002608|M41.A11|M41	26.5	40.2	85.4	238	1.71e-17	79.7
WP_011125132.1	MER0011224|M41.A09|M41	26.7	40.1	81.1	236	1.90e-17	79.7
WP_011125132.1	MER0002600|M41.002|M41	28.1	38.7	84.0	228	2.57e-17	79.0
WP_011125132.1	MER0015195|M41.A15|M41	26.3	40.1	81.1	236	4.67e-17	78.6
WP_011125132.1	MER0023544|M41.A10|M41	29.2	37.7	77.5	226	2.08e-16	76.6
WP_011125147.1	MER0016301|M103.001|M103	35.7	89.6	93.0	448	1.76e-68	223
WP_011125147.1	MER0016248|M103.003|M103	25.2	47.8	90.8	234	1.12e-20	88.2
WP_011125147.1	MER0016222|M103.950|M103	20.3	88.8	91.8	448	2.47e-13	68.6
WP_011125147.1	MER0028087|M103.002|M103	29.2	33.1	33.7	161	1.31e-12	66.2
WP_011125148.1	MER0016248|M103.003|M103	29.3	55.6	99.2	259	8.98e-30	113
WP_011125148.1	MER0016222|M103.950|M103	22.9	91.9	91.3	436	4.11e-17	80.1
WP_011125148.1	MER0016301|M103.001|M103	27.0	37.3	36.2	174	1.12e-09	57.0
WP_011125166.1	MER0003514|S41.010|S41A	58.4	37.1	98.2	166	3.30e-60	191
WP_011125166.1	MER0001297|S41.008|S41A	57.0	36.9	97.6	165	2.39e-56	181
WP_011125166.1	MER0003065|S41.009|S41A	50.6	36.7	97.0	164	2.94e-49	162
WP_011125166.1	MER0003413|S41.002|S41A	43.8	36.0	95.3	162	3.90e-45	152
WP_011125166.1	MER0005714|S41.A01|S41A	47.0	35.6	94.4	168	7.33e-44	149
WP_011125166.1	MER0001425|S41.004|S41A	43.5	36.0	95.4	168	1.20e-36	129
WP_011125166.1	MER0004196|S41.013|S41A	41.5	36.0	95.3	164	4.08e-35	125
WP_011125166.1	MER0015684|S41.A02|S41A	40.2	35.1	93.0	164	4.10e-32	117
WP_011125166.1	MER0004195|S41.007|S41A	38.0	36.9	97.6	171	1.48e-31	115
WP_011125166.1	MER0001295|S41.001|S41A	30.2	35.3	94.0	172	1.03e-17	77.8
WP_011125166.1	MER0195376|S41.012|S41A	26.9	26.6	79.2	145	4.15e-04	38.1
WP_011125184.1	MER0001313|A08.001|A08	28.8	89.1	88.4	146	2.93e-12	58.2
WP_011125207.1	MER0055964|S26.A02|S26A	45.3	76.5	97.3	150	1.13e-43	140
WP_011125207.1	MER0015620|S26.A01|S26A	44.7	77.6	96.1	152	3.78e-40	131
WP_011125207.1	MER0003269|S26.008|S26A	44.1	76.0	94.2	152	4.13e-40	131
WP_011125207.1	MER0003273|S26.016|S26A	32.7	76.5	95.1	168	5.67e-23	87.4
WP_011125207.1	MER0013626|S26.026|S26A	35.7	76.0	94.1	157	1.37e-21	83.6
WP_011125207.1	MER0001912|S26.005|S26A	34.2	76.0	94.2	161	2.84e-21	82.8
WP_011125207.1	MER0028421|S26.018|S26A	35.9	78.1	96.8	167	3.06e-21	82.8
WP_011125207.1	MER0004537|S26.025|S26A	32.0	71.9	91.0	175	9.41e-19	77.0
WP_011125207.1	MER0015993|S26.021|S26A	30.7	77.6	96.1	166	1.74e-18	75.5
WP_011125207.1	MER0015994|S26.019|S26A	32.5	74.0	95.0	169	3.08e-16	69.7
WP_011125207.1	MER0016034|S26.020|S26A	31.1	74.0	96.8	164	5.29e-16	68.9
WP_011125207.1	MER0000592|S26.003|S26A	30.7	77.0	95.5	163	1.47e-15	67.8
WP_011125207.1	MER0002550|S26.004|S26A	29.6	77.0	95.5	162	4.10e-15	66.6
WP_011125207.1	MER0001510|S26.007|S26A	28.4	77.0	95.5	162	1.14e-13	62.8
WP_011125207.1	MER0002551|S26.024|S26A	27.3	79.1	98.5	205	6.79e-13	61.6
WP_011125207.1	MER0003268|S26.015|S26A	26.9	74.5	93.9	186	4.64e-12	58.9
WP_011125207.1	MER0006313|S26.006|S26A	28.3	65.8	86.1	145	2.02e-11	56.6
WP_011125207.1	MER0000589|S26.001|S26A	28.6	71.9	87.9	224	2.38e-10	55.1
WP_011125207.1	MER0000597|S26.002|S26A	32.1	67.3	70.7	134	1.23e-09	52.0
WP_011125207.1	MER0000598|S26.012|S26A	25.3	77.6	95.5	154	7.26e-09	49.3
WP_011125220.1	MER0006087|M03.A01|M03A	46.5	97.9	96.6	697	5.95e-215	616
WP_011125220.1	MER0015119|M03.A02|M03A	44.2	97.9	97.5	727	8.52e-200	578
WP_011125220.1	MER0001161|M03.004|M03A	41.7	91.5	92.9	654	1.54e-163	484
WP_011125220.1	MER0001158|M03.005|M03A	29.9	81.1	81.3	578	1.68e-72	245
WP_011125220.1	MER0108144|M03.A07|M03A	26.4	92.9	97.1	677	2.22e-62	217
WP_011125220.1	MER0001942|M03.002|M03A	27.0	92.2	91.9	663	1.45e-61	215
WP_011125220.1	MER0003110|M03.009|M03A	27.5	92.2	93.7	710	3.23e-60	212
WP_011125220.1	MER0001149|M03.001|M03A	26.1	91.7	90.4	659	2.19e-57	204
WP_011125220.1	MER0001153|M03.003|M03A	29.6	61.2	63.1	450	1.30e-54	196
WP_011125220.1	MER0079465|M03.011|M03A	26.6	79.9	85.8	583	1.77e-48	177
WP_011125220.1	MER0015170|M03.A03|M03A	27.5	65.7	69.6	466	1.11e-39	152
WP_011125220.1	MER0059435|M03.A11|M03A	24.1	34.5	36.9	282	1.60e-06	48.1
WP_011125261.1	MER0036064|S33.A16|S33	27.4	83.3	95.1	252	1.52e-23	94.0
WP_011125261.1	MER0036078|S33.A75|S33	26.4	79.5	88.6	242	2.94e-16	73.6
WP_011125261.1	MER0183709|S33.B16|S33	28.3	75.4	77.7	247	1.71e-14	69.3
WP_011125261.1	MER0037236|S33.016|S33	26.2	78.8	93.1	256	4.35e-11	58.9
WP_011125261.1	MER0031611|S33.977|S33	23.6	79.9	84.7	258	2.43e-10	57.0
WP_011125261.1	MER0036053|S33.A01|S33	31.1	36.2	39.5	106	1.61e-09	54.3
WP_011125261.1	MER0035973|S33.A14|S33	22.3	77.1	79.1	238	3.54e-08	50.4
WP_011125261.1	MER0036075|S33.A73|S33	25.0	40.3	34.9	120	2.41e-07	48.1
WP_011125261.1	MER0031619|S33.012|S33	27.5	34.5	32.5	102	9.53e-07	46.2
WP_011125261.1	MER0035032|S33.A96|S33	29.3	33.4	32.5	99	2.96e-06	44.7
WP_011125261.1	MER0044350|S33.A81|S33	28.6	34.8	38.4	105	8.41e-06	43.1
WP_011125261.1	MER0031645|S33.A42|S33	22.3	51.9	43.8	193	4.83e-05	41.2
WP_011125261.1	MER0011509|S33.A84|S33	27.0	36.5	34.6	111	5.47e-05	40.8
WP_011125261.1	MER0031653|S33.A43|S33	40.0	11.9	8.9	35	4.58e-04	38.1
WP_011125292.1	MER0065588|C26.965|C26	37.1	93.9	99.0	202	3.74e-31	110
WP_011125297.1	MER0223899|S11.A01|S11	30.9	25.8	85.1	94	2.38e-04	37.0
WP_011125402.1	MER0036053|S33.A01|S33	30.0	83.3	97.3	273	5.42e-29	109
WP_011125402.1	MER0036065|S33.A03|S33	29.2	81.5	97.3	277	3.31e-24	96.3
WP_011125402.1	MER0036054|S33.A02|S33	31.4	81.5	92.3	283	2.33e-23	94.4
WP_011125402.1	MER0036074|S33.A34|S33	27.7	91.4	78.4	336	4.06e-14	69.3
WP_011125402.1	MER0014065|S33.974|S33	29.3	38.0	35.4	123	3.12e-13	66.2
WP_011125402.1	MER0004146|S33.995|S33	24.0	88.3	98.9	300	2.04e-12	63.2
WP_011125402.1	MER0011509|S33.A84|S33	34.3	40.7	41.0	137	2.31e-12	63.5
WP_011125402.1	MER0037236|S33.016|S33	24.7	87.7	97.7	287	1.68e-11	60.5
WP_011125402.1	MER0030163|S33.975|S33	35.5	32.7	34.7	107	5.19e-11	59.3
WP_011125402.1	MER0036068|S33.A19|S33	26.2	85.8	86.1	298	9.62e-11	58.5
WP_011125402.1	MER0036064|S33.A16|S33	31.9	35.8	41.4	116	6.14e-10	55.8
WP_011125402.1	MER0017142|S33.994|S33	23.3	85.8	97.6	283	9.70e-10	55.1
WP_011125402.1	MER0017177|S33.973|S33	22.0	85.2	87.9	313	1.16e-09	55.5
WP_011125402.1	MER0036081|S33.A31|S33	31.1	46.9	58.8	167	1.24e-09	55.1
WP_011125402.1	MER0036062|S33.A07|S33	34.6	38.0	44.6	127	2.98e-09	53.9
WP_011125402.1	MER0036059|S33.A79|S33	24.8	84.0	88.1	318	2.31e-08	51.6
WP_011125402.1	MER0011785|S33.009|S33	31.5	33.3	32.0	108	2.85e-08	51.2
WP_011125402.1	MER0031614|S33.011|S33	23.6	87.0	72.4	284	2.98e-08	51.2
WP_011125402.1	MER0031616|S33.013|S33	24.1	85.5	86.8	294	4.83e-08	50.4
WP_011125402.1	MER0036063|S33.A06|S33	25.1	47.5	58.1	167	5.76e-08	50.1
WP_011125402.1	MER0036051|S33.A12|S33	32.6	40.4	39.3	132	8.84e-08	49.7
WP_011125402.1	MER0044633|S33.A26|S33	26.8	33.3	29.8	112	1.73e-07	48.9
WP_011125402.1	MER0036050|S33.A17|S33	32.5	36.4	35.5	120	2.83e-07	48.1
WP_011125402.1	MER0036047|S33.A20|S33	29.6	47.5	58.1	179	5.90e-07	47.0
WP_011125402.1	MER0017033|S33.A15|S33	24.3	90.4	87.0	296	1.12e-06	46.2
WP_011125447.1	MER0321345|S49.A08|S49B	47.7	65.1	95.7	176	7.67e-55	172
WP_011125447.1	MER0003812|S49.008|S49X	47.7	65.1	91.2	176	2.87e-54	171
WP_011125447.1	MER0001299|S49.001|S49A	37.4	75.5	34.9	203	8.65e-36	131
WP_011125447.1	MER0011114|S49.004|S49B	37.5	70.6	51.2	192	1.11e-30	114
WP_011125447.1	MER0044046|S49.006|S49B	39.3	58.7	87.6	163	3.51e-30	108
WP_011125447.1	MER0013957|S49.007|S49B	37.1	63.2	89.9	170	3.10e-28	103
WP_011125447.1	MER0001300|S49.002|S49B	30.9	60.6	87.6	165	1.48e-17	75.5
WP_011125447.1	MER0001303|S49.003|S49B	29.1	67.3	92.3	182	4.00e-14	66.2
WP_011125456.1	MER0004474|M50.003|M50B	35.4	97.2	76.3	353	1.75e-64	206
WP_011125456.1	MER0004471|M50.A10|M50B	35.7	98.9	76.7	359	2.06e-64	206
WP_011125456.1	MER0897124|M50.A11|M50A	28.8	95.6	96.7	427	5.71e-38	137
WP_011125456.1	MER0004468|M50.011|M50B	27.6	95.6	96.7	427	3.63e-33	124
WP_011125456.1	MER0004480|M50.004|M50B	28.4	85.3	99.7	338	2.28e-26	104
WP_011125456.1	MER0004469|M50.005|M50B	24.5	83.6	82.7	343	1.41e-12	65.1
WP_011125456.1	MER0011490|M50.007|M50A	24.3	48.9	30.1	181	5.37e-04	38.5
WP_011125489.1	MER0005466|M41.021|M41	49.6	37.4	96.7	232	1.25e-69	223
WP_011125489.1	MER0002602|M41.009|M41	44.8	38.3	89.1	239	6.03e-61	201
WP_011125489.1	MER0002563|M41.020|M41	41.8	37.4	96.3	237	3.61e-56	187
WP_011125489.1	MER0017637|M41.024|M41	42.6	37.4	96.3	237	3.61e-56	187
WP_011125489.1	MER0171760|M41.A12|M41	39.6	42.8	98.1	268	1.26e-54	184
WP_011125489.1	MER0011120|M41.A04|M41	43.6	38.2	91.7	243	1.82e-53	181
WP_011125489.1	MER0002408|M41.017|M41	40.9	37.5	94.3	235	3.95e-52	176
WP_011125489.1	MER0023544|M41.A10|M41	44.0	37.4	81.8	232	6.56e-52	177
WP_011125489.1	MER0005496|M41.007|M41	41.1	37.2	83.3	231	2.06e-50	172
WP_011125489.1	MER0011745|M41.005|M41	43.2	37.5	89.6	236	2.15e-50	172
WP_011125489.1	MER0001620|M41.001|M41	40.2	37.4	82.3	234	1.13e-49	171
WP_011125489.1	MER0011224|M41.A09|M41	41.2	37.2	81.5	233	1.75e-49	170
WP_011125489.1	MER0015690|M41.A03|M41	41.1	37.8	90.9	241	1.83e-49	170
WP_011125489.1	MER0002600|M41.002|M41	41.1	37.2	87.5	231	3.79e-49	169
WP_011125489.1	MER0015137|M41.025|M41	42.4	37.5	90.6	236	3.79e-49	169
WP_011125489.1	MER0056525|M41.A17|M41	39.4	37.2	89.2	231	4.56e-49	168
WP_011125489.1	MER0002605|M41.003|M41	40.2	38.5	87.2	239	1.81e-48	167
WP_011125489.1	MER0015194|M41.A14|M41	42.7	37.0	84.2	232	3.48e-48	166
WP_011125489.1	MER0015199|M41.015|M41	39.1	37.5	83.2	233	1.89e-47	165
WP_011125489.1	MER0011748|M41.022|M41	39.5	37.5	82.5	233	2.24e-46	162
WP_011125489.1	MER0015197|M41.013|M41	41.7	36.6	85.7	228	3.93e-46	160
WP_011125489.1	MER0015195|M41.A15|M41	39.4	37.2	81.5	231	4.40e-46	161
WP_011125489.1	MER0015609|M41.023|M41	37.8	37.5	82.4	233	2.85e-45	159
WP_011125489.1	MER0004454|M41.006|M41	40.1	37.2	82.5	232	1.10e-44	157
WP_011125489.1	MER0024898|M41.A13|M41	38.8	38.5	85.1	240	5.70e-44	155
WP_011125538.1	MER0000474|S14.001|S14	43.3	87.8	84.5	194	3.01e-50	159
WP_011125538.1	MER0006046|S14.A02|S14	39.7	87.8	84.5	194	4.94e-46	149
WP_011125538.1	MER0006063|S14.010|S14	43.5	86.4	82.7	191	6.46e-44	143
WP_011125538.1	MER0004857|S14.008|S14	42.6	85.1	81.2	188	7.93e-42	138
WP_011125538.1	MER0002211|S14.003|S14	41.4	86.4	83.1	191	1.58e-41	137
WP_011125538.1	MER0005687|S14.A01|S14	37.4	93.7	92.4	214	1.98e-40	134
WP_011125538.1	MER0002299|S14.A04|S14	40.1	86.9	86.1	192	2.37e-39	131
WP_011125538.1	MER0004847|S14.009|S14	37.7	86.0	82.7	191	1.61e-38	129
WP_011125538.1	MER0004855|S14.A03|S14	36.4	88.2	84.2	195	1.65e-38	129
WP_011125538.1	MER0006056|S14.011|S14	37.1	87.8	82.5	194	5.74e-33	115
WP_011125538.1	MER0004182|S14.006|S14	30.6	87.3	85.7	193	1.22e-29	106
WP_011125538.1	MER0006308|S14.002|S14	27.7	86.0	87.8	191	6.62e-27	99.4
WP_011125538.1	MER0011666|S14.005|S14	34.0	71.0	79.4	159	9.10e-25	93.6
WP_011125539.1	MER0000474|S14.001|S14	60.9	92.0	88.4	184	3.00e-75	222
WP_011125539.1	MER0005687|S14.A01|S14	61.7	90.0	84.8	180	2.13e-71	213
WP_011125539.1	MER0006308|S14.002|S14	49.2	96.5	98.5	193	4.68e-67	201
WP_011125539.1	MER0004857|S14.008|S14	57.8	86.5	82.6	173	4.70e-62	189
WP_011125539.1	MER0006046|S14.A02|S14	51.1	90.0	86.5	180	5.40e-61	186
WP_011125539.1	MER0004855|S14.A03|S14	52.7	93.0	87.1	186	1.64e-60	185
WP_011125539.1	MER0002211|S14.003|S14	52.2	90.0	86.5	180	1.24e-59	182
WP_011125539.1	MER0004847|S14.009|S14	51.4	90.5	87.0	181	3.65e-59	181
WP_011125539.1	MER0002299|S14.A04|S14	53.1	89.5	88.6	179	1.68e-58	179
WP_011125539.1	MER0006063|S14.010|S14	50.9	86.5	82.7	173	1.26e-54	170
WP_011125539.1	MER0006056|S14.011|S14	50.3	82.5	77.3	165	1.65e-50	159
WP_011125539.1	MER0011666|S14.005|S14	46.1	82.0	87.3	165	6.58e-45	144
WP_011125539.1	MER0004182|S14.006|S14	41.4	87.0	85.2	174	3.16e-43	140
WP_011125539.1	MER0001369|S14.007|S14	36.1	36.0	55.0	72	1.02e-13	62.4
WP_011125564.1	MER0001238|M17.A03|M17	48.3	96.2	99.6	493	2.35e-143	417
WP_011125564.1	MER0002271|M17.002|M17	46.2	96.0	100	496	3.36e-134	394
WP_011125564.1	MER0004597|M17.A01|M17	56.2	68.1	96.6	345	8.78e-127	370
WP_011125564.1	MER0004598|M17.A02|M17	55.6	65.5	92.6	329	1.48e-119	352
WP_011125564.1	MER0024892|M17.008|M17	47.7	72.8	90.0	367	5.20e-99	301
WP_011125564.1	MER0041673|M17.013|M17	38.2	94.0	98.1	479	3.17e-81	257
WP_011125564.1	MER0035089|M17.010|M17	45.3	62.1	87.4	309	6.41e-79	247
WP_011125564.1	MER0001236|M17.003|M17	36.7	94.6	97.5	498	5.76e-77	246
WP_011125564.1	MER0003825|M17.016|M17	38.7	73.2	85.1	380	1.34e-72	234
WP_011125564.1	MER0001235|M17.001|M17	35.7	88.5	90.1	451	6.89e-69	225
WP_011125564.1	MER0014397|M17.015|M17	36.7	65.5	91.8	327	2.18e-59	196
WP_011125564.1	MER0002497|M17.004|M17	36.2	68.1	80.3	348	2.97e-56	190
WP_011125564.1	MER0026959|M17.950|M17	40.5	54.2	99.6	274	4.27e-54	180
WP_011125564.1	MER0001910|M17.009|M17	31.9	89.5	86.8	452	1.26e-52	182
WP_011125564.1	MER0003919|M17.005|M17	36.6	64.9	85.8	328	4.92e-52	177
WP_011125564.1	MER0013416|M17.006|M17	35.0	64.7	82.8	329	5.82e-39	142
WP_011125564.1	MER0105906|M17.014|M17	32.1	64.7	68.2	333	7.16e-39	144
WP_011125564.1	MER0001240|M17.A05|M17	34.9	65.3	67.2	332	1.62e-37	140
WP_011125564.1	MER0011357|M17.A04|M17	30.5	62.7	58.4	321	1.11e-31	124
WP_011125564.1	MER0081108|M17.012|M17	28.2	47.4	55.6	277	5.48e-16	77.0
WP_011125564.1	MER0079520|M17.011|M17	33.1	28.0	27.9	145	5.87e-15	73.9
WP_011125602.1	MER0043475|C26.A05|C26	28.0	52.5	50.4	132	3.37e-08	49.7
WP_011125602.1	MER0043537|C26.A31|C26	34.6	42.6	51.6	107	1.45e-06	44.3
WP_011125602.1	MER0043540|C26.A33|C26	40.0	22.3	24.1	55	1.17e-05	42.0
WP_011125602.1	MER0045886|C26.957|C26	34.6	42.6	41.1	107	1.64e-05	41.6
WP_011125602.1	MER0436735|C26.A34|C26	23.7	64.5	68.3	198	7.89e-05	39.7
WP_011125602.1	MER0115185|C26.954|C26	47.4	15.7	26.6	38	8.60e-05	38.5
WP_011125602.1	MER0046161|C26.956|C26	42.9	22.3	20.4	56	2.63e-04	38.1
WP_011125602.1	MER0060647|C26.952|C26	29.2	48.8	31.6	120	3.02e-04	38.1
WP_011125602.1	MER0044619|C26.A26|C26	26.7	52.5	46.4	131	3.14e-04	37.7
WP_011125602.1	MER0031178|C26.A08|C26	45.2	12.8	10.1	31	8.98e-04	36.6
WP_011125672.1	MER0001978|T03.001|T03	30.3	90.4	94.4	552	2.44e-64	218
WP_011125672.1	MER0011800|T03.A01|T03	30.1	88.7	93.1	569	1.29e-55	194
WP_011125672.1	MER0011811|T03.A03|T03	33.1	75.9	77.1	471	6.19e-53	187
WP_011125672.1	MER0002720|T03.023|T03	28.1	87.7	96.0	526	2.06e-41	153
WP_011125672.1	MER0003580|T03.011|T03	26.9	90.2	94.4	547	1.64e-40	152
WP_011125672.1	MER0006124|T03.A05|T03	30.4	86.2	89.8	539	3.34e-40	151
WP_011125672.1	MER0016970|T03.017|T03	26.4	89.0	92.1	542	1.09e-38	146
WP_011125672.1	MER0001629|T03.006|T03	28.7	88.0	92.0	540	1.19e-36	140
WP_011125672.1	MER0004194|T03.A07|T03	28.5	87.2	96.8	537	1.83e-35	137
WP_011125672.1	MER0011215|T03.A04|T03	27.7	83.0	95.0	513	1.21e-34	134
WP_011125672.1	MER0001977|T03.002|T03	26.4	91.2	95.6	576	1.03e-33	132
WP_011125672.1	MER0011211|T03.007|T03	27.3	87.9	91.9	538	1.27e-33	132
WP_011125672.1	MER0004202|T03.013|T03	26.2	87.9	94.4	531	2.62e-31	124
WP_011125672.1	MER0005831|T03.A06|T03	27.2	79.6	83.2	492	5.00e-31	124
WP_011125672.1	MER0005029|T03.009|T03	28.8	79.4	88.7	504	9.68e-31	123
WP_011125672.1	MER0011143|T03.005|T03	25.8	89.4	92.4	550	2.85e-30	122
WP_011125672.1	MER0094876|T03.025|T03	25.2	90.6	99.8	560	1.47e-23	101
WP_011125672.1	MER0011193|T03.010|T03	27.3	82.0	87.7	513	1.72e-23	101
WP_011125672.1	MER0006132|T03.014|T03	26.7	76.9	81.3	535	9.14e-22	96.3
WP_011125672.1	MER0002728|T03.012|T03	23.5	86.5	90.1	544	6.27e-17	80.9
WP_011125672.1	MER0002718|T03.008|T03	41.0	18.4	61.3	117	6.46e-17	76.3
WP_011125672.1	MER0026204|T03.018|T03	27.5	32.5	80.6	193	1.24e-14	70.5
WP_011125672.1	MER0002721|T03.016|T03	42.7	15.0	37.9	96	1.88e-10	58.5
WP_011125672.1	MER0037241|T03.971|T03	27.4	19.1	49.1	113	1.89e-05	43.1
WP_011125720.1	MER0026262|S12.008|S12	28.9	61.8	69.4	253	2.91e-19	85.1
WP_011125720.1	MER0003802|S12.A21|S12	23.2	82.5	92.3	327	9.97e-15	71.2
WP_011125720.1	MER0028284|S12.010|S12	24.0	83.0	93.8	337	7.41e-13	65.9
WP_011125720.1	MER0011700|S12.A16|S12	22.0	82.3	94.3	355	2.79e-11	61.2
WP_011125720.1	MER0000459|S12.001|S12	24.9	79.2	87.4	329	6.14e-10	57.0
WP_011125720.1	MER0006204|S12.950|S12	33.9	28.4	29.4	112	1.59e-09	55.8
WP_011125720.1	MER0004154|S12.012|S12	29.2	35.9	39.4	144	4.51e-09	54.3
WP_011125720.1	MER0005925|S12.A13|S12	25.9	46.6	52.9	193	7.91e-08	50.4
WP_011125720.1	MER0005836|S12.A12|S12	30.0	17.7	27.7	70	1.72e-04	39.7
WP_011125745.1	MER0001244|M24.004|M24B	45.6	61.5	99.6	270	5.66e-75	232
WP_011125745.1	MER0013463|M24.026|M24B	37.3	61.7	100	271	1.89e-53	176
WP_011125745.1	MER0028601|M24.033|M24B	40.2	57.6	93.6	259	1.95e-50	169
WP_011125745.1	MER0001733|M24.A09|M24B	32.9	59.0	96.2	286	2.18e-39	140
WP_011125745.1	MER0001248|M24.007|M24B	35.1	48.1	93.3	239	1.67e-35	129
WP_011125745.1	MER0004931|M24.008|M24B	32.8	57.4	93.9	253	1.20e-30	115
WP_011125745.1	MER0005462|M24.031|M24B	31.3	59.0	96.9	259	4.06e-28	108
WP_011125745.1	MER0001250|M24.003|M24B	30.4	57.9	96.2	280	1.08e-24	100
WP_011125745.1	MER0004532|M24.034|M24B	30.4	56.9	93.0	250	7.90e-24	96.3
WP_011125745.1	MER0005715|M24.A11|M24B	33.2	60.1	97.9	268	8.33e-23	93.6
WP_011125745.1	MER0002038|M24.006|M24B	28.9	57.4	93.9	253	1.41e-22	92.8
WP_011125745.1	MER0013450|M24.036|M24A	25.2	56.9	95.2	262	2.93e-10	57.4
WP_011125745.1	MER0004321|M24.009|M24B	26.9	46.9	74.8	216	2.02e-06	45.8
WP_011125795.1	MER0003290|S01.482|S01C	59.2	42.0	100	157	6.40e-57	180
WP_011125795.1	MER0004673|S01.494|S01C	36.3	69.0	95.6	278	1.08e-47	160
WP_011125795.1	MER0000268|S01.480|S01C	49.1	42.0	100	159	5.86e-47	154
WP_011125795.1	MER0004111|S01.442|S01C	46.2	42.0	100	158	4.30e-43	144
WP_011125795.1	MER0005468|S01.491|S01C	46.8	42.0	100	158	1.00e-41	140
WP_011125795.1	MER0028330|S01.329|S01C	46.8	42.0	100	156	1.70e-41	140
WP_011125795.1	MER0002577|S01.277|S01C	46.8	42.0	100	156	2.39e-41	139
WP_011125795.1	MER0016351|S01.285|S01C	44.2	42.0	100	156	1.40e-39	135
WP_011125795.1	MER0003850|S01.500|S01C	40.9	46.6	97.7	176	2.77e-39	135
WP_011125795.1	MER0001945|S01.472|S01C	45.3	42.0	100	159	3.31e-39	134
WP_011125795.1	MER0004093|S01.278|S01C	44.9	42.0	100	156	7.64e-39	133
WP_011125795.1	MER0000266|S01.273|S01C	47.5	42.0	100	160	8.35e-39	133
WP_011125795.1	MER0013623|S01.453|S01C	43.7	42.0	100	158	1.07e-38	132
WP_011125795.1	MER0014795|S01.284|S01C	44.4	42.0	100	162	6.94e-38	130
WP_011125795.1	MER0001372|S01.274|S01C	45.0	42.0	100	160	3.44e-37	129
WP_011125795.1	MER0011375|S01.476|S01C	44.9	42.0	100	158	4.55e-37	128
WP_011125795.1	MER0004149|S01.525|S01C	45.5	42.0	100	165	6.26e-36	125
WP_011125795.1	MER0001373|S01.275|S01C	42.6	42.0	100	162	1.49e-35	124
WP_011125795.1	MER0016031|S01.364|S01C	44.6	42.0	100	166	1.97e-34	122
WP_011125795.1	MER0022668|S01.447|S01C	42.7	42.0	100	171	8.66e-34	120
WP_011125795.1	MER0004086|S01.B81|S01C	42.6	41.8	100	162	1.31e-33	119
WP_011125795.1	MER0006096|S01.A08|S01C	47.0	35.6	100	132	7.85e-33	116
WP_011125795.1	MER0015583|S01.416|S01C	41.3	38.3	98.0	150	2.27e-29	108
WP_011125795.1	MER0003293|S01.477|S01C	39.9	41.2	100	153	7.66e-29	106
WP_011125795.1	MER0005093|S01.441|S01C	38.9	41.8	100	167	1.23e-27	103
WP_011125817.1	MER1054487|C44.951|C44	49.9	24.5	100	383	1.01e-110	352
WP_011125817.1	MER0198917|C44.003|C44	41.4	24.5	100	377	2.46e-87	286
WP_011125824.1	MER0024252|C40.009|C40	54.2	52.4	99.2	131	3.94e-44	142
WP_011125915.1	MER0003327|C44.971|C44	42.1	38.2	96.6	242	3.31e-53	179
WP_011125915.1	MER0185695|C44.A08|C44	40.9	36.3	100	235	2.18e-47	163
WP_011125915.1	MER0012158|C44.972|C44	33.2	43.5	99.4	340	3.57e-37	138
WP_011125915.1	MER0003350|C44.975|C44	39.8	31.1	100	211	8.80e-34	125
WP_011125915.1	MER0003322|C44.970|C44	38.3	30.6	100	214	1.19e-30	116
WP_011125915.1	MER0011806|C44.A03|C44	30.0	33.3	83.5	217	1.24e-21	91.3
WP_011125915.1	MER0004101|C44.A01|C44	29.0	33.3	83.5	217	1.05e-20	88.6
WP_011125915.1	MER0011781|C44.A02|C44	30.0	33.3	83.1	217	1.42e-20	88.2
WP_011125915.1	MER0003314|C44.001|C44	35.5	21.9	54.5	152	1.08e-13	68.6
WP_011125915.1	MER0037955|C44.A09|C44	36.0	11.8	26.6	75	6.35e-05	42.0
WP_011125922.1	MER0002655|M20.015|M20D	39.0	91.5	95.2	374	1.31e-78	244
WP_011125922.1	MER0002007|M20.008|M20D	38.0	90.2	92.1	366	2.48e-76	239
WP_011125922.1	MER0002659|M20.014|M20D	34.2	93.7	95.7	377	1.32e-68	219
WP_011125922.1	MER0002014|M20.A03|M20D	33.8	93.5	95.4	382	7.99e-67	214
WP_011125922.1	MER0002013|M20.A02|M20D	37.2	90.7	93.7	376	9.43e-66	211
WP_011125922.1	MER0003770|M20.A27|M20D	35.0	92.0	97.1	371	2.72e-62	202
WP_011125922.1	MER0005155|M20.A06|M20D	34.7	90.2	95.8	366	5.38e-60	196
WP_011125922.1	MER0005173|M20.A05|M20D	31.8	90.2	96.2	365	3.83e-52	175
WP_011125922.1	MER0005163|M20.009|M20D	44.2	38.7	58.3	156	7.82e-35	126
WP_011125922.1	MER0015354|M20.A01|M20D	40.8	43.5	59.7	174	7.39e-34	124
WP_011125922.1	MER0003815|M20.A04|M20D	39.5	43.0	57.0	172	1.77e-33	124
WP_011125922.1	MER0003581|M20.020|M20D	29.1	82.4	100	340	8.92e-31	117
WP_011125922.1	MER0002664|M20.A26|M20D	36.0	37.7	51.1	150	6.82e-23	94.4
WP_011125939.1	MER0036065|S33.A03|S33	35.6	87.1	99.6	264	1.37e-56	180
WP_011125939.1	MER0036054|S33.A02|S33	30.7	90.1	98.5	287	1.41e-39	137
WP_011125939.1	MER0036053|S33.A01|S33	31.0	86.5	96.6	277	3.39e-37	130
WP_011125939.1	MER0036074|S33.A34|S33	23.6	93.4	76.4	318	3.27e-17	78.2
WP_011125939.1	MER0031611|S33.977|S33	21.7	94.1	90.5	299	1.56e-09	54.7
WP_011125939.1	MER0011509|S33.A84|S33	23.2	91.7	88.6	298	1.72e-09	54.7
WP_011125939.1	MER0036064|S33.A16|S33	23.2	35.6	37.3	112	2.83e-04	38.5
WP_011125939.1	MER0213829|S33.A76|S33	29.3	23.4	25.4	82	3.30e-04	38.5
WP_011125939.1	MER0036078|S33.A75|S33	22.1	75.9	85.4	235	4.76e-04	37.7
WP_011125939.1	MER0017142|S33.994|S33	34.0	17.5	20.3	53	8.49e-04	37.0
WP_011125965.1	MER0000474|S14.001|S14	66.7	88.9	92.8	192	3.52e-90	261
WP_011125965.1	MER0002211|S14.003|S14	54.8	96.3	96.6	208	5.45e-75	222
WP_011125965.1	MER0005687|S14.A01|S14	59.5	90.3	90.5	195	1.25e-74	221
WP_011125965.1	MER0006046|S14.A02|S14	54.0	87.5	91.3	189	2.93e-72	215
WP_011125965.1	MER0002299|S14.A04|S14	55.9	86.1	92.5	186	2.26e-70	210
WP_011125965.1	MER0004855|S14.A03|S14	52.3	91.2	90.4	197	5.50e-68	204
WP_011125965.1	MER0006063|S14.010|S14	53.0	84.7	87.5	183	4.32e-67	202
WP_011125965.1	MER0004857|S14.008|S14	54.0	87.0	90.8	189	3.16e-64	195
WP_011125965.1	MER0004847|S14.009|S14	49.2	88.0	91.8	191	9.30e-64	194
WP_011125965.1	MER0006308|S14.002|S14	45.3	87.0	96.9	190	4.35e-54	169
WP_011125965.1	MER0004182|S14.006|S14	43.2	88.9	92.6	192	6.14e-53	166
WP_011125965.1	MER0006056|S14.011|S14	47.7	80.6	82.0	174	1.11e-52	166
WP_011125965.1	MER0011666|S14.005|S14	40.1	81.0	93.7	177	3.62e-37	125
WP_011125965.1	MER0001369|S14.007|S14	38.9	33.3	55.0	72	5.13e-12	58.2
WP_011125965.1	MER0042954|S49.005|S49C	25.9	65.3	87.0	143	5.57e-06	42.0
WP_011125988.1	MER0167725|M100.001|M100	33.9	99.5	39.8	192	6.88e-15	68.6
WP_011126002.1	MER0065554|C26.964|C26	46.4	45.6	96.7	261	6.17e-79	246
WP_011126002.1	MER0437468|C26.A36|C26	40.9	60.6	99.7	350	9.56e-79	248
WP_011126002.1	MER0436717|C26.A29|C26	33.1	60.8	99.7	399	6.14e-57	192
WP_036892144.1	MER0002563|M41.020|M41	64.7	38.1	95.9	235	8.13e-99	298
WP_036892144.1	MER0017637|M41.024|M41	64.7	38.1	95.9	235	1.27e-97	295
WP_036892144.1	MER0002408|M41.017|M41	51.9	38.1	93.5	235	4.95e-70	224
WP_036892144.1	MER0001620|M41.001|M41	43.6	39.1	84.1	241	7.87e-64	209
WP_036892144.1	MER0002602|M41.009|M41	46.0	38.0	86.1	235	1.94e-62	204
WP_036892144.1	MER0005466|M41.021|M41	43.9	39.4	99.6	244	1.24e-61	201
WP_036892144.1	MER0011745|M41.005|M41	47.0	38.1	88.8	236	1.37e-55	186
WP_036892144.1	MER0015137|M41.025|M41	46.6	38.1	89.8	236	4.72e-55	184
WP_036892144.1	MER0015199|M41.015|M41	41.9	38.0	82.1	234	6.63e-55	185
WP_036892144.1	MER0023544|M41.A10|M41	44.5	38.6	82.5	238	2.27e-52	178
WP_036892144.1	MER0015193|M41.019|M41	43.3	38.1	97.1	238	4.03e-52	176
WP_036892144.1	MER0015197|M41.013|M41	44.0	38.0	86.9	234	1.04e-51	176
WP_036892144.1	MER0005496|M41.007|M41	40.9	38.1	83.3	235	2.65e-49	169
WP_036892144.1	MER0015194|M41.A14|M41	41.0	38.0	84.2	234	8.80e-49	168
WP_036892144.1	MER0015195|M41.A15|M41	39.4	38.1	81.5	236	4.03e-45	158
WP_036892144.1	MER0056525|M41.A17|M41	39.7	38.1	89.2	237	7.66e-45	157
WP_036892144.1	MER0011224|M41.A09|M41	38.7	38.1	81.5	235	2.82e-44	156
WP_036892144.1	MER0002600|M41.002|M41	41.1	38.1	87.5	236	8.52e-44	154
WP_036892144.1	MER0004454|M41.006|M41	38.0	38.1	82.5	237	1.33e-42	151
WP_036892144.1	MER0171760|M41.A12|M41	35.6	40.4	89.4	250	3.53e-41	147
WP_036892144.1	MER0002605|M41.003|M41	38.9	38.6	85.3	239	9.49e-41	146
WP_036892144.1	MER0015609|M41.023|M41	35.9	39.6	84.9	245	2.03e-39	142
WP_036892144.1	MER0011748|M41.022|M41	36.8	39.6	85.0	247	2.94e-39	142
WP_036892144.1	MER0005755|M41.026|M41	34.4	39.1	99.1	241	7.98e-39	139
WP_036892144.1	MER0014306|M41.016|M41	37.4	38.1	82.7	235	6.61e-38	138
WP_052039744.1	MER0036053|S33.A01|S33	46.4	89.2	97.3	261	2.20e-61	192
WP_052039744.1	MER0036065|S33.A03|S33	36.7	88.8	99.6	264	5.97e-47	155
WP_052039744.1	MER0036054|S33.A02|S33	34.6	94.8	99.6	280	4.57e-44	148
WP_052039744.1	MER0036074|S33.A34|S33	28.4	93.4	74.9	303	2.69e-25	100
WP_052039744.1	MER0031616|S33.013|S33	36.2	31.5	29.6	94	4.93e-08	50.1
WP_052039744.1	MER0030163|S33.975|S33	34.3	36.4	35.1	108	8.51e-07	46.2
WP_052039744.1	MER0011509|S33.A84|S33	33.7	29.0	27.3	86	9.16e-07	46.2
WP_052039744.1	MER0011785|S33.009|S33	29.5	41.3	36.9	122	2.99e-06	44.7
WP_052039744.1	MER0036064|S33.A16|S33	37.6	29.4	31.9	85	1.05e-05	42.7
WP_052039744.1	MER0031617|S33.978|S33	22.1	88.8	88.4	262	1.14e-05	42.7
WP_052039744.1	MER0044633|S33.A26|S33	46.0	16.1	14.2	50	4.21e-05	41.2
WP_052039744.1	MER0014065|S33.974|S33	42.6	16.4	14.3	47	7.17e-05	40.4
WP_052039744.1	MER0036075|S33.A73|S33	40.0	17.8	16.3	55	9.60e-04	37.0
WP_193328861.1	MER0001297|S41.008|S41A	53.9	36.3	97.6	165	7.23e-53	172
WP_193328861.1	MER0003514|S41.010|S41A	47.9	35.8	96.4	163	3.94e-47	157
WP_193328861.1	MER0003413|S41.002|S41A	47.0	36.3	97.6	166	1.83e-43	147
WP_193328861.1	MER0003065|S41.009|S41A	46.0	35.8	96.4	163	9.92e-42	143
WP_193328861.1	MER0005714|S41.A01|S41A	48.5	34.5	93.3	167	1.34e-40	140
WP_193328861.1	MER0015684|S41.A02|S41A	46.1	35.6	96.5	165	2.26e-38	134
WP_193328861.1	MER0001425|S41.004|S41A	42.2	36.5	98.3	173	2.59e-37	131
WP_193328861.1	MER0004196|S41.013|S41A	38.5	36.3	97.7	169	8.83e-33	119
WP_193328861.1	MER0004195|S41.007|S41A	36.3	36.7	98.8	168	4.12e-29	109
WP_193328861.1	MER0001295|S41.001|S41A	32.6	35.4	95.6	175	4.24e-24	95.9
WP_193328861.1	MER0195376|S41.012|S41A	28.8	26.4	79.8	146	9.61e-05	40.0
WP_225866421.1	MER0013626|S26.026|S26A	22.5	81.3	84.3	129	2.85e-05	37.7
WP_225866421.1	MER0006313|S26.006|S26A	30.9	75.7	51.0	81	5.36e-05	37.0
WP_413315661.1	MER0011830|T05.002|T05	39.7	50.4	100	224	1.28e-39	138
WP_413315661.1	MER0011829|T05.001|T05	38.6	50.4	99.1	228	5.16e-33	121
