WP_011055135.1	MER0014721|C56.A01|C56	33.7	36.5	58.3	92	1.56e-07	46.6
WP_011055165.1	MER0094876|T03.025|T03	32.3	94.7	98.8	514	4.33e-62	208
WP_011055165.1	MER0011811|T03.A03|T03	28.3	98.2	97.2	561	6.83e-40	149
WP_011055165.1	MER0001629|T03.006|T03	27.9	97.6	96.6	541	3.46e-38	144
WP_011055165.1	MER0011800|T03.A01|T03	25.9	95.9	95.2	563	1.17e-37	142
WP_011055165.1	MER0001978|T03.001|T03	25.1	95.5	94.4	533	2.75e-34	132
WP_011055165.1	MER0003580|T03.011|T03	24.4	97.0	96.0	532	9.69e-31	122
WP_011055165.1	MER0001977|T03.002|T03	26.6	97.4	96.5	561	5.74e-27	111
WP_011055165.1	MER0006132|T03.014|T03	27.5	95.1	94.8	607	4.16e-26	108
WP_011055165.1	MER0011211|T03.007|T03	23.5	97.6	96.6	540	2.47e-25	106
WP_011055165.1	MER0005029|T03.009|T03	24.9	79.7	85.1	453	5.56e-23	99.0
WP_011055165.1	MER0002720|T03.023|T03	24.4	91.5	94.7	480	1.34e-22	97.4
WP_011055165.1	MER0016970|T03.017|T03	25.2	96.9	95.9	536	2.48e-22	97.1
WP_011055165.1	MER0005831|T03.A06|T03	23.5	85.2	85.0	476	8.28e-22	95.5
WP_011055165.1	MER0006124|T03.A05|T03	25.8	92.9	93.6	530	3.50e-21	93.6
WP_011055165.1	MER0004194|T03.A07|T03	25.3	91.5	96.6	509	1.74e-20	91.3
WP_011055165.1	MER0011143|T03.005|T03	24.8	88.2	86.7	495	1.84e-18	85.1
WP_011055165.1	MER0011215|T03.A04|T03	24.2	87.6	96.2	492	1.55e-17	82.0
WP_011055165.1	MER0011193|T03.010|T03	22.9	86.8	88.6	489	6.90e-16	77.0
WP_011055165.1	MER0026204|T03.018|T03	28.2	38.2	91.6	209	5.04e-13	65.5
WP_011055165.1	MER0026205|T03.019|T03	27.6	37.2	89.3	203	1.80e-11	60.8
WP_011055165.1	MER0002718|T03.008|T03	31.3	16.7	50.3	96	5.60e-07	47.0
WP_011055165.1	MER0159283|T03.024|T03	31.0	22.8	30.1	116	3.29e-05	42.7
WP_011055165.1	MER0003440|T03.A08|T03	22.7	75.4	88.6	396	6.71e-05	42.0
WP_011055165.1	MER0016605|T03.022|T03	26.7	33.3	45.7	180	1.07e-04	41.2
WP_011242320.1	MER0000576|S24.003|S24	47.8	61.8	99.1	115	2.00e-31	107
WP_011242320.1	MER0006172|S24.004|S24	46.1	40.9	96.2	76	1.14e-18	73.6
WP_011242320.1	MER0000569|S24.001|S24	36.0	60.8	95.8	114	9.38e-17	69.7
WP_011242320.1	MER0022664|S24.005|S24	31.2	41.4	60.8	77	7.35e-09	48.9
WP_011242351.1	MER0011681|M14.A24|M14A	26.4	55.5	81.0	337	2.83e-20	89.0
WP_011242351.1	MER0021822|M14.A28|M14A	24.8	49.7	67.4	286	1.32e-19	87.0
WP_011242351.1	MER0013456|M14.018|M14A	24.4	59.9	84.2	348	2.66e-18	82.8
WP_011242351.1	MER0001212|M14.007|M14A	23.3	61.5	87.5	361	7.24e-18	81.6
WP_011242351.1	MER0005813|M14.A22|M14A	25.8	60.8	85.5	361	1.10e-16	78.2
WP_011242351.1	MER0003006|M14.A26|M14A	22.9	58.5	84.5	340	2.58e-16	76.6
WP_011242351.1	MER0011153|M14.A19|M14A	22.9	59.9	84.1	349	3.17e-15	73.6
WP_011242351.1	MER0003495|M14.A29|M14B	36.4	19.7	32.5	110	7.41e-15	72.8
WP_011242351.1	MER0023950|M14.A23|M14A	25.3	59.9	84.4	352	8.73e-15	72.4
WP_011242351.1	MER0003428|M14.012|M14B	30.4	20.6	33.9	115	4.40e-14	70.5
WP_011242351.1	MER0001198|M14.004|M14B	30.3	21.3	36.5	119	2.27e-13	68.2
WP_011242351.1	MER0003003|M14.035|M14A	24.6	59.4	83.6	353	3.11e-13	67.8
WP_011242351.1	MER0011257|M14.A14|M14A	23.2	59.6	85.2	349	1.09e-12	65.9
WP_011242351.1	MER0005410|M14.015|M14D	28.9	20.4	26.0	114	1.30e-12	66.6
WP_011242351.1	MER0003889|M14.951|M14B	30.7	20.4	25.0	114	3.18e-12	65.5
WP_011242351.1	MER0013404|M14.039|M14D	28.6	20.0	25.5	112	4.02e-12	65.1
WP_011242351.1	MER0001608|M14.002|M14A	21.9	61.0	86.9	347	2.70e-11	61.6
WP_011242351.1	MER0011308|M14.A10|M14A	24.0	59.6	84.6	350	2.82e-11	61.6
WP_011242351.1	MER0011311|M14.A09|M14A	22.5	61.0	85.3	346	3.83e-11	61.2
WP_011242351.1	MER0004959|M14.016|M14B	30.4	20.0	27.4	112	4.58e-11	61.6
WP_011242351.1	MER0001190|M14.001|M14A	22.6	59.9	84.1	337	4.97e-11	60.8
WP_011242351.1	MER0001202|M14.005|M14B	27.4	20.2	26.0	113	6.63e-11	61.2
WP_011242351.1	MER0011254|M14.A16|M14A	27.7	23.1	40.0	130	6.69e-11	60.5
WP_011242351.1	MER0011307|M14.A11|M14A	22.2	60.6	85.5	351	1.20e-10	59.7
WP_011242351.1	MER0011155|M14.A18|M14A	22.3	59.9	84.1	345	1.57e-10	59.3
WP_011242393.1	MER0013876|U32.003|U32	37.8	42.0	95.3	357	1.57e-51	181
WP_011242393.1	MER0003855|U32.002|U32	33.1	33.3	71.8	287	2.16e-34	132
WP_011242393.1	MER0004416|U32.A02|U32	31.3	29.2	84.5	249	2.70e-25	103
WP_011242393.1	MER0003242|U32.001|U32	36.4	23.1	63.7	195	1.80e-24	101
WP_011242408.1	MER0042581|M75.001|M75	36.7	16.9	13.5	60	1.02e-06	47.0
WP_011242475.1	MER0073084|M61.002|M61	39.7	77.2	98.2	481	2.75e-104	320
WP_011242475.1	MER0014496|M61.001|M61	25.0	86.5	84.7	561	1.86e-29	120
WP_011242478.1	MER0026213|S16.A14|S16	28.1	17.4	33.6	89	5.99e-05	41.6
WP_011242478.1	MER0005837|S16.A06|S16	29.8	24.6	50.4	131	7.87e-05	41.2
WP_011242478.1	MER0003359|S16.008|S16	27.3	17.2	36.8	88	9.32e-05	40.8
WP_011242519.1	MER0107796|S09.A40|S09C	28.2	71.5	87.0	170	3.07e-07	45.8
WP_011242519.1	MER0017256|S09.A34|S09C	25.7	49.6	32.3	113	3.89e-05	40.4
WP_011242519.1	MER0036053|S33.A01|S33	29.8	41.7	38.4	104	5.46e-04	37.0
WP_011242728.1	MER0002036|C39.001|C39	30.3	17.6	86.7	132	5.93e-15	69.7
WP_011242728.1	MER0014664|C39.004|C39	26.5	18.5	93.0	132	6.87e-13	63.5
WP_011242728.1	MER0003813|C39.A03|C39	24.0	19.7	95.9	146	9.42e-08	48.9
WP_011242728.1	MER0002884|C39.007|C39	25.4	18.2	93.6	134	1.09e-05	42.7
WP_011242734.1	MER0016301|M103.001|M103	35.3	88.5	92.3	442	5.98e-67	219
WP_011242734.1	MER0016248|M103.003|M103	27.2	43.8	83.9	217	3.70e-24	98.2
WP_011242734.1	MER0028087|M103.002|M103	22.8	41.1	42.8	202	1.64e-10	59.7
WP_011242734.1	MER0016222|M103.950|M103	23.6	51.9	52.4	259	2.96e-10	58.9
WP_011242760.1	MER0003290|S01.482|S01C	70.5	40.0	100	156	1.47e-73	223
WP_011242760.1	MER0004673|S01.494|S01C	41.3	67.0	97.0	281	1.23e-54	178
WP_011242760.1	MER0005468|S01.491|S01C	56.3	40.0	100	158	2.96e-52	168
WP_011242760.1	MER0000268|S01.480|S01C	57.0	40.0	100	158	5.18e-52	167
WP_011242760.1	MER0013623|S01.453|S01C	54.4	40.0	100	158	5.53e-51	165
WP_011242760.1	MER0002577|S01.277|S01C	51.9	40.0	100	156	2.21e-46	153
WP_011242760.1	MER0011375|S01.476|S01C	49.7	40.0	100	157	3.20e-46	152
WP_011242760.1	MER0004093|S01.278|S01C	50.0	40.0	100	156	4.74e-45	149
WP_011242760.1	MER0004111|S01.442|S01C	52.5	40.0	100	158	5.04e-45	149
WP_011242760.1	MER0000266|S01.273|S01C	51.6	40.0	100	159	4.32e-43	144
WP_011242760.1	MER0003850|S01.500|S01C	43.1	44.2	97.2	174	3.06e-42	143
WP_011242760.1	MER0028330|S01.329|S01C	47.4	40.0	100	156	5.96e-42	141
WP_011242760.1	MER0014795|S01.284|S01C	48.1	40.0	100	162	1.41e-41	140
WP_011242760.1	MER0001372|S01.274|S01C	48.4	40.0	100	159	4.99e-41	139
WP_011242760.1	MER0001945|S01.472|S01C	49.7	40.0	100	161	1.07e-40	138
WP_011242760.1	MER0006096|S01.A08|S01C	52.7	33.8	100	131	1.27e-40	137
WP_011242760.1	MER0016351|S01.285|S01C	45.2	40.0	100	155	4.88e-40	136
WP_011242760.1	MER0003293|S01.477|S01C	51.4	36.9	93.3	142	6.07e-40	136
WP_011242760.1	MER0001373|S01.275|S01C	48.1	40.0	100	162	1.66e-38	132
WP_011242760.1	MER0004086|S01.B81|S01C	46.3	39.7	100	162	3.05e-35	124
WP_011242760.1	MER0022668|S01.447|S01C	42.7	40.0	100	171	5.74e-34	121
WP_011242760.1	MER0015583|S01.416|S01C	45.6	36.4	97.4	149	6.96e-33	117
WP_011242760.1	MER0010944|S01.474|S01C	40.5	40.0	100	173	1.61e-32	117
WP_011242760.1	MER0016031|S01.364|S01C	45.2	40.0	100	166	5.32e-32	115
WP_011242760.1	MER0005093|S01.441|S01C	43.6	36.6	92.2	156	7.59e-31	112
WP_011242836.1	MER0036114|S33.980|S33	24.3	64.9	62.7	189	4.27e-05	40.8
WP_011242912.1	MER0002408|M41.017|M41	77.2	39.0	100	246	3.47e-128	374
WP_011242912.1	MER0015137|M41.025|M41	58.5	38.3	94.1	241	6.79e-91	279
WP_011242912.1	MER0015193|M41.019|M41	59.6	37.6	100	240	1.46e-90	277
WP_011242912.1	MER0011745|M41.005|M41	58.1	38.3	93.1	241	4.16e-90	277
WP_011242912.1	MER0005466|M41.021|M41	47.0	36.7	96.7	234	6.80e-66	213
WP_011242912.1	MER0002563|M41.020|M41	46.8	36.2	95.1	233	2.39e-63	206
WP_011242912.1	MER0017637|M41.024|M41	47.6	36.2	95.1	233	4.68e-63	206
WP_011242912.1	MER0002602|M41.009|M41	42.1	37.8	89.1	242	1.08e-57	192
WP_011242912.1	MER0001620|M41.001|M41	40.8	36.7	82.3	233	6.75e-52	177
WP_011242912.1	MER0015199|M41.015|M41	37.3	38.4	86.7	244	7.55e-46	160
WP_011242912.1	MER0015197|M41.013|M41	40.1	36.3	86.9	232	1.55e-44	156
WP_011242912.1	MER0023544|M41.A10|M41	39.7	36.5	81.5	232	1.08e-41	149
WP_011242912.1	MER0005496|M41.007|M41	34.9	36.5	83.3	232	4.31e-40	144
WP_011242912.1	MER0002608|M41.A11|M41	35.6	36.5	85.4	233	5.39e-39	141
WP_011242912.1	MER0190577|M41.A16|M41	34.5	37.6	91.8	238	7.48e-39	140
WP_011242912.1	MER0056525|M41.A17|M41	39.3	36.5	89.2	234	1.24e-38	140
WP_011242912.1	MER0015194|M41.A14|M41	33.3	36.3	84.2	231	6.35e-38	138
WP_011242912.1	MER0015609|M41.023|M41	35.7	36.8	82.4	235	1.04e-37	138
WP_011242912.1	MER0011748|M41.022|M41	36.2	36.8	82.5	235	1.09e-37	138
WP_011242912.1	MER0014324|M41.018|M41	35.3	36.5	90.8	232	4.10e-37	135
WP_011242912.1	MER0011224|M41.A09|M41	34.3	36.5	81.5	233	5.46e-37	136
WP_011242912.1	MER0015195|M41.A15|M41	34.8	36.5	81.5	233	6.82e-36	133
WP_011242912.1	MER0005755|M41.026|M41	33.2	36.7	96.5	241	6.47e-35	129
WP_011242912.1	MER0002605|M41.003|M41	34.8	35.1	80.8	224	2.32e-34	128
WP_011242912.1	MER0002197|M41.004|M41	31.2	36.3	84.2	231	2.81e-34	128
WP_011243074.1	MER0026339|S33.992|S33	31.1	70.5	78.7	222	2.69e-13	65.5
WP_011243074.1	MER0017142|S33.994|S33	35.6	43.1	51.2	132	2.63e-09	53.5
WP_011243074.1	MER0034563|S33.996|S33	31.9	70.2	82.8	216	8.55e-09	52.0
WP_011243074.1	MER0036115|S33.B18|S33	29.8	40.7	37.3	121	3.84e-08	50.4
WP_011243074.1	MER0036072|S33.A36|S33	25.4	40.3	36.9	126	4.23e-08	50.4
WP_011243074.1	MER0036053|S33.A01|S33	23.4	86.8	98.5	274	5.74e-08	49.7
WP_011243074.1	MER0031610|S33.976|S33	25.1	75.6	74.4	235	3.92e-07	47.4
WP_011243074.1	MER0035038|S33.A98|S33	31.7	33.9	33.2	101	9.46e-07	46.2
WP_011243074.1	MER0033259|S33.982|S33	24.6	86.1	90.0	268	8.23e-06	43.1
WP_011243074.1	MER0035044|S33.A97|S33	28.7	33.9	33.3	101	9.55e-06	43.1
WP_011243074.1	MER0014065|S33.974|S33	29.4	32.9	29.9	102	1.02e-05	43.1
WP_011243074.1	MER0044581|S33.A27|S33	28.8	33.2	29.2	104	1.07e-05	43.1
WP_011243074.1	MER0210990|S33.A66|S33	25.9	46.8	37.2	139	1.40e-05	42.7
WP_011243074.1	MER0035032|S33.A96|S33	28.6	32.9	32.5	98	2.26e-05	42.0
WP_011243074.1	MER0030163|S33.975|S33	29.5	46.1	45.0	139	2.93e-05	41.6
WP_011243074.1	MER0035035|S33.A94|S33	29.2	32.2	31.4	96	7.23e-05	40.4
WP_011243074.1	MER0004146|S33.995|S33	22.8	84.1	93.9	259	8.46e-05	40.0
WP_011243074.1	MER0031616|S33.013|S33	25.3	64.4	58.5	198	9.76e-05	40.0
WP_011243074.1	MER0213595|S33.A70|S33	30.0	32.9	41.0	100	3.38e-04	38.1
WP_011243074.1	MER0036114|S33.980|S33	20.3	93.9	90.7	286	4.00e-04	38.1
WP_011243074.1	MER0011509|S33.A84|S33	23.7	63.7	56.2	194	7.31e-04	37.4
WP_011243074.1	MER0037236|S33.016|S33	46.5	14.6	16.5	43	8.56e-04	37.0
WP_011243130.1	MER0003514|S41.010|S41A	74.1	39.1	98.2	166	2.79e-81	244
WP_011243130.1	MER0001297|S41.008|S41A	61.7	38.1	95.9	162	4.33e-62	195
WP_011243130.1	MER0003065|S41.009|S41A	61.0	38.6	97.0	164	2.41e-61	193
WP_011243130.1	MER0005714|S41.A01|S41A	48.5	37.2	93.8	167	2.98e-46	154
WP_011243130.1	MER0003413|S41.002|S41A	47.5	37.4	94.1	160	6.88e-45	150
WP_011243130.1	MER0001425|S41.004|S41A	50.0	38.6	97.1	170	2.21e-44	149
WP_011243130.1	MER0004196|S41.013|S41A	45.7	37.4	94.2	162	4.97e-39	135
WP_011243130.1	MER0015684|S41.A02|S41A	45.4	37.9	95.3	163	2.65e-38	133
WP_011243130.1	MER0004195|S41.007|S41A	39.2	38.8	97.6	166	1.08e-33	121
WP_011243130.1	MER0001295|S41.001|S41A	34.5	37.6	95.1	174	5.06e-26	100
WP_011243130.1	MER0195376|S41.012|S41A	30.1	28.2	79.8	146	1.07e-08	51.6
WP_011243253.1	MER0059846|S33.A46|S33	28.4	86.5	84.4	303	8.48e-19	82.8
WP_011243264.1	MER0203174|N10.003|N10	59.5	8.3	23.1	37	1.71e-09	53.5
WP_011243299.1	MER0003327|C44.971|C44	45.5	37.6	99.1	242	6.75e-57	189
WP_011243299.1	MER0185695|C44.A08|C44	41.9	34.8	100	229	9.25e-52	175
WP_011243299.1	MER0012158|C44.972|C44	30.4	42.0	99.4	339	7.82e-38	140
WP_011243299.1	MER0003350|C44.975|C44	36.7	29.6	100	210	1.01e-34	127
WP_011243299.1	MER0003322|C44.970|C44	33.8	29.2	100	210	4.78e-31	117
WP_011243299.1	MER0011781|C44.A02|C44	28.4	32.0	83.5	211	2.10e-17	79.0
WP_011243299.1	MER0011806|C44.A03|C44	30.2	32.0	84.0	212	5.22e-17	77.8
WP_011243299.1	MER0004101|C44.A01|C44	29.2	32.0	84.0	212	4.33e-16	75.1
WP_011243299.1	MER0003314|C44.001|C44	32.4	20.7	54.5	145	1.18e-12	65.5
WP_011243316.1	MER0003514|S41.010|S41A	57.8	37.7	98.2	166	1.15e-62	197
WP_011243316.1	MER0003065|S41.009|S41A	56.4	37.0	96.4	163	1.09e-59	189
WP_011243316.1	MER0001297|S41.008|S41A	54.9	37.3	97.0	164	1.57e-55	179
WP_011243316.1	MER0005714|S41.A01|S41A	44.6	36.1	94.4	168	1.44e-40	140
WP_011243316.1	MER0015684|S41.A02|S41A	42.9	36.1	94.2	161	2.46e-38	134
WP_011243316.1	MER0003413|S41.002|S41A	41.4	36.6	95.3	162	4.66e-38	133
WP_011243316.1	MER0001425|S41.004|S41A	40.7	36.6	95.4	167	2.15e-31	115
WP_011243316.1	MER0004196|S41.013|S41A	38.2	36.8	95.9	165	3.66e-30	112
WP_011243316.1	MER0004195|S41.007|S41A	36.1	37.5	97.6	169	2.45e-28	107
WP_011243316.1	MER0001295|S41.001|S41A	32.4	36.1	94.5	173	2.34e-22	90.9
WP_011243316.1	MER0195376|S41.012|S41A	26.4	27.3	79.8	148	4.07e-04	38.1
WP_011243343.1	MER0005767|M38.972|M38	35.2	70.6	92.8	318	2.76e-45	156
WP_011243344.1	MER0055964|S26.A02|S26A	51.7	66.8	100	149	5.34e-53	164
WP_011243344.1	MER0015620|S26.A01|S26A	44.7	68.2	99.3	152	2.48e-44	142
WP_011243344.1	MER0003269|S26.008|S26A	44.2	67.7	98.7	154	1.75e-42	138
WP_011243344.1	MER0013626|S26.026|S26A	41.6	64.1	93.5	149	4.64e-33	114
WP_011243344.1	MER0028421|S26.018|S26A	38.4	65.9	96.2	159	7.29e-30	105
WP_011243344.1	MER0016034|S26.020|S26A	36.3	62.7	97.4	157	3.13e-27	99.0
WP_011243344.1	MER0003273|S26.016|S26A	33.3	65.5	95.7	162	3.86e-27	99.0
WP_011243344.1	MER0000592|S26.003|S26A	34.6	66.8	97.4	159	1.26e-26	97.4
WP_011243344.1	MER0002550|S26.004|S26A	31.5	68.6	100	162	2.79e-25	94.0
WP_011243344.1	MER0015993|S26.021|S26A	38.4	60.0	87.7	146	3.73e-25	93.6
WP_011243344.1	MER0004537|S26.025|S26A	34.1	65.9	96.8	182	8.66e-25	93.6
WP_011243344.1	MER0015994|S26.019|S26A	37.3	62.7	95.0	161	1.21e-24	92.4
WP_011243344.1	MER0002551|S26.024|S26A	35.8	67.3	98.5	201	1.76e-24	93.2
WP_011243344.1	MER0001912|S26.005|S26A	35.5	64.5	94.2	152	6.75e-22	85.1
WP_011243344.1	MER0006313|S26.006|S26A	33.6	55.5	86.1	137	4.66e-21	82.8
WP_011243344.1	MER0001510|S26.007|S26A	31.6	66.8	97.4	158	1.03e-20	82.0
WP_011243344.1	MER0000589|S26.001|S26A	27.1	62.3	89.1	225	3.33e-18	77.4
WP_011243344.1	MER0003268|S26.015|S26A	31.4	61.4	91.7	175	3.94e-15	67.8
WP_011243344.1	MER0015611|S26.A06|S26A	31.5	50.5	96.8	111	4.21e-08	46.6
WP_011243344.1	MER0006070|S26.A05|S26A	36.7	26.8	90.2	60	1.80e-06	41.2
WP_011243345.1	MER0005767|M38.972|M38	27.9	78.1	97.0	333	1.21e-11	62.0
WP_011243353.1	MER0055964|S26.A02|S26A	52.0	72.9	99.3	148	1.28e-54	168
WP_011243353.1	MER0015620|S26.A01|S26A	49.7	71.4	94.8	145	7.06e-45	143
WP_011243353.1	MER0003269|S26.008|S26A	45.9	71.4	94.9	148	8.07e-42	135
WP_011243353.1	MER0002551|S26.024|S26A	37.6	73.9	98.5	202	1.89e-30	108
WP_011243353.1	MER0013626|S26.026|S26A	36.8	68.0	88.9	144	1.17e-25	94.4
WP_011243353.1	MER0016034|S26.020|S26A	34.0	67.5	95.5	156	4.32e-22	85.1
WP_011243353.1	MER0002550|S26.004|S26A	31.6	72.4	96.2	158	1.35e-20	81.3
WP_011243353.1	MER0028421|S26.018|S26A	31.3	71.9	95.6	160	1.42e-20	81.3
WP_011243353.1	MER0004537|S26.025|S26A	32.6	73.4	97.9	184	7.62e-20	80.1
WP_011243353.1	MER0000592|S26.003|S26A	30.8	72.4	96.1	159	1.01e-19	79.0
WP_011243353.1	MER0003273|S26.016|S26A	27.3	72.4	96.3	165	5.04e-17	72.0
WP_011243353.1	MER0015993|S26.021|S26A	28.0	72.4	96.1	161	2.26e-16	70.1
WP_011243353.1	MER0015994|S26.019|S26A	30.2	68.0	93.8	162	6.99e-16	68.9
WP_011243353.1	MER0000589|S26.001|S26A	27.3	70.4	91.9	227	7.71e-15	67.8
WP_011243353.1	MER0006313|S26.006|S26A	29.5	61.1	86.1	139	3.19e-13	61.6
WP_011243353.1	MER0001510|S26.007|S26A	27.8	72.4	96.2	158	4.89e-13	61.2
WP_011243353.1	MER0001912|S26.005|S26A	30.7	69.0	91.6	150	9.26e-13	60.5
WP_011243353.1	MER0003268|S26.015|S26A	24.2	69.5	93.9	182	2.32e-06	43.1
WP_011243372.1	MER0061081|S09.A39|S09X	59.3	98.2	100	275	8.37e-113	323
WP_011243372.1	MER0061059|S09.940|S09B	52.0	98.2	100	273	8.30e-98	285
WP_011243372.1	MER0043126|S09.990|S09X	51.1	99.6	99.3	280	1.64e-97	285
WP_011243381.1	MER0004471|M50.A10|M50B	40.6	99.2	76.9	362	2.20e-81	250
WP_011243381.1	MER0004474|M50.003|M50B	40.1	99.2	78.2	362	5.81e-80	246
WP_011243381.1	MER0897124|M50.A11|M50A	27.8	97.3	99.5	435	1.60e-35	131
WP_011243381.1	MER0004468|M50.011|M50B	27.4	97.3	99.5	435	2.85e-33	125
WP_011243381.1	MER0004480|M50.004|M50B	32.5	85.4	99.7	329	4.14e-32	120
WP_011243381.1	MER0004469|M50.005|M50B	26.6	87.4	85.6	357	3.23e-19	85.1
WP_011243389.1	MER0033184|M38.979|M38	37.5	76.8	85.3	320	7.05e-59	193
WP_011243389.1	MER0066192|M38.983|M38	34.3	74.3	86.7	303	2.72e-49	167
WP_011243396.1	MER0027775|M15.012|M15D	31.5	62.9	95.8	146	3.71e-14	63.9
WP_011243427.1	MER0043394|C26.955|C26	58.0	81.0	98.2	162	5.49e-66	197
WP_011243427.1	MER0045094|C26.959|C26	48.4	94.5	75.9	190	4.00e-58	180
WP_011243427.1	MER0044882|C26.A09|C26	50.0	83.0	94.0	172	5.31e-58	177
WP_011243427.1	MER0044622|C26.A25|C26	48.4	95.5	72.8	192	1.28e-57	179
WP_011243427.1	MER0043392|C26.960|C26	42.3	74.5	85.8	149	1.78e-34	117
WP_011243427.1	MER0044619|C26.A26|C26	33.0	98.5	80.6	200	7.09e-26	97.1
WP_011243427.1	MER0045095|C26.958|C26	30.4	95.0	77.5	207	3.73e-23	90.5
WP_011243427.1	MER0043195|C26.A30|C26	33.8	94.5	79.6	207	4.19e-20	82.0
WP_011243427.1	MER0043537|C26.A31|C26	25.6	95.5	96.3	195	3.04e-15	67.8
WP_011243427.1	MER0045945|C26.963|C26	35.6	65.5	56.5	135	1.41e-14	66.6
WP_011243427.1	MER0044812|C26.A04|C26	29.5	65.5	51.2	132	2.54e-14	66.2
WP_011243427.1	MER0043387|C26.950|C26	32.6	70.5	77.8	144	8.66e-11	55.5
WP_011243427.1	MER0044889|C26.A21|C26	27.6	58.0	46.7	116	1.32e-10	55.8
WP_011243427.1	MER0038086|C26.962|C26	27.0	58.0	47.2	126	7.92e-09	50.8
WP_011243427.1	MER0046161|C26.956|C26	30.4	64.0	45.3	135	1.49e-06	44.3
WP_011243427.1	MER0042974|C26.A07|C26	24.7	77.0	80.9	158	6.31e-06	42.0
WP_011243451.1	MER0237414|M16.970|M16B	31.6	39.9	82.1	193	2.31e-17	78.2
WP_011243481.1	MER0069741|M23.009|M23B	50.5	31.4	62.2	109	2.53e-29	108
WP_011243481.1	MER0003380|M23.011|M23B	39.4	37.8	51.5	132	1.63e-21	89.0
WP_011243481.1	MER0003376|M23.005|M23B	44.4	26.5	59.0	99	1.96e-18	78.6
WP_011243481.1	MER0013541|M23.014|M23B	44.9	24.8	96.6	89	3.44e-17	72.8
WP_011243481.1	MER0015415|M23.951|M23B	39.5	32.6	63.5	114	6.58e-16	71.6
WP_011243481.1	MER0001419|M23.004|M23B	39.0	28.5	69.9	100	8.58e-15	67.8
WP_011243481.1	MER0003423|M23.012|M23B	39.8	26.2	68.5	98	2.21e-14	66.6
WP_011243481.1	MER0387040|M23.A03|M23B	38.6	25.4	85.4	88	2.01e-13	62.8
WP_011243481.1	MER0066182|M23.A04|M23B	31.6	32.0	58.8	117	7.92e-13	63.5
WP_011243481.1	MER0003906|M23.013|M23B	34.9	30.0	99.1	106	3.68e-12	59.3
WP_011243485.1	MER0056037|M79.A04|M79	39.4	63.7	97.7	127	1.20e-26	95.9
WP_011243527.1	MER0017637|M41.024|M41	64.3	39.3	98.4	241	2.45e-103	310
WP_011243527.1	MER0002563|M41.020|M41	63.1	39.3	98.4	241	2.73e-102	307
WP_011243527.1	MER0002408|M41.017|M41	53.2	38.3	93.5	235	1.27e-74	236
WP_011243527.1	MER0001620|M41.001|M41	44.7	39.8	85.2	244	3.26e-67	218
WP_011243527.1	MER0005466|M41.021|M41	46.2	38.3	96.3	236	6.85e-66	213
WP_011243527.1	MER0002602|M41.009|M41	45.1	38.5	86.9	237	2.22e-65	212
WP_011243527.1	MER0015199|M41.015|M41	43.0	38.7	83.2	237	4.11e-59	196
WP_011243527.1	MER0011745|M41.005|M41	48.1	38.5	89.2	237	4.41e-59	195
WP_011243527.1	MER0015193|M41.019|M41	45.2	38.5	97.5	239	9.16e-58	191
WP_011243527.1	MER0015137|M41.025|M41	46.9	38.5	90.2	239	3.07e-57	190
WP_011243527.1	MER0015197|M41.013|M41	46.8	37.7	85.7	231	1.78e-56	188
WP_011243527.1	MER0015194|M41.A14|M41	42.3	38.2	84.2	234	8.47e-52	176
WP_011243527.1	MER0023544|M41.A10|M41	43.0	38.3	81.5	235	3.03e-51	175
WP_011243527.1	MER0005496|M41.007|M41	40.3	38.3	83.3	236	6.74e-48	166
WP_011243527.1	MER0056525|M41.A17|M41	39.8	38.3	89.2	236	7.82e-48	165
WP_011243527.1	MER0015195|M41.A15|M41	37.7	38.3	81.5	236	2.08e-46	162
WP_011243527.1	MER0190577|M41.A16|M41	38.6	38.5	89.3	236	4.28e-44	154
WP_011243527.1	MER0002600|M41.002|M41	39.4	38.3	87.5	236	2.10e-42	150
WP_011243527.1	MER0011224|M41.A09|M41	36.2	38.3	81.5	235	3.47e-42	150
WP_011243527.1	MER0005755|M41.026|M41	35.3	39.3	99.1	241	1.25e-41	147
WP_011243527.1	MER0171760|M41.A12|M41	35.6	40.6	89.4	250	1.30e-41	148
WP_011243527.1	MER0002605|M41.003|M41	37.3	38.3	84.2	236	6.68e-41	146
WP_011243527.1	MER0015609|M41.023|M41	36.0	38.3	81.6	236	8.02e-41	146
WP_011243527.1	MER0004454|M41.006|M41	38.4	38.3	82.5	237	8.45e-41	146
WP_011243527.1	MER0011748|M41.022|M41	35.2	40.0	85.4	247	1.61e-40	145
WP_011243591.1	MER0036065|S33.A03|S33	41.2	76.7	99.2	260	1.42e-60	191
WP_011243591.1	MER0036053|S33.A01|S33	32.3	77.3	97.7	263	6.72e-42	143
WP_011243591.1	MER0036054|S33.A02|S33	33.8	76.4	93.8	269	5.16e-40	139
WP_011243591.1	MER0036074|S33.A34|S33	20.9	78.8	73.1	297	6.89e-16	74.7
WP_011243591.1	MER0011509|S33.A84|S33	27.9	34.5	37.8	122	4.66e-11	59.7
WP_011243591.1	MER0011785|S33.009|S33	34.6	31.5	32.9	107	1.66e-08	52.0
WP_011243591.1	MER0017142|S33.994|S33	32.1	32.7	41.1	109	3.53e-08	50.4
WP_011243591.1	MER0044581|S33.A27|S33	28.0	29.7	28.7	107	5.76e-08	50.4
WP_011243591.1	MER0044578|S33.A28|S33	26.2	29.7	29.0	107	2.40e-07	48.5
WP_011243591.1	MER0036059|S33.A79|S33	22.8	76.1	86.6	311	3.20e-07	48.1
WP_011243591.1	MER0044633|S33.A26|S33	28.0	25.8	25.0	93	5.59e-06	44.3
WP_011243591.1	MER0036078|S33.A75|S33	28.6	29.4	41.9	105	9.55e-05	40.0
WP_011243727.1	MER0250299|S09.A52|S09X	27.0	46.7	43.5	115	1.50e-05	41.6
WP_011243741.1	MER0001244|M24.004|M24B	46.8	61.6	99.6	269	1.90e-75	233
WP_011243741.1	MER0013463|M24.026|M24B	39.1	61.3	99.2	271	3.55e-53	176
WP_011243741.1	MER0028601|M24.033|M24B	41.6	61.1	99.2	274	5.91e-53	175
WP_011243741.1	MER0001733|M24.A09|M24B	31.4	58.6	95.5	280	2.96e-36	132
WP_011243741.1	MER0001248|M24.007|M24B	34.6	48.3	93.7	237	8.36e-35	127
WP_011243741.1	MER0004931|M24.008|M24B	31.5	58.8	96.5	257	4.29e-30	113
WP_011243741.1	MER0005462|M24.031|M24B	31.5	58.8	96.5	257	5.73e-29	110
WP_011243741.1	MER0004532|M24.034|M24B	29.4	56.8	92.5	248	1.20e-21	90.1
WP_011243741.1	MER0001250|M24.003|M24B	29.7	59.3	98.3	286	3.48e-21	90.1
WP_011243741.1	MER0005715|M24.A11|M24B	30.2	58.8	95.3	258	6.88e-19	82.4
WP_011243741.1	MER0015127|M24.A05|M24A	24.6	58.4	98.0	268	2.95e-13	66.2
WP_011243741.1	MER0005690|M24.A06|M24A	23.8	56.8	95.2	256	7.91e-12	62.0
WP_011243741.1	MER0015128|M24.A07|M24A	22.1	58.4	97.6	272	1.77e-08	52.0
WP_011243741.1	MER0013589|M24.A12|M24A	24.1	46.2	76.4	212	1.41e-04	40.0
WP_011243803.1	MER0011806|C44.A03|C44	42.4	49.1	100	243	7.26e-56	183
WP_011243803.1	MER0004101|C44.A01|C44	41.2	49.1	100	243	6.57e-52	173
WP_011243803.1	MER0011781|C44.A02|C44	39.5	49.1	100	243	7.92e-48	162
WP_011243803.1	MER0003314|C44.001|C44	40.7	45.4	93.2	248	1.28e-47	162
WP_011243803.1	MER0003327|C44.971|C44	30.2	37.5	77.4	189	2.50e-17	78.2
WP_011243803.1	MER0185695|C44.A08|C44	25.8	40.6	90.0	209	4.91e-12	62.4
WP_011243803.1	MER0012158|C44.972|C44	24.9	40.6	64.1	225	3.66e-11	61.2
WP_011243803.1	MER0003350|C44.975|C44	25.2	37.5	100	210	5.92e-11	58.9
WP_011243882.1	MER0006046|S14.A02|S14	41.8	85.1	84.5	194	8.61e-49	156
WP_011243882.1	MER0000474|S14.001|S14	43.8	85.1	84.5	194	1.72e-48	155
WP_011243882.1	MER0002211|S14.003|S14	40.3	83.8	83.1	191	8.83e-43	140
WP_011243882.1	MER0005687|S14.A01|S14	37.9	93.0	95.3	214	1.11e-41	138
WP_011243882.1	MER0004857|S14.008|S14	44.6	81.6	80.2	186	1.11e-40	135
WP_011243882.1	MER0006063|S14.010|S14	40.6	84.2	83.2	192	4.52e-40	134
WP_011243882.1	MER0004847|S14.009|S14	38.0	83.3	82.7	192	7.90e-38	128
WP_011243882.1	MER0002299|S14.A04|S14	37.9	83.3	85.1	190	7.26e-37	125
WP_011243882.1	MER0004855|S14.A03|S14	34.4	85.5	84.2	195	1.10e-34	120
WP_011243882.1	MER0004182|S14.006|S14	30.3	85.5	86.7	195	1.91e-30	108
WP_011243882.1	MER0006056|S14.011|S14	34.0	85.1	82.5	194	9.10e-30	107
WP_011243882.1	MER0006308|S14.002|S14	28.2	89.9	93.4	206	6.83e-29	104
WP_011243882.1	MER0011666|S14.005|S14	33.1	77.2	87.3	178	2.42e-27	100
WP_011243883.1	MER0000474|S14.001|S14	63.3	90.5	86.5	180	7.13e-76	224
WP_011243883.1	MER0005687|S14.A01|S14	59.6	95.5	93.4	198	9.55e-70	208
WP_011243883.1	MER0006308|S14.002|S14	48.7	97.0	98.5	193	2.75e-68	204
WP_011243883.1	MER0006046|S14.A02|S14	55.1	93.0	88.9	185	5.56e-68	204
WP_011243883.1	MER0004857|S14.008|S14	60.7	86.9	82.6	173	2.98e-65	197
WP_011243883.1	MER0002299|S14.A04|S14	56.8	88.4	87.1	176	8.08e-64	193
WP_011243883.1	MER0004855|S14.A03|S14	54.7	95.5	89.0	190	2.96e-63	192
WP_011243883.1	MER0002211|S14.003|S14	54.7	91.0	87.0	181	7.92e-63	191
WP_011243883.1	MER0004847|S14.009|S14	53.6	89.9	86.1	179	1.33e-61	187
WP_011243883.1	MER0006063|S14.010|S14	52.6	86.9	82.7	173	1.51e-55	172
WP_011243883.1	MER0006056|S14.011|S14	53.0	82.9	77.3	166	1.40e-51	162
WP_011243883.1	MER0011666|S14.005|S14	45.1	86.9	92.6	175	4.92e-47	150
WP_011243883.1	MER0004182|S14.006|S14	43.1	87.4	85.2	174	3.37e-45	145
WP_011243883.1	MER0001369|S14.007|S14	41.7	36.2	55.0	72	4.96e-15	65.9
WP_011243883.1	MER0042954|S49.005|S49C	28.7	68.8	84.0	143	6.42e-04	35.8
WP_011243892.1	MER0003280|S33.990|S33	27.5	38.6	37.8	109	1.08e-06	45.8
WP_011243892.1	MER0044900|S33.A21|S33	30.1	34.3	28.1	103	1.31e-06	45.8
WP_011243892.1	MER0036067|S33.A71|S33	23.9	69.6	66.3	205	3.49e-06	44.3
WP_011243892.1	MER0031611|S33.977|S33	22.8	88.2	85.4	254	8.53e-05	40.0
WP_011243894.1	MER0000474|S14.001|S14	66.7	81.3	94.2	195	1.01e-88	258
WP_011243894.1	MER0005687|S14.A01|S14	61.4	84.2	92.9	202	1.70e-78	232
WP_011243894.1	MER0002211|S14.003|S14	57.6	79.6	92.3	191	9.93e-72	215
WP_011243894.1	MER0006046|S14.A02|S14	53.9	79.6	92.3	191	9.93e-72	215
WP_011243894.1	MER0004855|S14.A03|S14	52.4	85.8	95.7	208	3.47e-70	211
WP_011243894.1	MER0004847|S14.009|S14	51.7	85.0	96.6	205	1.26e-67	204
WP_011243894.1	MER0002299|S14.A04|S14	53.6	81.7	97.5	196	2.86e-67	203
WP_011243894.1	MER0006063|S14.010|S14	50.7	84.6	97.1	203	1.66e-65	199
WP_011243894.1	MER0004857|S14.008|S14	60.8	71.3	82.1	171	2.60e-64	196
WP_011243894.1	MER0006308|S14.002|S14	47.6	77.5	96.4	189	4.47e-52	164
WP_011243894.1	MER0006056|S14.011|S14	47.1	71.7	81.0	172	1.80e-49	158
WP_011243894.1	MER0004182|S14.006|S14	41.6	82.1	95.1	197	8.01e-49	156
WP_011243894.1	MER0011666|S14.005|S14	45.7	71.3	91.5	173	1.92e-40	134
WP_011243894.1	MER0001369|S14.007|S14	37.5	30.0	55.0	72	4.74e-10	53.1
WP_011243970.1	MER0001243|M24.001|M24A	45.2	89.9	94.3	250	4.03e-76	229
WP_011243970.1	MER0005690|M24.A06|M24A	39.5	89.5	98.8	248	4.79e-57	180
WP_011243970.1	MER0015127|M24.A05|M24A	41.1	85.2	94.0	236	1.91e-56	179
WP_011243970.1	MER0015128|M24.A07|M24A	39.3	89.2	98.0	247	3.61e-54	173
WP_011243970.1	MER0001342|M24.017|M24A	39.4	89.9	94.6	249	6.99e-54	172
WP_011243970.1	MER0013589|M24.A12|M24A	38.0	88.4	100	245	3.20e-53	170
WP_011243970.1	MER0013929|M24.028|M24A	36.4	89.2	96.8	247	4.78e-52	167
WP_011243970.1	MER0013450|M24.036|M24A	36.5	89.2	97.6	252	1.79e-45	150
WP_011243970.1	MER0010972|M24.950|M24A	27.5	85.2	88.9	236	3.93e-24	94.7
WP_011243970.1	MER0003880|M24.035|M24A	31.7	71.5	64.1	202	1.85e-22	91.3
WP_011243970.1	MER0004931|M24.008|M24B	25.3	88.4	95.2	249	7.37e-18	77.4
WP_011243970.1	MER0024896|M24.A13|M24A	32.8	44.0	25.2	122	3.67e-17	77.8
WP_011243970.1	MER0004532|M24.034|M24B	28.2	72.6	83.3	202	2.30e-15	70.5
WP_011243970.1	MER0005462|M24.031|M24B	23.6	88.4	95.2	246	2.33e-15	70.5
WP_011243970.1	MER0001244|M24.004|M24B	24.3	53.1	54.2	148	4.63e-09	52.8
WP_011243970.1	MER0002038|M24.006|M24B	24.3	72.2	83.0	202	6.66e-09	52.0
WP_011244139.1	MER0002043|M42.A01|M42	26.3	92.2	90.6	339	2.94e-15	72.8
WP_011244139.1	MER0004410|M42.004|M42	26.7	77.3	77.0	277	6.57e-15	71.6
WP_011244139.1	MER0025084|M42.A02|M42	25.2	96.5	97.1	341	2.08e-14	70.1
WP_011244139.1	MER0005472|M42.007|M42	27.4	59.6	58.1	208	2.23e-12	63.9
WP_011244139.1	MER0022215|M42.008|M42	24.9	95.3	92.1	337	2.36e-12	63.9
WP_011244139.1	MER0002040|M42.001|M42	28.1	62.8	61.1	228	1.07e-11	62.0
WP_011244139.1	MER0002046|M42.010|M42	22.8	89.0	90.2	312	1.76e-10	58.2
WP_011244139.1	MER0005169|M42.009|M42	26.1	52.0	50.0	180	3.40e-10	57.4
WP_011244139.1	MER0005160|M42.003|M42	26.0	73.8	74.9	262	5.72e-10	56.6
WP_011244261.1	MER0195438|G01.006|G01	41.2	29.1	17.5	34	7.82e-04	34.3
WP_011244442.1	MER0016191|S66.001|S66	31.0	94.0	99.0	297	1.46e-31	116
WP_011244442.1	MER0016172|S66.002|S66	30.1	93.0	95.4	292	3.65e-27	104
WP_011244442.1	MER0016185|S66.003|S66	23.5	80.2	82.7	281	7.47e-09	52.8
WP_011244469.1	MER0000870|A24.001|A24A	38.3	83.6	92.7	222	4.22e-32	115
WP_011244469.1	MER0002075|A24.A01|A24A	34.4	56.1	95.8	151	3.22e-12	59.7
WP_011244469.1	MER0000869|A24.019|A24A	30.1	58.0	94.7	156	1.28e-10	55.5
WP_011244469.1	MER0000876|A24.A10|A24A	32.7	54.2	67.3	147	3.04e-08	49.7
WP_011244488.1	MER0321345|S49.A08|S49B	41.9	63.7	93.5	172	5.22e-47	152
WP_011244488.1	MER0003812|S49.008|S49X	41.9	63.7	89.1	172	1.36e-46	151
WP_011244488.1	MER0001299|S49.001|S49A	36.1	74.8	34.6	202	9.36e-30	114
WP_011244488.1	MER0044046|S49.006|S49B	37.1	61.9	88.6	167	4.12e-28	103
WP_011244488.1	MER0011114|S49.004|S49B	36.7	65.6	47.5	180	2.07e-27	105
WP_011244488.1	MER0013957|S49.007|S49B	32.6	63.7	90.4	172	4.98e-26	98.2
WP_011244488.1	MER0001300|S49.002|S49B	32.3	61.5	87.6	167	1.09e-17	75.9
WP_011244488.1	MER0001303|S49.003|S49B	29.9	61.9	84.5	167	1.64e-15	70.1
WP_011244529.1	MER0016301|M103.001|M103	32.1	86.9	87.7	418	2.23e-49	172
WP_011244529.1	MER0028087|M103.002|M103	23.9	85.4	88.6	410	3.82e-20	89.4
WP_011244529.1	MER0016248|M103.003|M103	28.3	45.9	83.9	219	4.45e-16	74.7
WP_011244529.1	MER0016222|M103.950|M103	24.9	69.1	69.1	333	6.31e-10	57.8
WP_011244602.1	MER0214939|S33.A69|S33	29.2	95.4	98.8	243	8.53e-31	111
WP_011244602.1	MER0214730|S33.A67|S33	27.6	95.4	98.8	243	1.03e-27	103
WP_011244602.1	MER0213595|S33.A70|S33	29.4	94.5	97.5	238	1.61e-25	97.4
WP_011244602.1	MER0213816|S33.A80|S33	30.2	84.5	88.5	215	6.00e-25	95.9
WP_011244602.1	MER0017142|S33.994|S33	38.9	39.9	36.6	95	1.78e-10	56.2
WP_011244602.1	MER0036053|S33.A01|S33	31.6	39.5	35.7	95	4.67e-08	49.3
WP_011244602.1	MER0037863|S09.023|S09X	38.2	31.5	26.1	76	3.10e-07	47.0
WP_011244602.1	MER0037236|S33.016|S33	30.8	40.3	38.7	104	6.78e-07	45.8
WP_011244602.1	MER0044350|S33.A81|S33	26.0	38.7	35.4	96	3.06e-06	43.9
WP_011244602.1	MER0031616|S33.013|S33	27.8	38.7	30.9	97	6.19e-06	43.1
WP_011244602.1	MER0033245|S09.062|S09X	35.5	31.5	35.7	76	7.73e-06	42.4
WP_011244602.1	MER0036069|S33.A38|S33	32.4	40.8	28.2	102	1.57e-05	42.0
WP_011244602.1	MER0031618|S33.979|S33	27.8	45.0	39.6	115	1.88e-05	41.6
WP_011244602.1	MER0208880|S33.B12|S33	28.2	39.9	38.7	103	2.39e-05	41.2
WP_011244602.1	MER0036057|S33.A09|S33	35.1	38.7	31.2	94	6.25e-05	40.0
WP_011244602.1	MER0035032|S33.A96|S33	30.4	45.4	36.4	112	4.83e-04	37.4
WP_011244602.1	MER0036114|S33.980|S33	27.4	45.0	37.7	113	8.60e-04	36.6
WP_011244602.1	MER0031610|S33.976|S33	27.7	38.7	30.9	94	8.62e-04	36.6
WP_011244602.1	MER0035038|S33.A98|S33	28.2	47.9	37.8	117	8.66e-04	36.6
WP_011244728.1	MER0005742|M15.002|M15B	36.5	52.3	100	126	3.36e-18	74.3
WP_011244728.1	MER0001333|M15.010|M15B	30.1	53.9	41.1	133	5.14e-13	63.9
WP_011244728.1	MER0013458|M15.003|M15B	32.1	53.9	68.4	134	1.51e-11	58.5
WP_011244728.1	MER0014983|M15.024|M15B	34.6	42.3	72.7	104	5.16e-11	55.8
WP_011244728.1	MER0004954|M15.A05|M15C	32.4	40.2	75.2	102	2.05e-05	40.0
WP_011244777.1	MER0065588|C26.965|C26	41.5	91.7	98.0	200	1.02e-38	129
WP_011244835.1	MER0000441|S33.007|S33	33.3	33.1	15.7	78	5.64e-04	37.4
WP_011377434.1	MER0019120|M50.A04|M50B	38.7	44.1	81.7	225	2.34e-46	159
WP_011377434.1	MER0038874|M50.A02|M50B	35.3	46.9	83.6	238	1.56e-35	130
WP_011377434.1	MER0038875|M50.A01|M50B	33.9	49.1	88.0	254	6.68e-34	126
WP_011377460.1	MER0003380|M23.011|M23B	31.0	57.5	41.1	116	2.97e-12	60.5
WP_011377460.1	MER0066182|M23.A04|M23B	29.4	59.0	51.8	119	4.52e-11	56.6
WP_011377460.1	MER0387040|M23.A03|M23B	29.7	58.5	99.0	118	8.13e-11	53.9
WP_011377460.1	MER0069741|M23.009|M23B	29.3	57.5	57.0	116	4.08e-10	53.5
WP_011377460.1	MER0013541|M23.014|M23B	32.0	49.5	94.3	100	1.12e-09	50.4
WP_011377460.1	MER0003376|M23.005|M23B	27.0	57.0	68.1	122	9.18e-06	41.2
WP_011377483.1	MER0004202|T03.013|T03	50.0	98.4	97.9	508	3.57e-150	436
WP_011377483.1	MER0001978|T03.001|T03	26.7	98.2	94.8	544	5.51e-39	146
WP_011377483.1	MER0011811|T03.A03|T03	27.2	87.0	82.6	485	2.07e-29	118
WP_011377483.1	MER0011800|T03.A01|T03	26.8	86.6	79.8	474	1.05e-27	113
WP_011377483.1	MER0002720|T03.023|T03	25.0	97.2	98.9	504	3.45e-26	108
WP_011377483.1	MER0001977|T03.002|T03	28.1	86.0	84.8	495	8.02e-26	107
WP_011377483.1	MER0003580|T03.011|T03	26.1	86.6	84.1	475	1.07e-23	101
WP_011377483.1	MER0001629|T03.006|T03	26.9	98.4	95.1	540	8.10e-22	95.5
WP_011377483.1	MER0004194|T03.A07|T03	26.0	82.3	85.5	458	7.02e-18	83.2
WP_011377483.1	MER0002728|T03.012|T03	25.6	82.3	80.6	477	5.77e-17	80.5
WP_011377483.1	MER0005029|T03.009|T03	23.7	82.3	85.7	473	3.47e-14	71.6
WP_011377483.1	MER0016970|T03.017|T03	24.3	86.6	84.7	482	3.56e-14	71.6
WP_011377483.1	MER0005831|T03.A06|T03	23.3	86.6	84.4	502	2.61e-13	68.9
WP_011377483.1	MER0006124|T03.A05|T03	23.8	82.3	80.7	471	7.07e-11	61.2
WP_011377483.1	MER0026205|T03.019|T03	29.0	34.8	82.7	193	4.47e-07	47.8
WP_011377483.1	MER0006132|T03.014|T03	26.4	37.6	29.4	193	9.53e-07	48.1
WP_011377483.1	MER0002721|T03.016|T03	26.2	35.0	84.6	221	3.24e-05	42.4
WP_011377483.1	MER0002718|T03.008|T03	27.1	22.4	66.0	129	3.89e-04	38.5
WP_011377510.1	MER0002007|M20.008|M20D	38.2	93.1	96.4	385	2.34e-92	280
WP_011377510.1	MER0002655|M20.015|M20D	40.1	90.7	95.8	372	4.70e-88	269
WP_011377510.1	MER0002014|M20.A03|M20D	41.3	89.7	92.9	373	1.34e-78	245
WP_011377510.1	MER0002659|M20.014|M20D	39.4	89.7	92.9	371	1.34e-78	245
WP_011377510.1	MER0002013|M20.A02|M20D	39.7	88.7	91.9	373	1.46e-78	245
WP_011377510.1	MER0005155|M20.A06|M20D	37.3	90.0	96.9	373	3.23e-73	231
WP_011377510.1	MER0003770|M20.A27|M20D	38.8	90.0	96.3	369	2.92e-72	228
WP_011377510.1	MER0005173|M20.A05|M20D	35.9	90.7	98.1	376	8.97e-67	214
WP_011377510.1	MER0005163|M20.009|M20D	30.0	89.7	93.6	370	2.30e-46	157
WP_011377510.1	MER0003815|M20.A04|M20D	29.2	91.7	92.0	377	8.74e-45	154
WP_011377510.1	MER0003581|M20.020|M20D	32.4	81.4	100	346	1.18e-40	144
WP_011377510.1	MER0015354|M20.A01|M20D	39.6	49.8	72.1	212	3.19e-38	136
WP_011377510.1	MER0002664|M20.A26|M20D	38.8	35.0	47.8	147	3.24e-21	89.7
WP_011377515.1	MER0036065|S33.A03|S33	50.6	86.7	99.2	257	3.53e-92	271
WP_011377515.1	MER0036053|S33.A01|S33	38.2	87.4	97.7	267	1.18e-50	165
WP_011377515.1	MER0036054|S33.A02|S33	35.7	87.7	95.3	266	4.49e-50	164
WP_011377515.1	MER0036074|S33.A34|S33	25.0	89.1	73.1	296	8.08e-25	99.8
WP_011377515.1	MER0036059|S33.A79|S33	24.4	86.0	86.6	311	4.98e-12	62.4
WP_011377515.1	MER0011509|S33.A84|S33	32.7	34.5	32.1	101	1.03e-11	61.2
WP_011377515.1	MER0044581|S33.A27|S33	35.6	33.8	28.7	104	1.29e-10	58.2
WP_011377515.1	MER0044633|S33.A26|S33	35.9	33.8	28.7	103	3.08e-10	57.0
WP_011377515.1	MER0044578|S33.A28|S33	33.7	33.8	29.0	104	7.42e-10	55.8
WP_011377515.1	MER0011785|S33.009|S33	27.1	83.6	80.3	266	9.11e-10	55.5
WP_011377515.1	MER0036075|S33.A73|S33	35.8	33.8	29.3	106	2.29e-09	54.3
WP_011377515.1	MER0017193|S33.991|S33	36.0	30.0	30.3	89	7.75e-09	52.4
WP_011377515.1	MER0030163|S33.975|S33	27.7	34.5	34.7	101	1.50e-08	51.6
WP_011377515.1	MER0014065|S33.974|S33	27.6	39.2	34.8	116	1.72e-08	51.6
WP_011377515.1	MER0213829|S33.A76|S33	34.5	33.8	31.9	110	4.05e-08	50.4
WP_011377515.1	MER0036078|S33.A75|S33	34.3	35.5	32.9	105	5.09e-08	49.7
WP_011377515.1	MER0037236|S33.016|S33	25.6	80.9	85.8	250	2.44e-07	47.8
WP_011377515.1	MER0031610|S33.976|S33	30.6	36.9	35.2	111	6.92e-07	46.6
WP_011377515.1	MER0017123|S33.972|S33	43.8	20.5	21.5	64	3.90e-06	44.3
WP_011377515.1	MER0036073|S33.A35|S33	21.3	86.3	74.7	267	9.64e-04	37.0
WP_011377523.1	MER0039482|C14.035|C14B	28.0	17.9	66.7	132	1.02e-07	49.7
WP_011377523.1	MER0039469|C14.034|C14B	34.1	12.5	41.8	91	5.64e-07	47.8
WP_011377523.1	MER0039461|C14.A01|C14B	34.1	11.9	27.3	85	2.55e-06	46.6
WP_011377523.1	MER0044996|C14.047|C14B	29.5	13.3	32.3	95	9.58e-05	41.6
WP_011377554.1	MER0195774|M16.019|M16B	31.6	44.5	100	228	3.05e-25	99.4
WP_011377554.1	MER0003448|M16.016|M16B	21.3	49.6	88.6	254	1.71e-12	63.9
WP_011377554.1	MER0001229|M16.003|M16B	23.2	51.4	97.7	263	1.59e-11	60.8
WP_011377554.1	MER0001233|M16.A05|M16B	25.6	50.2	88.4	262	1.65e-11	61.2
WP_011377554.1	MER0043985|M16.980|M16B	23.2	51.4	89.8	263	2.06e-11	60.8
WP_011377554.1	MER0390687|M16.A15|M16B	22.9	41.5	97.0	214	2.56e-08	50.4
WP_011377554.1	MER0003543|M16.973|M16B	22.4	49.8	89.4	255	6.05e-07	47.4
WP_011377554.1	MER0026957|M16.977|M16B	25.0	41.3	73.4	212	3.29e-06	45.1
WP_011377554.1	MER0014333|M16.A03|M16B	25.3	46.5	79.8	249	2.29e-05	42.7
WP_011377554.1	MER0001223|M16.006|M16A	42.9	9.6	25.5	49	2.74e-05	42.0
WP_011377554.1	MER0169735|M16.021|M16A	30.0	11.6	30.0	60	1.74e-04	39.7
WP_011377554.1	MER0001218|M16.008|M16A	31.0	11.4	27.4	58	1.91e-04	39.7
WP_011377554.1	MER0002008|M16.004|M16B	34.6	10.0	22.0	52	2.97e-04	39.3
WP_011377554.1	MER0015090|M16.975|M16B	22.4	49.4	88.5	255	3.75e-04	38.9
WP_011377595.1	MER0003290|S01.482|S01C	40.0	40.4	99.4	165	1.28e-23	92.8
WP_011377595.1	MER0004086|S01.B81|S01C	41.0	40.2	99.4	166	3.97e-23	91.7
WP_011377595.1	MER0005468|S01.491|S01C	36.3	40.4	99.4	168	6.02e-20	82.8
WP_011377595.1	MER0003850|S01.500|S01C	35.5	43.1	93.2	172	6.69e-20	83.2
WP_011377595.1	MER0022668|S01.447|S01C	37.9	40.7	95.9	169	1.13e-19	82.4
WP_011377595.1	MER0004111|S01.442|S01C	37.9	40.4	99.4	161	3.82e-19	80.5
WP_011377595.1	MER0016031|S01.364|S01C	37.6	40.4	99.4	170	4.96e-19	80.5
WP_011377595.1	MER0013623|S01.453|S01C	40.4	35.8	87.6	141	9.50e-19	79.3
WP_011377595.1	MER0001945|S01.472|S01C	33.9	40.4	99.4	165	1.10e-18	79.3
WP_011377595.1	MER0000268|S01.480|S01C	36.3	40.4	99.4	160	2.34e-17	75.5
WP_011377595.1	MER0002577|S01.277|S01C	35.6	40.4	99.3	163	1.11e-16	73.6
WP_011377595.1	MER0004093|S01.278|S01C	38.8	40.4	99.3	160	1.11e-16	73.6
WP_011377595.1	MER0028330|S01.329|S01C	36.2	40.4	99.3	163	1.01e-15	70.9
WP_011377595.1	MER0000266|S01.273|S01C	34.2	40.4	99.4	161	2.77e-15	69.7
WP_011377595.1	MER0001372|S01.274|S01C	34.5	40.4	99.4	165	3.78e-15	69.3
WP_011377595.1	MER0014795|S01.284|S01C	33.3	40.4	99.4	168	4.04e-15	69.3
WP_011377595.1	MER0063616|S01.454|S01C	36.2	40.4	99.4	163	1.03e-14	68.2
WP_011377595.1	MER0005089|S01.A07|S01C	36.8	40.4	99.4	163	1.27e-14	67.8
WP_011377595.1	MER0014318|S01.A06|S01C	36.8	40.4	99.4	163	3.24e-14	66.6
WP_011377595.1	MER0016351|S01.285|S01C	34.4	40.4	99.3	163	4.33e-14	66.2
WP_011377595.1	MER0004673|S01.494|S01C	34.4	43.4	69.0	195	1.14e-13	67.4
WP_011377595.1	MER0010944|S01.474|S01C	33.1	40.4	99.4	175	2.17e-13	64.7
WP_011377595.1	MER0011375|S01.476|S01C	33.7	40.4	99.4	163	3.91e-13	63.5
WP_011377595.1	MER0005094|S01.279|S01C	31.3	40.4	99.4	163	7.74e-13	62.8
WP_011377595.1	MER0006096|S01.A08|S01C	34.5	33.2	97.7	139	8.22e-13	62.0
WP_011377632.1	MER0003290|S01.482|S01C	70.1	38.7	100	157	3.03e-75	228
WP_011377632.1	MER0000268|S01.480|S01C	53.5	38.7	100	159	9.51e-51	165
WP_011377632.1	MER0004111|S01.442|S01C	54.7	38.7	100	159	5.89e-49	160
WP_011377632.1	MER0004673|S01.494|S01C	38.0	64.8	97.8	284	9.07e-48	161
WP_011377632.1	MER0003850|S01.500|S01C	48.6	42.9	97.7	177	1.32e-46	155
WP_011377632.1	MER0005468|S01.491|S01C	49.4	38.7	100	158	2.96e-46	153
WP_011377632.1	MER0002577|S01.277|S01C	49.7	38.7	100	157	5.39e-45	150
WP_011377632.1	MER0013623|S01.453|S01C	48.1	38.7	100	160	1.06e-44	149
WP_011377632.1	MER0004093|S01.278|S01C	51.6	38.7	100	157	4.13e-44	147
WP_011377632.1	MER0011375|S01.476|S01C	47.2	38.7	100	159	1.76e-42	143
WP_011377632.1	MER0028330|S01.329|S01C	47.8	38.7	100	157	3.36e-42	142
WP_011377632.1	MER0001945|S01.472|S01C	49.1	38.7	100	159	5.65e-42	142
WP_011377632.1	MER0000266|S01.273|S01C	49.4	38.7	100	160	7.70e-41	139
WP_011377632.1	MER0014795|S01.284|S01C	45.4	38.7	100	163	8.91e-40	136
WP_011377632.1	MER0016351|S01.285|S01C	45.2	38.7	100	157	1.04e-39	136
WP_011377632.1	MER0001372|S01.274|S01C	48.1	38.7	100	162	1.60e-39	135
WP_011377632.1	MER0001373|S01.275|S01C	47.9	38.7	100	163	4.65e-39	134
WP_011377632.1	MER0006096|S01.A08|S01C	52.6	32.8	100	133	1.11e-38	132
WP_011377632.1	MER0003293|S01.477|S01C	46.1	37.9	100	154	2.10e-36	127
WP_011377632.1	MER0004086|S01.B81|S01C	46.5	37.2	95.1	155	8.36e-36	126
WP_011377632.1	MER0004149|S01.525|S01C	45.3	36.0	89.6	148	2.42e-34	122
WP_011377632.1	MER0016031|S01.364|S01C	44.3	38.7	100	167	1.39e-33	120
WP_011377632.1	MER0015583|S01.416|S01C	43.3	35.0	97.4	150	1.91e-32	117
WP_011377632.1	MER0010944|S01.474|S01C	41.6	38.7	100	173	2.28e-32	117
WP_011377632.1	MER0022668|S01.447|S01C	41.3	38.7	100	172	1.19e-31	115
WP_011377662.1	MER0107808|C82.A03|C82A	39.3	67.2	100	135	3.59e-19	76.3
WP_011377662.1	MER0094392|C82.003|C82B	28.5	68.3	92.9	123	8.31e-15	64.3
WP_011377662.1	MER0107825|C82.A04|C82A	35.0	67.2	100	137	1.26e-14	64.3
WP_011377662.1	MER0107804|C82.A02|C82A	34.3	67.2	100	137	4.84e-14	62.8
WP_011377662.1	MER0107820|C82.A05|C82A	32.4	67.2	100	136	5.28e-14	62.8
WP_011377747.1	MER0024252|C40.009|C40	60.2	54.3	99.2	128	3.60e-51	159
WP_011377747.1	MER0003807|C40.007|C40	39.8	48.7	89.0	118	1.79e-15	67.4
WP_011377747.1	MER0001322|C40.001|C40	36.6	40.1	72.0	93	9.39e-12	57.4
WP_011377747.1	MER0014672|C40.012|C40	39.1	34.1	72.0	92	2.10e-11	56.6
WP_011377747.1	MER0031199|C40.011|C40	41.2	29.3	93.0	68	7.97e-10	50.8
WP_011377778.1	MER1054487|C44.951|C44	56.2	24.3	100	379	1.67e-139	431
WP_011377778.1	MER0198917|C44.003|C44	43.0	24.3	100	379	1.47e-99	321
WP_011377781.1	MER0017177|S33.973|S33	35.6	34.6	31.9	104	7.72e-13	64.7
WP_011377781.1	MER0003280|S33.990|S33	37.4	33.2	34.0	99	1.51e-12	63.5
WP_011377781.1	MER0000436|S33.021|S33	32.7	34.9	37.0	107	2.28e-11	60.1
WP_011377781.1	MER0036065|S33.A03|S33	24.5	79.5	97.7	257	1.28e-08	51.6
WP_011377781.1	MER0036053|S33.A01|S33	22.5	79.9	95.8	262	4.36e-08	50.1
WP_011377781.1	MER0044578|S33.A28|S33	27.2	40.3	34.9	125	1.93e-07	48.5
WP_011377781.1	MER0017123|S33.972|S33	24.4	90.6	94.6	291	7.09e-07	46.6
WP_011377781.1	MER0030163|S33.975|S33	28.4	33.9	34.7	102	9.46e-05	40.0
WP_011377781.1	MER0210156|S33.B13|S33	37.9	21.5	32.8	66	1.13e-04	39.3
WP_011377820.1	MER0002408|M41.017|M41	56.3	37.7	94.7	238	1.44e-78	246
WP_011377820.1	MER0015137|M41.025|M41	45.8	37.7	91.0	240	1.12e-57	192
WP_011377820.1	MER0011745|M41.005|M41	45.0	39.2	96.9	258	1.22e-57	192
WP_011377820.1	MER0005466|M41.021|M41	43.4	37.8	98.3	242	1.00e-55	186
WP_011377820.1	MER0015193|M41.019|M41	43.2	37.7	98.3	241	1.31e-55	186
WP_011377820.1	MER0017637|M41.024|M41	40.4	36.9	95.1	235	1.19e-53	181
WP_011377820.1	MER0002563|M41.020|M41	40.4	36.9	95.1	235	4.47e-53	179
WP_011377820.1	MER0002602|M41.009|M41	41.6	37.2	86.5	238	8.50e-52	176
WP_011377820.1	MER0015199|M41.015|M41	41.3	38.8	86.0	247	2.11e-46	162
WP_011377820.1	MER0015197|M41.013|M41	41.3	37.7	88.4	240	1.18e-45	159
WP_011377820.1	MER0001620|M41.001|M41	38.7	36.1	79.5	230	3.54e-41	148
WP_011377820.1	MER0023544|M41.A10|M41	36.1	37.7	82.5	241	9.69e-40	144
WP_011377820.1	MER0015195|M41.A15|M41	33.7	38.8	85.1	246	9.00e-39	141
WP_011377820.1	MER0056525|M41.A17|M41	33.3	39.1	94.0	249	1.47e-36	134
WP_011377820.1	MER0015194|M41.A14|M41	33.3	37.7	85.7	240	2.10e-36	134
WP_011377820.1	MER0171760|M41.A12|M41	32.1	42.7	98.1	274	3.84e-36	133
WP_011377820.1	MER0011224|M41.A09|M41	33.5	37.8	82.9	242	2.99e-34	128
WP_011377820.1	MER0015609|M41.023|M41	32.4	38.8	85.3	247	1.82e-33	126
WP_011377820.1	MER0005496|M41.007|M41	32.6	37.8	84.8	242	5.91e-33	124
WP_011377820.1	MER0004454|M41.006|M41	30.7	37.2	82.5	238	6.65e-33	124
WP_011377820.1	MER0002605|M41.003|M41	33.6	37.8	85.7	241	7.34e-33	124
WP_011377820.1	MER0024898|M41.A13|M41	34.7	37.8	83.6	242	9.29e-33	124
WP_011377820.1	MER0002600|M41.002|M41	32.4	37.8	89.1	241	2.06e-32	122
WP_011377820.1	MER0190577|M41.A16|M41	31.5	37.0	88.5	235	5.36e-32	121
WP_011377820.1	MER0011748|M41.022|M41	33.3	38.8	85.8	249	1.09e-31	121
WP_011377838.1	MER0080749|T01.022|T01X	48.1	71.6	100	189	3.30e-61	188
WP_011377877.1	MER0019759|M01.A25|M01	30.9	25.9	98.7	236	7.01e-28	109
WP_011377877.1	MER0002968|M01.024|M01	27.4	24.7	100	219	5.05e-24	98.2
WP_011377877.1	MER0011440|M01.A09|M01	30.8	22.3	90.5	201	1.76e-23	96.7
WP_011377877.1	MER0091680|M01.A31|M01	31.0	24.2	94.1	216	5.86e-23	95.1
WP_011377877.1	MER0002746|M01.010|M01	28.4	25.9	98.3	236	5.14e-22	92.8
WP_011377877.1	MER0168983|M01.033|M01	33.9	19.8	95.8	174	8.40e-22	90.1
WP_011377877.1	MER0005331|M01.018|M01	29.5	21.4	90.0	190	4.81e-21	89.4
WP_011377877.1	MER0011183|M01.A24|M01	25.6	24.2	96.8	215	1.13e-20	88.6
WP_011377877.1	MER0002060|M01.011|M01	28.5	21.7	88.1	200	1.44e-20	88.2
WP_011377877.1	MER0006264|M01.A29|M01	32.6	20.5	99.5	184	2.89e-20	86.3
WP_011377877.1	MER0002078|M01.A28|M01	25.2	25.9	98.3	230	3.66e-20	87.4
WP_011377877.1	MER0011369|M01.A12|M01	28.2	21.8	85.8	195	1.88e-19	85.1
WP_011377877.1	MER0004243|M01.016|M01	30.5	22.9	95.4	210	5.38e-19	83.6
WP_011377877.1	MER0011438|M01.A08|M01	29.5	19.2	81.1	176	2.22e-18	81.6
WP_011377877.1	MER0001185|M01.A15|M01	27.6	24.2	98.6	217	2.83e-17	78.6
WP_011377877.1	MER0001010|M01.007|M01	29.1	22.7	97.6	206	3.12e-17	78.2
WP_011377877.1	MER0011720|M01.A23|M01	26.2	25.2	98.1	221	6.64e-17	77.4
WP_011377877.1	MER0000997|M01.001|M01	28.4	23.5	96.3	215	7.05e-17	77.4
WP_011377877.1	MER0011175|M01.A07|M01	27.5	22.7	95.7	204	1.56e-16	76.3
WP_011377877.1	MER0001012|M01.003|M01	24.7	24.2	99.1	215	2.38e-16	75.9
WP_011377877.1	MER0002003|M01.015|M01	28.5	21.3	86.4	193	2.57e-16	75.9
WP_011377877.1	MER0011371|M01.A10|M01	26.8	21.0	90.4	190	2.69e-16	75.5
WP_011377877.1	MER0001003|M01.009|M01	30.1	19.4	94.6	176	7.46e-16	73.6
WP_011377877.1	MER0028449|M01.A30|M01	28.6	21.0	85.3	196	1.26e-15	73.9
WP_011377877.1	MER0011370|M01.A11|M01	26.0	21.3	90.5	192	1.29e-15	73.6
WP_011377907.1	MER0002271|M17.002|M17	51.6	96.9	99.6	492	8.19e-146	423
WP_011377907.1	MER0001238|M17.A03|M17	49.7	96.7	98.8	489	1.07e-141	413
WP_011377907.1	MER0004597|M17.A01|M17	60.5	68.9	96.6	344	4.45e-127	370
WP_011377907.1	MER0004598|M17.A02|M17	59.1	65.6	91.4	325	1.11e-116	344
WP_011377907.1	MER0024892|M17.008|M17	47.3	74.5	91.0	370	1.52e-98	299
WP_011377907.1	MER0035089|M17.010|M17	45.5	63.6	88.3	310	1.23e-79	249
WP_011377907.1	MER0041673|M17.013|M17	38.2	89.9	93.5	448	1.38e-75	242
WP_011377907.1	MER0003825|M17.016|M17	38.3	74.5	85.6	381	1.10e-71	231
WP_011377907.1	MER0001235|M17.001|M17	35.9	91.2	92.2	460	2.40e-71	231
WP_011377907.1	MER0001236|M17.003|M17	39.4	68.1	67.6	335	1.71e-65	216
WP_011377907.1	MER0014397|M17.015|M17	36.9	64.2	88.7	314	7.43e-57	189
WP_011377907.1	MER0003919|M17.005|M17	35.3	76.1	98.1	374	1.30e-55	187
WP_011377907.1	MER0001910|M17.009|M17	32.5	84.2	87.6	434	2.69e-54	186
WP_011377907.1	MER0026959|M17.950|M17	40.0	53.7	97.4	265	1.96e-52	175
WP_011377907.1	MER0002497|M17.004|M17	39.1	63.8	74.2	322	1.96e-50	174
WP_011377907.1	MER0105906|M17.014|M17	34.6	71.0	73.1	361	3.12e-45	161
WP_011377907.1	MER0013416|M17.006|M17	36.7	63.8	80.4	319	4.01e-44	156
WP_011377907.1	MER0001240|M17.A05|M17	36.0	60.3	61.5	303	8.70e-40	147
WP_011377907.1	MER0011357|M17.A04|M17	32.9	63.6	58.4	316	2.75e-39	146
WP_011377907.1	MER0081108|M17.012|M17	30.4	40.5	44.6	214	2.88e-15	74.7
WP_011377907.1	MER0079520|M17.011|M17	34.7	28.8	28.3	147	7.43e-15	73.6
WP_011377926.1	MER0237414|M16.970|M16B	26.8	53.4	96.6	231	2.49e-17	77.8
WP_011377926.1	MER0003448|M16.016|M16B	23.0	47.5	87.7	200	8.88e-16	73.2
WP_011377926.1	MER0026957|M16.977|M16B	20.5	38.2	73.9	161	3.43e-06	44.7
WP_011377941.1	MER0042387|M48.019|M48C	39.9	61.8	97.3	178	1.60e-28	104
WP_011377941.1	MER0026552|M48.A01|M48C	33.7	58.9	95.3	166	1.67e-19	80.5
WP_011377941.1	MER0031491|M48.023|M48C	28.6	60.4	99.0	189	3.53e-18	77.4
WP_011377941.1	MER0026545|M48.018|M48C	32.3	55.6	60.7	164	1.34e-14	68.9
WP_011377941.1	MER0002642|M48.A03|M48C	27.5	55.3	90.9	160	5.82e-14	65.5
WP_011377941.1	MER0006292|M48.010|M48B	29.9	52.7	86.5	164	3.63e-07	46.2
WP_011377941.1	MER0006293|M48.004|M48B	42.3	24.0	30.6	71	6.50e-04	37.0
WP_011377963.1	MER0016248|M103.003|M103	32.3	56.5	100	254	1.68e-34	126
WP_011377963.1	MER0016222|M103.950|M103	24.0	93.0	91.1	429	3.81e-16	77.0
WP_011377979.1	MER0005466|M41.021|M41	50.2	37.1	95.8	231	1.71e-70	225
WP_011377979.1	MER0002602|M41.009|M41	46.2	38.2	88.8	238	2.83e-64	209
WP_011377979.1	MER0017637|M41.024|M41	46.4	36.9	95.1	235	6.69e-59	194
WP_011377979.1	MER0002563|M41.020|M41	45.5	36.9	95.1	235	2.54e-58	193
WP_011377979.1	MER0002408|M41.017|M41	42.3	38.2	96.3	241	2.05e-54	182
WP_011377979.1	MER0011120|M41.A04|M41	44.5	38.4	92.1	247	2.61e-53	180
WP_011377979.1	MER0001620|M41.001|M41	41.4	38.0	83.7	239	4.39e-52	177
WP_011377979.1	MER0002600|M41.002|M41	42.7	37.2	87.5	232	1.46e-51	175
WP_011377979.1	MER0015690|M41.A03|M41	43.8	37.6	90.2	242	2.63e-51	175
WP_011377979.1	MER0056525|M41.A17|M41	41.4	37.2	89.2	232	6.56e-51	173
WP_011377979.1	MER0171760|M41.A12|M41	38.3	42.9	98.1	269	3.55e-50	172
WP_011377979.1	MER0015137|M41.025|M41	41.9	38.8	93.0	246	1.05e-49	170
WP_011377979.1	MER0011745|M41.005|M41	41.9	38.8	91.9	246	1.14e-49	170
WP_011377979.1	MER0015197|M41.013|M41	42.2	37.2	87.3	232	1.59e-49	170
WP_011377979.1	MER0011224|M41.A09|M41	39.7	37.2	81.5	232	2.46e-48	167
WP_011377979.1	MER0002605|M41.003|M41	40.2	38.4	86.8	239	6.87e-48	166
WP_011377979.1	MER0015199|M41.015|M41	39.4	37.1	82.1	231	2.69e-47	164
WP_011377979.1	MER0015193|M41.019|M41	40.6	37.2	97.1	234	1.60e-46	161
WP_011377979.1	MER0023544|M41.A10|M41	42.4	37.1	81.1	231	3.26e-46	161
WP_011377979.1	MER0015195|M41.A15|M41	39.7	37.2	81.5	232	3.16e-45	159
WP_011377979.1	MER0015194|M41.A14|M41	41.8	37.1	84.2	237	3.33e-45	158
WP_011377979.1	MER0005496|M41.007|M41	39.9	37.2	83.3	233	3.72e-45	158
WP_011377979.1	MER0011748|M41.022|M41	38.4	37.2	81.8	232	7.84e-44	155
WP_011377979.1	MER0015609|M41.023|M41	37.9	37.2	81.6	232	9.83e-43	152
WP_011377979.1	MER0004454|M41.006|M41	38.4	37.2	82.5	232	1.87e-41	148
WP_011378038.1	MER0014135|S16.A04|S16	49.2	55.2	98.2	266	4.24e-81	249
WP_011378038.1	MER0000485|S16.001|S16	31.6	18.8	39.5	98	1.15e-07	49.7
WP_011378102.1	MER0016248|M103.003|M103	30.3	49.9	85.9	221	1.51e-20	87.4
WP_011378102.1	MER0028087|M103.002|M103	27.4	42.7	39.6	186	1.32e-11	62.8
WP_011378112.1	MER0180503|N10.002|N10	51.5	2.9	11.8	33	1.30e-04	42.0
WP_011378151.1	MER0006087|M03.A01|M03A	62.0	77.9	74.5	526	2.98e-235	667
WP_011378151.1	MER0015119|M03.A02|M03A	60.4	77.9	74.5	538	2.85e-229	652
WP_011378151.1	MER0001161|M03.004|M03A	44.2	77.8	75.3	532	6.53e-140	422
WP_011378151.1	MER0001158|M03.005|M03A	33.1	77.3	74.2	528	4.54e-77	257
WP_011378151.1	MER0001149|M03.001|M03A	32.5	75.6	71.0	517	3.44e-69	236
WP_011378151.1	MER0001942|M03.002|M03A	32.7	70.8	68.6	489	4.08e-68	233
WP_011378151.1	MER0003110|M03.009|M03A	29.2	75.4	74.6	561	1.58e-58	207
WP_011378151.1	MER0001153|M03.003|M03A	28.6	75.6	72.5	528	2.02e-57	203
WP_011378151.1	MER0108144|M03.A07|M03A	28.9	79.1	78.1	546	3.11e-53	191
WP_011378151.1	MER0079465|M03.011|M03A	26.0	76.1	78.7	524	2.09e-50	182
WP_011378151.1	MER0015170|M03.A03|M03A	27.0	69.6	69.9	471	2.09e-39	150
WP_011378151.1	MER0001156|M03.006|M03A	25.7	66.8	66.0	479	7.87e-35	137
WP_011378151.1	MER0059435|M03.A11|M03A	22.3	23.7	25.0	184	3.60e-04	40.4
WP_011378211.1	MER0015475|S54.029|S54	45.8	70.2	76.5	155	6.45e-32	112
WP_011378211.1	MER0015659|S54.A06|S54	30.3	63.9	59.6	142	1.37e-08	50.1
WP_011378211.1	MER0015462|S54.A18|S54	30.1	68.8	79.0	153	3.38e-08	48.5
WP_011378211.1	MER0094384|S54.A16|S54	32.5	70.2	73.6	151	3.42e-07	45.8
WP_011378211.1	MER0015633|S54.A04|S54	29.2	65.4	60.6	144	1.37e-06	44.3
WP_011378211.1	MER0015631|S54.A01|S54	28.7	65.4	59.5	150	1.91e-06	43.9
WP_011378211.1	MER0015460|S54.A05|S54	27.0	61.5	54.7	163	4.18e-06	43.1
WP_011378233.1	MER0011830|T05.002|T05	44.9	53.4	100	225	8.27e-49	162
WP_011378233.1	MER0011829|T05.001|T05	38.5	53.4	99.1	234	2.03e-37	132
WP_011378242.1	MER0069741|M23.009|M23B	39.5	42.0	65.1	119	5.22e-19	79.3
WP_011378242.1	MER0001419|M23.004|M23B	37.6	42.4	83.9	125	7.03e-17	72.8
WP_011378242.1	MER0387040|M23.A03|M23B	36.5	36.4	97.1	104	1.35e-16	70.9
WP_011378242.1	MER0066182|M23.A04|M23B	34.4	43.8	58.8	125	3.13e-16	72.4
WP_011378242.1	MER0003380|M23.011|M23B	37.8	42.0	47.3	119	3.28e-16	73.2
WP_011378242.1	MER0003423|M23.012|M23B	36.8	42.4	83.9	125	3.59e-16	70.9
WP_011378242.1	MER0003376|M23.005|M23B	34.8	45.6	69.9	132	1.02e-13	64.7
WP_011378242.1	MER0013541|M23.014|M23B	38.5	32.2	98.9	91	2.28e-13	61.6
WP_011378242.1	MER0005300|M23.950|M23B	32.7	39.9	66.9	113	3.44e-13	63.2
WP_011378242.1	MER0003906|M23.013|M23B	35.2	36.4	99.1	108	4.02e-10	53.1
WP_011378242.1	MER0388771|M23.A06|M23B	32.8	36.4	98.2	116	1.37e-07	46.2
WP_011378242.1	MER0025070|M23.010|M23B	32.8	36.4	94.9	116	1.48e-07	46.2
WP_011378291.1	MER0015682|S09.074|S09C	54.9	46.7	99.3	308	8.92e-105	317
WP_011378291.1	MER0126485|S09.072|S09X	53.0	36.5	100	236	1.05e-81	254
WP_011378291.1	MER0003558|S09.A83|S09C	46.5	39.7	98.1	256	1.67e-71	229
WP_011378291.1	MER0140224|S09.B03|S09X	51.3	33.9	94.1	224	6.25e-71	226
WP_011378291.1	MER0018170|S09.057|S09C	41.2	36.9	97.2	245	1.72e-53	181
WP_011378291.1	MER0001920|S09.A77|S09C	32.4	32.0	86.6	213	2.46e-30	116
WP_011378291.1	MER0005807|S09.070|S09C	29.2	35.6	82.9	233	5.81e-22	93.2
WP_011378291.1	MER0011583|S09.079|S09D	30.9	33.9	89.2	223	2.96e-21	90.5
WP_011378291.1	MER0005994|S09.A03|S09B	26.2	42.0	97.7	279	1.43e-19	85.9
WP_011378291.1	MER0000408|S09.004|S09C	28.1	31.7	83.7	217	7.34e-19	83.6
WP_011378291.1	MER0017401|S09.071|S09C	29.2	31.9	85.8	209	1.43e-18	82.4
WP_011378291.1	MER0011413|S09.016|S09B	26.8	33.1	90.4	224	7.53e-14	68.6
WP_011378291.1	MER0000263|S09.012|S09C	27.4	31.6	86.3	212	1.42e-13	67.8
WP_011378291.1	MER0034615|S09.075|S09C	23.8	35.5	92.3	235	3.74e-13	66.6
WP_011378291.1	MER0004199|S09.A76|S09B	25.1	31.1	87.9	207	1.19e-09	55.8
WP_011378291.1	MER0004504|S09.008|S09B	27.9	20.8	56.5	140	3.76e-07	48.5
WP_011378291.1	MER0000405|S09.006|S09B	25.4	31.6	75.5	209	1.51e-05	43.9
WP_011378291.1	MER1137425|S09.032|S09C	23.1	38.3	93.3	273	3.68e-04	39.7
WP_011378291.1	MER0066174|S09.949|S09X	25.3	27.1	70.3	190	9.25e-04	38.1
WP_011378323.1	MER0017239|S09.A68|S09C	34.3	68.9	64.8	204	2.24e-27	105
WP_011378323.1	MER0017246|S09.A24|S09C	29.0	93.4	96.3	293	3.39e-26	101
WP_011378323.1	MER0017240|S09.051|S09C	30.4	61.5	97.3	181	2.45e-24	94.0
WP_011378323.1	MER0035185|S09.A95|S09C	30.8	68.9	85.2	198	2.27e-21	87.0
WP_011378323.1	MER0017244|S09.A23|S09C	28.4	69.9	72.1	201	3.50e-21	87.4
WP_011378323.1	MER0017248|S09.A36|S09X	27.5	74.1	78.8	222	1.01e-19	83.6
WP_011378323.1	MER0017375|S09.A81|S09C	28.3	70.3	86.2	205	2.14e-18	79.0
WP_011378323.1	MER0017242|S09.A35|S09X	31.1	74.1	75.5	219	5.14e-18	79.0
WP_011378323.1	MER0017378|S09.A28|S09C	27.0	63.3	80.2	200	1.80e-15	71.2
WP_011378323.1	MER0031558|S09.A69|S09C	29.5	67.1	80.8	237	3.20e-14	68.2
WP_011378323.1	MER0017368|S09.054|S09C	31.9	57.3	72.2	182	1.45e-13	65.9
WP_011378323.1	MER0017243|S09.A78|S09C	27.7	60.8	64.8	213	3.25e-11	59.7
WP_011378323.1	MER0033244|S09.061|S09C	28.7	55.9	69.4	178	2.57e-09	53.5
WP_011378323.1	MER0031552|S09.A59|S09X	26.6	62.2	78.2	199	1.40e-08	51.2
WP_011378323.1	MER0044641|S33.A25|S33	29.4	40.9	40.0	126	2.15e-05	42.0
WP_011378323.1	MER0036048|S33.A13|S33	29.1	35.7	37.8	110	4.83e-05	40.8
WP_011378327.1	MER0060647|C26.952|C26	42.1	91.8	100	373	4.81e-85	259
WP_011378327.1	MER0044812|C26.A04|C26	51.1	55.2	89.3	219	4.36e-75	230
WP_011378327.1	MER0078640|C26.951|C26	36.1	91.6	100	379	3.09e-69	219
WP_011378327.1	MER0043540|C26.A33|C26	38.4	61.1	100	242	5.80e-51	167
WP_011378327.1	MER0046161|C26.956|C26	40.0	56.5	81.0	225	2.50e-48	162
WP_011378327.1	MER0045945|C26.963|C26	42.5	45.0	79.4	179	3.50e-47	157
WP_011378327.1	MER0115185|C26.954|C26	52.8	35.8	99.3	142	6.70e-47	154
WP_011378327.1	MER0436691|C26.A27|C26	31.5	68.8	89.4	276	4.90e-39	137
WP_011378327.1	MER0043537|C26.A31|C26	25.6	40.9	87.2	176	5.16e-12	61.2
WP_011378327.1	MER0044882|C26.A09|C26	31.0	36.3	85.2	158	8.57e-12	60.5
WP_011378327.1	MER0045094|C26.959|C26	31.1	38.6	66.0	161	3.64e-11	59.7
WP_011378327.1	MER0044622|C26.A25|C26	26.9	37.6	59.5	156	5.80e-11	59.3
WP_011378327.1	MER0043394|C26.955|C26	30.1	31.5	78.7	133	6.16e-10	54.7
WP_011378327.1	MER0043195|C26.A30|C26	26.6	34.5	61.2	154	8.70e-08	49.7
WP_011378327.1	MER0045095|C26.958|C26	26.4	30.9	52.4	140	2.40e-05	42.4
WP_011378327.1	MER0042974|C26.A07|C26	24.4	40.9	87.6	176	3.59e-05	41.2
WP_011378327.1	MER0043392|C26.960|C26	28.3	34.8	82.2	145	5.03e-05	40.4
WP_011378331.1	MER0066182|M23.A04|M23B	36.9	9.4	26.6	65	1.75e-05	43.1
WP_011378352.1	MER0004466|M50.006|M50B	29.2	72.2	95.0	291	1.66e-30	115
WP_011378352.1	MER0017395|M50.010|M50B	29.8	26.1	39.8	114	1.34e-04	40.0
WP_011378362.1	MER0203174|N10.003|N10	59.6	10.8	58.8	94	1.65e-36	132
WP_011378388.1	MER0036064|S33.A16|S33	31.1	76.9	88.6	235	8.64e-32	116
WP_011378388.1	MER0036078|S33.A75|S33	31.9	78.2	87.8	238	3.26e-30	111
WP_011378388.1	MER0036053|S33.A01|S33	28.4	78.9	97.7	261	2.13e-19	82.8
WP_011378388.1	MER0031611|S33.977|S33	25.4	82.2	88.1	260	5.00e-17	76.6
WP_011378388.1	MER0036067|S33.A71|S33	25.7	76.6	81.1	241	9.02e-17	75.9
WP_011378388.1	MER0036065|S33.A03|S33	23.9	76.2	97.3	251	6.36e-15	70.1
WP_011378388.1	MER0036054|S33.A02|S33	27.5	45.2	47.8	138	2.29e-13	65.9
WP_011378388.1	MER0031616|S33.013|S33	26.8	57.8	67.5	213	4.56e-12	62.4
WP_011378388.1	MER0011785|S33.009|S33	30.8	40.9	40.9	133	2.91e-11	60.1
WP_011378388.1	MER0036059|S33.A79|S33	25.0	76.6	86.1	304	3.24e-11	60.1
WP_011378388.1	MER0011509|S33.A84|S33	29.0	53.5	62.9	200	1.22e-10	58.2
WP_011378388.1	MER0025512|S33.010|S33	26.5	77.6	83.9	264	1.60e-09	54.7
WP_011378388.1	MER0037236|S33.016|S33	26.6	51.5	60.5	169	5.64e-09	52.8
WP_011378388.1	MER0044350|S33.A81|S33	30.6	33.3	38.4	111	5.89e-09	52.8
WP_011378388.1	MER0031619|S33.012|S33	31.7	34.0	33.4	104	9.77e-09	52.4
WP_011378388.1	MER0036069|S33.A38|S33	26.1	54.5	54.0	184	2.58e-08	51.2
WP_011378388.1	MER0031610|S33.976|S33	24.2	78.9	80.7	244	5.41e-08	50.1
WP_011378388.1	MER0035035|S33.A94|S33	31.3	44.9	43.8	147	1.76e-07	48.5
WP_011378388.1	MER0036068|S33.A19|S33	24.7	76.6	80.7	243	4.06e-07	47.4
WP_011378388.1	MER0036074|S33.A34|S33	26.9	38.0	34.6	145	1.64e-06	45.8
WP_011378388.1	MER0017142|S33.994|S33	24.3	78.2	94.7	243	3.36e-06	44.3
WP_011378388.1	MER0000437|S33.004|S33	21.2	81.8	89.5	278	7.55e-06	43.5
WP_011378388.1	MER0003537|S33.005|S33	22.8	46.5	48.6	149	1.70e-05	42.4
WP_011378388.1	MER0037853|S33.984|S33	32.0	32.0	32.3	103	1.86e-05	42.4
WP_011378388.1	MER0045809|S33.988|S33	37.5	23.8	24.6	72	5.36e-05	40.8
WP_011378408.1	MER0001297|S41.008|S41A	74.8	40.0	96.4	163	1.62e-81	244
WP_011378408.1	MER0003514|S41.010|S41A	55.6	39.8	95.9	162	6.60e-60	189
WP_011378408.1	MER0003413|S41.002|S41A	49.7	39.8	95.9	163	6.79e-53	171
WP_011378408.1	MER0003065|S41.009|S41A	51.9	39.8	95.9	162	1.84e-52	170
WP_011378408.1	MER0005714|S41.A01|S41A	49.1	38.8	93.8	167	9.45e-48	158
WP_011378408.1	MER0015684|S41.A02|S41A	51.6	39.1	94.2	161	2.12e-47	157
WP_011378408.1	MER0001425|S41.004|S41A	41.3	40.8	98.3	172	9.38e-34	121
WP_011378408.1	MER0004196|S41.013|S41A	40.2	39.6	95.3	164	6.15e-33	119
WP_011378408.1	MER0004195|S41.007|S41A	34.1	40.0	96.5	164	8.44e-28	105
WP_011378408.1	MER0001295|S41.001|S41A	31.0	39.6	95.6	174	3.17e-21	87.4
WP_011378408.1	MER0195376|S41.012|S41A	25.3	29.5	79.8	146	5.65e-06	43.5
WP_011378408.1	MER0078759|S41.952|S41A	29.0	30.0	68.9	138	5.52e-04	37.7
WP_011378453.1	MER0192051|I87.002|I87	28.5	50.4	32.7	137	6.70e-10	55.8
WP_011378462.1	MER0036053|S33.A01|S33	34.2	82.7	97.3	266	9.19e-43	145
WP_011378462.1	MER0036054|S33.A02|S33	33.1	86.9	100	281	4.77e-37	130
WP_011378462.1	MER0036065|S33.A03|S33	31.4	82.0	98.8	261	1.06e-32	118
WP_011378462.1	MER0036074|S33.A34|S33	23.2	90.2	77.1	315	7.49e-15	71.2
WP_011378462.1	MER0011509|S33.A84|S33	37.0	31.4	31.7	108	3.56e-12	62.8
WP_011378462.1	MER0030163|S33.975|S33	33.3	32.7	35.7	111	1.01e-11	61.2
WP_011378462.1	MER0014065|S33.974|S33	29.5	39.5	36.6	129	1.68e-11	60.8
WP_011378462.1	MER0031616|S33.013|S33	30.3	34.3	35.0	109	5.05e-11	59.3
WP_011378462.1	MER0036067|S33.A71|S33	25.5	80.7	80.8	255	1.17e-09	55.1
WP_011378462.1	MER0036078|S33.A75|S33	30.4	37.6	42.7	125	9.36e-09	52.0
WP_011378462.1	MER0036064|S33.A16|S33	30.3	31.7	37.6	99	1.90e-08	51.2
WP_011378462.1	MER0031614|S33.011|S33	28.7	32.0	29.7	101	2.63e-08	51.2
WP_011378462.1	MER0031617|S33.978|S33	24.0	49.7	53.2	154	3.83e-08	50.4
WP_011378462.1	MER0011785|S33.009|S33	30.9	32.4	32.0	110	1.43e-07	48.9
WP_011378462.1	MER0036068|S33.A19|S33	23.3	77.1	76.3	258	2.36e-06	45.1
WP_011378462.1	MER0036059|S33.A79|S33	28.4	33.0	33.0	116	8.59e-06	43.5
WP_011378462.1	MER0035044|S33.A97|S33	30.0	32.0	33.0	110	7.66e-05	40.4
WP_011378509.1	MER0036053|S33.A01|S33	40.2	85.3	98.9	261	7.46e-63	196
WP_011378509.1	MER0036065|S33.A03|S33	36.3	83.9	99.6	262	1.48e-44	149
WP_011378509.1	MER0036074|S33.A34|S33	32.1	91.3	77.1	312	1.87e-38	137
WP_011378509.1	MER0036054|S33.A02|S33	33.5	82.9	93.4	266	1.03e-37	132
WP_011378509.1	MER0031616|S33.013|S33	25.6	90.6	91.0	293	6.50e-14	67.8
WP_011378509.1	MER0030163|S33.975|S33	31.5	40.8	43.6	127	8.54e-13	64.3
WP_011378509.1	MER0011509|S33.A84|S33	22.2	87.3	87.3	284	2.67e-11	60.1
WP_011378509.1	MER0031617|S33.978|S33	25.8	77.3	79.9	240	2.59e-09	53.9
WP_011378509.1	MER0011785|S33.009|S33	33.3	33.8	32.6	108	5.55e-09	53.1
WP_011378509.1	MER0014065|S33.974|S33	27.3	42.1	38.4	128	7.51e-09	52.8
WP_011378509.1	MER0017177|S33.973|S33	30.8	46.5	41.5	143	1.81e-07	48.5
WP_011378509.1	MER0036059|S33.A79|S33	22.8	86.0	89.2	316	6.18e-07	47.0
WP_011378509.1	MER0017123|S33.972|S33	37.3	22.1	22.5	67	9.54e-07	46.2
WP_011378509.1	MER0033259|S33.982|S33	23.8	92.0	93.8	282	1.46e-06	45.4
WP_011378509.1	MER0036075|S33.A73|S33	31.3	35.1	31.7	112	1.07e-05	43.1
WP_011378509.1	MER0035973|S33.A14|S33	29.7	33.4	35.2	101	3.96e-05	41.2
WP_011378509.1	MER0044633|S33.A26|S33	27.4	43.1	40.1	146	6.10e-05	40.8
WP_011378509.1	MER0036068|S33.A19|S33	29.4	33.8	34.6	102	9.61e-05	40.0
WP_011378509.1	MER0213829|S33.A76|S33	30.2	35.1	34.4	116	1.02e-04	40.0
WP_011378522.1	MER0038875|M50.A01|M50B	38.3	51.4	94.5	264	1.75e-51	173
WP_011378522.1	MER0038874|M50.A02|M50B	37.6	52.2	91.8	266	2.24e-48	165
WP_011378522.1	MER0019120|M50.A04|M50B	31.8	47.0	89.9	242	2.45e-27	107
WP_039755620.1	MER0195774|M16.019|M16B	37.3	41.3	100	177	6.71e-34	122
WP_039755620.1	MER0003543|M16.973|M16B	29.7	45.3	85.0	192	3.04e-27	105
WP_039755620.1	MER0015090|M16.975|M16B	28.1	45.3	85.0	192	3.75e-25	99.8
WP_039755620.1	MER0001229|M16.003|M16B	29.0	45.3	89.4	193	2.18e-21	89.0
WP_039755620.1	MER0043985|M16.980|M16B	29.0	45.3	82.1	193	3.20e-21	89.0
WP_039755620.1	MER0003448|M16.016|M16B	25.4	45.3	84.6	193	9.75e-21	87.4
WP_039755620.1	MER0026957|M16.977|M16B	31.3	37.7	73.4	160	2.18e-18	80.5
WP_039755620.1	MER0390687|M16.A15|M16B	28.9	37.5	95.8	159	3.45e-18	78.6
WP_039755620.1	MER0001233|M16.A05|M16B	27.8	46.2	85.1	205	6.03e-16	73.9
WP_039755620.1	MER0004423|M16.A20|M16B	28.7	41.0	75.1	174	1.16e-15	72.8
WP_039755620.1	MER0014333|M16.A03|M16B	29.5	45.3	82.7	207	9.53e-15	70.5
WP_039755620.1	MER0092828|M16.015|M16B	26.8	37.0	99.4	157	1.09e-13	65.5
WP_039755620.1	MER0001222|M16.001|M16A	29.0	41.5	87.1	186	2.15e-13	65.9
WP_039755620.1	MER0002008|M16.004|M16B	26.3	43.9	79.7	194	4.36e-13	65.5
WP_039755620.1	MER0122186|M16.A14|M16A	25.5	42.9	92.0	188	6.24e-13	64.3
WP_039755620.1	MER0011292|M16.A07|M16A	30.2	36.8	69.8	162	7.54e-13	64.7
WP_039755620.1	MER0011192|M16.A06|M16A	36.1	22.6	59.1	97	3.74e-12	61.2
WP_039755620.1	MER0015259|M16.017|M16A	24.1	45.3	95.8	203	5.23e-11	58.9
WP_039755620.1	MER0169735|M16.021|M16A	29.0	36.1	80.0	162	5.93e-11	58.5
WP_039755620.1	MER0001413|M16.971|M16B	30.8	27.4	78.0	117	8.34e-11	57.0
WP_039755620.1	MER0003823|M16.A09|M16A	30.8	26.7	54.2	117	1.29e-10	57.8
WP_039755620.1	MER0001223|M16.006|M16A	31.0	35.4	80.2	155	5.92e-10	55.5
WP_039755620.1	MER0003386|M16.020|M16A	27.0	31.4	64.6	137	1.92e-09	54.3
WP_039755620.1	MER0011096|M16.A01|M16A	26.1	27.1	56.1	119	2.60e-09	53.9
WP_039755620.1	MER0002345|M16.A08|M16A	29.1	26.7	54.2	117	3.50e-09	53.5
WP_071818121.1	MER0000471|S13.002|S13	28.7	84.3	92.7	443	3.55e-34	130
WP_071818121.1	MER0026276|S13.A01|S13	26.9	82.7	92.1	443	1.50e-26	108
WP_071818121.1	MER0000472|S13.001|S13	26.9	77.7	85.3	394	1.07e-21	94.4
WP_071818121.1	MER0011571|S13.003|S13	25.0	84.7	92.8	424	3.36e-20	89.7
WP_071818121.1	MER0053015|S13.004|S13	26.6	84.5	95.7	429	1.35e-15	75.1
WP_071818121.1	MER0066354|S13.005|S13	42.0	9.7	15.2	50	9.37e-05	41.2
WP_161565872.1	MER0192427|S09.A96|S09C	25.6	16.5	29.7	90	3.93e-04	39.3
WP_173282570.1	MER0045886|C26.957|C26	45.4	42.6	95.3	227	3.39e-63	203
WP_173282570.1	MER0044889|C26.A21|C26	41.0	43.4	94.6	229	4.54e-56	185
WP_173282570.1	MER0042974|C26.A07|C26	40.4	35.4	99.5	193	8.83e-44	150
WP_173282570.1	MER0436735|C26.A34|C26	30.7	42.6	99.6	261	4.29e-41	145
WP_173282570.1	MER0043387|C26.950|C26	40.7	33.5	100	177	7.36e-41	142
WP_173282570.1	MER0043537|C26.A31|C26	38.1	34.3	96.3	181	3.87e-39	138
WP_173282570.1	MER0038086|C26.962|C26	35.0	40.2	89.7	226	6.13e-39	139
WP_173282570.1	MER0044622|C26.A25|C26	23.4	34.3	72.8	188	2.04e-15	73.2
WP_173282570.1	MER0043394|C26.955|C26	31.6	28.6	92.7	155	6.72e-14	66.6
WP_173282570.1	MER0044882|C26.A09|C26	27.7	28.2	86.3	159	7.01e-12	61.2
WP_173282570.1	MER0043392|C26.960|C26	25.2	29.5	91.7	159	9.90e-10	54.7
WP_173282570.1	MER0043475|C26.A05|C26	30.1	23.3	53.2	136	1.01e-07	50.1
WP_173282570.1	MER0044812|C26.A04|C26	28.1	31.4	66.0	171	1.28e-07	49.7
WP_173282570.1	MER0044619|C26.A26|C26	23.7	25.9	57.8	139	7.01e-07	47.4
WP_173282570.1	MER0043195|C26.A30|C26	24.2	21.2	49.6	124	3.31e-06	45.4
WP_173282570.1	MER0043540|C26.A33|C26	22.3	31.4	71.1	184	9.48e-04	37.7
WP_190528513.1	MER0437468|C26.A36|C26	43.0	61.2	99.7	349	2.03e-87	271
WP_190528513.1	MER0065554|C26.964|C26	47.8	44.5	93.7	253	6.53e-77	241
WP_190528513.1	MER0436717|C26.A29|C26	35.3	61.2	99.5	400	5.23e-59	198
WP_231621292.1	MER0043537|C26.A31|C26	31.6	39.9	50.5	95	7.32e-07	45.1
WP_231621292.1	MER0042974|C26.A07|C26	29.3	57.9	71.1	147	8.75e-06	42.0
WP_231621292.1	MER0043475|C26.A05|C26	29.0	57.9	57.2	145	8.91e-06	42.4
WP_231621343.1	MER0069741|M23.009|M23B	47.0	19.9	65.7	117	2.58e-23	94.0
WP_231621343.1	MER0003380|M23.011|M23B	50.0	18.3	41.5	102	6.78e-21	89.0
WP_231621343.1	MER0003906|M23.013|M23B	43.4	18.5	100	106	2.69e-20	83.2
WP_231621343.1	MER0013541|M23.014|M23B	47.7	15.6	96.6	86	1.06e-19	80.9
WP_231621343.1	MER0003376|M23.005|M23B	43.4	18.1	68.1	113	1.30e-19	83.2
WP_231621343.1	MER0015415|M23.951|M23B	34.2	26.8	84.7	152	1.96e-19	82.8
WP_231621343.1	MER0003423|M23.012|M23B	39.4	19.0	76.2	109	2.30e-16	73.2
WP_231621343.1	MER0001419|M23.004|M23B	39.4	19.0	76.2	109	5.82e-16	72.0
WP_231621343.1	MER0387040|M23.A03|M23B	36.6	18.1	96.1	101	1.05e-13	64.3
WP_231621343.1	MER0005300|M23.950|M23B	35.4	17.9	59.5	99	1.75e-13	65.5
WP_231621343.1	MER0066182|M23.A04|M23B	36.6	18.1	49.7	101	8.84e-13	64.3
WP_231621343.1	MER0001282|M23.002|M23A	37.3	9.2	32.8	59	1.59e-04	39.7
WP_231621350.1	MER0056047|M79.006|M79	57.7	16.5	97.5	78	6.68e-23	89.4
WP_231621350.1	MER0056022|M79.A02|M79	47.5	20.9	79.5	99	8.50e-20	82.0
WP_231621350.1	MER0055284|M79.A10|M79	35.8	17.1	98.8	81	6.21e-13	61.2
WP_231621350.1	MER0056027|M79.A03|M79	33.9	24.5	97.5	118	2.12e-12	60.8
WP_231621352.1	MER0065576|S09.A43|S09X	32.6	42.5	95.8	92	1.61e-04	36.6
WP_265575068.1	MER0000474|S14.001|S14	63.8	88.1	96.1	199	3.24e-86	251
WP_265575068.1	MER0005687|S14.A01|S14	69.9	77.9	83.4	176	3.87e-76	226
WP_265575068.1	MER0006046|S14.A02|S14	54.5	84.5	92.3	191	1.97e-70	211
WP_265575068.1	MER0002211|S14.003|S14	56.9	83.2	90.8	188	2.11e-67	203
WP_265575068.1	MER0002299|S14.A04|S14	53.2	82.3	92.5	186	7.51e-64	194
WP_265575068.1	MER0004857|S14.008|S14	53.7	84.1	91.3	190	5.94e-62	189
WP_265575068.1	MER0004855|S14.A03|S14	56.1	76.5	82.8	173	6.33e-62	189
WP_265575068.1	MER0004847|S14.009|S14	46.5	88.9	97.1	202	6.48e-59	182
WP_265575068.1	MER0006063|S14.010|S14	49.0	86.7	93.8	196	1.84e-58	181
WP_265575068.1	MER0006308|S14.002|S14	43.9	78.8	91.8	180	6.98e-53	166
WP_265575068.1	MER0004182|S14.006|S14	44.4	83.6	91.1	189	2.45e-52	165
WP_265575068.1	MER0006056|S14.011|S14	47.4	77.4	82.5	175	2.00e-50	160
WP_265575068.1	MER0011666|S14.005|S14	45.7	75.7	91.5	173	8.84e-41	135
WP_265575068.1	MER0001369|S14.007|S14	37.5	31.9	55.0	72	1.46e-09	51.6
WP_473965370.1	MER0036054|S33.A02|S33	38.8	85.7	94.5	260	6.26e-60	189
WP_473965370.1	MER0036065|S33.A03|S33	37.6	85.4	99.2	258	2.07e-59	187
WP_473965370.1	MER0036053|S33.A01|S33	38.2	87.4	99.2	267	8.65e-51	165
WP_473965370.1	MER0036074|S33.A34|S33	25.6	87.4	72.9	297	1.54e-21	90.5
WP_473965370.1	MER0017193|S33.991|S33	33.3	35.7	35.4	105	6.70e-11	58.5
WP_473965370.1	MER0030163|S33.975|S33	23.9	85.4	90.0	272	7.34e-11	58.5
WP_473965370.1	MER0017177|S33.973|S33	30.1	37.8	35.0	113	1.56e-10	57.8
WP_473965370.1	MER0011509|S33.A84|S33	20.7	92.5	91.7	299	4.91e-10	56.2
WP_473965370.1	MER0036078|S33.A75|S33	30.1	35.0	33.7	103	1.06e-09	54.7
WP_473965370.1	MER0037236|S33.016|S33	34.2	38.4	44.4	117	2.91e-09	53.5
WP_473965370.1	MER0014065|S33.974|S33	29.8	40.8	36.6	124	4.14e-08	50.4
WP_473965370.1	MER0036049|S33.A05|S33	23.7	76.5	79.6	236	4.70e-07	47.0
WP_473965370.1	MER0044578|S33.A28|S33	30.4	32.7	29.0	102	7.95e-07	46.6
WP_473965370.1	MER0044581|S33.A27|S33	30.4	32.7	28.7	102	2.54e-06	45.1
WP_473965370.1	MER0003280|S33.990|S33	30.3	33.0	34.4	99	5.09e-06	43.9
WP_473965370.1	MER0017123|S33.972|S33	41.3	21.1	21.1	63	5.25e-06	43.9
WP_473965370.1	MER0044633|S33.A26|S33	30.3	28.6	25.3	89	5.96e-06	43.9
WP_473965370.1	MER0036076|S33.A33|S33	23.3	83.3	76.8	249	6.90e-06	43.5
WP_473965370.1	MER0004146|S33.995|S33	30.5	38.4	44.4	118	1.10e-05	42.7
WP_473965370.1	MER0213829|S33.A76|S33	32.7	29.9	29.4	101	1.33e-05	42.7
WP_473965370.1	MER0036075|S33.A73|S33	31.9	31.0	27.8	94	1.83e-05	42.4
WP_473965370.1	MER0044580|S33.A39|S33	26.9	47.6	46.6	156	2.39e-05	42.0
WP_473965370.1	MER0036051|S33.A12|S33	26.7	28.9	27.7	90	1.31e-04	39.7
WP_473965370.1	MER0036062|S33.A07|S33	23.7	81.3	83.1	249	5.02e-04	37.7
