atcc27126_locus_new,atcc27126_locus_old,protein_accession,hot1a3_locus_new,hot1a3_locus_old,mit1002_locus
MASE_RS00010,MASE_00010,WP_012516526.1,ACZ81_RS00010,ACZ81_00010,
MASE_RS00045,MASE_00045,WP_014947716.1,ACZ81_RS00035,ACZ81_00035,TK37_RS04830
MASE_RS00060,MASE_00060,WP_014947719.1,ACZ81_RS00050,ACZ81_00050,TK37_RS04815
MASE_RS00070,MASE_00070,WP_014947721.1,ACZ81_RS00060,ACZ81_00060,TK37_RS04805
MASE_RS00090,MASE_00090,WP_014947725.1,ACZ81_RS00080,ACZ81_00080,TK37_RS04785
MASE_RS00095,MASE_00095,WP_014947726.1,ACZ81_RS00085,ACZ81_00085,TK37_RS04780
MASE_RS00110,MASE_00110,WP_014947729.1,ACZ81_RS00100,ACZ81_00100,
MASE_RS00125,MASE_00125,WP_014947732.1,ACZ81_RS00115,ACZ81_00115,TK37_RS04750
MASE_RS00150,MASE_00150,WP_014947737.1,ACZ81_RS00140,ACZ81_00140,
MASE_RS00235,MASE_00220,WP_012516568.1,ACZ81_RS00230,ACZ81_00230,TK37_RS10680
MASE_RS00245,MASE_00230,WP_014947752.1,ACZ81_RS00240,ACZ81_00240,TK37_RS10690
MASE_RS00250,MASE_00235,WP_014947753.1,ACZ81_RS00245,ACZ81_00245,
MASE_RS00255,MASE_00240,WP_014947754.1,ACZ81_RS00250,ACZ81_00250,TK37_RS10700
MASE_RS00270,MASE_00255,WP_014947757.1,ACZ81_RS00265,ACZ81_00265,TK37_RS10715
MASE_RS00275,MASE_00260,WP_012516577.1,ACZ81_RS00270,ACZ81_00270,TK37_RS10720
MASE_RS00320,MASE_00305,WP_014947766.1,ACZ81_RS00315,ACZ81_00315,
MASE_RS00325,MASE_00310,WP_014947767.1,ACZ81_RS00320,ACZ81_00320,TK37_RS10770
MASE_RS00350,MASE_00335,WP_014947772.1,ACZ81_RS00345,ACZ81_00345,
MASE_RS00365,MASE_00350,WP_014947775.1,ACZ81_RS00360,ACZ81_00360,
MASE_RS00440,MASE_00430,WP_014947789.1,ACZ81_RS00460,ACZ81_00460,
MASE_RS00450,MASE_00440,WP_014947791.1,ACZ81_RS00470,ACZ81_00470,TK37_RS10900
MASE_RS00465,MASE_00455,WP_014947794.1,ACZ81_RS00485,ACZ81_00485,
MASE_RS00500,MASE_00490,WP_014947801.1,ACZ81_RS00520,ACZ81_00520,TK37_RS10950
MASE_RS00520,MASE_00510,WP_014947805.1,ACZ81_RS00540,ACZ81_00540,TK37_RS08835
MASE_RS00550,MASE_00545,WP_014947810.1,ACZ81_RS00570,ACZ81_00570,
MASE_RS00555,MASE_00550,WP_014947811.1,ACZ81_RS00575,ACZ81_00575,TK37_RS08800
MASE_RS00585,MASE_00580,WP_014947817.1,ACZ81_RS00670,ACZ81_00670,
MASE_RS00615,MASE_00610,WP_014947823.1,ACZ81_RS00695,ACZ81_00695,
MASE_RS00630,MASE_00625,WP_014947826.1,ACZ81_RS00710,ACZ81_00710,TK37_RS08705
MASE_RS00635,MASE_00630,WP_014947827.1,ACZ81_RS00715,ACZ81_00715,
MASE_RS00640,MASE_00635,WP_014947828.1,ACZ81_RS00720,ACZ81_00720,TK37_RS08695
MASE_RS00660,MASE_00655,WP_014947832.1,ACZ81_RS00740,ACZ81_00740,TK37_RS08675
MASE_RS00680,MASE_00675,WP_014947836.1,ACZ81_RS00760,ACZ81_00760,
MASE_RS00730,MASE_00730,WP_014947845.1,ACZ81_RS00810,ACZ81_00810,
MASE_RS00750,MASE_00750,WP_014947849.1,ACZ81_RS00835,ACZ81_00835,
MASE_RS00755,MASE_00755,WP_014947850.1,ACZ81_RS00840,ACZ81_00840,
MASE_RS00775,MASE_00775,WP_014947854.1,ACZ81_RS00860,ACZ81_00860,TK37_RS08560
MASE_RS00780,MASE_00780,WP_014947855.1,ACZ81_RS00865,ACZ81_00865,
MASE_RS00805,MASE_00805,WP_014947860.1,ACZ81_RS00890,ACZ81_00890,
MASE_RS00810,MASE_00810,WP_014947861.1,ACZ81_RS00895,ACZ81_00895,TK37_RS08525
MASE_RS00815,MASE_00815,WP_014947862.1,ACZ81_RS00900,ACZ81_00900,
MASE_RS00870,MASE_00870,WP_232306440.1,ACZ81_RS00950,ACZ81_00955,
MASE_RS00875,MASE_00875,WP_014947874.1,ACZ81_RS00955,ACZ81_00960,
MASE_RS00880,MASE_00885,WP_014947876.1,ACZ81_RS00960,ACZ81_00965,TK37_RS19720
MASE_RS00890,MASE_00895,WP_014947878.1,ACZ81_RS00970,ACZ81_00975,
MASE_RS00905,MASE_00910,WP_014947881.1,ACZ81_RS00985,ACZ81_00990,
MASE_RS00930,MASE_00935,WP_014947886.1,ACZ81_RS01010,ACZ81_01015,TK37_RS19670
MASE_RS00940,MASE_00945,WP_014947888.1,ACZ81_RS01020,ACZ81_01025,TK37_RS14840
MASE_RS00975,MASE_00980,WP_014947895.1,ACZ81_RS01055,ACZ81_01060,TK37_RS14805
MASE_RS01045,MASE_01050,WP_014947909.1,ACZ81_RS01125,ACZ81_01130,TK37_RS14735
MASE_RS01065,MASE_01070,WP_014947913.1,ACZ81_RS01145,ACZ81_01150,TK37_RS14715
MASE_RS01110,MASE_01115,WP_014947922.1,ACZ81_RS01190,ACZ81_01195,TK37_RS14670
MASE_RS01115,MASE_01120,WP_014947923.1,ACZ81_RS01195,ACZ81_01200,
MASE_RS01145,MASE_01150,WP_014947929.1,ACZ81_RS01225,ACZ81_01230,
MASE_RS01170,MASE_01170,WP_014947933.1,ACZ81_RS01410,ACZ81_01420,
MASE_RS01180,MASE_01180,WP_014947935.1,ACZ81_RS01420,ACZ81_01430,
MASE_RS01210,MASE_01210,WP_014947941.1,ACZ81_RS01450,ACZ81_01460,
MASE_RS01220,MASE_01220,WP_014947943.1,ACZ81_RS01460,ACZ81_01470,
MASE_RS01240,MASE_01240,WP_014947947.1,ACZ81_RS01480,ACZ81_01490,
MASE_RS01250,MASE_01250,WP_014947949.1,ACZ81_RS01490,ACZ81_01500,
MASE_RS01265,MASE_01265,WP_014947952.1,ACZ81_RS01510,ACZ81_01520,
MASE_RS01300,MASE_01310,WP_014947959.1,ACZ81_RS01545,ACZ81_01555,TK37_RS18345
MASE_RS01310,MASE_01320,WP_012516940.1,ACZ81_RS01555,ACZ81_01565,
MASE_RS01335,MASE_01345,WP_014947965.1,ACZ81_RS01580,ACZ81_01590,
MASE_RS01340,MASE_01350,WP_014947966.1,ACZ81_RS01585,ACZ81_01595,TK37_RS18305
MASE_RS01375,MASE_01370,WP_014947970.1,ACZ81_RS01630,ACZ81_01640,TK37_RS15640
MASE_RS01390,MASE_01385,WP_014947973.1,ACZ81_RS01645,ACZ81_01655,TK37_RS15620
MASE_RS01400,MASE_01395,WP_010179497.1,ACZ81_RS01655,ACZ81_01665,TK37_RS15610
MASE_RS01405,MASE_01400,WP_014947975.1,ACZ81_RS01660,ACZ81_01670,TK37_RS15605
MASE_RS01410,MASE_01405,WP_012516958.1,ACZ81_RS01665,ACZ81_01675,TK37_RS15600
MASE_RS01415,MASE_01410,WP_012516959.1,ACZ81_RS01670,ACZ81_01680,TK37_RS15595
MASE_RS01425,MASE_01420,WP_012516961.1,ACZ81_RS01680,ACZ81_01690,TK37_RS15585
MASE_RS01430,MASE_01425,WP_014947977.1,ACZ81_RS01685,ACZ81_01695,TK37_RS15580
MASE_RS01435,MASE_01430,WP_014947978.1,ACZ81_RS01690,ACZ81_01700,TK37_RS15575
MASE_RS01440,MASE_01435,WP_014947979.1,ACZ81_RS01695,ACZ81_01705,
MASE_RS01445,MASE_01440,WP_014947980.1,ACZ81_RS01700,ACZ81_01710,TK37_RS15565
MASE_RS01560,MASE_01560,WP_012516988.1,ACZ81_RS01815,ACZ81_01825,TK37_RS15455
MASE_RS01565,MASE_01565,WP_014948004.1,ACZ81_RS01820,ACZ81_01830,TK37_RS15450
MASE_RS01570,MASE_01570,WP_014948005.1,ACZ81_RS01825,ACZ81_01835,
MASE_RS01575,MASE_01575,WP_014948006.1,ACZ81_RS01830,ACZ81_01840,
MASE_RS01585,MASE_01585,WP_014948008.1,ACZ81_RS01840,ACZ81_01850,TK37_RS19745
MASE_RS01610,MASE_01610,WP_014948013.1,ACZ81_RS01865,ACZ81_01875,
MASE_RS01625,MASE_01625,WP_014948016.1,ACZ81_RS01880,ACZ81_01890,
MASE_RS01635,MASE_01635,WP_014948018.1,ACZ81_RS01890,ACZ81_01900,TK37_RS17395
MASE_RS01645,MASE_01645,WP_014948020.1,ACZ81_RS01900,ACZ81_01910,TK37_RS17385
MASE_RS01680,MASE_01680,WP_014948027.1,ACZ81_RS01935,ACZ81_01945,TK37_RS17350
MASE_RS01685,MASE_01685,WP_014948028.1,ACZ81_RS01940,ACZ81_01950,TK37_RS17345
MASE_RS01690,MASE_01690,WP_014948029.1,ACZ81_RS01945,ACZ81_01955,
MASE_RS01705,MASE_01705,WP_014948032.1,ACZ81_RS01960,ACZ81_01970,TK37_RS17325
MASE_RS01715,MASE_01715,WP_014948034.1,ACZ81_RS01970,ACZ81_01980,TK37_RS17315
MASE_RS01720,MASE_01720,WP_014948035.1,ACZ81_RS01975,ACZ81_01985,TK37_RS17310
MASE_RS01780,MASE_01780,WP_014948047.1,ACZ81_RS02025,ACZ81_02035,
MASE_RS01820,MASE_01825,WP_014948054.1,ACZ81_RS02065,ACZ81_02075,TK37_RS14320
MASE_RS01830,MASE_01835,WP_014948056.1,ACZ81_RS02075,ACZ81_02085,TK37_RS14310
MASE_RS01845,MASE_01850,WP_039225152.1,ACZ81_RS02090,ACZ81_02100,
MASE_RS01850,MASE_01855,WP_014948060.1,ACZ81_RS02095,ACZ81_02105,
MASE_RS01860,MASE_01865,WP_014948062.1,ACZ81_RS02105,ACZ81_02115,TK37_RS14280
MASE_RS01865,MASE_01870,WP_232362799.1,ACZ81_RS02110,ACZ81_02120,
MASE_RS01880,MASE_01885,WP_014948066.1,ACZ81_RS02130,ACZ81_02140,
MASE_RS01890,MASE_01895,WP_014948068.1,ACZ81_RS02140,ACZ81_02150,TK37_RS14250
MASE_RS01895,MASE_01900,WP_014948069.1,ACZ81_RS02145,ACZ81_02155,TK37_RS14245
MASE_RS01900,MASE_01905,WP_014948070.1,ACZ81_RS02150,ACZ81_02160,TK37_RS14240
MASE_RS01905,MASE_01910,WP_014948071.1,ACZ81_RS02155,ACZ81_02165,TK37_RS14235
MASE_RS01915,MASE_01920,WP_014948073.1,ACZ81_RS02165,ACZ81_02175,TK37_RS14225
MASE_RS01925,MASE_01930,WP_014948075.1,ACZ81_RS02175,ACZ81_02185,TK37_RS14215
MASE_RS01960,MASE_01960,WP_014948080.1,ACZ81_RS02205,ACZ81_02215,
MASE_RS01990,MASE_01990,WP_230633705.1,ACZ81_RS02240,ACZ81_02250,
MASE_RS01995,MASE_01995,WP_014948087.1,ACZ81_RS02245,ACZ81_02255,TK37_RS14145
MASE_RS02000,MASE_02000,WP_014948088.1,ACZ81_RS02250,ACZ81_02260,TK37_RS14140
MASE_RS02005,MASE_02005,WP_014948089.1,ACZ81_RS02255,ACZ81_02265,TK37_RS14135
MASE_RS02035,MASE_02040,WP_012517074.1,ACZ81_RS02285,ACZ81_02295,TK37_RS14390
MASE_RS02040,MASE_02045,WP_014948094.1,ACZ81_RS02290,ACZ81_02300,TK37_RS14395
MASE_RS02055,MASE_02060,WP_014948097.1,ACZ81_RS02305,ACZ81_02315,
MASE_RS02060,MASE_02065,WP_014948098.1,ACZ81_RS02310,ACZ81_02320,TK37_RS14415
MASE_RS02080,MASE_02080,WP_014948101.1,ACZ81_RS02330,ACZ81_02340,TK37_RS14435
MASE_RS02095,MASE_02095,WP_014948104.1,ACZ81_RS02345,ACZ81_02355,
MASE_RS02115,MASE_02115,WP_014948108.1,ACZ81_RS02365,ACZ81_02375,TK37_RS14470
MASE_RS02120,MASE_02120,WP_014948109.1,ACZ81_RS02370,ACZ81_02380,TK37_RS14475
MASE_RS02140,MASE_02140,WP_014948113.1,ACZ81_RS02390,ACZ81_02400,
MASE_RS02185,MASE_02185,WP_014948122.1,ACZ81_RS02435,ACZ81_02445,TK37_RS14540
MASE_RS02190,MASE_02190,WP_014948123.1,ACZ81_RS02440,ACZ81_02450,
MASE_RS02235,MASE_02235,WP_014948132.1,ACZ81_RS02485,ACZ81_02495,TK37_RS14585
MASE_RS02255,MASE_02255,WP_014948136.1,ACZ81_RS02505,ACZ81_02515,
MASE_RS02320,MASE_02325,WP_014948148.1,ACZ81_RS02660,ACZ81_02670,
MASE_RS02330,MASE_02335,WP_014948150.1,ACZ81_RS02670,ACZ81_02680,TK37_RS15280
MASE_RS02335,MASE_02340,WP_012517169.1,ACZ81_RS02675,ACZ81_02685,TK37_RS15285
MASE_RS02340,MASE_02345,WP_012517170.1,ACZ81_RS02680,ACZ81_02690,TK37_RS15290
MASE_RS02345,MASE_02350,WP_014948151.1,ACZ81_RS02685,ACZ81_02695,
MASE_RS02365,MASE_02370,WP_014948155.1,ACZ81_RS02705,ACZ81_02715,
MASE_RS02385,MASE_02390,WP_014948159.1,ACZ81_RS02725,ACZ81_02735,TK37_RS09825
MASE_RS02390,MASE_02395,WP_014948160.1,ACZ81_RS02730,ACZ81_02740,TK37_RS09820
MASE_RS02400,MASE_02405,WP_014948162.1,ACZ81_RS02740,ACZ81_02750,
MASE_RS02410,MASE_02415,WP_014948164.1,ACZ81_RS02750,ACZ81_02760,TK37_RS09800
MASE_RS02425,MASE_02430,WP_014948167.1,ACZ81_RS02765,ACZ81_02775,
MASE_RS02490,MASE_02500,WP_014948179.1,ACZ81_RS02805,ACZ81_02815,
MASE_RS02510,MASE_02520,WP_014948183.1,ACZ81_RS02825,ACZ81_02835,TK37_RS09700
MASE_RS02515,MASE_02525,WP_039224447.1,ACZ81_RS02830,ACZ81_02840,TK37_RS09695
MASE_RS02535,MASE_02545,WP_014948188.1,ACZ81_RS02850,ACZ81_02860,TK37_RS09675
MASE_RS02725,MASE_02740,WP_014948227.1,ACZ81_RS03085,ACZ81_03095,TK37_RS19860
MASE_RS02750,MASE_02765,WP_014948232.1,ACZ81_RS03100,ACZ81_03110,TK37_RS19845
MASE_RS02825,MASE_02840,WP_014948247.1,ACZ81_RS03170,ACZ81_03180,
MASE_RS02830,MASE_02845,WP_014948248.1,ACZ81_RS03175,ACZ81_03185,
MASE_RS02855,MASE_02875,WP_014948252.1,ACZ81_RS03200,ACZ81_03210,
MASE_RS02905,MASE_02930,WP_014948263.1,ACZ81_RS03250,ACZ81_03260,
MASE_RS02915,MASE_02940,WP_014948265.1,ACZ81_RS03260,ACZ81_03270,TK37_RS08285
MASE_RS02930,MASE_02955,WP_012517258.1,ACZ81_RS03275,ACZ81_03285,TK37_RS08300
MASE_RS02945,MASE_02970,WP_014948270.1,ACZ81_RS03290,ACZ81_03300,TK37_RS08315
MASE_RS02950,MASE_02975,WP_014948271.1,ACZ81_RS03295,ACZ81_03305,
MASE_RS02955,MASE_02980,WP_014948272.1,ACZ81_RS03300,ACZ81_03310,
MASE_RS02960,MASE_02985,WP_014948273.1,ACZ81_RS03305,ACZ81_03315,
MASE_RS02965,MASE_02990,WP_014948274.1,ACZ81_RS03310,ACZ81_03320,TK37_RS08335
MASE_RS02975,MASE_03000,WP_014948276.1,ACZ81_RS03320,ACZ81_03330,
MASE_RS02985,MASE_03010,WP_014948278.1,ACZ81_RS03330,ACZ81_03340,
MASE_RS02990,MASE_03015,WP_014948279.1,ACZ81_RS03335,ACZ81_03345,TK37_RS08360
MASE_RS03000,MASE_03025,WP_014948281.1,ACZ81_RS03345,ACZ81_03355,TK37_RS08370
MASE_RS03030,MASE_03055,WP_014948287.1,ACZ81_RS03370,ACZ81_03380,TK37_RS08395
MASE_RS03040,MASE_03065,WP_012517279.1,ACZ81_RS03380,ACZ81_03390,TK37_RS08405
MASE_RS03045,MASE_03070,WP_014948289.1,ACZ81_RS03385,ACZ81_03395,TK37_RS08410
MASE_RS03085,MASE_03115,WP_014948296.1,ACZ81_RS03425,ACZ81_03435,
MASE_RS03100,MASE_03130,WP_014948299.1,ACZ81_RS03445,ACZ81_03455,
MASE_RS03115,MASE_03145,WP_014948302.1,ACZ81_RS03460,ACZ81_03470,TK37_RS03620
MASE_RS03120,MASE_03150,WP_014948303.1,ACZ81_RS03465,ACZ81_03475,
MASE_RS03130,MASE_03160,WP_014948305.1,ACZ81_RS03475,ACZ81_03485,TK37_RS03635
MASE_RS03140,MASE_03170,WP_014948307.1,ACZ81_RS03485,ACZ81_03495,TK37_RS03645
MASE_RS03145,MASE_03175,WP_014948308.1,ACZ81_RS03490,ACZ81_03500,TK37_RS03650
MASE_RS03205,MASE_03235,WP_014948318.1,ACZ81_RS03550,ACZ81_03560,
MASE_RS03260,MASE_03290,WP_014948329.1,ACZ81_RS03655,ACZ81_03665,TK37_RS03810
MASE_RS03275,MASE_03305,WP_014948332.1,ACZ81_RS03670,ACZ81_03680,
MASE_RS03280,MASE_03310,WP_014948333.1,ACZ81_RS03675,ACZ81_03685,
MASE_RS03285,MASE_03315,WP_012517332.1,ACZ81_RS03680,ACZ81_03690,TK37_RS03835
MASE_RS03290,MASE_03320,WP_014948334.1,ACZ81_RS03685,ACZ81_03695,TK37_RS03840
MASE_RS03310,MASE_03340,WP_014948338.1,ACZ81_RS03705,ACZ81_03715,TK37_RS03860
MASE_RS03320,MASE_03350,WP_014948340.1,ACZ81_RS03715,ACZ81_03725,TK37_RS03870
MASE_RS03330,MASE_03360,WP_012517338.1,ACZ81_RS03725,ACZ81_03735,TK37_RS03880
MASE_RS03335,MASE_03365,WP_014948342.1,ACZ81_RS03730,ACZ81_03740,
MASE_RS03340,MASE_03370,WP_014948343.1,ACZ81_RS03735,ACZ81_03745,TK37_RS03890
MASE_RS03345,MASE_03375,WP_014948344.1,ACZ81_RS03740,ACZ81_03750,
MASE_RS03350,MASE_03380,WP_014948345.1,ACZ81_RS03745,ACZ81_03755,TK37_RS03900
MASE_RS03355,MASE_03385,WP_014948346.1,ACZ81_RS03750,ACZ81_03760,
MASE_RS03365,MASE_03395,WP_014948348.1,ACZ81_RS03760,ACZ81_03770,TK37_RS03915
MASE_RS03375,MASE_03405,WP_014948350.1,ACZ81_RS03770,ACZ81_03780,TK37_RS03925
MASE_RS03380,MASE_03410,WP_014948351.1,ACZ81_RS03775,ACZ81_03785,TK37_RS03930
MASE_RS03385,MASE_03415,WP_014948352.1,ACZ81_RS03780,ACZ81_03790,
MASE_RS03405,MASE_03435,WP_014948356.1,ACZ81_RS03805,ACZ81_03815,TK37_RS03955
MASE_RS03410,MASE_03440,WP_014948357.1,ACZ81_RS03810,ACZ81_03820,TK37_RS03960
MASE_RS03415,MASE_03445,WP_014948358.1,ACZ81_RS03815,ACZ81_03825,TK37_RS03965
MASE_RS03420,MASE_03450,WP_014948359.1,ACZ81_RS03820,ACZ81_03830,
MASE_RS03425,MASE_03455,WP_014948360.1,ACZ81_RS03830,ACZ81_03840,TK37_RS03975
MASE_RS03460,MASE_03485,WP_014948366.1,ACZ81_RS03850,ACZ81_03860,
MASE_RS03465,MASE_03490,WP_014948367.1,ACZ81_RS03855,ACZ81_03865,
MASE_RS03525,MASE_03555,WP_014948380.1,ACZ81_RS03920,ACZ81_03925,TK37_RS04030
MASE_RS03535,MASE_03565,WP_014948382.1,ACZ81_RS03930,ACZ81_03935,
MASE_RS03545,MASE_03575,WP_014948384.1,ACZ81_RS03940,ACZ81_03945,
MASE_RS03555,MASE_03585,WP_014948386.1,ACZ81_RS03955,ACZ81_03960,
MASE_RS03560,MASE_03590,WP_014948387.1,ACZ81_RS03960,ACZ81_03965,
MASE_RS03565,MASE_03595,WP_014948388.1,ACZ81_RS03965,ACZ81_03970,
MASE_RS03570,MASE_03600,WP_014948389.1,ACZ81_RS03970,ACZ81_03975,
MASE_RS03575,MASE_03605,WP_014948390.1,ACZ81_RS03975,ACZ81_03980,
MASE_RS19865,MASE_03610,WP_230633693.1,ACZ81_RS03980,ACZ81_03985,
MASE_RS03580,MASE_03615,WP_014948392.1,ACZ81_RS03985,ACZ81_03990,
MASE_RS03590,MASE_03635,WP_014948393.1,ACZ81_RS03995,ACZ81_04000,
MASE_RS03595,MASE_03640,WP_014948394.1,ACZ81_RS04000,ACZ81_04005,
MASE_RS03615,MASE_03660,WP_014948398.1,ACZ81_RS04015,ACZ81_04020,TK37_RS04100
MASE_RS03620,MASE_03665,WP_014948399.1,ACZ81_RS04020,ACZ81_04025,
MASE_RS03640,MASE_03685,WP_014948403.1,ACZ81_RS04040,ACZ81_04045,TK37_RS04125
MASE_RS03645,MASE_03690,WP_014948404.1,ACZ81_RS04045,ACZ81_04050,
MASE_RS03655,MASE_03700,WP_014948406.1,ACZ81_RS04055,ACZ81_04060,TK37_RS04140
MASE_RS03680,MASE_03725,WP_014948411.1,ACZ81_RS04080,ACZ81_04085,
MASE_RS03695,MASE_03740,WP_014948414.1,ACZ81_RS04095,ACZ81_04100,
MASE_RS20475,MASE_03760,WP_321825600.1,ACZ81_RS21445,ACZ81_04125,
MASE_RS03935,MASE_03975,WP_014948461.1,ACZ81_RS04435,ACZ81_04440,
MASE_RS03945,MASE_03985,WP_014948463.1,ACZ81_RS04445,ACZ81_04450,TK37_RS02380
MASE_RS03955,MASE_03995,WP_014948465.1,ACZ81_RS04455,ACZ81_04460,TK37_RS02390
MASE_RS04010,MASE_04045,WP_014948475.1,ACZ81_RS04510,ACZ81_04515,TK37_RS02440
MASE_RS04015,MASE_04050,WP_014948476.1,ACZ81_RS04515,ACZ81_04520,TK37_RS02445
MASE_RS04035,MASE_04070,WP_014948480.1,ACZ81_RS04535,ACZ81_04540,TK37_RS02455
MASE_RS04050,MASE_04085,WP_014948483.1,ACZ81_RS04550,ACZ81_04555,
MASE_RS04165,MASE_04210,WP_014948506.1,ACZ81_RS04595,ACZ81_04600,
MASE_RS04175,MASE_04220,WP_014948508.1,ACZ81_RS04605,ACZ81_04610,
MASE_RS04180,MASE_04225,WP_014948509.1,ACZ81_RS04610,ACZ81_04615,TK37_RS02530
MASE_RS04195,MASE_04240,WP_014948512.1,ACZ81_RS04625,ACZ81_04630,
MASE_RS04200,MASE_04245,WP_014948513.1,ACZ81_RS04630,ACZ81_04635,
MASE_RS04270,MASE_04315,WP_014948527.1,ACZ81_RS04700,ACZ81_04705,TK37_RS02620
MASE_RS04275,MASE_04320,WP_014948528.1,ACZ81_RS04705,ACZ81_04710,TK37_RS02625
MASE_RS04305,MASE_04350,WP_014948534.1,ACZ81_RS04740,ACZ81_04745,TK37_RS02655
MASE_RS04380,MASE_04425,WP_014948549.1,ACZ81_RS04815,ACZ81_04820,TK37_RS02740
MASE_RS04390,MASE_04435,WP_014948551.1,ACZ81_RS04825,ACZ81_04830,
MASE_RS04395,MASE_04440,WP_014948552.1,ACZ81_RS04830,ACZ81_04835,TK37_RS02755
MASE_RS04405,MASE_04450,WP_014948554.1,ACZ81_RS04840,ACZ81_04845,TK37_RS02765
MASE_RS04410,MASE_04455,WP_014948555.1,ACZ81_RS04845,ACZ81_04850,TK37_RS02770
MASE_RS04420,MASE_04465,WP_014948557.1,ACZ81_RS04855,ACZ81_04860,TK37_RS02780
MASE_RS04440,MASE_04485,WP_014948561.1,ACZ81_RS04875,ACZ81_04880,TK37_RS02800
MASE_RS04445,MASE_04490,WP_014948562.1,ACZ81_RS04880,ACZ81_04885,TK37_RS02805
MASE_RS04450,MASE_04495,WP_014948563.1,ACZ81_RS04885,ACZ81_04890,
MASE_RS04460,MASE_04505,WP_014948565.1,ACZ81_RS04895,ACZ81_04900,
MASE_RS04470,MASE_04515,WP_014948567.1,ACZ81_RS04905,ACZ81_04910,
MASE_RS04490,MASE_04535,WP_014975858.1,ACZ81_RS04925,ACZ81_04930,TK37_RS02850
MASE_RS04505,MASE_04550,WP_014948574.1,ACZ81_RS04935,ACZ81_04940,
MASE_RS04585,MASE_04625,WP_014948589.1,ACZ81_RS04975,ACZ81_04980,
MASE_RS04590,MASE_04630,WP_014948590.1,ACZ81_RS04980,ACZ81_04985,
MASE_RS04595,MASE_04635,WP_014948591.1,ACZ81_RS04985,ACZ81_04990,
MASE_RS04605,MASE_04650,WP_014948594.1,ACZ81_RS04995,ACZ81_05000,TK37_RS02925
MASE_RS04615,MASE_04660,WP_012517628.1,ACZ81_RS05005,ACZ81_05010,TK37_RS02935
MASE_RS04620,MASE_04665,WP_014948596.1,ACZ81_RS05010,ACZ81_05015,TK37_RS02940
MASE_RS04630,MASE_04675,WP_014948598.1,ACZ81_RS05020,ACZ81_05025,
MASE_RS04635,MASE_04680,WP_014948599.1,ACZ81_RS05025,ACZ81_05030,
MASE_RS04795,MASE_04835,WP_014948630.1,ACZ81_RS05160,ACZ81_05165,
MASE_RS04815,MASE_04855,WP_014948634.1,ACZ81_RS05180,ACZ81_05185,
MASE_RS04830,MASE_04870,WP_014948637.1,ACZ81_RS05195,ACZ81_05200,TK37_RS12915
MASE_RS04835,MASE_04875,WP_014948638.1,ACZ81_RS05200,ACZ81_05205,TK37_RS12910
MASE_RS04840,MASE_04880,WP_014948639.1,ACZ81_RS05205,ACZ81_05210,TK37_RS12905
MASE_RS04845,MASE_04885,WP_014948640.1,ACZ81_RS05210,ACZ81_05215,
MASE_RS04855,MASE_04895,WP_012517675.1,ACZ81_RS05220,ACZ81_05225,TK37_RS12890
MASE_RS04890,MASE_04930,WP_014948648.1,ACZ81_RS05255,ACZ81_05260,TK37_RS12865
MASE_RS04895,MASE_04935,WP_014948649.1,ACZ81_RS05260,ACZ81_05265,TK37_RS12860
MASE_RS04900,MASE_04940,WP_012517682.1,ACZ81_RS05265,ACZ81_05270,TK37_RS12855
MASE_RS04905,MASE_04945,WP_014948650.1,ACZ81_RS05270,ACZ81_05275,TK37_RS12850
MASE_RS04920,MASE_04965,WP_014948652.1,ACZ81_RS05285,ACZ81_05290,
MASE_RS04925,MASE_04970,WP_014948653.1,ACZ81_RS05290,ACZ81_05295,
MASE_RS04930,MASE_04975,WP_014948654.1,ACZ81_RS05295,ACZ81_05300,TK37_RS12825
MASE_RS04960,MASE_05005,WP_014948660.1,ACZ81_RS05325,ACZ81_05330,TK37_RS12795
MASE_RS04980,MASE_05025,WP_014948664.1,ACZ81_RS05345,ACZ81_05350,TK37_RS11290
MASE_RS04985,MASE_05030,WP_014948665.1,ACZ81_RS05350,ACZ81_05355,
MASE_RS05020,MASE_05065,WP_012517705.1,ACZ81_RS05395,ACZ81_05400,TK37_RS11330
MASE_RS05055,MASE_05085,WP_014948675.1,ACZ81_RS05430,ACZ81_05435,TK37_RS11365
MASE_RS05060,MASE_05090,WP_014948676.1,ACZ81_RS05435,ACZ81_05440,
MASE_RS05065,MASE_05095,WP_014948677.1,ACZ81_RS05440,ACZ81_05445,
MASE_RS05070,MASE_05100,WP_014948678.1,ACZ81_RS05445,ACZ81_05450,TK37_RS11380
MASE_RS05075,MASE_05105,WP_014948679.1,ACZ81_RS05450,ACZ81_05455,
MASE_RS05090,MASE_05120,WP_014948682.1,ACZ81_RS05465,ACZ81_05470,TK37_RS11400
MASE_RS05095,MASE_05125,WP_014948683.1,ACZ81_RS05470,ACZ81_05475,TK37_RS11405
MASE_RS05100,MASE_05130,WP_014948684.1,ACZ81_RS05475,ACZ81_05480,TK37_RS11410
MASE_RS05105,MASE_05135,WP_014948685.1,ACZ81_RS05480,ACZ81_05485,TK37_RS11415
MASE_RS05110,MASE_05140,WP_014948686.1,ACZ81_RS05485,ACZ81_05490,TK37_RS11420
MASE_RS05125,MASE_05155,WP_014948689.1,ACZ81_RS05500,ACZ81_05505,TK37_RS11435
MASE_RS05135,MASE_05165,WP_014948691.1,ACZ81_RS05515,ACZ81_05515,TK37_RS11445
MASE_RS05190,MASE_05220,WP_014948702.1,ACZ81_RS05560,ACZ81_05560,TK37_RS11495
MASE_RS05200,MASE_05230,WP_012517736.1,ACZ81_RS05570,ACZ81_05570,TK37_RS11505
MASE_RS05205,MASE_05235,WP_012517737.1,ACZ81_RS05575,ACZ81_05575,TK37_RS11510
MASE_RS05210,MASE_05240,WP_014948704.1,ACZ81_RS05580,ACZ81_05580,TK37_RS11515
MASE_RS05215,MASE_05245,WP_014975939.1,ACZ81_RS05585,ACZ81_05585,TK37_RS11520
MASE_RS05225,MASE_05255,WP_012517742.1,ACZ81_RS05595,ACZ81_05595,TK37_RS11530
MASE_RS05235,MASE_05265,WP_014948708.1,ACZ81_RS05605,ACZ81_05605,
MASE_RS05240,MASE_05270,WP_014948709.1,ACZ81_RS05610,ACZ81_05610,
MASE_RS05260,MASE_05285,WP_014948712.1,ACZ81_RS05630,ACZ81_05630,
MASE_RS05270,MASE_05295,WP_014948714.1,ACZ81_RS05640,ACZ81_05640,
MASE_RS05310,MASE_05335,WP_014948722.1,ACZ81_RS05680,ACZ81_05680,TK37_RS01235
MASE_RS05330,MASE_05355,WP_014948726.1,ACZ81_RS05700,ACZ81_05700,TK37_RS01255
MASE_RS05335,MASE_05360,WP_014948727.1,ACZ81_RS05705,ACZ81_05705,TK37_RS01260
MASE_RS05390,MASE_05415,WP_014948738.1,ACZ81_RS05760,ACZ81_05760,
MASE_RS05410,MASE_05435,WP_014948742.1,ACZ81_RS05780,ACZ81_05780,
MASE_RS05430,MASE_05455,WP_014948746.1,ACZ81_RS05800,ACZ81_05800,TK37_RS01365
MASE_RS05435,MASE_05460,WP_101563798.1,ACZ81_RS05805,ACZ81_05805,
MASE_RS05440,MASE_05465,WP_014948748.1,ACZ81_RS05810,ACZ81_05810,
MASE_RS05455,MASE_05480,WP_014948751.1,ACZ81_RS05825,ACZ81_05825,TK37_RS01390
MASE_RS05475,MASE_05495,WP_014948754.1,ACZ81_RS05840,ACZ81_05840,TK37_RS01405
MASE_RS05485,MASE_05505,WP_014948756.1,ACZ81_RS05850,ACZ81_05850,TK37_RS01415
MASE_RS20385,MASE_05510,WP_012517787.1,ACZ81_RS21735,ACZ81_05850,
MASE_RS05495,MASE_05520,WP_039226525.1,ACZ81_RS05860,ACZ81_05860,
MASE_RS05500,MASE_05525,WP_014948759.1,ACZ81_RS05865,ACZ81_05865,
MASE_RS05525,MASE_05550,WP_014948764.1,ACZ81_RS05890,ACZ81_05890,TK37_RS01455
MASE_RS05530,MASE_05555,WP_014948765.1,ACZ81_RS05895,ACZ81_05895,TK37_RS01460
MASE_RS05540,MASE_05570,WP_014948766.1,ACZ81_RS05905,ACZ81_05905,TK37_RS01470
MASE_RS05545,MASE_05575,WP_014948767.1,ACZ81_RS05910,ACZ81_05910,
MASE_RS05555,MASE_05585,WP_014948769.1,ACZ81_RS05920,ACZ81_05920,TK37_RS01485
MASE_RS05560,MASE_05590,WP_014948770.1,ACZ81_RS05925,ACZ81_05925,TK37_RS01490
MASE_RS05580,MASE_05610,WP_014948774.1,ACZ81_RS05945,ACZ81_05945,
MASE_RS05590,MASE_05620,WP_014948776.1,ACZ81_RS05955,ACZ81_05955,TK37_RS01520
MASE_RS05595,MASE_05625,WP_014948777.1,ACZ81_RS05960,ACZ81_05960,
MASE_RS05600,MASE_05630,WP_014948778.1,ACZ81_RS05965,ACZ81_05965,TK37_RS01530
MASE_RS05640,MASE_05665,WP_014948785.1,ACZ81_RS06020,ACZ81_06020,TK37_RS01585
MASE_RS05645,MASE_05670,WP_014948786.1,ACZ81_RS06025,ACZ81_06025,TK37_RS01590
MASE_RS05665,MASE_05690,WP_014948790.1,ACZ81_RS06050,ACZ81_06050,TK37_RS01610
MASE_RS05680,MASE_05705,WP_014948793.1,ACZ81_RS06070,ACZ81_06070,TK37_RS01625
MASE_RS05700,MASE_05730,WP_014948796.1,ACZ81_RS06090,ACZ81_06090,
MASE_RS05705,MASE_05735,WP_014948797.1,ACZ81_RS06095,ACZ81_06095,
MASE_RS05720,MASE_05750,WP_014948800.1,ACZ81_RS06110,ACZ81_06110,TK37_RS01665
MASE_RS05765,MASE_05795,WP_014948809.1,ACZ81_RS06155,ACZ81_06155,
MASE_RS19890,MASE_05805,WP_014948811.1,ACZ81_RS20790,ACZ81_06160,
MASE_RS20040,MASE_05810,WP_014948812.1,ACZ81_RS21305,ACZ81_06160,
MASE_RS05785,MASE_05825,WP_014976012.1,ACZ81_RS06175,ACZ81_06175,
MASE_RS05795,MASE_05835,WP_014948817.1,ACZ81_RS06185,ACZ81_06185,TK37_RS01750
MASE_RS05800,MASE_05840,WP_014948818.1,ACZ81_RS06190,ACZ81_06190,TK37_RS01755
MASE_RS05805,MASE_05845,WP_014948819.1,ACZ81_RS06195,ACZ81_06195,TK37_RS01760
MASE_RS05865,MASE_05910,WP_014948832.1,ACZ81_RS06255,ACZ81_06255,TK37_RS01820
MASE_RS05880,MASE_05925,WP_024015986.1,ACZ81_RS06270,ACZ81_06270,TK37_RS01835
MASE_RS05935,MASE_05980,WP_014948846.1,ACZ81_RS06325,ACZ81_06325,TK37_RS01865
MASE_RS05940,MASE_05985,WP_014948847.1,ACZ81_RS06330,ACZ81_06330,
MASE_RS05945,MASE_05990,WP_014948848.1,ACZ81_RS06335,ACZ81_06335,TK37_RS01875
MASE_RS05960,MASE_06005,WP_014948851.1,ACZ81_RS06345,ACZ81_06345,TK37_RS01885
MASE_RS05975,MASE_06020,WP_223866688.1,ACZ81_RS06355,ACZ81_06355,
MASE_RS05985,MASE_06030,WP_014948856.1,ACZ81_RS06365,ACZ81_06365,TK37_RS01905
MASE_RS05990,MASE_06035,WP_014948857.1,ACZ81_RS06370,ACZ81_06370,
MASE_RS06020,MASE_06065,WP_014948863.1,ACZ81_RS06400,ACZ81_06400,TK37_RS01940
MASE_RS06030,MASE_06075,WP_014948865.1,ACZ81_RS06410,ACZ81_06410,
MASE_RS06035,MASE_06080,WP_014948866.1,ACZ81_RS06415,ACZ81_06415,TK37_RS01955
MASE_RS06050,MASE_06095,WP_014948869.1,ACZ81_RS06430,ACZ81_06430,TK37_RS01970
MASE_RS06055,MASE_06100,WP_014948870.1,ACZ81_RS06435,ACZ81_06435,TK37_RS01975
MASE_RS06060,MASE_06105,WP_014948871.1,ACZ81_RS06440,ACZ81_06440,
MASE_RS06105,MASE_06135,WP_014948877.1,ACZ81_RS06520,ACZ81_06520,
MASE_RS06110,MASE_06140,WP_014948878.1,ACZ81_RS06525,ACZ81_06525,TK37_RS02040
MASE_RS06115,MASE_06145,WP_014948879.1,ACZ81_RS06530,ACZ81_06530,
MASE_RS06125,MASE_06155,WP_014948881.1,ACZ81_RS06540,ACZ81_06540,
MASE_RS06140,MASE_06170,WP_014948884.1,ACZ81_RS06555,ACZ81_06555,
MASE_RS06175,MASE_06205,WP_014948891.1,ACZ81_RS06595,ACZ81_06595,
MASE_RS06205,MASE_06235,WP_014948897.1,ACZ81_RS06625,ACZ81_06625,
MASE_RS06215,MASE_06245,WP_014948899.1,ACZ81_RS06635,ACZ81_06635,
MASE_RS06230,MASE_06260,WP_039233500.1,ACZ81_RS06650,ACZ81_06650,
MASE_RS06235,MASE_06265,WP_014948903.1,ACZ81_RS06655,ACZ81_06655,
MASE_RS06270,MASE_06300,WP_014948910.1,ACZ81_RS06690,ACZ81_06690,TK37_RS02205
MASE_RS06315,MASE_06345,WP_014948919.1,ACZ81_RS06735,ACZ81_06735,TK37_RS02250
MASE_RS06345,MASE_06370,WP_014948924.1,ACZ81_RS06785,ACZ81_06785,
MASE_RS06410,MASE_06420,WP_012517852.1,ACZ81_RS06855,ACZ81_06855,TK37_RS07280
MASE_RS06415,MASE_06425,WP_014948934.1,ACZ81_RS06860,ACZ81_06860,
MASE_RS06425,MASE_06435,WP_014948936.1,ACZ81_RS06870,ACZ81_06870,TK37_RS07265
MASE_RS06430,MASE_06440,WP_014948937.1,ACZ81_RS06875,ACZ81_06875,TK37_RS07260
MASE_RS06460,MASE_06470,WP_014948943.1,ACZ81_RS06905,ACZ81_06905,
MASE_RS06480,MASE_06495,WP_014948946.1,ACZ81_RS06925,ACZ81_06925,TK37_RS07210
MASE_RS06530,MASE_06550,WP_012517879.1,ACZ81_RS06975,ACZ81_06975,TK37_RS07160
MASE_RS06545,MASE_06565,WP_014948959.1,ACZ81_RS06990,ACZ81_06990,TK37_RS07145
MASE_RS06610,MASE_06630,WP_014948972.1,ACZ81_RS07045,ACZ81_07045,TK37_RS07085
MASE_RS06615,MASE_06635,WP_014948973.1,ACZ81_RS07050,ACZ81_07050,TK37_RS07080
MASE_RS06620,MASE_06640,WP_014948974.1,ACZ81_RS07055,ACZ81_07055,TK37_RS07075
MASE_RS06650,MASE_06675,WP_014948979.1,ACZ81_RS07085,ACZ81_07085,TK37_RS07045
MASE_RS06660,MASE_06685,WP_014948981.1,ACZ81_RS07095,ACZ81_07095,TK37_RS07035
MASE_RS06685,MASE_06710,WP_014948986.1,ACZ81_RS07120,ACZ81_07120,TK37_RS07020
MASE_RS06695,MASE_06725,WP_014948987.1,ACZ81_RS07130,ACZ81_07130,
MASE_RS06700,MASE_06730,WP_014948988.1,ACZ81_RS07135,ACZ81_07135,
MASE_RS06705,MASE_06735,WP_014948989.1,ACZ81_RS07140,ACZ81_07140,
MASE_RS06710,MASE_06740,WP_014948990.1,ACZ81_RS07145,ACZ81_07145,
MASE_RS06715,MASE_06745,WP_014948991.1,ACZ81_RS07150,ACZ81_07150,TK37_RS06990
MASE_RS06720,MASE_06750,WP_014948992.1,ACZ81_RS07155,ACZ81_07155,
MASE_RS06725,MASE_06755,WP_039216249.1,ACZ81_RS07160,ACZ81_07160,TK37_RS06980
MASE_RS06730,MASE_06760,WP_014948994.1,ACZ81_RS07165,ACZ81_07165,
MASE_RS20050,MASE_06770,WP_014948996.1,ACZ81_RS21310,ACZ81_07170,
MASE_RS06750,MASE_06785,WP_014948999.1,ACZ81_RS07185,ACZ81_07185,
MASE_RS20055,MASE_06795,WP_014949001.1,ACZ81_RS21315,ACZ81_07190,
MASE_RS06820,MASE_06835,WP_014949009.1,ACZ81_RS07280,ACZ81_07280,TK37_RS17920
MASE_RS06835,MASE_06850,WP_014949012.1,ACZ81_RS07295,ACZ81_07295,
MASE_RS06845,MASE_06860,WP_014949014.1,ACZ81_RS07305,ACZ81_07305,TK37_RS17945
MASE_RS06865,MASE_06875,WP_014949017.1,ACZ81_RS07325,ACZ81_07325,TK37_RS17965
MASE_RS06870,MASE_06880,WP_014949018.1,ACZ81_RS07330,ACZ81_07330,TK37_RS17970
MASE_RS06880,MASE_06890,WP_014949020.1,ACZ81_RS07340,ACZ81_07340,
MASE_RS06895,MASE_06905,WP_014949023.1,ACZ81_RS07355,ACZ81_07355,TK37_RS17995
MASE_RS06900,MASE_06910,WP_014949024.1,ACZ81_RS07360,ACZ81_07360,TK37_RS18000
MASE_RS06935,MASE_06950,WP_014949030.1,ACZ81_RS07395,ACZ81_07395,TK37_RS18875
MASE_RS06965,MASE_06980,WP_014949036.1,ACZ81_RS07425,ACZ81_07425,
MASE_RS06985,MASE_07000,WP_014949040.1,ACZ81_RS07445,ACZ81_07445,TK37_RS18825
MASE_RS07010,MASE_07025,WP_014949045.1,ACZ81_RS07470,ACZ81_07470,TK37_RS18795
MASE_RS07020,MASE_07035,WP_014949047.1,ACZ81_RS07480,ACZ81_07480,TK37_RS18785
MASE_RS07030,MASE_07045,WP_014949049.1,ACZ81_RS07490,ACZ81_07490,
MASE_RS07085,MASE_07100,WP_014949058.1,ACZ81_RS07735,ACZ81_07735,
MASE_RS07110,MASE_07125,WP_014949063.1,ACZ81_RS07760,ACZ81_07760,
MASE_RS07115,MASE_07130,WP_014949064.1,ACZ81_RS07765,ACZ81_07765,TK37_RS17495
MASE_RS07160,MASE_07175,WP_014949073.1,ACZ81_RS07810,ACZ81_07810,TK37_RS17540
MASE_RS07175,MASE_07190,WP_014949076.1,ACZ81_RS07825,ACZ81_07825,
MASE_RS07210,MASE_07225,WP_014949083.1,ACZ81_RS07860,ACZ81_07860,
MASE_RS07295,MASE_07315,WP_071814473.1,ACZ81_RS07950,ACZ81_07950,TK37_RS17815
MASE_RS07300,MASE_07320,WP_012518091.1,ACZ81_RS07955,ACZ81_07955,TK37_RS17820
MASE_RS07305,MASE_07325,WP_012518092.1,ACZ81_RS07960,ACZ81_07960,TK37_RS17825
MASE_RS07325,MASE_07345,WP_039227210.1,ACZ81_RS07980,ACZ81_07980,
MASE_RS07455,MASE_07470,WP_012518127.1,ACZ81_RS08100,ACZ81_08100,TK37_RS05420
MASE_RS07465,MASE_07480,WP_014949129.1,ACZ81_RS08110,ACZ81_08110,TK37_RS05430
MASE_RS07515,MASE_07530,WP_014949139.1,ACZ81_RS08170,ACZ81_08170,TK37_RS05485
MASE_RS07585,MASE_07600,WP_014976267.1,ACZ81_RS08235,ACZ81_08235,TK37_RS05550
MASE_RS07625,MASE_07640,WP_014949161.1,ACZ81_RS08275,ACZ81_08275,TK37_RS05590
MASE_RS07630,MASE_07645,WP_014949162.1,ACZ81_RS08280,ACZ81_08280,
MASE_RS07670,MASE_07685,WP_014949170.1,ACZ81_RS08320,ACZ81_08320,TK37_RS05635
MASE_RS07695,MASE_07710,WP_014949175.1,ACZ81_RS08345,ACZ81_08345,
MASE_RS07705,MASE_07720,WP_014949177.1,ACZ81_RS08355,ACZ81_08355,TK37_RS05670
MASE_RS07775,MASE_07770,WP_014949187.1,ACZ81_RS08425,ACZ81_08425,
MASE_RS07855,MASE_07850,WP_014949203.1,ACZ81_RS08505,ACZ81_08505,
MASE_RS07890,MASE_07885,WP_014976324.1,ACZ81_RS08540,ACZ81_08540,
MASE_RS07895,MASE_07890,WP_012518206.1,ACZ81_RS08545,ACZ81_08545,TK37_RS16975
MASE_RS07905,MASE_07900,WP_014949212.1,ACZ81_RS08555,ACZ81_08555,TK37_RS16985
MASE_RS07910,MASE_07905,WP_014949213.1,ACZ81_RS08560,ACZ81_08560,
MASE_RS07920,MASE_07915,WP_012518211.1,ACZ81_RS08570,ACZ81_08570,TK37_RS17000
MASE_RS07930,MASE_07925,WP_014949216.1,ACZ81_RS08580,ACZ81_08580,TK37_RS17010
MASE_RS07935,MASE_07930,WP_014949217.1,ACZ81_RS08585,ACZ81_08585,
MASE_RS07940,MASE_07935,WP_014949218.1,ACZ81_RS08590,ACZ81_08590,
MASE_RS07960,MASE_07955,WP_014949222.1,ACZ81_RS08610,ACZ81_08610,TK37_RS17040
MASE_RS07975,MASE_07970,WP_014949225.1,ACZ81_RS08625,ACZ81_08625,
MASE_RS07980,MASE_07975,WP_014949226.1,ACZ81_RS08630,ACZ81_08630,TK37_RS17060
MASE_RS07990,MASE_07985,WP_014949228.1,ACZ81_RS08640,ACZ81_08640,TK37_RS17070
MASE_RS07995,MASE_07990,WP_014949229.1,ACZ81_RS08645,ACZ81_08645,TK37_RS17075
MASE_RS08000,MASE_07995,WP_014949230.1,ACZ81_RS08650,ACZ81_08650,
MASE_RS08005,MASE_08000,WP_014949231.1,ACZ81_RS08655,ACZ81_08655,
MASE_RS08020,MASE_08015,WP_014949234.1,ACZ81_RS08670,ACZ81_08670,TK37_RS17095
MASE_RS08025,MASE_08020,WP_014949235.1,ACZ81_RS08675,ACZ81_08675,TK37_RS17100
MASE_RS08030,MASE_08025,WP_014949236.1,ACZ81_RS08680,ACZ81_08680,
MASE_RS08050,MASE_08045,WP_014949240.1,ACZ81_RS08700,ACZ81_08700,TK37_RS06175
MASE_RS08080,MASE_08075,WP_014949246.1,ACZ81_RS08705,ACZ81_08705,TK37_RS06180
MASE_RS08090,MASE_08085,WP_014949248.1,ACZ81_RS20815,ACZ81_08710,TK37_RS20780
MASE_RS08130,MASE_08115,WP_014949254.1,ACZ81_RS08755,ACZ81_08755,TK37_RS06230
MASE_RS08135,MASE_08120,WP_014949255.1,ACZ81_RS08760,ACZ81_08760,TK37_RS06235
MASE_RS08145,MASE_08130,WP_014949257.1,ACZ81_RS08770,ACZ81_08770,
MASE_RS08155,MASE_08140,WP_012518257.1,ACZ81_RS08785,ACZ81_08785,TK37_RS06255
MASE_RS08175,MASE_08160,WP_014949262.1,ACZ81_RS08805,ACZ81_08805,TK37_RS06270
MASE_RS08200,MASE_08190,WP_014949268.1,ACZ81_RS08840,ACZ81_08840,TK37_RS06295
MASE_RS08285,MASE_08275,WP_014949285.1,ACZ81_RS08925,ACZ81_08925,
MASE_RS08400,MASE_08390,WP_014949308.1,ACZ81_RS09085,ACZ81_09075,TK37_RS06405
MASE_RS08410,MASE_08400,WP_012518305.1,ACZ81_RS09095,ACZ81_09085,TK37_RS06415
MASE_RS08445,MASE_08435,WP_014949316.1,ACZ81_RS09130,ACZ81_09120,
MASE_RS20060,MASE_08435,WP_155279892.1,ACZ81_RS21230,ACZ81_09130,TK37_RS21330
MASE_RS08470,MASE_08460,WP_014949321.1,ACZ81_RS09160,ACZ81_09150,TK37_RS06475
MASE_RS08515,MASE_08505,WP_014949330.1,ACZ81_RS09205,ACZ81_09195,TK37_RS06520
MASE_RS08520,MASE_08510,WP_014949331.1,ACZ81_RS09210,ACZ81_09200,TK37_RS06525
MASE_RS08525,MASE_08515,WP_014949332.1,ACZ81_RS09215,ACZ81_09205,TK37_RS06530
MASE_RS08530,MASE_08520,WP_014949333.1,ACZ81_RS09220,ACZ81_09210,TK37_RS06535
MASE_RS08535,MASE_08525,WP_014949334.1,ACZ81_RS09225,ACZ81_09215,
MASE_RS08545,MASE_08535,WP_014949336.1,ACZ81_RS09235,ACZ81_09225,TK37_RS16575
MASE_RS08565,MASE_08555,WP_014949340.1,ACZ81_RS09255,ACZ81_09245,TK37_RS16595
MASE_RS08600,MASE_08590,WP_014949347.1,ACZ81_RS09290,ACZ81_09280,TK37_RS16630
MASE_RS08605,MASE_08595,WP_014949348.1,ACZ81_RS09295,ACZ81_09285,TK37_RS16635
MASE_RS08615,MASE_08605,WP_014949350.1,ACZ81_RS09305,ACZ81_09295,
MASE_RS08625,MASE_08615,WP_014949352.1,ACZ81_RS09315,ACZ81_09305,TK37_RS16655
MASE_RS08680,MASE_08670,WP_014949363.1,ACZ81_RS09370,ACZ81_09360,TK37_RS16710
MASE_RS08685,MASE_08675,WP_014949364.1,ACZ81_RS09375,ACZ81_09365,TK37_RS16715
MASE_RS08690,MASE_08680,WP_014949365.1,ACZ81_RS09380,ACZ81_09370,TK37_RS16720
MASE_RS19910,MASE_08710,WP_014949371.1,ACZ81_RS20845,ACZ81_09400,TK37_RS20995
MASE_RS08730,MASE_08715,WP_014949372.1,ACZ81_RS09415,ACZ81_09405,
MASE_RS08775,MASE_08760,WP_014949381.1,ACZ81_RS09460,ACZ81_09450,
MASE_RS08790,MASE_08775,WP_014949384.1,ACZ81_RS09475,ACZ81_09465,TK37_RS11970
MASE_RS08965,MASE_08960,WP_014949420.1,ACZ81_RS09650,ACZ81_09640,TK37_RS12115
MASE_RS08995,MASE_08990,WP_014949426.1,ACZ81_RS09680,ACZ81_09670,TK37_RS12145
MASE_RS09015,MASE_09010,WP_014949430.1,ACZ81_RS09700,ACZ81_09690,TK37_RS12165
MASE_RS09025,MASE_09020,WP_014949432.1,ACZ81_RS09710,ACZ81_09700,TK37_RS12175
MASE_RS09030,MASE_09025,WP_014949433.1,ACZ81_RS09715,ACZ81_09705,
MASE_RS09045,MASE_09040,WP_014949436.1,ACZ81_RS09730,ACZ81_09720,TK37_RS12195
MASE_RS09080,MASE_09075,WP_014949443.1,ACZ81_RS09765,ACZ81_09755,TK37_RS16000
MASE_RS09085,MASE_09080,WP_014949444.1,ACZ81_RS09770,ACZ81_09760,TK37_RS15995
MASE_RS09090,MASE_09085,WP_014949445.1,ACZ81_RS09775,ACZ81_09765,TK37_RS15990
MASE_RS09095,MASE_09090,WP_014949446.1,ACZ81_RS09780,ACZ81_09770,TK37_RS15985
MASE_RS09100,MASE_09095,WP_014949447.1,ACZ81_RS09785,ACZ81_09775,TK37_RS15980
MASE_RS09105,MASE_09100,WP_012518362.1,ACZ81_RS09790,ACZ81_09780,TK37_RS15975
MASE_RS09120,MASE_09115,WP_014949450.1,ACZ81_RS09805,ACZ81_09795,TK37_RS15960
MASE_RS09125,MASE_09120,WP_012518366.1,ACZ81_RS09810,ACZ81_09800,TK37_RS15955
MASE_RS09135,MASE_09130,WP_014949452.1,ACZ81_RS09830,ACZ81_09820,
MASE_RS09150,MASE_09145,WP_014949455.1,ACZ81_RS09845,ACZ81_09835,TK37_RS15930
MASE_RS09155,MASE_09150,WP_207198495.1,ACZ81_RS09850,ACZ81_09840,
MASE_RS09185,MASE_09180,WP_014949462.1,ACZ81_RS09880,ACZ81_09870,TK37_RS15895
MASE_RS09215,MASE_09210,WP_014949468.1,ACZ81_RS09915,ACZ81_09905,TK37_RS04210
MASE_RS09275,MASE_09270,WP_014949480.1,ACZ81_RS16120,ACZ81_16115,
MASE_RS15625,MASE_15685,WP_014949480.1,ACZ81_RS16120,ACZ81_16115,
MASE_RS09280,MASE_09275,WP_014949481.1,ACZ81_RS16125,ACZ81_16120,TK37_RS18620
MASE_RS15630,MASE_15690,WP_014949481.1,ACZ81_RS16125,ACZ81_16120,TK37_RS18620
MASE_RS09305,MASE_09300,WP_014949486.1,ACZ81_RS16145,ACZ81_16140,
MASE_RS15655,MASE_15715,WP_014949486.1,ACZ81_RS16145,ACZ81_16140,
MASE_RS09325,MASE_09320,WP_014949490.1,ACZ81_RS16165,ACZ81_16160,
MASE_RS15675,MASE_15735,WP_014949490.1,ACZ81_RS16165,ACZ81_16160,
MASE_RS09370,MASE_09365,WP_014949499.1,ACZ81_RS09975,ACZ81_09965,TK37_RS04270
MASE_RS09380,MASE_09375,WP_014949501.1,ACZ81_RS09985,ACZ81_09975,
MASE_RS09395,MASE_09390,WP_014949504.1,ACZ81_RS10000,ACZ81_09990,TK37_RS04295
MASE_RS09405,MASE_09400,WP_014949506.1,ACZ81_RS10010,ACZ81_10000,TK37_RS04305
MASE_RS09415,MASE_09410,WP_014949508.1,ACZ81_RS10020,ACZ81_10010,
MASE_RS09440,MASE_09435,WP_014949513.1,ACZ81_RS10045,ACZ81_10035,
MASE_RS09445,MASE_09440,WP_039220280.1,ACZ81_RS10050,ACZ81_10040,
MASE_RS09485,MASE_09480,WP_014949521.1,ACZ81_RS10095,ACZ81_10085,TK37_RS04370
MASE_RS09500,MASE_09495,WP_014949524.1,ACZ81_RS10110,ACZ81_10100,TK37_RS04385
MASE_RS09510,MASE_09505,WP_014949526.1,ACZ81_RS10120,ACZ81_10110,
MASE_RS09520,MASE_09515,WP_014949528.1,ACZ81_RS10130,ACZ81_10120,TK37_RS04405
MASE_RS09560,MASE_09555,WP_014949536.1,ACZ81_RS10170,ACZ81_10160,
MASE_RS09580,MASE_09575,WP_014949540.1,ACZ81_RS10190,ACZ81_10180,
MASE_RS09585,MASE_09580,WP_014949541.1,ACZ81_RS10195,ACZ81_10185,TK37_RS04470
MASE_RS09590,MASE_09585,WP_014949542.1,ACZ81_RS10200,ACZ81_10190,TK37_RS04475
MASE_RS09595,MASE_09590,WP_014949543.1,ACZ81_RS10205,ACZ81_10195,
MASE_RS09600,MASE_09595,WP_014949544.1,ACZ81_RS10210,ACZ81_10200,
MASE_RS09620,MASE_09615,WP_014949548.1,ACZ81_RS10230,ACZ81_10220,
MASE_RS09625,MASE_09620,WP_014949549.1,ACZ81_RS10235,ACZ81_10225,
MASE_RS09640,MASE_09635,WP_014949552.1,ACZ81_RS10250,ACZ81_10240,
MASE_RS09665,MASE_09660,WP_014949557.1,ACZ81_RS10275,ACZ81_10265,TK37_RS04550
MASE_RS09670,MASE_09665,WP_014949558.1,ACZ81_RS10280,ACZ81_10270,TK37_RS04555
MASE_RS09675,MASE_09670,WP_014949559.1,ACZ81_RS10285,ACZ81_10275,TK37_RS04560
MASE_RS09775,MASE_09775,WP_014949580.1,ACZ81_RS10330,ACZ81_10320,TK37_RS13620
MASE_RS09785,MASE_09785,WP_014949582.1,ACZ81_RS10340,ACZ81_10330,TK37_RS13630
MASE_RS09790,MASE_09790,WP_014949583.1,ACZ81_RS10345,ACZ81_10335,
MASE_RS09805,MASE_09805,WP_014949586.1,ACZ81_RS10360,ACZ81_10350,TK37_RS13650
MASE_RS09810,MASE_09810,WP_014949587.1,ACZ81_RS10365,ACZ81_10355,TK37_RS13655
MASE_RS09820,MASE_09820,WP_014949589.1,ACZ81_RS10375,ACZ81_10365,
MASE_RS09825,MASE_09825,WP_014949590.1,ACZ81_RS10380,ACZ81_10370,
MASE_RS09830,MASE_09830,WP_014949591.1,ACZ81_RS10385,ACZ81_10375,TK37_RS13675
MASE_RS09835,MASE_09835,WP_014949592.1,ACZ81_RS10390,ACZ81_10380,
MASE_RS09850,MASE_09855,WP_014949594.1,ACZ81_RS10405,ACZ81_10395,TK37_RS13695
MASE_RS09860,MASE_09865,WP_014949596.1,ACZ81_RS10415,ACZ81_10405,TK37_RS13705
MASE_RS09870,MASE_09875,WP_014949598.1,ACZ81_RS10425,ACZ81_10415,TK37_RS13715
MASE_RS09885,MASE_09890,WP_014949601.1,ACZ81_RS10440,ACZ81_10430,
MASE_RS09890,MASE_09895,WP_014949602.1,ACZ81_RS10445,ACZ81_10435,TK37_RS13735
MASE_RS09895,MASE_09900,WP_014949603.1,ACZ81_RS10450,ACZ81_10440,TK37_RS13740
MASE_RS09910,MASE_09915,WP_014949606.1,ACZ81_RS10465,ACZ81_10455,TK37_RS13755
MASE_RS09935,MASE_09925,WP_014949608.1,ACZ81_RS10490,ACZ81_10480,
MASE_RS09940,MASE_09930,WP_039227661.1,ACZ81_RS10495,ACZ81_10485,
MASE_RS09945,MASE_09935,WP_014949610.1,ACZ81_RS10500,ACZ81_10490,
MASE_RS09965,MASE_09955,WP_014949614.1,ACZ81_RS10520,ACZ81_10510,TK37_RS13815
MASE_RS09975,MASE_09965,WP_014949616.1,ACZ81_RS10540,ACZ81_10530,
MASE_RS09995,MASE_09980,WP_014949619.1,ACZ81_RS10560,ACZ81_10550,TK37_RS13855
MASE_RS10015,MASE_10000,WP_014949623.1,ACZ81_RS10580,ACZ81_10570,TK37_RS13875
MASE_RS10055,MASE_10040,WP_014949631.1,ACZ81_RS10605,ACZ81_10595,TK37_RS16380
MASE_RS10075,MASE_10060,WP_014949635.1,ACZ81_RS10625,ACZ81_10615,TK37_RS16360
MASE_RS10090,MASE_10075,WP_014949638.1,ACZ81_RS10645,ACZ81_10635,
MASE_RS10095,MASE_10080,WP_014949639.1,ACZ81_RS10650,ACZ81_10640,TK37_RS16340
MASE_RS10100,MASE_10085,WP_014949640.1,ACZ81_RS10655,ACZ81_10645,
MASE_RS10105,MASE_10090,WP_014949641.1,ACZ81_RS10665,ACZ81_10655,TK37_RS16330
MASE_RS10110,MASE_10095,WP_014949642.1,ACZ81_RS10670,ACZ81_10660,TK37_RS16325
MASE_RS10125,MASE_10110,WP_014949645.1,ACZ81_RS10685,ACZ81_10675,
MASE_RS10135,MASE_10120,WP_014949647.1,ACZ81_RS10695,ACZ81_10685,TK37_RS16300
MASE_RS10140,MASE_10125,WP_014949648.1,ACZ81_RS10700,ACZ81_10690,TK37_RS16295
MASE_RS10145,MASE_10130,WP_014949649.1,ACZ81_RS10705,ACZ81_10695,TK37_RS16290
MASE_RS10160,MASE_10145,WP_014949652.1,ACZ81_RS10720,ACZ81_10710,TK37_RS16275
MASE_RS10165,MASE_10150,WP_014949653.1,ACZ81_RS10725,ACZ81_10715,
MASE_RS10190,MASE_10175,WP_014949658.1,ACZ81_RS10750,ACZ81_10740,TK37_RS16245
MASE_RS10210,MASE_10195,WP_014949662.1,ACZ81_RS10770,ACZ81_10760,TK37_RS16225
MASE_RS10295,MASE_10280,WP_014949679.1,ACZ81_RS10855,ACZ81_10845,
MASE_RS10310,MASE_10295,WP_014949682.1,ACZ81_RS10870,ACZ81_10860,TK37_RS18080
MASE_RS10360,MASE_10345,WP_014949692.1,ACZ81_RS10920,ACZ81_10910,
MASE_RS10420,MASE_10410,WP_014949705.1,ACZ81_RS10985,ACZ81_10975,TK37_RS18720
MASE_RS10455,MASE_10445,WP_230598867.1,ACZ81_RS11020,ACZ81_11010,
MASE_RS10470,MASE_10460,WP_014949715.1,ACZ81_RS11035,ACZ81_11025,TK37_RS18670
MASE_RS10500,MASE_10490,WP_014949721.1,ACZ81_RS11065,ACZ81_11055,TK37_RS18640
MASE_RS10515,MASE_10505,WP_014949724.1,ACZ81_RS11085,ACZ81_11075,
MASE_RS10520,MASE_10510,WP_014949725.1,ACZ81_RS11090,ACZ81_11080,TK37_RS20065
MASE_RS10545,MASE_10535,WP_014949730.1,ACZ81_RS11115,ACZ81_11105,
MASE_RS10560,MASE_10555,WP_014949732.1,ACZ81_RS11130,ACZ81_11120,
MASE_RS10565,MASE_10560,WP_014949733.1,ACZ81_RS11135,ACZ81_11125,TK37_RS09515
MASE_RS10595,MASE_10590,WP_012519093.1,ACZ81_RS11165,ACZ81_11155,TK37_RS09485
MASE_RS10600,MASE_10595,WP_014949739.1,ACZ81_RS11170,ACZ81_11160,TK37_RS09480
MASE_RS10610,MASE_10605,WP_014949741.1,ACZ81_RS11180,ACZ81_11170,TK37_RS09470
MASE_RS10640,MASE_10635,WP_014949747.1,ACZ81_RS11210,ACZ81_11200,TK37_RS09440
MASE_RS10660,MASE_10660,WP_014949750.1,ACZ81_RS11230,ACZ81_11220,TK37_RS09420
MASE_RS10665,MASE_10665,WP_014949751.1,ACZ81_RS11235,ACZ81_11225,
MASE_RS10675,MASE_10685,WP_012519109.1,ACZ81_RS11245,ACZ81_11235,TK37_RS09405
MASE_RS10690,MASE_10700,WP_014949755.1,ACZ81_RS11260,ACZ81_11250,
MASE_RS10700,MASE_10710,WP_014949757.1,ACZ81_RS11270,ACZ81_11260,
MASE_RS10710,MASE_10720,WP_080589184.1,ACZ81_RS11280,ACZ81_11270,
MASE_RS10725,MASE_10735,WP_014949762.1,ACZ81_RS11295,ACZ81_11285,
MASE_RS10775,MASE_10785,WP_014949772.1,ACZ81_RS11345,ACZ81_11335,
MASE_RS10785,MASE_10795,WP_014949774.1,ACZ81_RS11355,ACZ81_11345,
MASE_RS10790,MASE_10800,WP_014949775.1,ACZ81_RS11360,ACZ81_11350,
MASE_RS10860,MASE_10870,WP_014949789.1,ACZ81_RS11430,ACZ81_11420,
MASE_RS10865,MASE_10875,WP_014949790.1,ACZ81_RS11435,ACZ81_11425,
MASE_RS10870,MASE_10880,WP_014949791.1,ACZ81_RS11440,ACZ81_11430,TK37_RS09190
MASE_RS10880,MASE_10890,WP_014949793.1,ACZ81_RS11460,ACZ81_11450,
MASE_RS10885,MASE_10895,WP_014949794.1,ACZ81_RS11470,ACZ81_11460,
MASE_RS10920,MASE_10930,WP_014949801.1,ACZ81_RS11500,ACZ81_11490,
MASE_RS10940,MASE_10950,WP_014949805.1,ACZ81_RS11525,ACZ81_11515,
MASE_RS10945,MASE_10955,WP_014949806.1,ACZ81_RS11530,ACZ81_11520,
MASE_RS10965,MASE_10975,WP_014949810.1,ACZ81_RS11550,ACZ81_11540,TK37_RS11200
MASE_RS10970,MASE_10980,WP_014949811.1,ACZ81_RS11555,ACZ81_11545,TK37_RS11195
MASE_RS11010,MASE_11025,WP_014949820.1,ACZ81_RS11595,ACZ81_11585,TK37_RS11155
MASE_RS11015,MASE_11030,WP_014949821.1,ACZ81_RS11600,ACZ81_11590,
MASE_RS11025,MASE_11040,WP_014949823.1,ACZ81_RS11610,ACZ81_11600,
MASE_RS11030,MASE_11045,WP_014949824.1,ACZ81_RS11615,ACZ81_11605,
MASE_RS11035,MASE_11050,WP_014949825.1,ACZ81_RS11620,ACZ81_11610,
MASE_RS11040,MASE_11055,WP_014949826.1,ACZ81_RS11625,ACZ81_11615,
MASE_RS11045,MASE_11060,WP_014949827.1,ACZ81_RS11630,ACZ81_11620,TK37_RS11120
MASE_RS11060,MASE_11075,WP_014949830.1,ACZ81_RS11645,ACZ81_11635,
MASE_RS19930,MASE_11085,WP_014949832.1,ACZ81_RS20885,ACZ81_11640,
MASE_RS11075,MASE_11090,WP_014949833.1,ACZ81_RS11655,ACZ81_11645,
MASE_RS11090,MASE_11105,WP_014949836.1,ACZ81_RS11670,ACZ81_11660,
MASE_RS11095,MASE_11110,WP_014949837.1,ACZ81_RS11675,ACZ81_11665,TK37_RS11080
MASE_RS11100,MASE_11115,WP_014949838.1,ACZ81_RS11680,ACZ81_11670,
MASE_RS11110,MASE_11125,WP_014949840.1,ACZ81_RS11690,ACZ81_11680,
MASE_RS11120,MASE_11135,WP_014949842.1,ACZ81_RS11700,ACZ81_11690,
MASE_RS11155,MASE_11170,WP_014949849.1,ACZ81_RS11735,ACZ81_11725,TK37_RS11020
MASE_RS11160,MASE_11175,WP_014949850.1,ACZ81_RS11740,ACZ81_11730,
MASE_RS11165,MASE_11180,WP_014949851.1,ACZ81_RS11745,ACZ81_11735,
MASE_RS11175,MASE_11190,WP_014949853.1,ACZ81_RS11755,ACZ81_11745,
MASE_RS11180,MASE_11195,WP_014949854.1,ACZ81_RS11760,ACZ81_11750,TK37_RS10995
MASE_RS11185,MASE_11200,WP_014949855.1,ACZ81_RS11765,ACZ81_11755,TK37_RS10990
MASE_RS11195,MASE_11210,WP_014949857.1,ACZ81_RS11785,ACZ81_11775,TK37_RS10980
MASE_RS11210,MASE_11225,WP_014949860.1,ACZ81_RS11800,ACZ81_11790,TK37_RS10965
MASE_RS11220,MASE_11235,WP_014949862.1,ACZ81_RS11810,ACZ81_11800,TK37_RS19210
MASE_RS11225,MASE_11240,WP_014949863.1,ACZ81_RS11815,ACZ81_11805,
MASE_RS11230,MASE_11245,WP_014949864.1,ACZ81_RS11820,ACZ81_11810,
MASE_RS11275,MASE_11290,WP_014949873.1,ACZ81_RS11865,ACZ81_11855,
MASE_RS11280,MASE_11295,WP_014949874.1,ACZ81_RS11870,ACZ81_11860,TK37_RS19150
MASE_RS11325,MASE_11340,WP_014949883.1,ACZ81_RS11910,ACZ81_11900,
MASE_RS11375,MASE_11400,WP_014949893.1,ACZ81_RS11960,ACZ81_11950,TK37_RS07660
MASE_RS11380,MASE_11405,WP_014949894.1,ACZ81_RS11965,ACZ81_11955,TK37_RS07655
MASE_RS11395,MASE_11420,WP_014949897.1,ACZ81_RS11980,ACZ81_11970,TK37_RS07640
MASE_RS11405,MASE_11430,WP_014949899.1,ACZ81_RS11990,ACZ81_11980,
MASE_RS11410,MASE_11435,WP_041693780.1,ACZ81_RS11995,ACZ81_11985,
MASE_RS11415,MASE_11440,WP_014949901.1,ACZ81_RS12000,ACZ81_11990,
MASE_RS11485,MASE_11510,WP_014949915.1,ACZ81_RS12135,ACZ81_12125,
MASE_RS11490,MASE_11515,WP_014949916.1,ACZ81_RS12140,ACZ81_12130,
MASE_RS11510,MASE_11540,WP_014949919.1,ACZ81_RS12160,ACZ81_12150,TK37_RS07455
MASE_RS11525,MASE_11555,WP_014949922.1,ACZ81_RS12175,ACZ81_12165,
MASE_RS11530,MASE_11560,WP_014949923.1,ACZ81_RS12180,ACZ81_12170,
MASE_RS11535,MASE_11565,WP_014949924.1,ACZ81_RS12185,ACZ81_12175,
MASE_RS11555,MASE_11585,WP_014949928.1,ACZ81_RS20895,ACZ81_12190,TK37_RS07415
MASE_RS11585,MASE_11615,WP_170826510.1,ACZ81_RS12230,ACZ81_12220,
MASE_RS11595,MASE_11625,WP_014949936.1,ACZ81_RS12240,ACZ81_12230,
MASE_RS11600,MASE_11630,WP_014949937.1,ACZ81_RS12245,ACZ81_12235,
MASE_RS11620,MASE_11650,WP_014949941.1,ACZ81_RS12265,ACZ81_12255,TK37_RS20130
MASE_RS11625,MASE_11655,WP_014949942.1,ACZ81_RS12270,ACZ81_12260,TK37_RS20125
MASE_RS11640,MASE_11670,WP_014949945.1,ACZ81_RS12285,ACZ81_12275,TK37_RS20110
MASE_RS11685,MASE_11715,WP_014949953.1,ACZ81_RS12335,ACZ81_12325,TK37_RS11900
MASE_RS11725,MASE_11760,WP_014949960.1,ACZ81_RS12370,ACZ81_12360,
MASE_RS11730,MASE_11765,WP_014949961.1,ACZ81_RS12375,ACZ81_12365,
MASE_RS11735,MASE_11770,WP_014949962.1,ACZ81_RS12380,ACZ81_12370,
MASE_RS11740,MASE_11775,WP_014949963.1,ACZ81_RS12385,ACZ81_12375,
MASE_RS11745,MASE_11780,WP_014949964.1,ACZ81_RS12390,ACZ81_12380,
MASE_RS11765,MASE_11800,WP_014949968.1,ACZ81_RS12410,ACZ81_12400,
MASE_RS11805,MASE_11840,WP_014949976.1,ACZ81_RS12450,ACZ81_12440,TK37_RS11805
MASE_RS11810,MASE_11845,WP_014949977.1,ACZ81_RS12455,ACZ81_12445,
MASE_RS11815,MASE_11850,WP_014949978.1,ACZ81_RS12460,ACZ81_12450,
MASE_RS11820,MASE_11855,WP_014949979.1,ACZ81_RS12465,ACZ81_12455,
MASE_RS11895,MASE_11930,WP_014949994.1,ACZ81_RS12540,ACZ81_12530,TK37_RS11715
MASE_RS11905,MASE_11940,WP_014949996.1,ACZ81_RS12550,ACZ81_12540,TK37_RS11705
MASE_RS11910,MASE_11945,WP_014949997.1,ACZ81_RS12555,ACZ81_12545,
MASE_RS11920,MASE_11955,WP_014949999.1,ACZ81_RS12565,ACZ81_12555,
MASE_RS11940,MASE_11975,WP_014950003.1,ACZ81_RS12585,ACZ81_12575,TK37_RS11670
MASE_RS11950,MASE_11985,WP_014950005.1,ACZ81_RS12595,ACZ81_12585,TK37_RS11660
MASE_RS11965,MASE_12000,WP_014950008.1,ACZ81_RS12610,ACZ81_12600,TK37_RS11645
MASE_RS11975,MASE_12010,WP_014950010.1,ACZ81_RS12620,ACZ81_12610,
MASE_RS12035,MASE_12070,WP_014950022.1,ACZ81_RS12680,ACZ81_12670,
MASE_RS12055,MASE_12090,WP_014950026.1,ACZ81_RS12700,ACZ81_12690,
MASE_RS12060,MASE_12095,WP_014950027.1,ACZ81_RS12705,ACZ81_12695,TK37_RS16150
MASE_RS12065,MASE_12100,WP_014950028.1,ACZ81_RS12710,ACZ81_12700,
MASE_RS12090,MASE_12125,WP_014950033.1,ACZ81_RS12735,ACZ81_12725,
MASE_RS12125,MASE_12160,WP_014950040.1,ACZ81_RS12770,ACZ81_12760,
MASE_RS12140,MASE_12175,WP_014950043.1,ACZ81_RS12780,ACZ81_12770,
MASE_RS12150,MASE_12185,WP_014950045.1,ACZ81_RS12790,ACZ81_12780,TK37_RS16065
MASE_RS12155,MASE_12190,WP_014950046.1,ACZ81_RS12795,ACZ81_12785,TK37_RS16060
MASE_RS12170,MASE_12205,WP_014950049.1,ACZ81_RS12810,ACZ81_12800,TK37_RS16045
MASE_RS12180,MASE_12215,WP_014950051.1,ACZ81_RS12820,ACZ81_12810,TK37_RS16035
MASE_RS20425,MASE_12215,WP_256253717.1,ACZ81_RS21755,ACZ81_12810,
MASE_RS12240,MASE_12255,WP_014950059.1,ACZ81_RS12875,ACZ81_12865,
MASE_RS12295,MASE_12315,WP_014950071.1,ACZ81_RS12930,ACZ81_12920,TK37_RS06100
MASE_RS12300,MASE_12320,WP_014950072.1,ACZ81_RS12935,ACZ81_12925,TK37_RS06095
MASE_RS12310,MASE_12330,WP_014950074.1,ACZ81_RS12945,ACZ81_12935,
MASE_RS12315,MASE_12335,WP_014950075.1,ACZ81_RS12950,ACZ81_12940,
MASE_RS12325,MASE_12345,WP_014950077.1,ACZ81_RS12960,ACZ81_12950,
MASE_RS12350,MASE_12370,WP_014950082.1,ACZ81_RS12985,ACZ81_12975,TK37_RS06045
MASE_RS12355,MASE_12375,WP_014976981.1,ACZ81_RS12990,ACZ81_12980,TK37_RS06040
MASE_RS12370,MASE_12395,WP_014950085.1,ACZ81_RS13010,ACZ81_13000,
MASE_RS12375,MASE_12400,WP_014950086.1,ACZ81_RS13015,ACZ81_13005,TK37_RS06020
MASE_RS12385,MASE_12410,WP_014950088.1,ACZ81_RS13025,ACZ81_13015,TK37_RS06010
MASE_RS12390,MASE_12415,WP_014950089.1,ACZ81_RS13030,ACZ81_13020,TK37_RS06005
MASE_RS12395,MASE_12420,WP_014950090.1,ACZ81_RS13035,ACZ81_13025,TK37_RS06000
MASE_RS12405,MASE_12430,WP_012517538.1,ACZ81_RS13045,ACZ81_13035,TK37_RS05990
MASE_RS12410,MASE_12435,WP_014950092.1,ACZ81_RS13050,ACZ81_13040,
MASE_RS12415,MASE_12440,WP_014950093.1,ACZ81_RS13055,ACZ81_13045,
MASE_RS12420,MASE_12445,WP_014950094.1,ACZ81_RS13060,ACZ81_13050,TK37_RS05975
MASE_RS12445,MASE_12470,WP_014950099.1,ACZ81_RS13085,ACZ81_13075,TK37_RS05950
MASE_RS12460,MASE_12485,WP_014950102.1,ACZ81_RS13100,ACZ81_13090,TK37_RS05935
MASE_RS12465,MASE_12490,WP_014950103.1,ACZ81_RS13105,ACZ81_13095,TK37_RS05930
MASE_RS12470,MASE_12495,WP_014950104.1,ACZ81_RS13110,ACZ81_13100,TK37_RS05925
MASE_RS12475,MASE_12500,WP_014950105.1,ACZ81_RS13115,ACZ81_13105,TK37_RS05920
MASE_RS12495,MASE_12520,WP_012518957.1,ACZ81_RS13135,ACZ81_13125,TK37_RS05900
MASE_RS12510,MASE_12535,WP_014950111.1,ACZ81_RS13150,ACZ81_13140,
MASE_RS12515,MASE_12540,WP_014950112.1,ACZ81_RS13155,ACZ81_13145,TK37_RS05880
MASE_RS12520,MASE_12545,WP_014950113.1,ACZ81_RS13160,ACZ81_13150,
MASE_RS12525,MASE_12550,WP_014950114.1,ACZ81_RS13165,ACZ81_13155,TK37_RS05870
MASE_RS12530,MASE_12555,WP_014950115.1,ACZ81_RS13175,ACZ81_13165,TK37_RS05865
MASE_RS12570,MASE_12595,WP_014950123.1,ACZ81_RS13215,ACZ81_13205,TK37_RS05825
MASE_RS12580,MASE_12605,WP_014950125.1,ACZ81_RS13225,ACZ81_13215,TK37_RS05815
MASE_RS12600,MASE_12625,WP_014950129.1,ACZ81_RS13245,ACZ81_13235,
MASE_RS12615,MASE_12640,WP_014950132.1,ACZ81_RS13260,ACZ81_13250,TK37_RS05780
MASE_RS12625,MASE_12650,WP_014950134.1,ACZ81_RS13270,ACZ81_13260,TK37_RS05770
MASE_RS12680,MASE_12705,WP_012518978.1,ACZ81_RS13320,ACZ81_13310,TK37_RS05715
MASE_RS12685,MASE_12710,WP_014950145.1,ACZ81_RS13325,ACZ81_13315,
MASE_RS12690,MASE_12715,WP_014950146.1,ACZ81_RS13330,ACZ81_13320,TK37_RS20255
MASE_RS12695,MASE_12720,WP_014950147.1,ACZ81_RS13335,ACZ81_13325,TK37_RS20250
MASE_RS12700,MASE_12725,WP_014950148.1,ACZ81_RS13340,ACZ81_13330,TK37_RS20245
MASE_RS12730,MASE_12745,WP_014950151.1,ACZ81_RS13395,ACZ81_13385,
MASE_RS12760,MASE_12775,WP_014950157.1,ACZ81_RS13425,ACZ81_13415,
MASE_RS12765,MASE_12780,WP_014950158.1,ACZ81_RS13430,ACZ81_13420,TK37_RS18480
MASE_RS12770,MASE_12785,WP_039228354.1,ACZ81_RS13435,ACZ81_13425,
MASE_RS12785,MASE_12800,WP_014950162.1,ACZ81_RS13450,ACZ81_13440,TK37_RS18500
MASE_RS12790,MASE_12805,WP_014950163.1,ACZ81_RS13455,ACZ81_13445,
MASE_RS12795,MASE_12810,WP_014950164.1,ACZ81_RS13460,ACZ81_13450,
MASE_RS12800,MASE_12815,WP_014950165.1,ACZ81_RS13465,ACZ81_13455,
MASE_RS12810,MASE_12825,WP_014950167.1,ACZ81_RS13475,ACZ81_13465,TK37_RS18525
MASE_RS12830,MASE_12850,WP_012519000.1,ACZ81_RS13495,ACZ81_13485,
MASE_RS12835,MASE_12855,WP_014950170.1,ACZ81_RS13500,ACZ81_13490,
MASE_RS12845,MASE_12865,WP_014950172.1,ACZ81_RS13510,ACZ81_13500,
MASE_RS12865,MASE_12885,WP_014950176.1,ACZ81_RS13530,ACZ81_13520,TK37_RS12755
MASE_RS12875,MASE_12895,WP_014950178.1,ACZ81_RS13540,ACZ81_13530,TK37_RS12745
MASE_RS12890,MASE_12910,WP_014950181.1,ACZ81_RS13555,ACZ81_13545,
MASE_RS12895,MASE_12915,WP_014950182.1,ACZ81_RS13560,ACZ81_13550,TK37_RS12725
MASE_RS12900,MASE_12920,WP_014950183.1,ACZ81_RS13565,ACZ81_13555,TK37_RS12720
MASE_RS12910,MASE_12930,WP_014950185.1,ACZ81_RS13575,ACZ81_13565,
MASE_RS12920,MASE_12940,WP_014950187.1,ACZ81_RS13585,ACZ81_13575,TK37_RS12700
MASE_RS12930,MASE_12950,WP_014950189.1,ACZ81_RS13595,ACZ81_13585,TK37_RS12690
MASE_RS12940,MASE_12960,WP_014950191.1,ACZ81_RS13605,ACZ81_13595,TK37_RS12680
MASE_RS12945,MASE_12965,WP_014950192.1,ACZ81_RS13610,ACZ81_13600,TK37_RS12675
MASE_RS12950,MASE_12970,WP_014950193.1,ACZ81_RS13615,ACZ81_13605,TK37_RS12670
MASE_RS12965,MASE_12985,WP_014950196.1,ACZ81_RS13630,ACZ81_13620,TK37_RS12655
MASE_RS12980,MASE_13000,WP_014950199.1,ACZ81_RS13645,ACZ81_13635,TK37_RS12640
MASE_RS12985,MASE_13005,WP_014950200.1,ACZ81_RS13650,ACZ81_13640,TK37_RS12635
MASE_RS13005,MASE_13025,WP_014950204.1,ACZ81_RS13670,ACZ81_13660,
MASE_RS13010,MASE_13030,WP_014950205.1,ACZ81_RS13675,ACZ81_13665,
MASE_RS13255,MASE_13285,WP_014950254.1,ACZ81_RS13925,ACZ81_13915,TK37_RS09025
MASE_RS13260,MASE_13290,WP_014950255.1,ACZ81_RS13930,ACZ81_13920,TK37_RS09020
MASE_RS13270,MASE_13300,WP_014950257.1,ACZ81_RS13940,ACZ81_13930,
MASE_RS13290,MASE_13320,WP_014950261.1,ACZ81_RS13960,ACZ81_13950,TK37_RS08990
MASE_RS13305,MASE_13335,WP_014950264.1,ACZ81_RS13975,ACZ81_13965,
MASE_RS13310,MASE_13340,WP_014950265.1,ACZ81_RS13980,ACZ81_13970,TK37_RS08970
MASE_RS13325,MASE_13355,WP_014950268.1,ACZ81_RS13990,ACZ81_13980,TK37_RS08960
MASE_RS13340,MASE_13370,WP_014950271.1,ACZ81_RS14005,ACZ81_13995,
MASE_RS13350,MASE_13380,WP_014950273.1,ACZ81_RS14015,ACZ81_14005,
MASE_RS13355,MASE_13385,WP_014950274.1,ACZ81_RS14020,ACZ81_14010,TK37_RS08930
MASE_RS13430,MASE_13460,WP_014950289.1,ACZ81_RS14100,ACZ81_14090,TK37_RS08860
MASE_RS13475,MASE_13515,WP_014950296.1,ACZ81_RS14145,ACZ81_14135,TK37_RS12250
MASE_RS13495,MASE_13535,WP_014950300.1,ACZ81_RS14165,ACZ81_14155,TK37_RS12270
MASE_RS13655,MASE_13695,WP_014950332.1,ACZ81_RS14315,ACZ81_14310,
MASE_RS13670,MASE_13710,WP_014950335.1,ACZ81_RS14330,ACZ81_14325,
MASE_RS13680,MASE_13720,WP_014950337.1,ACZ81_RS14340,ACZ81_14335,
MASE_RS13685,MASE_13725,WP_014950338.1,ACZ81_RS14345,ACZ81_14340,
MASE_RS13695,MASE_13735,WP_014950340.1,ACZ81_RS14355,ACZ81_14350,
MASE_RS13700,MASE_13740,WP_014950341.1,ACZ81_RS14360,ACZ81_14355,
MASE_RS13725,MASE_13765,WP_014950346.1,ACZ81_RS14385,ACZ81_14380,
MASE_RS13795,MASE_13835,WP_014950360.1,ACZ81_RS14465,ACZ81_14460,TK37_RS12490
MASE_RS13845,MASE_13885,WP_014950370.1,ACZ81_RS14515,ACZ81_14510,
MASE_RS13885,MASE_13925,WP_039228193.1,ACZ81_RS14555,ACZ81_14550,
MASE_RS13895,MASE_13935,WP_014950380.1,ACZ81_RS14565,ACZ81_14560,
MASE_RS13920,MASE_13960,WP_014950385.1,ACZ81_RS14590,ACZ81_14585,
MASE_RS13930,MASE_13970,WP_014950387.1,ACZ81_RS14600,ACZ81_14595,
MASE_RS13970,MASE_14015,WP_014950394.1,ACZ81_RS14645,ACZ81_14640,
MASE_RS13985,MASE_14030,WP_014950397.1,ACZ81_RS14660,ACZ81_14655,TK37_RS03455
MASE_RS14110,MASE_14155,WP_014950422.1,ACZ81_RS14730,ACZ81_14725,TK37_RS03385
MASE_RS14135,MASE_14180,WP_014950427.1,ACZ81_RS14755,ACZ81_14750,
MASE_RS14140,MASE_14185,WP_014950428.1,ACZ81_RS14760,ACZ81_14755,
MASE_RS14160,MASE_14205,WP_014950432.1,ACZ81_RS14780,ACZ81_14775,TK37_RS03335
MASE_RS14180,MASE_14225,WP_014950436.1,ACZ81_RS14800,ACZ81_14795,TK37_RS03315
MASE_RS14185,MASE_14230,WP_014950437.1,ACZ81_RS14805,ACZ81_14800,TK37_RS03310
MASE_RS14190,MASE_14235,WP_012519465.1,ACZ81_RS14810,ACZ81_14805,TK37_RS03305
MASE_RS14235,MASE_14280,WP_014950446.1,ACZ81_RS14855,ACZ81_14850,TK37_RS03260
MASE_RS14285,MASE_14330,WP_014950446.1,ACZ81_RS14855,ACZ81_14850,TK37_RS03260
MASE_RS14240,MASE_14285,WP_014950447.1,ACZ81_RS14860,ACZ81_14855,TK37_RS03255
MASE_RS14290,MASE_14335,WP_014950447.1,ACZ81_RS14860,ACZ81_14855,TK37_RS03255
MASE_RS14245,MASE_14290,WP_014950448.1,ACZ81_RS14865,ACZ81_14860,TK37_RS03250
MASE_RS14295,MASE_14340,WP_014950448.1,ACZ81_RS14865,ACZ81_14860,TK37_RS03250
MASE_RS14260,MASE_14305,WP_014950451.1,ACZ81_RS14880,ACZ81_14875,TK37_RS03235
MASE_RS14310,MASE_14355,WP_014950451.1,ACZ81_RS14880,ACZ81_14875,TK37_RS03235
MASE_RS14335,MASE_14380,WP_014950457.1,ACZ81_RS14905,ACZ81_14900,
MASE_RS14340,MASE_14385,WP_014950458.1,ACZ81_RS14910,ACZ81_14905,
MASE_RS14345,MASE_14390,WP_014950459.1,ACZ81_RS14915,ACZ81_14910,
MASE_RS14350,MASE_14395,WP_014950460.1,ACZ81_RS14920,ACZ81_14915,
MASE_RS14355,MASE_14400,WP_014950461.1,ACZ81_RS14925,ACZ81_14920,
MASE_RS14360,MASE_14405,WP_014950462.1,ACZ81_RS14930,ACZ81_14925,
MASE_RS14370,MASE_14415,WP_014950464.1,ACZ81_RS14940,ACZ81_14935,TK37_RS03175
MASE_RS14385,MASE_14430,WP_014950467.1,ACZ81_RS14955,ACZ81_14950,TK37_RS03160
MASE_RS14400,MASE_14445,WP_014950470.1,ACZ81_RS14970,ACZ81_14965,TK37_RS03145
MASE_RS14430,MASE_14475,WP_014950476.1,ACZ81_RS15000,ACZ81_14995,TK37_RS03110
MASE_RS14440,MASE_14485,WP_080589203.1,ACZ81_RS15010,ACZ81_15005,
MASE_RS19950,MASE_14525,WP_012519516.1,ACZ81_RS20915,ACZ81_15040,TK37_RS20730
MASE_RS14485,MASE_14540,WP_014950486.1,ACZ81_RS15060,ACZ81_15055,TK37_RS03055
MASE_RS14505,MASE_14560,WP_014950490.1,ACZ81_RS15075,ACZ81_15070,
MASE_RS14555,MASE_14610,WP_014950500.1,ACZ81_RS15120,ACZ81_15115,TK37_RS03005
MASE_RS14560,MASE_14615,WP_014950501.1,ACZ81_RS15125,ACZ81_15120,
MASE_RS14565,MASE_14620,WP_014950502.1,ACZ81_RS15130,ACZ81_15125,TK37_RS02995
MASE_RS14580,MASE_14635,WP_014950505.1,ACZ81_RS15145,ACZ81_15140,
MASE_RS14595,MASE_14650,WP_014950508.1,ACZ81_RS15160,ACZ81_15155,TK37_RS02965
MASE_RS14625,MASE_14680,WP_014950514.1,ACZ81_RS15195,ACZ81_15190,TK37_RS19575
MASE_RS14665,MASE_14720,WP_014950522.1,ACZ81_RS15235,ACZ81_15230,TK37_RS19615
MASE_RS14670,MASE_14725,WP_014950523.1,ACZ81_RS15240,ACZ81_15235,
MASE_RS14680,MASE_14735,WP_014950525.1,ACZ81_RS15250,ACZ81_15245,
MASE_RS14740,MASE_14795,WP_014950537.1,ACZ81_RS15310,ACZ81_15305,
MASE_RS14760,MASE_14815,WP_014950541.1,ACZ81_RS15330,ACZ81_15325,TK37_RS13145
MASE_RS14765,MASE_14820,WP_014950542.1,ACZ81_RS15335,ACZ81_15330,
MASE_RS14770,MASE_14825,WP_014950543.1,ACZ81_RS15340,ACZ81_15335,TK37_RS13155
MASE_RS14790,MASE_14845,WP_014950547.1,ACZ81_RS15360,ACZ81_15355,
MASE_RS14795,MASE_14850,WP_014950548.1,ACZ81_RS15365,ACZ81_15360,TK37_RS13175
MASE_RS14810,MASE_14865,WP_014950551.1,ACZ81_RS15380,ACZ81_15375,TK37_RS13190
MASE_RS14820,MASE_14875,WP_014950553.1,ACZ81_RS15390,ACZ81_15385,
MASE_RS14850,MASE_14905,WP_014950559.1,ACZ81_RS15405,ACZ81_15400,TK37_RS13215
MASE_RS14875,MASE_14930,WP_014977269.1,ACZ81_RS15430,ACZ81_15425,
MASE_RS14885,MASE_14940,WP_014950566.1,ACZ81_RS15440,ACZ81_15435,TK37_RS13250
MASE_RS14905,MASE_14960,WP_014950570.1,ACZ81_RS15460,ACZ81_15455,TK37_RS13270
MASE_RS14915,MASE_14970,WP_014950572.1,ACZ81_RS15470,ACZ81_15465,TK37_RS13280
MASE_RS14940,MASE_14995,WP_014950577.1,ACZ81_RS15495,ACZ81_15490,TK37_RS13305
MASE_RS14955,MASE_15010,WP_039235311.1,ACZ81_RS15510,ACZ81_15505,
MASE_RS14960,MASE_15015,WP_014950581.1,ACZ81_RS15515,ACZ81_15510,TK37_RS13325
MASE_RS14965,MASE_15020,WP_014950582.1,ACZ81_RS15520,ACZ81_15515,TK37_RS13330
MASE_RS14980,MASE_15035,WP_014950585.1,ACZ81_RS15535,ACZ81_15530,
MASE_RS14985,MASE_15040,WP_014950586.1,ACZ81_RS15540,ACZ81_15535,TK37_RS13900
MASE_RS14990,MASE_15045,WP_014950587.1,ACZ81_RS15545,ACZ81_15540,
MASE_RS14995,MASE_15050,WP_014950588.1,ACZ81_RS15550,ACZ81_15545,
MASE_RS15005,MASE_15060,WP_014950590.1,ACZ81_RS15560,ACZ81_15555,TK37_RS13920
MASE_RS15025,MASE_15080,WP_014950594.1,ACZ81_RS15580,ACZ81_15575,
MASE_RS15040,MASE_15095,WP_014950597.1,ACZ81_RS15595,ACZ81_15590,
MASE_RS15045,MASE_15100,WP_014950598.1,ACZ81_RS15600,ACZ81_15595,
MASE_RS15070,MASE_15125,WP_014950602.1,ACZ81_RS15625,ACZ81_15620,
MASE_RS15150,MASE_15200,WP_014950617.1,ACZ81_RS15725,ACZ81_15720,
MASE_RS15165,MASE_15220,WP_014950619.1,ACZ81_RS15740,ACZ81_15735,TK37_RS13490
MASE_RS15355,MASE_15410,WP_014950655.1,ACZ81_RS15855,ACZ81_15850,
MASE_RS15360,MASE_15415,WP_014950656.1,ACZ81_RS15860,ACZ81_15855,
MASE_RS15390,MASE_15450,WP_014950661.1,ACZ81_RS15885,ACZ81_15880,
MASE_RS15395,MASE_15455,WP_014950662.1,ACZ81_RS15890,ACZ81_15885,TK37_RS15065
MASE_RS19960,MASE_15500,WP_071953288.1,ACZ81_RS20920,ACZ81_15915,TK37_RS20950
MASE_RS15445,MASE_15505,WP_014950672.1,ACZ81_RS15930,ACZ81_15925,TK37_RS15105
MASE_RS15505,MASE_15565,WP_014950684.1,ACZ81_RS15990,ACZ81_15985,TK37_RS17600
MASE_RS15570,MASE_15630,WP_014950697.1,ACZ81_RS16065,ACZ81_16060,
MASE_RS15575,MASE_15635,WP_014950698.1,ACZ81_RS16070,ACZ81_16065,TK37_RS17660
MASE_RS15580,MASE_15640,WP_014950699.1,ACZ81_RS16075,ACZ81_16070,
MASE_RS15740,MASE_15775,WP_014950707.1,ACZ81_RS16230,ACZ81_16225,TK37_RS16395
MASE_RS15760,MASE_15795,WP_014950711.1,ACZ81_RS16250,ACZ81_16245,
MASE_RS15765,MASE_15800,WP_014950712.1,ACZ81_RS16255,ACZ81_16250,TK37_RS16420
MASE_RS15770,MASE_15805,WP_014950713.1,ACZ81_RS16260,ACZ81_16255,TK37_RS16425
MASE_RS15800,MASE_15835,WP_014950719.1,ACZ81_RS16290,ACZ81_16285,TK37_RS16455
MASE_RS15805,MASE_15840,WP_014950720.1,ACZ81_RS16295,ACZ81_16290,TK37_RS16460
MASE_RS15810,MASE_15845,WP_014950721.1,ACZ81_RS16300,ACZ81_16295,TK37_RS16465
MASE_RS15820,MASE_15855,WP_014950723.1,ACZ81_RS16310,ACZ81_16305,TK37_RS16475
MASE_RS15825,MASE_15860,WP_014950724.1,ACZ81_RS16315,ACZ81_16310,TK37_RS16480
MASE_RS15880,MASE_15915,WP_014950735.1,ACZ81_RS16370,ACZ81_16365,TK37_RS16915
MASE_RS15895,MASE_15930,WP_014950738.1,ACZ81_RS16385,ACZ81_16380,TK37_RS16900
MASE_RS15910,MASE_15945,WP_014950741.1,ACZ81_RS16400,ACZ81_16395,TK37_RS16885
MASE_RS15925,MASE_15960,WP_014950744.1,ACZ81_RS16415,ACZ81_16410,TK37_RS16870
MASE_RS15935,MASE_15970,WP_014950746.1,ACZ81_RS16425,ACZ81_16420,
MASE_RS15965,MASE_16000,WP_014950752.1,ACZ81_RS16455,ACZ81_16450,
MASE_RS15980,MASE_16015,WP_014950755.1,ACZ81_RS16470,ACZ81_16465,TK37_RS16815
MASE_RS15990,MASE_16025,WP_014950757.1,ACZ81_RS16480,ACZ81_16475,
MASE_RS16020,MASE_16055,WP_014950763.1,ACZ81_RS16510,ACZ81_16505,TK37_RS16775
MASE_RS16105,MASE_16140,WP_014950780.1,ACZ81_RS16610,ACZ81_16605,
MASE_RS16125,MASE_16160,WP_014950784.1,ACZ81_RS16630,ACZ81_16625,TK37_RS07825
MASE_RS16140,MASE_16175,WP_014950787.1,ACZ81_RS16645,ACZ81_16640,
MASE_RS16145,MASE_16180,WP_014950788.1,ACZ81_RS16650,ACZ81_16645,
MASE_RS16160,MASE_16195,WP_014950791.1,ACZ81_RS16675,ACZ81_16670,TK37_RS07870
MASE_RS16165,MASE_16200,WP_014950792.1,ACZ81_RS16680,ACZ81_16675,TK37_RS07875
MASE_RS16170,MASE_16205,WP_014950793.1,ACZ81_RS16685,ACZ81_16680,TK37_RS07880
MASE_RS16175,MASE_16210,WP_014950794.1,ACZ81_RS16690,ACZ81_16685,TK37_RS07885
MASE_RS16180,MASE_16215,WP_014950795.1,ACZ81_RS16695,ACZ81_16690,TK37_RS07890
MASE_RS16190,MASE_16225,WP_014950797.1,ACZ81_RS16705,ACZ81_16700,TK37_RS07900
MASE_RS16205,MASE_16240,WP_014950800.1,ACZ81_RS16720,ACZ81_16715,
MASE_RS16215,MASE_16250,WP_014950802.1,ACZ81_RS16730,ACZ81_16725,TK37_RS07925
MASE_RS16245,MASE_16280,WP_014950808.1,ACZ81_RS16760,ACZ81_16755,TK37_RS07955
MASE_RS16250,MASE_16285,WP_014950809.1,ACZ81_RS16765,ACZ81_16760,TK37_RS07960
MASE_RS16255,MASE_16290,WP_014950810.1,ACZ81_RS16770,ACZ81_16765,
MASE_RS16295,MASE_16335,WP_014950817.1,ACZ81_RS16810,ACZ81_16805,
MASE_RS16305,MASE_16345,WP_014950819.1,ACZ81_RS16820,ACZ81_16815,
MASE_RS16370,MASE_16410,WP_014950832.1,ACZ81_RS16885,ACZ81_16880,
MASE_RS16380,MASE_16425,WP_014950835.1,ACZ81_RS16895,ACZ81_16890,
MASE_RS16400,MASE_16445,WP_014950839.1,ACZ81_RS16915,ACZ81_16910,
MASE_RS16515,MASE_16520,WP_014950852.1,ACZ81_RS17020,ACZ81_17015,
MASE_RS16760,MASE_16765,WP_014950899.1,ACZ81_RS17240,ACZ81_17240,
MASE_RS16775,MASE_16780,WP_014950902.1,ACZ81_RS17250,ACZ81_17250,
MASE_RS16780,MASE_16785,WP_014950903.1,ACZ81_RS17255,ACZ81_17255,
MASE_RS16785,MASE_16790,WP_014950904.1,ACZ81_RS17260,ACZ81_17260,
MASE_RS16790,MASE_16795,WP_014950905.1,ACZ81_RS17265,ACZ81_17265,
MASE_RS16795,MASE_16800,WP_012519212.1,ACZ81_RS17270,ACZ81_17270,TK37_RS06585
MASE_RS16800,MASE_16805,WP_039226687.1,ACZ81_RS17275,ACZ81_17275,TK37_RS06590
MASE_RS16805,MASE_16810,WP_012519214.1,ACZ81_RS17280,ACZ81_17280,TK37_RS06595
MASE_RS16810,MASE_16815,WP_012519215.1,ACZ81_RS17285,ACZ81_17285,TK37_RS06600
MASE_RS16815,MASE_16820,WP_012519216.1,ACZ81_RS17290,ACZ81_17290,TK37_RS06605
MASE_RS16820,MASE_16825,WP_012519217.1,ACZ81_RS17295,ACZ81_17295,TK37_RS06610
MASE_RS16830,MASE_16840,WP_014950906.1,ACZ81_RS17305,ACZ81_17305,
MASE_RS16835,MASE_16845,WP_014950907.1,ACZ81_RS17310,ACZ81_17310,TK37_RS06625
MASE_RS16840,MASE_16850,WP_012519221.1,ACZ81_RS17315,ACZ81_17315,TK37_RS06630
MASE_RS16845,MASE_16855,WP_014950908.1,ACZ81_RS17320,ACZ81_17320,TK37_RS06635
MASE_RS16850,MASE_16860,WP_014950909.1,ACZ81_RS17325,ACZ81_17325,TK37_RS06640
MASE_RS16855,MASE_16865,WP_012519224.1,ACZ81_RS17330,ACZ81_17330,TK37_RS06645
MASE_RS16860,MASE_16870,WP_014950910.1,ACZ81_RS17335,ACZ81_17335,TK37_RS06650
MASE_RS16865,MASE_16875,WP_014950911.1,ACZ81_RS17340,ACZ81_17340,TK37_RS06655
MASE_RS16870,MASE_16880,WP_014950912.1,ACZ81_RS17345,ACZ81_17345,TK37_RS06660
MASE_RS16875,MASE_16885,WP_012519228.1,ACZ81_RS17350,ACZ81_17350,TK37_RS06665
MASE_RS16895,MASE_16905,WP_014950916.1,ACZ81_RS17370,ACZ81_17370,TK37_RS06685
MASE_RS16925,MASE_16935,WP_014950922.1,ACZ81_RS17410,ACZ81_17410,TK37_RS06715
MASE_RS16935,MASE_16945,WP_014950924.1,ACZ81_RS17420,ACZ81_17420,TK37_RS06725
MASE_RS16940,MASE_16950,WP_014950925.1,ACZ81_RS17425,ACZ81_17425,TK37_RS06730
MASE_RS16945,MASE_16955,WP_014950926.1,ACZ81_RS17430,ACZ81_17430,
MASE_RS16985,MASE_16995,WP_014950934.1,ACZ81_RS17480,ACZ81_17480,
MASE_RS16990,MASE_17005,WP_014950936.1,ACZ81_RS17485,ACZ81_17485,
MASE_RS17005,MASE_17020,WP_012519905.1,ACZ81_RS17500,ACZ81_17500,TK37_RS06790
MASE_RS17010,MASE_17025,WP_014950939.1,ACZ81_RS17505,ACZ81_17505,
MASE_RS17085,MASE_17100,WP_014950954.1,ACZ81_RS17580,ACZ81_17580,
MASE_RS17110,MASE_17130,WP_014950959.1,ACZ81_RS17605,ACZ81_17605,TK37_RS06895
MASE_RS17130,MASE_17150,WP_014950963.1,ACZ81_RS17625,ACZ81_17625,TK37_RS06915
MASE_RS17150,MASE_17170,WP_014950967.1,ACZ81_RS17645,ACZ81_17645,TK37_RS06935
MASE_RS17155,MASE_17175,WP_014950968.1,ACZ81_RS17655,ACZ81_17655,TK37_RS06940
MASE_RS17160,MASE_17180,WP_014950969.1,ACZ81_RS17660,ACZ81_17660,TK37_RS06945
MASE_RS17200,MASE_17220,WP_039226843.1,ACZ81_RS17695,ACZ81_17695,TK37_RS19390
MASE_RS17205,MASE_17225,WP_014950978.1,ACZ81_RS17700,ACZ81_17700,TK37_RS19395
MASE_RS17210,MASE_17230,WP_014950979.1,ACZ81_RS17705,ACZ81_17705,TK37_RS19400
MASE_RS17215,MASE_17235,WP_014950980.1,ACZ81_RS17710,ACZ81_17710,TK37_RS19405
MASE_RS17230,MASE_17250,WP_014950983.1,ACZ81_RS17725,ACZ81_17725,TK37_RS19420
MASE_RS17235,MASE_17255,WP_014950984.1,ACZ81_RS17730,ACZ81_17730,TK37_RS19425
MASE_RS17245,MASE_17265,WP_014950986.1,ACZ81_RS17740,ACZ81_17740,TK37_RS19435
MASE_RS17250,MASE_17270,WP_014950987.1,ACZ81_RS17745,ACZ81_17745,TK37_RS19440
MASE_RS17270,MASE_17290,WP_014950991.1,ACZ81_RS17765,ACZ81_17765,
MASE_RS17295,MASE_17315,WP_014950994.1,ACZ81_RS17790,ACZ81_17790,TK37_RS18990
MASE_RS17310,MASE_17330,WP_014950997.1,ACZ81_RS17805,ACZ81_17805,TK37_RS18975
MASE_RS17320,MASE_17340,WP_014950999.1,ACZ81_RS17815,ACZ81_17815,
MASE_RS17325,MASE_17345,WP_014951000.1,ACZ81_RS17820,ACZ81_17820,
MASE_RS17345,MASE_17365,WP_014951004.1,ACZ81_RS17840,ACZ81_17840,
MASE_RS17350,MASE_17370,WP_014951005.1,ACZ81_RS17845,ACZ81_17845,
MASE_RS17365,MASE_17385,WP_014951008.1,ACZ81_RS17860,ACZ81_17860,
MASE_RS17390,MASE_17410,WP_014951013.1,ACZ81_RS17885,ACZ81_17885,TK37_RS18895
MASE_RS17400,MASE_17420,WP_014951015.1,ACZ81_RS17895,ACZ81_17895,TK37_RS19020
MASE_RS17435,MASE_17450,WP_014951021.1,ACZ81_RS17930,ACZ81_17930,
MASE_RS17450,MASE_17465,WP_014951024.1,ACZ81_RS17945,ACZ81_17945,TK37_RS19070
MASE_RS17455,MASE_17470,WP_014951025.1,ACZ81_RS17950,ACZ81_17950,TK37_RS19075
MASE_RS17480,MASE_17495,WP_014951030.1,ACZ81_RS17975,ACZ81_17975,TK37_RS19100
MASE_RS17505,MASE_17520,WP_014951035.1,ACZ81_RS18000,ACZ81_18000,TK37_RS17115
MASE_RS17510,MASE_17525,WP_014951036.1,ACZ81_RS18005,ACZ81_18005,TK37_RS17120
MASE_RS17515,MASE_17530,WP_014951037.1,ACZ81_RS18010,ACZ81_18010,TK37_RS17125
MASE_RS17530,MASE_17540,WP_015068303.1,ACZ81_RS18025,ACZ81_18025,TK37_RS17140
MASE_RS17535,MASE_17550,WP_014951041.1,ACZ81_RS18030,ACZ81_18030,TK37_RS17145
MASE_RS17540,MASE_17555,WP_014951042.1,ACZ81_RS18035,ACZ81_18035,
MASE_RS17545,MASE_17560,WP_014951043.1,ACZ81_RS18040,ACZ81_18040,TK37_RS17155
MASE_RS17550,MASE_17565,WP_014951044.1,ACZ81_RS18055,ACZ81_18055,TK37_RS17170
MASE_RS17555,MASE_17570,WP_014951045.1,ACZ81_RS18060,ACZ81_18060,TK37_RS17175
MASE_RS17595,MASE_17600,WP_014951051.1,ACZ81_RS18095,ACZ81_18095,
MASE_RS17605,MASE_17610,WP_014951053.1,ACZ81_RS18105,ACZ81_18105,TK37_RS17220
MASE_RS17620,MASE_17625,WP_014951056.1,ACZ81_RS18120,ACZ81_18120,TK37_RS17235
MASE_RS17695,MASE_17700,WP_014951071.1,ACZ81_RS18200,ACZ81_18200,TK37_RS01190
MASE_RS17700,MASE_17705,WP_014951072.1,ACZ81_RS18205,ACZ81_18205,
MASE_RS17725,MASE_17730,WP_014951077.1,ACZ81_RS18230,ACZ81_18230,TK37_RS01170
MASE_RS17730,MASE_17735,WP_014951078.1,ACZ81_RS18235,ACZ81_18235,TK37_RS01165
MASE_RS17750,MASE_17755,WP_014951082.1,ACZ81_RS18255,ACZ81_18255,TK37_RS01145
MASE_RS17760,MASE_17765,WP_014951084.1,ACZ81_RS18265,ACZ81_18265,TK37_RS01135
MASE_RS17775,MASE_17780,WP_014951087.1,ACZ81_RS18275,ACZ81_18275,
MASE_RS17780,MASE_17785,WP_207198752.1,ACZ81_RS18280,ACZ81_18280,
MASE_RS17785,MASE_17790,WP_014951089.1,ACZ81_RS18285,ACZ81_18285,
MASE_RS17790,MASE_17795,WP_014951090.1,ACZ81_RS18290,ACZ81_18290,
MASE_RS17795,MASE_17800,WP_014951091.1,ACZ81_RS18295,ACZ81_18295,
MASE_RS17800,MASE_17805,WP_014951092.1,ACZ81_RS18300,ACZ81_18300,TK37_RS01095
MASE_RS17805,MASE_17810,WP_051129072.1,ACZ81_RS18305,ACZ81_18305,
MASE_RS17815,MASE_17820,WP_014951095.1,ACZ81_RS18315,ACZ81_18315,
MASE_RS17820,MASE_17825,WP_014951096.1,ACZ81_RS18320,ACZ81_18320,TK37_RS01075
MASE_RS17855,MASE_17860,WP_014951103.1,ACZ81_RS18355,ACZ81_18355,TK37_RS01040
MASE_RS17860,MASE_17865,WP_014951104.1,ACZ81_RS18360,ACZ81_18360,TK37_RS01035
MASE_RS17870,MASE_17875,WP_014951106.1,ACZ81_RS18370,ACZ81_18370,TK37_RS01025
MASE_RS17875,MASE_17880,WP_014951107.1,ACZ81_RS18375,ACZ81_18375,TK37_RS01020
MASE_RS17895,MASE_17900,WP_014951111.1,ACZ81_RS18395,ACZ81_18395,
MASE_RS17940,MASE_17945,WP_012519953.1,ACZ81_RS18445,ACZ81_18445,TK37_RS00955
MASE_RS17945,MASE_17950,WP_012519954.1,ACZ81_RS18450,ACZ81_18450,TK37_RS00950
MASE_RS17950,MASE_17955,WP_014951120.1,ACZ81_RS18455,ACZ81_18455,TK37_RS00945
MASE_RS17955,MASE_17960,WP_014951121.1,ACZ81_RS18460,ACZ81_18460,TK37_RS00940
MASE_RS17980,MASE_17985,WP_014951126.1,ACZ81_RS18485,ACZ81_18485,TK37_RS00915
MASE_RS17995,MASE_18000,WP_014951129.1,ACZ81_RS18500,ACZ81_18500,
MASE_RS18000,MASE_18005,WP_014951130.1,ACZ81_RS18505,ACZ81_18505,
MASE_RS18010,MASE_18015,WP_014951132.1,ACZ81_RS18515,ACZ81_18515,TK37_RS00885
MASE_RS18025,MASE_18030,WP_014951135.1,ACZ81_RS18530,ACZ81_18530,TK37_RS00870
MASE_RS18030,MASE_18035,WP_014951136.1,ACZ81_RS18535,ACZ81_18535,TK37_RS00865
MASE_RS18040,MASE_18045,WP_014951138.1,ACZ81_RS18545,ACZ81_18545,
MASE_RS18070,MASE_18075,WP_014951144.1,ACZ81_RS18575,ACZ81_18575,
MASE_RS18075,MASE_18080,WP_014951145.1,ACZ81_RS18580,ACZ81_18580,
MASE_RS18080,MASE_18085,WP_014951146.1,ACZ81_RS18585,ACZ81_18585,
MASE_RS18085,MASE_18090,WP_014951147.1,ACZ81_RS18590,ACZ81_18590,
MASE_RS18120,MASE_18125,WP_014951154.1,ACZ81_RS18625,ACZ81_18620,
MASE_RS18135,MASE_18145,WP_014951158.1,ACZ81_RS18640,ACZ81_18635,TK37_RS00760
MASE_RS18230,MASE_18240,WP_014951177.1,ACZ81_RS18705,ACZ81_18700,TK37_RS00695
MASE_RS18255,MASE_18265,WP_014951182.1,ACZ81_RS18730,ACZ81_18725,
MASE_RS18265,MASE_18275,WP_014951184.1,ACZ81_RS18740,ACZ81_18735,
MASE_RS18270,MASE_18280,WP_014951185.1,ACZ81_RS18745,ACZ81_18740,TK37_RS00655
MASE_RS18280,MASE_18290,WP_014951187.1,ACZ81_RS18755,ACZ81_18750,TK37_RS00645
MASE_RS18285,MASE_18295,WP_014951188.1,ACZ81_RS18760,ACZ81_18755,TK37_RS00640
MASE_RS18290,MASE_18300,WP_014951189.1,ACZ81_RS18765,ACZ81_18760,TK37_RS00635
MASE_RS18305,MASE_18315,WP_014951192.1,ACZ81_RS18780,ACZ81_18775,TK37_RS00620
MASE_RS18320,MASE_18330,WP_014951195.1,ACZ81_RS18795,ACZ81_18790,TK37_RS00605
MASE_RS18335,MASE_18345,WP_014951198.1,ACZ81_RS18815,ACZ81_18810,
MASE_RS18345,MASE_18355,WP_014951200.1,ACZ81_RS18825,ACZ81_18820,
MASE_RS18525,MASE_18535,WP_014951234.1,ACZ81_RS18845,ACZ81_18840,TK37_RS00560
MASE_RS18530,MASE_18540,WP_014977723.1,ACZ81_RS18850,ACZ81_18845,TK37_RS00555
MASE_RS18550,MASE_18560,WP_014951239.1,ACZ81_RS18870,ACZ81_18865,TK37_RS00535
MASE_RS18570,MASE_18585,WP_014951242.1,ACZ81_RS18890,ACZ81_18885,TK37_RS00515
MASE_RS18580,MASE_18595,WP_014951244.1,ACZ81_RS18900,ACZ81_18895,TK37_RS00505
MASE_RS18585,MASE_18600,WP_014951245.1,ACZ81_RS18905,ACZ81_18900,TK37_RS00500
MASE_RS18675,MASE_18690,WP_012520077.1,ACZ81_RS18995,ACZ81_18990,TK37_RS00410
MASE_RS18690,MASE_18705,WP_014951264.1,ACZ81_RS19010,ACZ81_19005,
MASE_RS18695,MASE_18710,WP_014951265.1,ACZ81_RS19015,ACZ81_19010,TK37_RS00390
MASE_RS18720,MASE_18735,WP_014951270.1,ACZ81_RS19080,ACZ81_19075,
MASE_RS18725,MASE_18740,WP_012520088.1,ACZ81_RS19085,ACZ81_19080,TK37_RS00360
MASE_RS18800,MASE_18815,WP_014951285.1,ACZ81_RS19170,ACZ81_19165,TK37_RS00285
MASE_RS18810,MASE_18825,WP_014951287.1,ACZ81_RS19180,ACZ81_19175,
MASE_RS18820,MASE_18835,WP_014951289.1,ACZ81_RS19190,ACZ81_19185,TK37_RS00250
MASE_RS18825,MASE_18840,WP_012520109.1,ACZ81_RS19195,ACZ81_19190,TK37_RS00245
MASE_RS18860,MASE_18875,WP_014951296.1,ACZ81_RS19230,ACZ81_19225,TK37_RS00210
MASE_RS18870,MASE_18885,WP_014951298.1,ACZ81_RS19240,ACZ81_19235,
MASE_RS18875,MASE_18890,WP_014951299.1,ACZ81_RS19245,ACZ81_19240,TK37_RS00195
MASE_RS18900,MASE_18915,WP_014977772.1,ACZ81_RS19275,ACZ81_19270,
MASE_RS18935,MASE_18950,WP_014951311.1,ACZ81_RS19310,ACZ81_19305,
MASE_RS18980,MASE_18995,WP_014951320.1,ACZ81_RS19355,ACZ81_19350,TK37_RS00090
MASE_RS18985,MASE_19000,WP_014951321.1,ACZ81_RS19360,ACZ81_19355,TK37_RS00085
MASE_RS18990,MASE_19005,WP_014951322.1,ACZ81_RS19365,ACZ81_19360,
MASE_RS19025,MASE_19040,WP_014951329.1,ACZ81_RS19400,ACZ81_19395,TK37_RS00045
MASE_RS19040,MASE_19055,WP_012520152.1,ACZ81_RS19415,ACZ81_19410,
MASE_RS20085,MASE_19065,WP_012520154.1,ACZ81_RS21370,ACZ81_19415,
MASE_RS19060,MASE_19080,WP_014951335.1,ACZ81_RS19435,ACZ81_19430,TK37_RS00010
MASE_RS19065,MASE_19085,WP_170826521.1,ACZ81_RS19440,ACZ81_19435,
MASE_RS19070,MASE_19090,WP_014951337.1,ACZ81_RS19445,ACZ81_19440,TK37_RS15035
MASE_RS19230,MASE_19260,WP_014951369.1,ACZ81_RS19485,ACZ81_19480,TK37_RS14995
MASE_RS19245,MASE_19275,WP_014951372.1,ACZ81_RS19500,ACZ81_19495,TK37_RS14980
MASE_RS19265,MASE_19295,WP_014951376.1,ACZ81_RS19520,ACZ81_19515,
MASE_RS19295,MASE_19325,WP_039221374.1,ACZ81_RS19550,ACZ81_19545,TK37_RS14930
MASE_RS19300,MASE_19330,WP_014951383.1,ACZ81_RS19555,ACZ81_19550,TK37_RS14925
MASE_RS19305,MASE_19335,WP_014951384.1,ACZ81_RS19560,ACZ81_19555,
MASE_RS19320,MASE_19350,WP_014951387.1,ACZ81_RS19575,ACZ81_19570,TK37_RS14905
MASE_RS19335,MASE_19365,WP_014951390.1,ACZ81_RS19590,ACZ81_19585,TK37_RS14890
MASE_RS19350,MASE_19380,WP_014951393.1,ACZ81_RS19605,ACZ81_19600,TK37_RS14875
MASE_RS19365,MASE_19395,WP_014951396.1,ACZ81_RS19620,ACZ81_19615,TK37_RS14860
MASE_RS19475,MASE_19515,WP_014951406.1,ACZ81_RS04210,ACZ81_04215,
MASE_RS19510,MASE_19550,WP_014951412.1,ACZ81_RS19650,ACZ81_19645,
MASE_RS19515,MASE_19555,WP_014951413.1,ACZ81_RS19655,ACZ81_19650,TK37_RS05260
MASE_RS19535,MASE_19575,WP_014951417.1,ACZ81_RS19675,ACZ81_19670,TK37_RS05240
MASE_RS19560,MASE_19600,WP_014951422.1,ACZ81_RS19705,ACZ81_19700,TK37_RS05215
MASE_RS19585,MASE_19625,WP_014951427.1,ACZ81_RS19730,ACZ81_19725,
MASE_RS19595,MASE_19635,WP_014951429.1,ACZ81_RS19740,ACZ81_19735,TK37_RS05180
MASE_RS19600,MASE_19640,WP_014951430.1,ACZ81_RS19745,ACZ81_19740,TK37_RS05175
MASE_RS19610,MASE_19650,WP_014951432.1,ACZ81_RS19755,ACZ81_19750,TK37_RS05165
MASE_RS19660,MASE_19700,WP_014951442.1,ACZ81_RS19805,ACZ81_19800,TK37_RS04995
MASE_RS19670,MASE_19710,WP_014951444.1,ACZ81_RS19815,ACZ81_19810,TK37_RS04985
MASE_RS19690,MASE_19730,WP_014951448.1,ACZ81_RS19835,ACZ81_19830,TK37_RS04965
MASE_RS19700,MASE_19740,WP_012520217.1,ACZ81_RS19845,ACZ81_19840,TK37_RS04955
MASE_RS19705,MASE_19745,WP_014951450.1,ACZ81_RS19850,ACZ81_19845,TK37_RS04950
MASE_RS19710,MASE_19750,WP_014951451.1,ACZ81_RS19855,ACZ81_19850,
MASE_RS19715,MASE_19755,WP_014951452.1,ACZ81_RS19860,ACZ81_19855,TK37_RS04940
MASE_RS19720,MASE_19760,WP_012520222.1,ACZ81_RS19865,ACZ81_19860,TK37_RS04935
MASE_RS19725,MASE_19765,WP_012520223.1,ACZ81_RS19870,ACZ81_19865,TK37_RS04930
MASE_RS19735,MASE_19775,WP_014951454.1,ACZ81_RS19880,ACZ81_19875,TK37_RS04920
MASE_RS19740,MASE_19780,WP_014951455.1,ACZ81_RS19885,ACZ81_19880,TK37_RS04915
MASE_RS19745,MASE_19785,WP_014951456.1,ACZ81_RS19890,ACZ81_19885,TK37_RS04910
MASE_RS19755,MASE_19795,WP_014951458.1,ACZ81_RS19905,ACZ81_19900,TK37_RS04900
MASE_RS19980,MASE_19825,WP_014951464.1,ACZ81_RS21035,ACZ81_19925,
MASE_RS19785,MASE_19830,WP_015000154.1,ACZ81_RS19935,ACZ81_19930,TK37_RS04870
MASE_RS19790,MASE_19835,WP_014290886.1,ACZ81_RS19940,ACZ81_19935,TK37_RS04865
