WP_011131642.1	MER0003314|C44.001|C44	36.0	48.8	94.0	261	7.21e-31	117
WP_011131642.1	MER0004101|C44.A01|C44	31.4	50.4	100	255	1.16e-28	110
WP_011131642.1	MER0011806|C44.A03|C44	32.5	49.0	93.7	240	3.01e-28	109
WP_011131642.1	MER0011781|C44.A02|C44	31.5	48.8	92.8	238	1.07e-27	107
WP_011131642.1	MER0003327|C44.971|C44	28.8	44.2	83.8	219	9.56e-13	64.7
WP_011131642.1	MER0185695|C44.A08|C44	25.3	43.4	90.0	221	1.31e-10	58.2
WP_011131642.1	MER0003350|C44.975|C44	27.2	35.2	89.3	191	2.58e-07	48.1
WP_011131642.1	MER0012158|C44.972|C44	25.8	44.7	68.0	240	1.39e-06	47.0
WP_011131642.1	MER0003322|C44.970|C44	23.0	33.1	83.0	178	5.32e-05	41.2
WP_011131675.1	MER0045886|C26.957|C26	44.7	42.6	94.9	226	2.97e-60	196
WP_011131675.1	MER0042974|C26.A07|C26	41.8	35.6	99.5	194	5.78e-48	162
WP_011131675.1	MER0044889|C26.A21|C26	39.7	43.4	94.2	229	2.38e-47	162
WP_011131675.1	MER0436735|C26.A34|C26	36.5	42.4	98.9	260	2.19e-46	160
WP_011131675.1	MER0043387|C26.950|C26	41.0	33.7	100	178	1.95e-38	135
WP_011131675.1	MER0038086|C26.962|C26	37.3	40.0	88.9	225	1.58e-37	135
WP_011131675.1	MER0043537|C26.A31|C26	38.7	34.3	95.7	181	3.66e-36	130
WP_011131675.1	MER0044622|C26.A25|C26	33.3	28.4	59.1	153	5.03e-15	72.0
WP_011131675.1	MER0045094|C26.959|C26	28.6	34.5	76.3	185	4.39e-14	68.9
WP_011131675.1	MER0044882|C26.A09|C26	26.7	32.4	97.8	180	5.29e-14	67.4
WP_011131675.1	MER0043394|C26.955|C26	28.1	28.6	92.7	153	1.24e-11	60.1
WP_011131675.1	MER0043195|C26.A30|C26	23.9	34.1	79.6	201	2.33e-08	52.0
WP_011131675.1	MER0043540|C26.A33|C26	26.6	31.6	71.1	173	4.83e-07	47.8
WP_011131675.1	MER0043475|C26.A05|C26	26.3	27.7	61.2	156	5.79e-07	47.8
WP_011131675.1	MER0044619|C26.A26|C26	25.0	22.3	50.2	120	4.05e-06	45.1
WP_011131675.1	MER0045095|C26.958|C26	29.8	24.8	49.4	141	6.52e-06	44.7
WP_011131675.1	MER0043392|C26.960|C26	24.2	28.0	86.4	149	7.32e-05	40.4
WP_011131707.1	MER0015682|S09.074|S09C	40.2	33.3	68.6	214	1.15e-43	155
WP_011131707.1	MER0140224|S09.B03|S09X	39.2	32.1	89.1	212	8.01e-41	145
WP_011131707.1	MER0126485|S09.072|S09X	38.3	31.9	87.3	206	3.25e-38	138
WP_011131707.1	MER0003558|S09.A83|S09C	33.3	36.9	93.1	243	1.97e-36	134
WP_011131707.1	MER0018170|S09.057|S09C	30.9	34.4	92.5	233	3.35e-29	113
WP_011131707.1	MER0001920|S09.A77|S09C	25.0	34.7	93.5	236	1.80e-11	61.6
WP_011131707.1	MER0005807|S09.070|S09C	25.9	33.2	76.0	216	4.51e-11	60.8
WP_011131707.1	MER0000408|S09.004|S09C	26.9	18.4	47.2	119	1.77e-07	49.7
WP_011131707.1	MER0030932|S09.B06|S09X	26.1	22.0	58.0	142	1.32e-04	40.8
WP_011131707.1	MER0000403|S09.973|S09X	21.4	29.0	70.1	192	1.45e-04	40.8
WP_011131728.1	MER0003290|S01.482|S01C	59.9	40.6	100	157	3.89e-58	183
WP_011131728.1	MER0000268|S01.480|S01C	55.1	40.6	100	158	1.95e-47	155
WP_011131728.1	MER0013623|S01.453|S01C	51.3	40.6	100	158	3.15e-45	150
WP_011131728.1	MER0002577|S01.277|S01C	48.7	40.6	100	156	5.19e-43	144
WP_011131728.1	MER0005468|S01.491|S01C	48.1	40.6	100	158	6.04e-43	144
WP_011131728.1	MER0004111|S01.442|S01C	48.7	40.6	100	158	1.09e-42	143
WP_011131728.1	MER0003850|S01.500|S01C	46.0	45.0	97.7	176	4.02e-42	142
WP_011131728.1	MER0028330|S01.329|S01C	48.1	40.6	100	156	8.42e-41	138
WP_011131728.1	MER0004673|S01.494|S01C	35.3	60.7	92.3	255	2.98e-40	140
WP_011131728.1	MER0004093|S01.278|S01C	46.2	40.6	100	156	3.26e-40	137
WP_011131728.1	MER0016351|S01.285|S01C	46.8	40.6	100	156	3.26e-40	137
WP_011131728.1	MER0014795|S01.284|S01C	47.5	40.6	100	162	7.68e-40	136
WP_011131728.1	MER0001372|S01.274|S01C	46.5	40.6	100	159	2.72e-39	134
WP_011131728.1	MER0004149|S01.525|S01C	49.7	40.6	100	165	2.53e-38	132
WP_011131728.1	MER0000266|S01.273|S01C	46.3	40.6	100	160	1.56e-37	130
WP_011131728.1	MER0016031|S01.364|S01C	47.6	40.6	100	166	8.04e-37	128
WP_011131728.1	MER0006096|S01.A08|S01C	47.7	34.0	98.5	130	1.10e-36	127
WP_011131728.1	MER0001945|S01.472|S01C	45.4	40.6	100	163	1.89e-35	124
WP_011131728.1	MER0004086|S01.B81|S01C	44.4	40.3	100	162	2.88e-35	124
WP_011131728.1	MER0022668|S01.447|S01C	46.2	40.6	100	171	5.22e-35	124
WP_011131728.1	MER0011375|S01.476|S01C	43.0	40.6	100	158	6.54e-34	120
WP_011131728.1	MER0001373|S01.275|S01C	42.0	40.6	100	162	2.07e-32	116
WP_011131728.1	MER0015583|S01.416|S01C	45.3	36.9	98.0	150	7.02e-31	112
WP_011131728.1	MER0010944|S01.474|S01C	42.2	40.6	100	173	2.24e-30	111
WP_011131728.1	MER0005093|S01.441|S01C	39.5	40.3	100	167	3.88e-28	105
WP_011131772.1	MER0014135|S16.A04|S16	38.6	58.9	97.8	267	2.55e-61	197
WP_011131772.1	MER0017402|S16.A11|S16	28.2	26.7	56.4	124	7.76e-12	61.6
WP_011131772.1	MER0003359|S16.008|S16	31.7	18.0	35.0	82	4.27e-06	44.7
WP_011131823.1	MER0043394|C26.955|C26	52.1	82.3	98.8	163	2.24e-62	188
WP_011131823.1	MER0045094|C26.959|C26	44.8	97.5	77.6	194	6.01e-57	177
WP_011131823.1	MER0044622|C26.A25|C26	46.1	97.0	73.2	193	1.36e-56	176
WP_011131823.1	MER0044882|C26.A09|C26	44.1	83.3	93.4	170	7.97e-52	162
WP_011131823.1	MER0043392|C26.960|C26	38.2	79.3	90.5	157	3.33e-34	116
WP_011131823.1	MER0045095|C26.958|C26	33.3	97.5	78.7	210	6.36e-31	110
WP_011131823.1	MER0043195|C26.A30|C26	34.9	97.0	80.8	209	2.98e-27	100
WP_011131823.1	MER0043537|C26.A31|C26	30.2	96.5	96.3	192	1.44e-23	89.7
WP_011131823.1	MER0044619|C26.A26|C26	31.8	98.0	79.3	195	1.15e-21	85.9
WP_011131823.1	MER0044812|C26.A04|C26	30.3	85.9	68.9	178	1.86e-20	82.8
WP_011131823.1	MER0115185|C26.954|C26	35.0	68.2	90.9	137	1.41e-18	75.5
WP_011131823.1	MER0045945|C26.963|C26	32.3	73.7	65.9	155	3.67e-18	76.3
WP_011131823.1	MER0043540|C26.A33|C26	32.0	79.8	69.7	172	7.69e-16	70.1
WP_011131823.1	MER0045886|C26.957|C26	32.9	71.7	58.9	146	2.90e-13	63.2
WP_011131823.1	MER0042974|C26.A07|C26	26.3	76.8	79.9	156	1.56e-11	57.8
WP_011131823.1	MER0060647|C26.952|C26	29.4	73.2	41.6	153	4.43e-11	57.8
WP_011131823.1	MER0043387|C26.950|C26	32.7	57.1	61.9	113	8.37e-11	55.5
WP_011131823.1	MER0046161|C26.956|C26	30.5	64.6	45.3	131	2.91e-10	55.1
WP_011131823.1	MER0436691|C26.A27|C26	28.9	66.2	50.2	135	2.28e-09	52.4
WP_011131823.1	MER0044889|C26.A21|C26	28.4	74.7	59.9	148	7.25e-09	50.8
WP_011131823.1	MER0038086|C26.962|C26	27.3	84.8	69.8	183	1.04e-08	50.4
WP_011131823.1	MER0031288|C26.A28|C26	28.7	61.6	56.5	136	6.88e-04	36.2
WP_011131865.1	MER0002563|M41.020|M41	64.8	37.7	95.1	233	5.47e-100	301
WP_011131865.1	MER0017637|M41.024|M41	63.9	37.7	95.1	233	1.71e-98	298
WP_011131865.1	MER0002408|M41.017|M41	47.2	38.0	93.5	235	2.63e-64	209
WP_011131865.1	MER0002602|M41.009|M41	44.1	39.5	89.9	245	1.38e-63	207
WP_011131865.1	MER0001620|M41.001|M41	44.4	39.0	84.1	241	1.19e-62	206
WP_011131865.1	MER0005466|M41.021|M41	40.9	39.0	98.8	242	7.60e-58	191
WP_011131865.1	MER0011745|M41.005|M41	46.8	38.2	89.2	237	5.33e-55	184
WP_011131865.1	MER0015137|M41.025|M41	45.6	38.2	90.2	237	1.86e-53	180
WP_011131865.1	MER0015199|M41.015|M41	40.1	37.5	81.4	232	2.60e-53	181
WP_011131865.1	MER0015193|M41.019|M41	42.3	38.2	97.5	239	1.12e-49	169
WP_011131865.1	MER0015197|M41.013|M41	45.0	37.4	85.7	231	1.48e-49	170
WP_011131865.1	MER0023544|M41.A10|M41	42.2	38.3	82.2	237	8.62e-49	168
WP_011131865.1	MER0005496|M41.007|M41	40.0	38.0	83.3	235	3.60e-46	161
WP_011131865.1	MER0056525|M41.A17|M41	38.1	38.0	89.2	236	2.96e-45	158
WP_011131865.1	MER0015194|M41.A14|M41	40.2	37.9	84.2	234	4.35e-45	158
WP_011131865.1	MER0015195|M41.A15|M41	36.0	38.0	81.5	236	7.62e-44	155
WP_011131865.1	MER0171760|M41.A12|M41	36.4	40.3	89.4	250	2.86e-43	153
WP_011131865.1	MER0002605|M41.003|M41	39.5	38.3	84.9	238	4.06e-43	152
WP_011131865.1	MER0011224|M41.A09|M41	37.4	38.0	81.5	235	1.39e-42	151
WP_011131865.1	MER0002600|M41.002|M41	40.4	39.5	91.0	245	1.60e-42	150
WP_011131865.1	MER0004454|M41.006|M41	39.2	38.0	82.5	237	8.87e-41	146
WP_011131865.1	MER0015609|M41.023|M41	35.5	39.0	83.8	242	1.40e-38	140
WP_011131865.1	MER0190577|M41.A16|M41	34.7	38.2	89.3	236	6.33e-38	137
WP_011131865.1	MER0011748|M41.022|M41	34.9	39.6	86.5	249	9.96e-38	138
WP_011131865.1	MER0014324|M41.018|M41	35.7	38.0	90.8	235	1.44e-37	136
WP_011131961.1	MER0001297|S41.008|S41A	49.7	38.5	97.6	165	1.99e-49	162
WP_011131961.1	MER0003514|S41.010|S41A	44.6	38.7	98.2	166	5.82e-43	145
WP_011131961.1	MER0001425|S41.004|S41A	41.8	38.2	97.1	170	1.17e-38	134
WP_011131961.1	MER0003065|S41.009|S41A	42.3	38.0	96.4	163	3.75e-38	133
WP_011131961.1	MER0003413|S41.002|S41A	43.6	37.5	95.3	163	1.05e-37	132
WP_011131961.1	MER0005714|S41.A01|S41A	42.8	36.6	93.3	166	1.02e-34	124
WP_011131961.1	MER0015684|S41.A02|S41A	41.0	37.1	94.2	161	2.27e-34	123
WP_011131961.1	MER0004195|S41.007|S41A	36.3	38.9	98.8	168	2.25e-32	117
WP_011131961.1	MER0004196|S41.013|S41A	40.5	38.5	97.7	168	3.19e-30	112
WP_011131961.1	MER0001295|S41.001|S41A	32.2	37.5	95.6	174	3.82e-26	101
WP_011131961.1	MER0195376|S41.012|S41A	26.0	28.0	79.8	146	2.93e-04	38.5
WP_011131971.1	MER0014523|A01.A05|A01B	33.3	56.0	13.2	48	6.90e-04	33.5
WP_011131993.1	MER0000431|S33.001|S33	46.2	95.6	96.1	303	3.04e-86	258
WP_011131993.1	MER0000436|S33.021|S33	30.3	42.9	43.9	142	1.57e-10	57.8
WP_011131993.1	MER0037236|S33.016|S33	30.2	39.0	46.0	129	1.56e-07	48.5
WP_011131993.1	MER0031611|S33.977|S33	24.7	64.8	60.2	215	7.86e-06	43.5
WP_011132091.1	MER0016172|S66.002|S66	25.7	91.4	92.4	288	2.39e-20	85.9
WP_011132112.1	MER0001243|M24.001|M24A	45.2	89.2	94.3	250	7.30e-72	219
WP_011132112.1	MER0005690|M24.A06|M24A	38.7	88.9	98.8	248	5.69e-59	185
WP_011132112.1	MER0015127|M24.A05|M24A	39.0	84.6	94.0	236	1.44e-56	179
WP_011132112.1	MER0015128|M24.A07|M24A	37.7	84.6	93.6	236	4.81e-52	167
WP_011132112.1	MER0013929|M24.028|M24A	35.1	88.5	96.8	248	5.68e-51	165
WP_011132112.1	MER0013450|M24.036|M24A	37.3	88.5	97.6	249	2.25e-50	163
WP_011132112.1	MER0001342|M24.017|M24A	34.5	89.2	94.6	249	2.28e-49	161
WP_011132112.1	MER0013589|M24.A12|M24A	36.7	87.8	100	245	2.10e-48	158
WP_011132112.1	MER0003880|M24.035|M24A	30.8	70.6	63.7	201	7.00e-22	89.7
WP_011132112.1	MER0010972|M24.950|M24A	23.5	83.9	89.7	238	2.11e-21	87.4
WP_011132112.1	MER0024896|M24.A13|M24A	31.3	45.9	27.4	134	1.14e-17	79.3
WP_011132112.1	MER0004931|M24.008|M24B	27.3	72.0	83.4	205	7.20e-17	74.7
WP_011132112.1	MER0004532|M24.034|M24B	27.7	72.0	83.3	202	1.85e-16	73.6
WP_011132112.1	MER0005462|M24.031|M24B	25.2	87.8	95.2	246	1.27e-15	71.2
WP_011132112.1	MER0002038|M24.006|M24B	29.4	54.1	63.0	153	8.28e-12	60.5
WP_011132112.1	MER0064643|M24.978|M24X	24.9	76.3	67.2	233	4.89e-09	53.1
WP_011132112.1	MER0005497|M24.973|M24X	24.9	76.3	67.2	233	2.83e-08	50.8
WP_011132112.1	MER0029983|M24.975|M24X	27.6	58.8	51.5	181	1.23e-06	45.8
WP_011132112.1	MER0047299|M24.977|M24X	29.0	46.6	39.3	138	1.22e-05	42.7
WP_011132128.1	MER0002064|M32.006|M32	34.2	94.0	98.5	483	9.78e-89	277
WP_011132128.1	MER0001186|M32.001|M32	32.7	98.6	98.0	511	1.70e-85	270
WP_011132128.1	MER0069021|M32.003|M32	33.9	93.6	94.8	487	4.44e-77	247
WP_011132128.1	MER0017390|M32.002|M32	30.0	95.4	95.8	496	2.53e-69	227
WP_011132128.1	MER0069024|M32.004|M32	29.4	98.0	99.2	510	3.35e-64	213
WP_011132128.1	MER0015184|M32.005|M32	31.4	93.6	93.8	488	1.24e-55	191
WP_011132148.1	MER0055964|S26.A02|S26A	34.6	81.1	97.3	185	2.40e-27	99.4
WP_011132148.1	MER0015620|S26.A01|S26A	34.1	81.1	94.8	185	1.73e-24	92.0
WP_011132148.1	MER0003269|S26.008|S26A	33.0	81.1	94.9	185	3.97e-23	88.6
WP_011132148.1	MER0002551|S26.024|S26A	30.7	84.2	99.5	212	2.56e-20	82.4
WP_011132148.1	MER0001510|S26.007|S26A	27.6	82.5	96.8	192	5.33e-17	72.4
WP_011132148.1	MER0013626|S26.026|S26A	27.5	75.0	84.3	171	1.35e-16	71.2
WP_011132148.1	MER0004537|S26.025|S26A	31.3	81.1	95.7	192	1.43e-16	72.0
WP_011132148.1	MER0002550|S26.004|S26A	28.6	81.1	94.9	189	7.57e-16	69.3
WP_011132148.1	MER0028421|S26.018|S26A	27.8	82.0	96.2	194	1.10e-15	68.9
WP_011132148.1	MER0003273|S26.016|S26A	28.6	82.0	96.3	199	1.66e-15	68.6
WP_011132148.1	MER0000592|S26.003|S26A	35.4	41.7	61.9	99	1.44e-14	65.9
WP_011132148.1	MER0015994|S26.019|S26A	29.3	78.5	94.4	198	4.20e-13	62.0
WP_011132148.1	MER0001912|S26.005|S26A	27.3	78.9	91.6	183	5.29e-13	61.6
WP_011132148.1	MER0015993|S26.021|S26A	25.1	82.5	96.8	195	5.05e-12	58.9
WP_011132148.1	MER0000589|S26.001|S26A	26.2	78.5	89.1	225	5.13e-12	60.5
WP_011132148.1	MER0016034|S26.020|S26A	28.9	71.1	87.7	180	3.51e-11	56.6
WP_011132148.1	MER0003268|S26.015|S26A	28.4	44.3	72.2	134	6.81e-10	53.5
WP_011132148.1	MER0006313|S26.006|S26A	23.3	71.9	86.1	172	3.69e-08	48.1
WP_011132151.1	MER0056047|M79.006|M79	45.3	16.6	93.8	75	1.80e-14	65.5
WP_011132151.1	MER0056027|M79.A03|M79	41.3	16.6	63.6	75	9.99e-10	53.1
WP_011132151.1	MER0055284|M79.A10|M79	35.1	17.0	93.9	77	2.18e-07	45.4
WP_011132203.1	MER0061068|M38.A02|M38	53.5	84.2	99.7	297	3.75e-111	323
WP_011132227.1	MER0006087|M03.A01|M03A	44.4	98.7	97.0	694	1.59e-211	607
WP_011132227.1	MER0015119|M03.A02|M03A	42.7	98.7	97.9	719	8.51e-202	583
WP_011132227.1	MER0001161|M03.004|M03A	40.8	91.7	92.6	647	1.42e-160	476
WP_011132227.1	MER0001158|M03.005|M03A	29.5	91.9	92.3	650	1.32e-80	267
WP_011132227.1	MER0001153|M03.003|M03A	29.8	81.0	80.1	577	1.73e-72	245
WP_011132227.1	MER0001942|M03.002|M03A	29.7	83.6	82.6	596	9.03e-71	240
WP_011132227.1	MER0003110|M03.009|M03A	28.0	94.2	95.3	711	2.35e-69	237
WP_011132227.1	MER0001149|M03.001|M03A	27.4	92.2	90.5	654	1.72e-66	229
WP_011132227.1	MER0108144|M03.A07|M03A	27.6	88.6	92.0	634	2.15e-66	228
WP_011132227.1	MER0079465|M03.011|M03A	27.8	80.4	85.8	571	4.60e-59	207
WP_011132227.1	MER0015170|M03.A03|M03A	24.7	79.1	80.9	555	9.17e-37	143
WP_011132227.1	MER0001156|M03.006|M03A	26.8	76.3	75.5	570	1.59e-35	140
WP_011132227.1	MER0059435|M03.A11|M03A	21.8	45.9	48.9	372	3.01e-07	50.4
WP_011132240.1	MER0055964|S26.A02|S26A	41.6	79.4	100	154	2.22e-40	131
WP_011132240.1	MER0015620|S26.A01|S26A	38.9	80.9	99.3	162	6.47e-38	125
WP_011132240.1	MER0003269|S26.008|S26A	37.7	79.4	97.4	162	1.60e-36	122
WP_011132240.1	MER0028421|S26.018|S26A	34.5	77.8	95.6	165	7.44e-22	84.3
WP_011132240.1	MER0016034|S26.020|S26A	37.3	73.2	95.5	161	3.70e-21	82.4
WP_011132240.1	MER0003273|S26.016|S26A	29.9	76.8	94.4	167	1.42e-18	75.9
WP_011132240.1	MER0015993|S26.021|S26A	32.1	78.9	96.8	168	2.32e-18	75.1
WP_011132240.1	MER0004537|S26.025|S26A	32.8	74.2	92.6	174	2.45e-18	75.9
WP_011132240.1	MER0013626|S26.026|S26A	32.1	76.8	94.1	159	3.37e-17	72.0
WP_011132240.1	MER0015994|S26.019|S26A	34.3	74.7	95.0	169	3.93e-17	72.0
WP_011132240.1	MER0002550|S26.004|S26A	30.1	79.4	97.4	166	5.04e-17	71.6
WP_011132240.1	MER0000592|S26.003|S26A	29.4	77.8	95.5	163	7.23e-16	68.6
WP_011132240.1	MER0001510|S26.007|S26A	31.9	76.8	94.2	160	3.93e-15	66.6
WP_011132240.1	MER0000589|S26.001|S26A	27.2	72.7	87.9	224	2.79e-12	60.5
WP_011132240.1	MER0001912|S26.005|S26A	31.4	76.8	94.2	159	2.92e-12	58.9
WP_011132240.1	MER0002551|S26.024|S26A	29.5	79.9	98.5	207	4.32e-11	56.6
WP_011132240.1	MER0003268|S26.015|S26A	27.9	45.9	71.7	129	1.58e-10	54.7
WP_011132240.1	MER0006313|S26.006|S26A	25.0	66.5	86.1	144	2.57e-09	50.8
WP_011132240.1	MER0000597|S26.002|S26A	35.8	40.7	45.1	81	1.55e-08	48.9
WP_011132240.1	MER0000598|S26.012|S26A	29.1	78.4	95.5	158	9.30e-08	46.2
WP_011132329.1	MER0043475|C26.A05|C26	26.6	50.8	48.8	124	1.12e-07	48.1
WP_011132329.1	MER0043537|C26.A31|C26	31.1	41.7	50.5	103	9.92e-05	38.9
WP_011132329.1	MER0046161|C26.956|C26	24.5	32.6	38.7	106	8.41e-04	36.6
WP_011132377.1	MER0002408|M41.017|M41	64.2	38.5	100	246	7.00e-106	317
WP_011132377.1	MER0011745|M41.005|M41	57.6	38.1	93.8	243	1.61e-91	281
WP_011132377.1	MER0015137|M41.025|M41	58.5	37.8	94.1	241	8.08e-91	279
WP_011132377.1	MER0015193|M41.019|M41	57.1	37.2	100	238	5.83e-88	271
WP_011132377.1	MER0002563|M41.020|M41	44.6	35.8	95.1	233	1.15e-59	197
WP_011132377.1	MER0017637|M41.024|M41	44.6	35.8	95.1	233	4.35e-59	195
WP_011132377.1	MER0005466|M41.021|M41	42.7	36.3	96.7	234	1.41e-58	194
WP_011132377.1	MER0002602|M41.009|M41	40.3	37.4	89.1	243	9.05e-55	184
WP_011132377.1	MER0001620|M41.001|M41	37.6	36.4	82.7	234	1.38e-48	168
WP_011132377.1	MER0190577|M41.A16|M41	37.0	37.2	91.8	238	2.78e-43	152
WP_011132377.1	MER0015199|M41.015|M41	36.0	37.2	84.9	239	6.76e-42	150
WP_011132377.1	MER0015197|M41.013|M41	37.2	35.9	86.9	231	7.57e-42	149
WP_011132377.1	MER0005496|M41.007|M41	34.1	36.1	83.3	232	3.33e-40	145
WP_011132377.1	MER0011224|M41.A09|M41	33.6	36.1	81.5	232	1.62e-37	137
WP_011132377.1	MER0023544|M41.A10|M41	34.6	36.4	82.2	234	3.05e-37	137
WP_011132377.1	MER0015194|M41.A14|M41	33.3	35.9	84.2	231	6.13e-37	135
WP_011132377.1	MER0056525|M41.A17|M41	35.6	36.1	89.2	233	1.52e-36	134
WP_011132377.1	MER0014324|M41.018|M41	33.6	36.1	90.8	232	2.09e-36	133
WP_011132377.1	MER0005755|M41.026|M41	34.2	35.9	96.0	234	1.91e-35	130
WP_011132377.1	MER0002600|M41.002|M41	34.3	36.1	87.5	233	4.03e-35	130
WP_011132377.1	MER0002605|M41.003|M41	34.9	36.4	84.9	235	5.04e-35	130
WP_011132377.1	MER0024900|M41.A21|M41	29.0	35.2	87.0	224	1.36e-33	125
WP_011132377.1	MER0015195|M41.A15|M41	31.9	36.1	81.5	232	2.74e-33	125
WP_011132377.1	MER0015609|M41.023|M41	32.8	36.4	82.4	235	2.26e-32	123
WP_011132377.1	MER0002608|M41.A11|M41	30.1	36.1	85.4	236	3.83e-32	122
WP_011132380.1	MER0003448|M16.016|M16B	33.0	44.5	81.1	185	1.57e-28	108
WP_011132380.1	MER0003543|M16.973|M16B	26.3	43.0	79.2	179	7.12e-22	90.5
WP_011132380.1	MER0001229|M16.003|M16B	27.7	45.2	87.0	188	7.92e-22	90.1
WP_011132380.1	MER0043985|M16.980|M16B	27.7	45.2	80.0	188	1.17e-21	90.1
WP_011132380.1	MER0390687|M16.A15|M16B	31.5	38.9	97.6	162	1.23e-21	88.2
WP_011132380.1	MER0195774|M16.019|M16B	27.9	41.1	97.2	172	2.02e-20	85.1
WP_011132380.1	MER0026957|M16.977|M16B	30.5	39.4	75.2	164	1.26e-19	84.0
WP_011132380.1	MER0015090|M16.975|M16B	24.0	43.0	79.2	179	1.13e-17	78.6
WP_011132380.1	MER0011192|M16.A06|M16A	37.4	23.3	59.8	99	1.45e-12	62.4
WP_011132380.1	MER0011292|M16.A07|M16A	28.3	39.9	74.1	173	8.10e-12	61.6
WP_011132380.1	MER0004423|M16.A20|M16B	27.2	36.3	64.9	151	8.16e-11	58.5
WP_011132380.1	MER0001233|M16.A05|M16B	25.7	46.6	84.2	206	1.33e-10	58.2
WP_011132380.1	MER0122186|M16.A14|M16A	31.5	25.7	53.0	108	1.93e-10	57.0
WP_011132380.1	MER0092828|M16.015|M16B	26.7	24.3	64.3	101	1.09e-09	53.9
WP_011132380.1	MER0001218|M16.008|M16A	24.3	43.3	88.7	189	1.39e-09	54.7
WP_011132380.1	MER0002008|M16.004|M16B	26.8	38.5	67.8	168	1.08e-08	52.4
WP_011132380.1	MER0015259|M16.017|M16A	28.8	29.6	53.3	125	2.76e-08	50.8
WP_011132380.1	MER0001413|M16.971|M16B	27.7	26.7	74.7	112	7.00e-08	48.5
WP_011132380.1	MER0011096|M16.A01|M16A	28.6	26.4	52.4	112	9.11e-08	49.3
WP_011132380.1	MER0237414|M16.970|M16B	22.6	44.2	80.3	190	1.13e-07	49.3
WP_011132380.1	MER0021876|M16.P01|M16B	27.5	28.6	61.2	120	1.38e-07	48.5
WP_011132380.1	MER0001220|M16.005|M16A	34.4	21.9	44.4	93	1.57e-07	48.5
WP_011132380.1	MER0003823|M16.A09|M16A	27.8	35.8	74.1	158	5.42e-07	47.0
WP_011132380.1	MER0011744|M16.A02|M16A	31.2	21.9	43.4	93	1.77e-06	45.4
WP_011132380.1	MER0003386|M16.020|M16A	32.9	18.5	36.8	79	2.38e-06	45.1
WP_011132395.1	MER0005742|M15.002|M15B	30.3	50.2	97.0	122	5.27e-12	57.8
WP_011132395.1	MER0014983|M15.024|M15B	35.3	47.7	82.6	119	2.63e-10	53.9
WP_011132395.1	MER0013458|M15.003|M15B	34.4	47.7	61.1	122	8.17e-09	50.8
WP_011132414.1	MER0002601|C56.976|C56	38.3	27.1	38.8	60	9.63e-05	38.1
WP_011132414.1	MER0014721|C56.A01|C56	30.2	38.9	47.4	86	2.16e-04	37.4
WP_011132476.1	MER0016248|M103.003|M103	31.2	55.3	96.8	250	1.12e-29	113
WP_011132476.1	MER0016301|M103.001|M103	19.6	69.1	64.7	326	5.17e-07	48.5
WP_011132477.1	MER0016301|M103.001|M103	33.0	90.9	93.0	454	3.24e-65	214
WP_011132477.1	MER0016222|M103.950|M103	22.6	92.2	95.3	455	5.97e-17	79.7
WP_011132477.1	MER0028087|M103.002|M103	21.8	90.1	94.5	440	1.32e-14	72.4
WP_011132488.1	MER0002408|M41.017|M41	36.9	41.1	95.9	241	5.85e-42	148
WP_011132488.1	MER0015137|M41.025|M41	34.3	39.9	89.5	233	2.32e-37	136
WP_011132488.1	MER0011745|M41.005|M41	34.8	39.9	88.4	233	1.70e-36	134
WP_011132488.1	MER0015193|M41.019|M41	36.2	39.9	96.6	235	5.81e-34	126
WP_011132488.1	MER0002563|M41.020|M41	33.9	40.2	96.3	239	3.08e-32	121
WP_011132488.1	MER0005466|M41.021|M41	38.3	39.7	95.4	235	5.11e-32	120
WP_011132488.1	MER0017637|M41.024|M41	34.3	40.2	96.3	239	5.78e-32	120
WP_011132488.1	MER0002602|M41.009|M41	36.4	39.7	85.8	236	1.06e-29	115
WP_011132488.1	MER0001620|M41.001|M41	34.1	38.7	79.2	229	2.79e-29	114
WP_011132488.1	MER0015197|M41.013|M41	32.9	39.7	86.5	234	3.27e-25	102
WP_011132488.1	MER0014324|M41.018|M41	30.2	39.9	90.4	235	5.37e-25	100
WP_011132488.1	MER0190705|M41.A18|M41	36.2	25.9	66.2	152	9.23e-25	99.8
WP_011132488.1	MER0002197|M41.004|M41	28.5	39.9	84.2	235	1.14e-24	100
WP_011132488.1	MER0015199|M41.015|M41	34.7	40.9	84.2	245	1.40e-23	97.8
WP_011132488.1	MER0024900|M41.A21|M41	31.7	39.4	87.8	230	4.58e-23	95.5
WP_011132488.1	MER0190577|M41.A16|M41	29.5	39.9	88.5	234	1.10e-22	94.4
WP_011132488.1	MER0005755|M41.026|M41	31.1	28.3	71.8	167	1.64e-21	90.5
WP_011132488.1	MER0171760|M41.A12|M41	33.7	29.1	62.9	172	2.52e-21	90.9
WP_011132488.1	MER0015194|M41.A14|M41	28.6	39.7	83.8	234	6.36e-21	89.7
WP_011132488.1	MER0011748|M41.022|M41	28.6	39.9	81.4	238	1.37e-20	89.0
WP_011132488.1	MER0002608|M41.A11|M41	27.8	39.7	84.7	234	6.24e-19	84.0
WP_011132488.1	MER0004454|M41.006|M41	31.4	29.1	60.6	172	9.30e-19	83.6
WP_011132488.1	MER0023544|M41.A10|M41	34.5	28.4	59.3	171	1.28e-18	83.2
WP_011132488.1	MER0024898|M41.A13|M41	35.7	26.0	53.8	154	1.72e-18	82.8
WP_011132488.1	MER0015195|M41.A15|M41	26.3	39.9	81.1	236	2.33e-18	82.4
WP_011132548.1	MER0001313|A08.001|A08	31.1	65.4	64.6	106	1.05e-09	51.2
WP_011132569.1	MER0000576|S24.003|S24	44.7	89.1	98.3	114	2.00e-32	107
WP_011132569.1	MER0000569|S24.001|S24	36.3	71.1	76.3	91	8.03e-13	57.8
WP_011132569.1	MER0006172|S24.004|S24	36.0	58.6	91.1	75	1.01e-11	53.9
WP_011132569.1	MER0022664|S24.005|S24	30.4	71.9	72.8	92	1.78e-06	41.2
WP_011132584.1	MER0078640|C26.951|C26	36.0	95.3	100	375	1.02e-63	204
WP_011132584.1	MER0044812|C26.A04|C26	42.8	63.2	97.1	243	1.31e-58	187
WP_011132584.1	MER0060647|C26.952|C26	34.1	95.5	100	375	4.88e-58	189
WP_011132584.1	MER0043540|C26.A33|C26	39.3	49.7	82.0	191	2.94e-37	131
WP_011132584.1	MER0045945|C26.963|C26	36.4	48.2	81.2	184	2.69e-36	129
WP_011132584.1	MER0046161|C26.956|C26	37.6	48.7	66.4	186	3.70e-34	124
WP_011132584.1	MER0436691|C26.A27|C26	31.2	75.3	94.1	292	4.66e-33	121
WP_011132584.1	MER0115185|C26.954|C26	45.1	37.6	99.3	144	1.82e-32	116
WP_011132584.1	MER0043537|C26.A31|C26	26.8	40.8	83.0	168	2.17e-09	53.5
WP_011132584.1	MER0045094|C26.959|C26	25.7	44.5	72.6	179	6.29e-06	43.9
WP_011132584.1	MER0043394|C26.955|C26	24.5	34.5	81.7	139	4.57e-05	40.4
WP_011132584.1	MER0045095|C26.958|C26	24.3	32.6	52.4	140	4.07e-04	38.5
WP_011132596.1	MER0004801|M38.982|M38	71.8	61.0	100	347	9.25e-182	513
WP_011132634.1	MER0001001|M01.005|M01	59.0	24.2	100	210	2.58e-86	271
WP_011132634.1	MER0005037|M01.029|M01	53.0	21.1	99.5	183	1.24e-63	209
WP_011132634.1	MER0040779|M01.035|M01	38.9	22.2	91.9	193	1.18e-39	142
WP_011132634.1	MER0001012|M01.003|M01	29.4	24.3	98.2	218	6.51e-22	92.0
WP_011132634.1	MER0011371|M01.A10|M01	30.6	20.4	86.1	186	2.45e-21	90.1
WP_011132634.1	MER0011438|M01.A08|M01	32.0	19.8	82.1	175	3.64e-21	89.7
WP_011132634.1	MER0002060|M01.011|M01	26.1	22.7	90.4	199	1.07e-20	88.6
WP_011132634.1	MER0028449|M01.A30|M01	29.4	22.7	90.7	204	4.13e-20	87.0
WP_011132634.1	MER0011440|M01.A09|M01	26.0	22.6	90.0	200	9.25e-20	85.9
WP_011132634.1	MER0002078|M01.A28|M01	27.0	26.6	99.6	241	1.68e-19	85.5
WP_011132634.1	MER0011370|M01.A11|M01	27.5	22.7	98.1	207	1.86e-19	84.7
WP_011132634.1	MER0002003|M01.015|M01	29.4	21.3	86.0	194	3.20e-19	84.3
WP_011132634.1	MER0011183|M01.A24|M01	26.6	21.6	86.0	203	1.11e-18	82.8
WP_011132634.1	MER0002968|M01.024|M01	26.1	25.0	99.5	222	1.41e-18	82.4
WP_011132634.1	MER0019759|M01.A25|M01	26.4	26.6	100	235	4.57e-18	81.3
WP_011132634.1	MER0001010|M01.007|M01	26.6	21.4	91.3	203	5.02e-18	80.5
WP_011132634.1	MER0011369|M01.A12|M01	28.9	20.8	81.3	201	9.90e-18	80.1
WP_011132634.1	MER0002746|M01.010|M01	26.2	24.9	92.7	225	1.60e-17	79.7
WP_011132634.1	MER0002355|M01.A19|M01	27.1	23.5	89.6	210	1.68e-17	79.3
WP_011132634.1	MER0091680|M01.A31|M01	30.9	20.0	79.5	178	5.44e-17	77.8
WP_011132634.1	MER0000997|M01.001|M01	28.1	19.7	81.1	178	7.09e-17	77.4
WP_011132634.1	MER0004243|M01.016|M01	29.3	20.0	82.5	181	9.61e-17	77.0
WP_011132634.1	MER0001185|M01.A15|M01	26.5	20.7	82.9	181	5.95e-16	74.7
WP_011132634.1	MER0015166|M01.A16|M01	30.2	19.7	78.7	182	7.61e-16	74.7
WP_011132634.1	MER0052595|M01.026|M01	27.4	20.9	83.8	197	8.88e-16	74.3
WP_011132693.1	MER0065588|C26.965|C26	35.0	95.6	96.9	197	7.74e-28	101
WP_011132719.1	MER0036064|S33.A16|S33	27.5	78.9	91.6	244	4.54e-23	92.8
WP_011132719.1	MER0036078|S33.A75|S33	25.7	77.6	87.8	241	3.92e-15	70.5
WP_011132719.1	MER0036053|S33.A01|S33	24.2	79.9	100	265	5.75e-14	67.4
WP_011132719.1	MER0037236|S33.016|S33	28.4	41.8	48.7	134	1.67e-09	54.3
WP_011132719.1	MER0000432|S33.971|S33	24.4	54.2	49.7	176	1.03e-08	52.4
WP_011132719.1	MER0036059|S33.A79|S33	25.8	56.9	50.9	194	3.44e-08	50.8
WP_011132719.1	MER0031619|S33.012|S33	26.5	43.8	42.1	132	4.07e-08	50.4
WP_011132719.1	MER0035973|S33.A14|S33	31.3	37.1	38.3	115	2.86e-07	47.8
WP_011132719.1	MER0036073|S33.A35|S33	32.0	32.8	31.3	103	1.80e-06	45.4
WP_011132719.1	MER0031614|S33.011|S33	20.4	78.9	70.0	255	6.02e-06	43.9
WP_011132719.1	MER0031610|S33.976|S33	30.0	35.5	35.5	110	1.30e-04	39.7
WP_011132719.1	MER0048002|S33.B15|S33	27.6	33.8	28.9	105	1.46e-04	39.7
WP_011132719.1	MER0031645|S33.A42|S33	26.3	34.4	32.8	137	2.08e-04	39.3
WP_011132719.1	MER0017193|S33.991|S33	31.4	34.4	37.2	105	2.90e-04	38.5
WP_011132719.1	MER0011785|S33.009|S33	28.9	36.5	34.8	114	3.23e-04	38.5
WP_011132777.1	MER0059846|S33.A46|S33	28.1	76.6	76.2	285	6.13e-17	77.8
WP_011132794.1	MER0066916|C26.A32|C26	34.5	11.4	28.9	58	9.92e-04	37.4
WP_011132814.1	MER0321345|S49.A08|S49B	44.4	62.5	91.8	169	2.51e-50	160
WP_011132814.1	MER0003812|S49.008|S49X	44.4	62.5	87.6	169	4.66e-50	160
WP_011132814.1	MER0011114|S49.004|S49B	35.6	71.4	51.7	194	1.54e-31	117
WP_011132814.1	MER0044046|S49.006|S49B	38.9	65.1	93.5	175	1.04e-28	105
WP_011132814.1	MER0001299|S49.001|S49A	35.2	67.7	31.6	182	9.61e-28	108
WP_011132814.1	MER0013957|S49.007|S49B	35.4	64.3	92.0	175	9.53e-26	97.4
WP_011132814.1	MER0001300|S49.002|S49B	33.5	65.4	95.2	179	2.79e-22	88.2
WP_011132814.1	MER0001303|S49.003|S49B	27.5	61.7	84.5	167	1.80e-12	61.6
WP_011132823.1	MER0004471|M50.A10|M50B	36.8	97.2	75.1	351	2.63e-61	198
WP_011132823.1	MER0004474|M50.003|M50B	35.9	97.2	76.3	351	7.43e-59	191
WP_011132823.1	MER0004468|M50.011|M50B	27.9	88.6	92.1	408	4.42e-31	119
WP_011132823.1	MER0897124|M50.A11|M50A	27.6	88.6	92.1	409	2.03e-29	114
WP_011132823.1	MER0004480|M50.004|M50B	30.9	85.2	99.7	327	8.08e-26	102
WP_011132823.1	MER0004469|M50.005|M50B	23.5	83.3	82.4	344	1.06e-10	59.3
WP_011132896.1	MER0000576|S24.003|S24	27.2	43.5	75.7	92	4.48e-05	38.5
WP_011132898.1	MER0005466|M41.021|M41	48.3	37.4	96.7	232	1.38e-67	217
WP_011132898.1	MER0002602|M41.009|M41	45.1	38.1	88.4	237	4.08e-62	204
WP_011132898.1	MER0017637|M41.024|M41	44.4	36.9	95.1	234	4.70e-58	192
WP_011132898.1	MER0002563|M41.020|M41	43.6	36.9	95.1	234	6.56e-58	192
WP_011132898.1	MER0171760|M41.A12|M41	39.3	43.5	99.6	272	1.25e-53	181
WP_011132898.1	MER0023544|M41.A10|M41	44.3	37.1	81.1	230	4.63e-53	180
WP_011132898.1	MER0011120|M41.A04|M41	43.2	38.2	91.7	243	6.76e-52	176
WP_011132898.1	MER0002408|M41.017|M41	40.9	37.6	94.3	235	5.43e-51	173
WP_011132898.1	MER0015690|M41.A03|M41	43.0	37.3	89.4	237	9.40e-51	173
WP_011132898.1	MER0001620|M41.001|M41	39.7	37.4	82.3	234	4.18e-50	172
WP_011132898.1	MER0005496|M41.007|M41	41.1	37.3	83.3	231	1.46e-49	170
WP_011132898.1	MER0011224|M41.A09|M41	40.8	37.3	81.5	233	6.38e-49	169
WP_011132898.1	MER0002600|M41.002|M41	41.6	37.3	87.5	231	7.20e-49	168
WP_011132898.1	MER0056525|M41.A17|M41	40.3	37.3	89.2	231	8.66e-49	167
WP_011132898.1	MER0002605|M41.003|M41	39.7	38.2	86.4	237	9.16e-48	165
WP_011132898.1	MER0011745|M41.005|M41	41.5	38.2	91.5	241	1.49e-47	164
WP_011132898.1	MER0015194|M41.A14|M41	41.8	37.1	84.2	232	2.39e-46	161
WP_011132898.1	MER0015137|M41.025|M41	41.5	38.2	92.6	241	3.57e-46	160
WP_011132898.1	MER0011748|M41.022|M41	38.6	37.6	82.5	233	2.08e-44	156
WP_011132898.1	MER0015199|M41.015|M41	37.0	37.9	83.9	235	2.38e-44	156
WP_011132898.1	MER0004454|M41.006|M41	40.3	37.3	82.5	231	1.45e-43	154
WP_011132898.1	MER0015195|M41.A15|M41	37.7	37.3	81.5	231	1.49e-43	154
WP_011132898.1	MER0015197|M41.013|M41	38.7	37.1	86.9	235	2.55e-43	153
WP_011132898.1	MER0015193|M41.019|M41	40.2	37.6	97.9	241	9.96e-43	150
WP_011132898.1	MER0015609|M41.023|M41	36.5	37.6	82.4	233	3.45e-42	150
WP_011132947.1	MER0000474|S14.001|S14	41.7	87.3	83.6	192	2.64e-48	154
WP_011132947.1	MER0002211|S14.003|S14	41.9	86.8	83.1	191	1.21e-43	142
WP_011132947.1	MER0006046|S14.A02|S14	37.2	86.8	83.1	191	1.36e-42	140
WP_011132947.1	MER0006063|S14.010|S14	39.8	91.4	87.5	201	1.98e-42	139
WP_011132947.1	MER0004847|S14.009|S14	38.1	95.0	91.8	210	7.90e-42	138
WP_011132947.1	MER0005687|S14.A01|S14	37.4	94.1	92.4	214	8.58e-42	138
WP_011132947.1	MER0004857|S14.008|S14	43.1	85.5	81.2	188	6.09e-41	135
WP_011132947.1	MER0002299|S14.A04|S14	38.8	95.0	94.5	209	1.29e-38	129
WP_011132947.1	MER0004855|S14.A03|S14	35.4	88.6	84.2	195	7.06e-37	125
WP_011132947.1	MER0006056|S14.011|S14	38.1	88.2	82.5	194	2.00e-33	116
WP_011132947.1	MER0004182|S14.006|S14	29.1	89.1	87.2	196	5.02e-28	102
WP_011132947.1	MER0006308|S14.002|S14	29.3	86.4	87.8	191	1.65e-27	100
WP_011132947.1	MER0011666|S14.005|S14	37.1	71.4	79.4	159	5.88e-26	96.7
WP_011132948.1	MER0000474|S14.001|S14	61.0	90.5	87.4	182	3.60e-74	219
WP_011132948.1	MER0005687|S14.A01|S14	59.5	92.0	87.2	185	1.27e-70	211
WP_011132948.1	MER0006308|S14.002|S14	47.7	96.0	98.5	193	1.49e-63	192
WP_011132948.1	MER0004857|S14.008|S14	58.4	86.1	82.6	173	6.91e-62	188
WP_011132948.1	MER0002299|S14.A04|S14	54.7	89.1	88.6	179	7.56e-60	183
WP_011132948.1	MER0006046|S14.A02|S14	50.6	89.6	86.5	180	1.83e-59	182
WP_011132948.1	MER0002211|S14.003|S14	51.1	89.6	86.5	180	3.67e-59	181
WP_011132948.1	MER0004855|S14.A03|S14	51.1	92.5	87.1	186	3.16e-58	179
WP_011132948.1	MER0004847|S14.009|S14	50.8	90.0	87.0	181	4.34e-58	179
WP_011132948.1	MER0006063|S14.010|S14	50.3	88.1	84.6	177	5.69e-56	173
WP_011132948.1	MER0006056|S14.011|S14	52.7	82.1	77.3	165	5.75e-54	168
WP_011132948.1	MER0011666|S14.005|S14	45.5	81.6	87.3	165	1.24e-42	139
WP_011132948.1	MER0004182|S14.006|S14	39.7	86.6	85.2	174	2.94e-41	135
WP_011132948.1	MER0001369|S14.007|S14	36.1	35.8	55.0	72	7.48e-14	62.8
WP_011132966.1	MER0002271|M17.002|M17	46.2	96.3	99.4	493	4.80e-127	375
WP_011132966.1	MER0004597|M17.A01|M17	56.1	65.6	91.5	326	1.56e-123	362
WP_011132966.1	MER0001238|M17.A03|M17	44.3	96.5	99.0	492	3.04e-123	366
WP_011132966.1	MER0004598|M17.A02|M17	55.8	65.6	91.7	326	2.76e-121	356
WP_011132966.1	MER0024892|M17.008|M17	50.2	64.6	78.3	319	1.11e-96	295
WP_011132966.1	MER0035089|M17.010|M17	45.0	63.5	88.6	313	5.07e-80	250
WP_011132966.1	MER0041673|M17.013|M17	40.1	86.6	90.1	436	8.30e-80	253
WP_011132966.1	MER0001236|M17.003|M17	34.0	96.3	98.4	491	4.13e-75	241
WP_011132966.1	MER0003825|M17.016|M17	42.0	65.4	72.9	326	4.89e-71	229
WP_011132966.1	MER0001235|M17.001|M17	40.8	64.2	65.1	326	5.32e-65	215
WP_011132966.1	MER0014397|M17.015|M17	37.0	65.6	92.6	330	5.04e-60	198
WP_011132966.1	MER0026959|M17.950|M17	40.1	54.4	98.9	274	1.48e-53	178
WP_011132966.1	MER0002497|M17.004|M17	36.2	64.0	74.7	323	2.15e-51	177
WP_011132966.1	MER0003919|M17.005|M17	35.5	62.7	82.6	313	6.36e-51	174
WP_011132966.1	MER0001910|M17.009|M17	37.2	63.1	63.6	317	8.08e-51	177
WP_011132966.1	MER0013416|M17.006|M17	34.9	63.7	80.7	324	2.82e-39	143
WP_011132966.1	MER0001240|M17.A05|M17	35.4	61.9	63.3	314	4.63e-39	145
WP_011132966.1	MER0105906|M17.014|M17	31.4	65.6	68.4	334	6.61e-39	144
WP_011132966.1	MER0011357|M17.A04|M17	32.5	65.2	59.5	329	1.96e-33	129
WP_011132966.1	MER0081108|M17.012|M17	31.0	42.4	48.3	232	4.12e-20	89.7
WP_011132966.1	MER0079520|M17.011|M17	26.9	46.0	48.4	253	1.96e-17	81.6
WP_011133054.1	MER0000268|S01.480|S01C	43.1	35.9	99.4	160	1.80e-32	117
WP_011133054.1	MER0028330|S01.329|S01C	40.6	35.9	99.3	160	2.39e-30	112
WP_011133054.1	MER0013623|S01.453|S01C	43.8	35.9	99.3	160	4.58e-30	111
WP_011133054.1	MER0001372|S01.274|S01C	44.1	35.9	99.4	161	9.57e-30	110
WP_011133054.1	MER0002577|S01.277|S01C	41.3	35.9	99.3	160	8.58e-29	107
WP_011133054.1	MER0000266|S01.273|S01C	39.8	35.9	99.4	161	9.03e-28	105
WP_011133054.1	MER0014795|S01.284|S01C	39.8	35.9	99.4	166	1.35e-27	104
WP_011133054.1	MER0003290|S01.482|S01C	41.8	32.3	91.0	146	3.29e-27	103
WP_011133054.1	MER0001945|S01.472|S01C	38.0	35.9	99.4	166	2.47e-26	101
WP_011133054.1	MER0004093|S01.278|S01C	39.4	35.9	99.3	160	2.90e-26	100
WP_011133054.1	MER0003850|S01.500|S01C	36.0	37.9	94.3	175	3.87e-26	101
WP_011133054.1	MER0016351|S01.285|S01C	37.5	35.9	99.3	160	1.05e-25	99.4
WP_011133054.1	MER0004086|S01.B81|S01C	37.8	34.5	94.4	156	1.33e-25	99.4
WP_011133054.1	MER0004111|S01.442|S01C	37.5	35.9	99.4	160	4.00e-25	97.8
WP_011133054.1	MER0005468|S01.491|S01C	43.8	32.3	89.9	146	5.96e-25	97.4
WP_011133054.1	MER0022668|S01.447|S01C	37.7	34.3	93.6	162	1.59e-24	96.7
WP_011133054.1	MER0011375|S01.476|S01C	35.0	35.9	99.4	160	9.52e-24	94.0
WP_011133054.1	MER0001373|S01.275|S01C	36.2	35.9	99.4	163	4.78e-22	89.4
WP_011133054.1	MER0004673|S01.494|S01C	38.4	36.1	65.3	177	6.07e-22	92.0
WP_011133054.1	MER0004149|S01.525|S01C	38.0	33.4	89.0	150	4.95e-21	86.7
WP_011133054.1	MER0015583|S01.416|S01C	35.5	32.5	98.0	152	1.36e-20	85.1
WP_011133054.1	MER0016031|S01.364|S01C	34.0	34.5	94.0	159	9.00e-20	83.2
WP_011133054.1	MER0063616|S01.454|S01C	33.7	35.9	99.4	169	1.04e-19	82.8
WP_011133054.1	MER0010944|S01.474|S01C	30.9	35.9	99.4	175	1.23e-18	80.1
WP_011133054.1	MER0003293|S01.477|S01C	35.0	35.0	100	160	3.48e-18	78.2
WP_011133071.1	MER0001244|M24.004|M24B	44.4	61.2	99.6	270	1.01e-69	219
WP_011133071.1	MER0028601|M24.033|M24B	39.6	56.7	92.5	255	2.69e-51	171
WP_011133071.1	MER0013463|M24.026|M24B	37.1	61.0	99.2	275	1.46e-47	161
WP_011133071.1	MER0001733|M24.A09|M24B	32.5	56.7	93.2	274	6.10e-36	131
WP_011133071.1	MER0004931|M24.008|M24B	33.6	57.1	93.9	253	3.49e-35	127
WP_011133071.1	MER0001248|M24.007|M24B	34.7	49.0	95.7	245	6.13e-32	119
WP_011133071.1	MER0005462|M24.031|M24B	31.3	58.7	96.9	259	6.01e-29	110
WP_011133071.1	MER0004532|M24.034|M24B	31.2	57.1	93.9	253	6.86e-26	102
WP_011133071.1	MER0005715|M24.A11|M24B	28.9	56.9	92.8	253	2.79e-19	83.6
WP_011133071.1	MER0002038|M24.006|M24B	27.7	49.7	86.5	220	8.73e-19	82.0
WP_011133071.1	MER0001250|M24.003|M24B	28.1	57.6	96.2	285	7.37e-18	80.5
WP_011133071.1	MER0027437|M24.038|M24B	26.4	51.2	85.5	242	3.22e-09	54.3
WP_011133071.1	MER0002039|M24.005|M24B	30.1	44.7	65.1	206	6.11e-07	47.4
WP_011133071.1	MER0004321|M24.009|M24B	28.5	43.8	63.2	200	2.74e-05	42.4
WP_011133071.1	MER0016542|M24.A04|M24B	28.7	35.4	50.7	164	4.01e-05	42.0
WP_011133140.1	MER1054487|C44.951|C44	47.4	24.6	100	380	2.73e-106	340
WP_011133140.1	MER0198917|C44.003|C44	40.1	24.6	100	379	1.46e-83	276
WP_011133146.1	MER0024252|C40.009|C40	46.9	51.8	99.2	130	1.05e-38	128
WP_011133227.1	MER0036053|S33.A01|S33	41.7	84.4	97.0	264	1.41e-63	198
WP_011133227.1	MER0036054|S33.A02|S33	35.9	87.7	97.8	270	5.70e-50	164
WP_011133227.1	MER0036065|S33.A03|S33	33.1	84.4	99.2	260	6.12e-44	147
WP_011133227.1	MER0036074|S33.A34|S33	29.2	89.7	75.4	308	2.90e-26	103
WP_011133227.1	MER0031616|S33.013|S33	21.6	93.0	92.0	296	8.73e-11	58.5
WP_011133227.1	MER0036075|S33.A73|S33	36.3	31.9	29.3	102	1.37e-09	55.1
WP_011133227.1	MER0044578|S33.A28|S33	35.7	30.6	27.8	98	1.09e-08	52.4
WP_011133227.1	MER0044633|S33.A26|S33	33.6	36.2	33.0	116	1.95e-08	51.6
WP_011133227.1	MER0011509|S33.A84|S33	19.6	88.0	87.3	291	3.13e-08	50.8
WP_011133227.1	MER0044581|S33.A27|S33	33.7	31.6	28.4	101	4.71e-08	50.4
WP_011133227.1	MER0011785|S33.009|S33	27.7	45.5	42.2	141	5.79e-08	50.1
WP_011133227.1	MER0031617|S33.978|S33	22.2	84.4	88.0	266	2.87e-07	47.8
WP_011133227.1	MER0030163|S33.975|S33	29.1	33.2	34.7	103	3.94e-07	47.4
WP_011133227.1	MER0213829|S33.A76|S33	32.2	36.9	34.7	121	5.84e-07	47.0
WP_011133227.1	MER0014065|S33.974|S33	21.3	84.1	89.3	305	3.33e-05	41.6
WP_011133227.1	MER0004146|S33.995|S33	21.1	84.4	92.7	270	1.17e-04	39.7
WP_011133227.1	MER0031618|S33.979|S33	23.7	78.4	76.1	241	2.24e-04	38.9
WP_011133234.1	MER0003327|C44.971|C44	39.8	39.0	100	246	6.15e-50	170
WP_011133234.1	MER0185695|C44.A08|C44	39.8	35.8	100	231	5.34e-45	156
WP_011133234.1	MER0012158|C44.972|C44	31.7	43.3	99.7	341	3.36e-34	130
WP_011133234.1	MER0003350|C44.975|C44	40.3	30.6	100	211	9.62e-32	119
WP_011133234.1	MER0003322|C44.970|C44	37.9	30.1	100	211	5.58e-30	114
WP_011133234.1	MER0011781|C44.A02|C44	30.4	33.0	83.5	214	4.17e-21	89.7
WP_011133234.1	MER0011806|C44.A03|C44	28.4	33.0	84.0	211	8.75e-20	85.9
WP_011133234.1	MER0004101|C44.A01|C44	29.0	33.0	84.0	214	2.18e-19	84.7
WP_011133234.1	MER0003314|C44.001|C44	29.4	27.7	65.4	180	1.45e-13	68.2
WP_011133240.1	MER0002007|M20.008|M20D	37.9	99.2	98.7	393	2.97e-74	233
WP_011133240.1	MER0002655|M20.015|M20D	37.3	94.8	96.3	370	1.53e-73	231
WP_011133240.1	MER0002013|M20.A02|M20D	36.9	91.7	91.4	366	1.44e-64	208
WP_011133240.1	MER0002659|M20.014|M20D	35.2	93.8	93.4	369	2.86e-63	204
WP_011133240.1	MER0002014|M20.A03|M20D	33.7	95.9	95.4	377	4.72e-61	199
WP_011133240.1	MER0003770|M20.A27|M20D	35.6	94.3	97.1	374	9.66e-59	192
WP_011133240.1	MER0005173|M20.A05|M20D	33.7	93.3	97.1	368	2.98e-51	172
WP_011133240.1	MER0005155|M20.A06|M20D	33.7	93.3	96.6	374	1.04e-49	169
WP_011133240.1	MER0015354|M20.A01|M20D	40.7	45.3	61.0	177	1.12e-30	115
WP_011133240.1	MER0003815|M20.A04|M20D	38.5	43.3	56.3	169	9.67e-30	113
WP_011133240.1	MER0005163|M20.009|M20D	39.2	38.9	57.6	153	3.25e-29	111
WP_011133240.1	MER0003581|M20.020|M20D	27.8	83.4	98.8	335	2.41e-24	99.4
WP_011133240.1	MER0002664|M20.A26|M20D	35.3	39.9	53.2	156	1.11e-19	85.1
WP_011133255.1	MER0036065|S33.A03|S33	35.0	86.2	98.8	266	6.12e-52	168
WP_011133255.1	MER0036053|S33.A01|S33	32.5	86.2	96.6	268	7.34e-45	150
WP_011133255.1	MER0036054|S33.A02|S33	32.6	85.2	92.7	270	2.03e-39	136
WP_011133255.1	MER0036074|S33.A34|S33	27.0	88.8	73.1	296	1.18e-20	88.2
WP_011133255.1	MER0036076|S33.A33|S33	25.5	88.5	80.9	271	2.27e-07	48.1
WP_011133255.1	MER0036056|S33.A10|S33	22.7	87.8	76.7	277	7.94e-07	46.6
WP_011133255.1	MER0014065|S33.974|S33	21.2	86.2	89.3	306	4.54e-06	44.3
WP_011133255.1	MER0213829|S33.A76|S33	38.6	16.8	17.6	57	1.89e-05	42.4
WP_011133255.1	MER0017193|S33.991|S33	33.3	22.7	26.0	72	5.28e-05	40.8
WP_011133255.1	MER0044580|S33.A39|S33	25.3	48.4	44.8	154	1.89e-04	39.3
WP_011133255.1	MER0036069|S33.A38|S33	20.5	89.8	73.3	278	1.93e-04	39.3
WP_011133255.1	MER0036075|S33.A73|S33	39.6	15.1	14.2	48	2.56e-04	38.9
WP_011133283.1	MER0000474|S14.001|S14	67.4	87.0	90.3	187	7.90e-89	257
WP_011133283.1	MER0005687|S14.A01|S14	64.0	82.8	84.4	178	5.18e-76	225
WP_011133283.1	MER0002211|S14.003|S14	61.0	87.0	90.3	187	1.06e-74	221
WP_011133283.1	MER0006046|S14.A02|S14	55.7	89.3	92.8	192	5.68e-72	214
WP_011133283.1	MER0002299|S14.A04|S14	53.9	88.8	95.0	191	3.57e-69	207
WP_011133283.1	MER0006063|S14.010|S14	54.1	86.0	88.5	185	5.14e-68	204
WP_011133283.1	MER0004847|S14.009|S14	51.3	91.2	94.7	197	8.38e-67	201
WP_011133283.1	MER0004855|S14.A03|S14	48.3	93.5	97.1	203	5.69e-65	197
WP_011133283.1	MER0004857|S14.008|S14	54.9	84.7	87.4	182	7.04e-63	191
WP_011133283.1	MER0006056|S14.011|S14	51.4	80.5	81.5	173	3.60e-56	174
WP_011133283.1	MER0006308|S14.002|S14	44.4	86.5	96.4	189	7.75e-52	163
WP_011133283.1	MER0004182|S14.006|S14	45.3	88.4	91.6	190	9.56e-52	163
WP_011133283.1	MER0011666|S14.005|S14	39.3	79.5	91.5	173	1.76e-37	126
WP_011133283.1	MER0001369|S14.007|S14	40.3	33.5	55.0	72	1.36e-12	59.7
WP_011133283.1	MER0042954|S49.005|S49C	26.6	64.7	85.8	143	1.39e-05	40.8
WP_011133283.1	MER0011947|S14.012|S14	22.4	68.8	73.8	161	1.21e-04	38.5
WP_011133316.1	MER0065554|C26.964|C26	46.4	47.2	97.4	263	1.65e-78	244
WP_011133316.1	MER0437468|C26.A36|C26	39.1	62.3	99.7	350	2.15e-76	242
WP_011133316.1	MER0436717|C26.A29|C26	31.6	62.7	100	402	6.97e-52	179
WP_011133316.1	MER0031278|C26.961|C26	24.9	37.7	79.5	225	2.54e-07	48.9
WP_036930451.1	MER0011571|S13.003|S13	33.6	35.2	32.7	149	2.90e-12	64.7
WP_036930451.1	MER0000471|S13.002|S13	38.5	24.9	23.5	109	2.94e-11	61.6
WP_036930451.1	MER0026276|S13.A01|S13	23.0	75.3	88.5	418	6.45e-09	54.3
WP_036930629.1	MER0036053|S33.A01|S33	31.7	87.9	99.6	278	1.49e-32	118
WP_036930629.1	MER0036065|S33.A03|S33	29.9	84.7	98.8	271	2.03e-25	99.4
WP_036930629.1	MER0036054|S33.A02|S33	28.5	85.0	94.2	288	2.32e-20	85.9
WP_036930629.1	MER0011509|S33.A84|S33	31.9	37.9	35.2	119	8.03e-09	52.8
WP_036930629.1	MER0036059|S33.A79|S33	23.5	84.7	86.9	311	2.87e-06	45.1
WP_036930629.1	MER0031617|S33.978|S33	24.8	88.5	91.9	294	1.01e-05	43.1
WP_036930629.1	MER0036066|S33.A04|S33	23.6	84.7	99.6	276	2.01e-05	42.0
WP_036930629.1	MER0036068|S33.A19|S33	24.2	88.9	87.1	293	3.31e-05	41.6
WP_036930629.1	MER0017177|S33.973|S33	26.3	36.6	34.7	118	6.30e-05	40.8
WP_036930629.1	MER0036073|S33.A35|S33	34.0	15.0	14.9	47	3.45e-04	38.5
WP_036930685.1	MER0003290|S01.482|S01C	60.5	41.6	100	157	3.22e-58	183
WP_036930685.1	MER0000268|S01.480|S01C	51.9	41.6	100	158	4.58e-47	154
WP_036930685.1	MER0004673|S01.494|S01C	35.3	69.6	97.4	283	7.42e-45	152
WP_036930685.1	MER0004111|S01.442|S01C	50.6	41.6	100	158	1.56e-44	148
WP_036930685.1	MER0005468|S01.491|S01C	48.7	41.6	100	158	1.71e-44	148
WP_036930685.1	MER0002577|S01.277|S01C	48.7	41.6	100	156	6.73e-42	141
WP_036930685.1	MER0003850|S01.500|S01C	43.5	46.1	97.7	177	1.34e-41	141
WP_036930685.1	MER0000266|S01.273|S01C	48.8	41.6	100	160	2.19e-40	137
WP_036930685.1	MER0028330|S01.329|S01C	47.4	41.6	100	156	5.54e-40	136
WP_036930685.1	MER0001945|S01.472|S01C	45.9	41.6	100	159	9.29e-40	135
WP_036930685.1	MER0013623|S01.453|S01C	45.6	41.6	100	158	3.01e-39	134
WP_036930685.1	MER0001372|S01.274|S01C	46.9	41.6	100	160	9.08e-39	133
WP_036930685.1	MER0004093|S01.278|S01C	43.6	41.6	100	156	8.85e-38	130
WP_036930685.1	MER0004086|S01.B81|S01C	43.8	41.3	100	162	1.62e-37	130
WP_036930685.1	MER0016351|S01.285|S01C	44.2	41.6	100	156	1.74e-37	129
WP_036930685.1	MER0016031|S01.364|S01C	47.6	41.6	100	166	2.54e-37	129
WP_036930685.1	MER0004149|S01.525|S01C	45.5	41.6	100	165	6.41e-37	128
WP_036930685.1	MER0014795|S01.284|S01C	43.8	41.6	100	162	1.18e-35	125
WP_036930685.1	MER0011375|S01.476|S01C	43.7	41.6	100	158	2.94e-34	121
WP_036930685.1	MER0001373|S01.275|S01C	43.8	41.6	100	162	3.30e-34	121
WP_036930685.1	MER0022668|S01.447|S01C	43.3	41.6	100	171	1.30e-33	120
WP_036930685.1	MER0006096|S01.A08|S01C	47.7	35.2	100	132	2.30e-32	115
WP_036930685.1	MER0005093|S01.441|S01C	40.0	41.3	100	170	1.28e-29	109
WP_036930685.1	MER0010944|S01.474|S01C	39.2	41.6	100	176	1.07e-28	107
WP_036930685.1	MER0003293|S01.477|S01C	42.5	40.8	100	153	2.22e-27	102
WP_036930706.1	MER0167725|M100.001|M100	32.7	83.4	31.9	153	2.76e-07	46.2
WP_036930841.1	MER0003514|S41.010|S41A	60.2	37.4	98.2	166	2.29e-63	199
WP_036930841.1	MER0001297|S41.008|S41A	54.7	36.3	95.3	161	1.72e-55	179
WP_036930841.1	MER0003065|S41.009|S41A	51.5	37.6	98.8	167	3.71e-54	175
WP_036930841.1	MER0003413|S41.002|S41A	43.8	36.3	95.3	162	9.53e-46	153
WP_036930841.1	MER0005714|S41.A01|S41A	45.2	35.8	94.4	168	4.06e-41	141
WP_036930841.1	MER0015684|S41.A02|S41A	46.9	35.6	93.6	160	3.44e-40	139
WP_036930841.1	MER0001425|S41.004|S41A	46.5	36.5	96.0	170	7.54e-40	138
WP_036930841.1	MER0004196|S41.013|S41A	39.3	36.5	95.9	168	1.47e-33	121
WP_036930841.1	MER0004195|S41.007|S41A	37.5	37.2	97.6	168	1.90e-29	110
WP_036930841.1	MER0001295|S41.001|S41A	37.0	35.8	94.5	173	1.09e-24	97.4
WP_036930841.1	MER0195376|S41.012|S41A	26.0	27.0	79.8	146	6.92e-05	40.4
WP_225866787.1	MER0003273|S26.016|S26A	40.8	74.0	38.9	71	4.47e-08	45.1
WP_225866787.1	MER0002550|S26.004|S26A	35.2	94.8	51.9	91	1.14e-06	41.2
WP_275040643.1	MER0000474|S14.001|S14	61.2	95.4	90.8	188	1.05e-79	233
WP_275040643.1	MER0005687|S14.A01|S14	64.8	89.3	83.4	176	2.33e-72	215
WP_275040643.1	MER0002211|S14.003|S14	55.2	97.5	92.8	192	5.16e-68	204
WP_275040643.1	MER0006046|S14.A02|S14	49.5	97.5	92.8	192	6.85e-66	198
WP_275040643.1	MER0004855|S14.A03|S14	54.9	87.8	82.8	173	7.84e-63	191
WP_275040643.1	MER0004857|S14.008|S14	53.8	92.4	87.4	182	4.84e-61	186
WP_275040643.1	MER0002299|S14.A04|S14	51.1	94.4	92.5	186	6.54e-60	183
WP_275040643.1	MER0006063|S14.010|S14	49.2	92.9	88.0	183	5.32e-58	178
WP_275040643.1	MER0004847|S14.009|S14	47.1	95.4	90.9	189	2.46e-56	174
WP_275040643.1	MER0006056|S14.011|S14	48.6	88.8	82.5	175	3.24e-52	164
WP_275040643.1	MER0006308|S14.002|S14	42.7	89.8	90.8	178	1.67e-51	161
WP_275040643.1	MER0004182|S14.006|S14	40.7	95.9	91.1	189	1.73e-47	151
WP_275040643.1	MER0011666|S14.005|S14	41.2	90.9	96.3	182	1.58e-36	123
WP_275040643.1	MER0001369|S14.007|S14	40.3	36.5	55.0	72	7.11e-13	60.1
WP_412081026.1	MER0011830|T05.002|T05	39.6	52.3	100	225	1.87e-45	153
WP_412081026.1	MER0011829|T05.001|T05	35.2	52.3	99.1	227	1.50e-32	119
