WP_011045832.1	MER0011830|T05.002|T05	41.8	51.0	100	220	7.66e-43	146
WP_011045832.1	MER0011829|T05.001|T05	40.6	51.5	100	229	3.01e-41	142
WP_011045859.1	MER0042581|M75.001|M75	54.5	92.6	88.3	396	1.21e-133	388
WP_011045900.1	MER0035593|P01.101|P01	56.5	18.5	52.5	62	4.37e-15	67.8
WP_011045904.1	MER0034541|I39.008|I39	30.8	74.4	99.1	1428	4.47e-139	466
WP_011045941.1	MER0123660|N06.001|N06	30.7	94.8	95.8	348	9.55e-33	122
WP_011045941.1	MER0181656|N06.A01|N06	31.9	93.6	98.5	348	3.94e-32	120
WP_011045941.1	MER0187143|N06.003|N06	28.9	94.8	98.3	346	1.08e-30	116
WP_011045941.1	MER0181660|N06.004|N06	29.3	94.8	96.9	345	8.19e-30	114
WP_011045941.1	MER0181703|N06.002|N06	24.2	87.8	91.7	331	3.15e-14	69.7
WP_011046045.1	MER0005767|M38.972|M38	25.0	71.3	89.8	316	1.61e-13	67.8
WP_011046175.1	MER0001158|M03.005|M03A	37.3	99.3	99.4	679	4.87e-138	417
WP_011046175.1	MER0001161|M03.004|M03A	32.3	99.6	99.7	685	1.21e-102	325
WP_011046175.1	MER0006087|M03.A01|M03A	32.0	99.9	98.0	707	2.35e-85	280
WP_011046175.1	MER0015119|M03.A02|M03A	31.1	99.9	98.9	734	4.83e-75	252
WP_011046175.1	MER0001942|M03.002|M03A	28.6	84.4	83.5	587	1.78e-59	209
WP_011046175.1	MER0001149|M03.001|M03A	29.7	84.4	82.7	583	3.45e-58	205
WP_011046175.1	MER0003110|M03.009|M03A	26.8	87.6	87.8	660	4.51e-49	180
WP_011046175.1	MER0108144|M03.A07|M03A	26.7	81.1	83.8	573	2.18e-48	177
WP_011046175.1	MER0079465|M03.011|M03A	26.6	79.0	85.0	557	4.05e-46	170
WP_011046175.1	MER0001153|M03.003|M03A	25.5	84.4	84.3	600	1.07e-42	161
WP_011046175.1	MER0001156|M03.006|M03A	25.4	57.1	59.2	429	1.81e-32	130
WP_011046175.1	MER0021317|M03.971|M03A	35.3	9.7	78.2	68	3.76e-07	45.4
WP_011046175.1	MER0059435|M03.A11|M03A	36.4	9.4	9.2	66	1.57e-04	41.6
WP_011046199.1	MER0107804|C82.A02|C82A	35.7	67.6	91.6	129	5.02e-20	78.6
WP_011046199.1	MER0107825|C82.A04|C82A	33.3	67.0	90.1	126	1.64e-17	72.0
WP_011046199.1	MER0107808|C82.A03|C82A	35.2	67.0	90.2	125	7.10e-16	67.8
WP_011046199.1	MER0094392|C82.003|C82B	44.6	40.0	59.3	74	3.93e-12	57.4
WP_011046212.1	MER0000471|S13.002|S13	29.0	81.5	92.0	435	1.86e-24	102
WP_011046212.1	MER0000472|S13.001|S13	26.8	73.6	83.6	384	1.22e-19	88.2
WP_011046212.1	MER0011571|S13.003|S13	27.6	71.4	81.2	377	3.61e-15	74.3
WP_011046212.1	MER0053015|S13.004|S13	26.4	82.5	96.3	428	3.40e-13	67.8
WP_011046273.1	MER0004111|S01.442|S01C	60.3	33.9	100	156	6.24e-55	177
WP_011046273.1	MER0003850|S01.500|S01C	52.7	36.5	94.9	169	7.70e-52	170
WP_011046273.1	MER0001372|S01.274|S01C	54.8	33.9	100	157	2.74e-48	160
WP_011046273.1	MER0000266|S01.273|S01C	55.3	33.9	100	159	2.08e-47	157
WP_011046273.1	MER0000268|S01.480|S01C	49.4	33.9	100	156	2.42e-43	147
WP_011046273.1	MER0001945|S01.472|S01C	49.7	33.9	100	159	8.02e-42	143
WP_011046273.1	MER0013623|S01.453|S01C	49.4	33.9	100	156	2.55e-41	141
WP_011046273.1	MER0005468|S01.491|S01C	47.5	33.9	100	160	8.34e-40	137
WP_011046273.1	MER0003293|S01.477|S01C	51.7	32.8	100	151	9.14e-39	134
WP_011046273.1	MER0004149|S01.525|S01C	46.0	33.9	100	163	5.23e-38	133
WP_011046273.1	MER0001373|S01.275|S01C	44.0	33.9	100	159	2.43e-35	125
WP_011046273.1	MER0003290|S01.482|S01C	45.9	33.9	100	159	6.17e-35	124
WP_011046273.1	MER0002577|S01.277|S01C	42.4	33.9	100	158	3.87e-30	111
WP_011046273.1	MER0004673|S01.494|S01C	34.9	50.9	90.0	258	5.67e-30	114
WP_011046273.1	MER0016031|S01.364|S01C	42.5	33.9	100	167	3.89e-29	109
WP_011046273.1	MER0022668|S01.447|S01C	40.7	33.9	100	172	8.51e-29	108
WP_011046273.1	MER0028330|S01.329|S01C	41.1	33.9	100	158	9.92e-29	107
WP_011046273.1	MER0010944|S01.474|S01C	39.2	33.9	100	171	1.62e-28	107
WP_011046273.1	MER0016351|S01.285|S01C	38.0	33.9	100	158	1.72e-26	101
WP_011046273.1	MER0004086|S01.B81|S01C	39.9	33.7	100	163	5.74e-26	100
WP_011046273.1	MER0004093|S01.278|S01C	39.9	33.9	100	158	6.21e-26	100
WP_011046273.1	MER0014795|S01.284|S01C	39.0	33.9	100	164	1.91e-25	99.0
WP_011046273.1	MER0005093|S01.441|S01C	35.8	31.7	95.8	159	9.58e-23	91.7
WP_011046273.1	MER0011375|S01.476|S01C	35.0	33.9	100	160	7.98e-21	85.9
WP_011046273.1	MER0006096|S01.A08|S01C	35.1	28.7	100	134	2.61e-19	80.9
WP_011046371.1	MER0014140|M56.003|M56	24.4	20.4	25.9	78	1.89e-04	39.7
WP_011046384.1	MER0001978|T03.001|T03	35.3	89.1	95.3	549	3.63e-84	270
WP_011046384.1	MER0011811|T03.A03|T03	34.7	77.4	80.0	470	1.18e-61	211
WP_011046384.1	MER0011800|T03.A01|T03	32.8	80.4	80.7	488	8.30e-61	209
WP_011046384.1	MER0001629|T03.006|T03	31.8	77.4	82.2	475	1.08e-53	189
WP_011046384.1	MER0002720|T03.023|T03	33.2	74.2	80.8	443	3.02e-51	180
WP_011046384.1	MER0005831|T03.A06|T03	31.1	77.6	82.3	492	4.42e-48	173
WP_011046384.1	MER0003580|T03.011|T03	31.3	80.2	85.2	495	3.72e-47	171
WP_011046384.1	MER0005029|T03.009|T03	31.2	77.6	87.5	491	6.18e-46	167
WP_011046384.1	MER0011143|T03.005|T03	29.0	76.9	80.4	472	5.38e-44	162
WP_011046384.1	MER0004194|T03.A07|T03	31.0	78.9	88.9	500	1.33e-41	154
WP_011046384.1	MER0006124|T03.A05|T03	28.9	79.2	84.3	508	8.84e-40	150
WP_011046384.1	MER0011215|T03.A04|T03	30.2	76.2	89.1	474	1.05e-39	149
WP_011046384.1	MER0016970|T03.017|T03	30.4	76.0	80.8	474	1.14e-38	146
WP_011046384.1	MER0002728|T03.012|T03	28.9	75.7	80.4	481	6.37e-34	133
WP_011046384.1	MER0001977|T03.002|T03	28.4	78.6	84.3	497	1.44e-33	132
WP_011046384.1	MER0011211|T03.007|T03	25.4	83.1	88.5	511	1.93e-32	128
WP_011046384.1	MER0004202|T03.013|T03	26.9	88.4	97.5	539	2.70e-31	124
WP_011046384.1	MER0006132|T03.014|T03	27.5	79.2	84.0	549	6.09e-29	118
WP_011046384.1	MER0026204|T03.018|T03	36.0	33.5	84.1	200	4.15e-27	106
WP_011046384.1	MER0094876|T03.025|T03	27.1	88.4	99.8	546	8.44e-24	102
WP_011046384.1	MER0011193|T03.010|T03	25.5	76.4	82.9	478	9.55e-22	95.9
WP_011046384.1	MER0002718|T03.008|T03	34.1	27.8	93.7	182	1.41e-19	84.0
WP_011046384.1	MER0003440|T03.A08|T03	25.2	69.8	86.0	425	4.65e-15	74.3
WP_011046384.1	MER0026205|T03.019|T03	37.0	20.1	56.4	127	1.63e-14	70.1
WP_011046384.1	MER0002721|T03.016|T03	43.3	15.1	38.3	97	4.60e-14	69.3
WP_011046482.1	MER0044581|S33.A27|S33	23.2	80.9	79.2	293	2.35e-08	51.6
WP_011046482.1	MER0037236|S33.016|S33	24.7	71.1	85.8	235	2.84e-08	50.8
WP_011046482.1	MER0014065|S33.974|S33	30.1	42.8	40.5	143	2.89e-08	51.2
WP_011046482.1	MER0044578|S33.A28|S33	32.4	31.7	30.7	108	3.11e-08	51.2
WP_011046482.1	MER0031610|S33.976|S33	23.8	78.8	83.4	265	3.50e-08	50.8
WP_011046482.1	MER0036053|S33.A01|S33	36.0	29.8	36.1	100	3.86e-08	50.4
WP_011046482.1	MER0011785|S33.009|S33	34.3	30.2	31.1	102	6.82e-08	50.1
WP_011046482.1	MER0011509|S33.A84|S33	34.3	30.5	32.1	102	1.57e-07	48.9
WP_011046482.1	MER0031616|S33.013|S33	32.7	31.4	33.4	107	4.92e-07	47.4
WP_011046482.1	MER0036114|S33.980|S33	28.4	44.6	51.0	155	1.13e-06	46.2
WP_011046482.1	MER0030163|S33.975|S33	34.3	30.5	34.7	102	1.94e-06	45.4
WP_011046482.1	MER0044633|S33.A26|S33	29.1	32.6	31.3	110	3.07e-06	45.1
WP_011046482.1	MER0031618|S33.979|S33	37.5	23.4	28.1	80	3.39e-06	44.7
WP_011046482.1	MER0214939|S33.A69|S33	32.0	29.8	40.3	100	3.72e-06	44.3
WP_011046482.1	MER0044580|S33.A39|S33	26.7	33.5	35.4	116	6.86e-06	43.9
WP_011046482.1	MER0036075|S33.A73|S33	24.6	43.1	39.1	142	1.24e-05	43.1
WP_011046482.1	MER0036059|S33.A79|S33	26.8	34.8	33.2	127	4.00e-05	41.6
WP_011046482.1	MER0214730|S33.A67|S33	33.3	21.5	29.2	72	5.14e-05	40.8
WP_011046482.1	MER0031557|S09.A84|S09C	29.7	22.8	27.5	74	7.66e-05	40.4
WP_011046482.1	MER0036080|S33.A77|S33	29.8	23.4	21.9	84	1.63e-04	39.7
WP_011046482.1	MER0036067|S33.A71|S33	26.2	31.1	34.4	103	2.59e-04	38.9
WP_011046482.1	MER0036069|S33.A38|S33	22.8	45.8	49.3	171	6.75e-04	37.7
WP_011046512.1	MER0043475|C26.A05|C26	25.1	79.3	77.2	195	5.18e-20	82.8
WP_011046512.1	MER0043537|C26.A31|C26	30.3	55.3	67.0	132	3.13e-14	65.9
WP_011046512.1	MER0043394|C26.955|C26	40.0	25.3	34.8	60	7.78e-05	38.9
WP_011046512.1	MER0046161|C26.956|C26	38.7	25.3	20.8	62	7.83e-05	39.7
WP_011046512.1	MER0044882|C26.A09|C26	34.9	26.6	31.9	63	2.25e-04	37.7
WP_011046559.1	MER0281397|S12.A23|S12	24.4	47.8	98.5	217	2.18e-13	65.5
WP_011046559.1	MER0026262|S12.008|S12	25.9	43.4	50.9	185	2.49e-10	58.2
WP_011046559.1	MER0028284|S12.010|S12	24.8	34.6	37.4	137	2.33e-07	48.9
WP_011046559.1	MER0140154|S12.A27|S12	24.5	34.6	42.8	147	4.04e-06	45.1
WP_011046559.1	MER0000457|S12.002|S12	24.9	41.6	47.9	169	9.41e-06	43.9
WP_011046615.1	MER0006132|T03.014|T03	51.5	100	98.4	625	4.59e-205	584
WP_011046615.1	MER0094876|T03.025|T03	31.7	96.1	99.2	586	3.37e-51	181
WP_011046615.1	MER0001978|T03.001|T03	26.0	94.8	92.6	588	7.84e-42	155
WP_011046615.1	MER0002720|T03.023|T03	24.9	84.6	86.5	507	3.62e-24	102
WP_011046615.1	MER0003580|T03.011|T03	23.3	90.1	87.5	558	3.06e-21	94.4
WP_011046615.1	MER0016970|T03.017|T03	26.3	92.8	91.0	574	6.91e-21	93.2
WP_011046615.1	MER0011811|T03.A03|T03	23.6	78.0	74.6	487	6.84e-19	87.0
WP_011046615.1	MER0004202|T03.013|T03	23.6	87.4	88.6	534	1.33e-17	82.8
WP_011046615.1	MER0011800|T03.A01|T03	24.4	83.2	77.9	517	2.08e-17	82.4
WP_011046615.1	MER0005029|T03.009|T03	22.4	83.2	87.5	523	9.94e-17	80.1
WP_011046615.1	MER0005831|T03.A06|T03	21.8	87.4	86.8	545	1.07e-16	80.1
WP_011046615.1	MER0011215|T03.A04|T03	25.0	78.0	84.5	488	4.49e-14	71.6
WP_011046615.1	MER0003440|T03.A08|T03	26.2	23.5	33.5	145	5.83e-04	39.3
WP_011046688.1	MER0042387|M48.019|M48C	31.6	63.4	83.1	158	5.03e-12	59.7
WP_011046688.1	MER0031491|M48.023|M48C	25.1	63.4	83.8	167	1.96e-06	43.9
WP_011046688.1	MER0026552|M48.A01|M48C	23.7	55.0	75.4	135	6.91e-04	36.2
WP_011046751.1	MER0006046|S14.A02|S14	63.5	91.9	92.8	192	4.19e-87	253
WP_011046751.1	MER0000474|S14.001|S14	61.5	91.9	92.8	192	1.13e-84	246
WP_011046751.1	MER0002211|S14.003|S14	61.7	90.0	90.8	188	5.02e-81	237
WP_011046751.1	MER0002299|S14.A04|S14	57.0	89.0	92.5	186	3.05e-71	212
WP_011046751.1	MER0005687|S14.A01|S14	51.1	84.2	83.4	176	2.91e-56	174
WP_011046751.1	MER0004857|S14.008|S14	47.2	91.9	92.8	193	7.33e-56	173
WP_011046751.1	MER0004847|S14.009|S14	42.7	91.4	92.3	192	3.96e-53	166
WP_011046751.1	MER0004855|S14.A03|S14	42.8	82.8	82.8	173	6.83e-49	155
WP_011046751.1	MER0006063|S14.010|S14	41.4	93.8	94.7	198	1.33e-48	155
WP_011046751.1	MER0004182|S14.006|S14	41.4	83.3	85.7	174	1.89e-44	144
WP_011046751.1	MER0006056|S14.011|S14	44.6	83.7	82.5	175	7.56e-43	140
WP_011046751.1	MER0011666|S14.005|S14	42.8	81.8	91.5	173	6.45e-42	137
WP_011046751.1	MER0006308|S14.002|S14	35.8	82.3	88.3	173	1.25e-40	134
WP_011046751.1	MER0001369|S14.007|S14	41.7	34.4	55.0	72	3.21e-14	63.9
WP_011046887.1	MER0005462|M24.031|M24B	25.9	59.5	99.1	239	6.70e-17	76.3
WP_011046908.1	MER0065588|C26.965|C26	39.4	98.1	99.0	208	7.73e-37	124
WP_011046952.1	MER0167712|M81.001|M81	39.3	60.8	91.4	298	1.64e-62	203
WP_011046957.1	MER0002655|M20.015|M20D	36.9	93.1	94.4	363	1.07e-74	234
WP_011046957.1	MER0002007|M20.008|M20D	37.0	92.0	91.6	368	4.36e-71	225
WP_011046957.1	MER0002014|M20.A03|M20D	37.8	94.9	94.4	378	8.42e-71	224
WP_011046957.1	MER0002659|M20.014|M20D	38.1	94.9	94.4	378	1.67e-70	223
WP_011046957.1	MER0002013|M20.A02|M20D	37.4	93.1	92.7	374	1.57e-64	208
WP_011046957.1	MER0003770|M20.A27|M20D	36.3	85.6	88.0	333	5.88e-62	201
WP_011046957.1	MER0005173|M20.A05|M20D	34.3	95.9	99.7	385	1.04e-53	179
WP_011046957.1	MER0005155|M20.A06|M20D	33.2	93.8	97.1	377	6.81e-53	177
WP_011046957.1	MER0005163|M20.009|M20D	49.1	40.9	59.8	163	1.01e-41	144
WP_011046957.1	MER0003581|M20.020|M20D	30.6	83.0	98.5	337	2.99e-32	121
WP_011046957.1	MER0003815|M20.A04|M20D	26.9	94.9	91.3	376	5.44e-31	117
WP_011046957.1	MER0015354|M20.A01|M20D	28.4	94.9	92.4	377	8.32e-30	113
WP_011046957.1	MER0002664|M20.A26|M20D	37.3	41.1	53.2	161	1.35e-18	82.0
WP_011046957.1	MER0001266|M20.001|M20A	26.2	65.8	64.9	275	6.04e-06	44.7
WP_011046958.1	MER0001266|M20.001|M20A	30.9	96.8	94.1	379	5.28e-38	137
WP_011046958.1	MER0028941|M20.018|M20B	23.5	93.6	96.2	361	7.81e-09	53.5
WP_011046958.1	MER0369336|M20.A23|M20A	23.0	78.7	94.0	305	3.65e-07	48.1
WP_011046958.1	MER0017385|M20.A24|M20A	34.1	23.4	33.5	88	1.14e-04	40.0
WP_011046999.1	MER0031617|S33.978|S33	30.0	86.6	88.0	263	6.73e-30	111
WP_011046999.1	MER0014065|S33.974|S33	28.5	88.3	91.2	312	1.47e-26	103
WP_011046999.1	MER0017177|S33.973|S33	24.5	89.3	88.2	294	2.49e-17	77.8
WP_011046999.1	MER0031610|S33.976|S33	23.7	91.0	84.1	278	3.93e-08	50.4
WP_011046999.1	MER0031614|S33.011|S33	29.9	35.1	31.5	107	2.53e-07	48.1
WP_011046999.1	MER0035043|S33.A95|S33	24.8	35.8	35.4	109	7.37e-07	46.6
WP_011046999.1	MER0035973|S33.A14|S33	29.0	41.5	44.9	138	9.17e-07	46.2
WP_011046999.1	MER0036073|S33.A35|S33	28.9	39.5	39.2	128	2.40e-05	42.0
WP_011046999.1	MER0035042|S33.A93|S33	20.4	34.1	33.7	103	9.88e-05	40.0
WP_011046999.1	MER0011785|S33.009|S33	32.4	32.4	31.1	105	3.23e-04	38.5
WP_011047026.1	MER0037863|S09.023|S09X	33.9	91.1	77.7	227	3.11e-40	137
WP_011047026.1	MER0033245|S09.062|S09X	32.7	84.6	98.6	211	3.47e-36	124
WP_011047026.1	MER0031610|S33.976|S33	29.3	46.2	37.9	116	1.22e-04	39.3
WP_011047026.1	MER0031569|S09.A18|S09X	23.4	84.6	83.8	218	1.43e-04	38.9
WP_011047026.1	MER0031565|S09.A31|S09X	25.5	85.0	82.7	216	2.58e-04	38.1
WP_011047026.1	MER0031556|S09.A80|S09C	39.4	27.1	24.6	71	2.74e-04	38.1
WP_011047026.1	MER0045479|S09.A17|S09X	22.8	85.0	82.7	215	4.62e-04	37.4
WP_011047026.1	MER0031557|S09.A84|S09C	36.6	27.1	25.3	71	8.63e-04	36.6
WP_011047030.1	MER0031611|S33.977|S33	24.8	87.6	72.8	218	1.38e-05	42.0
WP_011047030.1	MER0025512|S33.010|S33	27.5	69.7	60.5	189	1.40e-05	42.0
WP_011047030.1	MER0036068|S33.A19|S33	22.7	69.7	58.3	176	1.07e-04	39.3
WP_011047040.1	MER0043475|C26.A05|C26	30.4	91.2	89.2	224	1.14e-28	105
WP_011047040.1	MER0042974|C26.A07|C26	34.1	51.8	65.5	129	2.79e-09	52.0
WP_011047040.1	MER0043537|C26.A31|C26	26.5	43.4	56.9	113	6.85e-07	45.1
WP_011047040.1	MER0043387|C26.950|C26	37.0	23.5	27.3	54	1.30e-05	41.2
WP_011047040.1	MER0044812|C26.A04|C26	32.3	38.1	37.7	93	8.69e-05	39.3
WP_011047040.1	MER0043394|C26.955|C26	70.0	8.8	12.2	20	4.43e-04	36.6
WP_011047050.1	MER0001265|M19.003|M19	38.5	81.2	89.5	283	3.88e-58	187
WP_011047050.1	MER0013425|M19.007|M19	34.3	52.3	55.4	181	6.73e-26	102
WP_011047050.1	MER0006319|M19.012|M19	29.3	88.4	85.2	348	1.06e-25	103
WP_011047050.1	MER0011343|M19.A02|M19	28.4	68.5	63.1	243	3.21e-25	101
WP_011047050.1	MER0001260|M19.001|M19	24.9	97.1	86.4	342	1.52e-24	99.8
WP_011047050.1	MER0013479|M19.950|M19	25.1	76.0	88.1	295	7.32e-24	97.1
WP_011047050.1	MER0032370|M19.013|M19	27.9	97.7	94.0	358	7.17e-23	94.7
WP_011047050.1	MER0011422|M19.A01|M19	30.2	68.8	66.9	245	1.92e-22	93.6
WP_011047050.1	MER0013499|M19.002|M19	26.2	69.1	66.3	252	1.68e-20	88.2
WP_011047051.1	MER0437468|C26.A36|C26	39.6	63.6	99.7	366	1.85e-81	255
WP_011047051.1	MER0065554|C26.964|C26	51.0	47.2	94.4	259	6.11e-78	243
WP_011047051.1	MER0436717|C26.A29|C26	33.8	64.0	100	417	1.40e-59	199
WP_011047051.1	MER0031278|C26.961|C26	25.8	36.7	70.9	213	2.02e-05	43.1
WP_011047068.1	MER0192051|I87.002|I87	37.1	89.3	77.6	342	9.33e-46	159
WP_011047069.1	MER0191412|I87.001|I87	32.9	98.3	98.5	331	8.78e-43	146
WP_011047072.1	MER0000268|S01.480|S01C	50.3	32.4	99.4	159	4.19e-48	160
WP_011047072.1	MER0003850|S01.500|S01C	50.3	36.9	100	181	8.28e-48	160
WP_011047072.1	MER0013623|S01.453|S01C	51.3	32.4	99.3	158	1.64e-46	155
WP_011047072.1	MER0000266|S01.273|S01C	50.6	32.4	99.4	160	3.68e-45	152
WP_011047072.1	MER0004111|S01.442|S01C	50.9	32.4	99.4	159	2.66e-44	150
WP_011047072.1	MER0001372|S01.274|S01C	49.7	32.4	99.4	161	5.34e-44	149
WP_011047072.1	MER0005468|S01.491|S01C	46.6	32.4	99.4	163	1.18e-41	143
WP_011047072.1	MER0004149|S01.525|S01C	45.5	32.4	99.4	167	1.45e-38	135
WP_011047072.1	MER0004673|S01.494|S01C	34.0	53.2	98.5	282	2.64e-35	129
WP_011047072.1	MER0003290|S01.482|S01C	45.4	32.4	99.4	163	2.28e-34	123
WP_011047072.1	MER0028330|S01.329|S01C	46.6	29.1	92.2	146	1.48e-33	121
WP_011047072.1	MER0002577|S01.277|S01C	46.6	29.1	92.2	146	2.06e-33	120
WP_011047072.1	MER0003293|S01.477|S01C	46.2	31.5	100	156	4.87e-33	119
WP_011047072.1	MER0001945|S01.472|S01C	42.9	32.4	99.4	163	6.50e-33	119
WP_011047072.1	MER0011375|S01.476|S01C	41.8	29.1	92.2	146	2.01e-31	115
WP_011047072.1	MER0004093|S01.278|S01C	45.2	29.1	92.2	146	9.88e-31	113
WP_011047072.1	MER0004086|S01.B81|S01C	40.7	32.2	99.4	167	3.36e-30	112
WP_011047072.1	MER0016031|S01.364|S01C	42.1	29.9	92.8	159	2.59e-29	110
WP_011047072.1	MER0001373|S01.275|S01C	40.7	32.4	99.4	162	7.53e-29	108
WP_011047072.1	MER0016351|S01.285|S01C	41.1	29.1	92.2	146	1.72e-28	107
WP_011047072.1	MER0022668|S01.447|S01C	38.6	31.5	94.2	166	1.92e-27	105
WP_011047072.1	MER0014795|S01.284|S01C	40.8	29.1	92.5	152	1.30e-26	102
WP_011047072.1	MER0006096|S01.A08|S01C	46.5	25.4	95.4	129	2.15e-26	100
WP_011047072.1	MER0005093|S01.441|S01C	41.2	31.8	99.4	165	7.09e-25	97.8
WP_011047072.1	MER0010944|S01.474|S01C	36.3	32.4	99.4	171	2.34e-22	90.9
WP_011047115.1	MER0044812|C26.A04|C26	50.4	57.5	90.6	224	2.53e-73	226
WP_011047115.1	MER0060647|C26.952|C26	38.4	94.1	99.7	380	1.84e-71	224
WP_011047115.1	MER0115185|C26.954|C26	59.7	37.1	99.3	144	2.64e-56	178
WP_011047115.1	MER0078640|C26.951|C26	33.3	94.1	100	378	4.31e-52	174
WP_011047115.1	MER0045945|C26.963|C26	45.7	46.9	79.8	184	7.95e-44	149
WP_011047115.1	MER0046161|C26.956|C26	41.8	47.4	65.7	184	1.16e-43	150
WP_011047115.1	MER0043540|C26.A33|C26	42.9	49.0	82.5	191	3.54e-43	147
WP_011047115.1	MER0436691|C26.A27|C26	34.1	46.1	70.6	182	3.62e-27	105
WP_011047115.1	MER0045094|C26.959|C26	30.1	43.3	71.8	176	5.37e-13	65.1
WP_011047115.1	MER0043394|C26.955|C26	30.5	34.8	83.5	141	1.32e-10	56.6
WP_011047115.1	MER0043537|C26.A31|C26	25.5	42.8	89.4	184	1.22e-09	54.3
WP_011047115.1	MER0045886|C26.957|C26	28.0	45.1	74.6	186	2.21e-09	54.3
WP_011047115.1	MER0044882|C26.A09|C26	27.9	34.8	78.6	147	6.88e-09	52.0
WP_011047115.1	MER0044619|C26.A26|C26	30.9	37.1	60.3	149	3.20e-08	50.8
WP_011047115.1	MER0043392|C26.960|C26	28.5	37.9	85.2	151	6.43e-08	48.9
WP_011047115.1	MER0043195|C26.A30|C26	26.0	35.8	61.2	154	6.66e-07	47.0
WP_011047115.1	MER0045095|C26.958|C26	26.4	32.2	52.4	144	1.32e-06	46.2
WP_011047115.1	MER0038086|C26.962|C26	26.3	31.7	52.0	137	9.26e-06	43.5
WP_011047115.1	MER0436735|C26.A34|C26	24.9	35.8	66.4	181	2.32e-04	39.3
WP_011047147.1	MER0011343|M19.A02|M19	30.8	51.8	57.7	214	2.04e-26	105
WP_011047147.1	MER0013499|M19.002|M19	25.7	87.5	89.6	366	3.86e-24	99.4
WP_011047147.1	MER0011422|M19.A01|M19	30.6	52.8	62.0	222	1.58e-23	97.4
WP_011047147.1	MER0032370|M19.013|M19	25.7	78.6	84.2	323	3.82e-23	96.3
WP_011047147.1	MER0001260|M19.001|M19	27.1	67.3	74.5	280	6.58e-23	95.9
WP_011047147.1	MER0015155|M19.011|M19	25.0	87.0	89.0	372	3.24e-19	85.1
WP_011047147.1	MER0013479|M19.950|M19	28.5	58.2	81.6	267	1.73e-18	82.4
WP_011047147.1	MER0013496|M19.004|M19	25.1	52.0	60.7	227	1.59e-16	77.0
WP_011047147.1	MER0006319|M19.012|M19	23.2	73.0	69.3	297	5.17e-12	63.5
WP_011047150.1	MER0004419|M03.A08|M03B	29.1	38.8	99.2	237	1.13e-27	108
WP_011047151.1	MER0036114|S33.980|S33	26.0	55.3	58.3	181	4.20e-10	56.6
WP_011047151.1	MER0036050|S33.A17|S33	27.8	37.8	37.7	126	8.57e-09	52.8
WP_011047151.1	MER0036051|S33.A12|S33	25.4	57.2	52.5	193	1.51e-08	52.0
WP_011047151.1	MER0036052|S33.A11|S33	31.1	31.9	30.6	103	3.64e-08	50.8
WP_011047151.1	MER0031618|S33.979|S33	26.4	36.9	39.6	121	4.33e-07	47.4
WP_011047236.1	MER0014065|S33.974|S33	28.3	38.0	33.5	113	2.42e-07	48.1
WP_011047279.1	MER0001265|M19.003|M19	38.3	81.8	90.8	290	2.91e-66	209
WP_011047279.1	MER0001260|M19.001|M19	29.9	96.6	86.7	345	5.38e-36	131
WP_011047279.1	MER0013499|M19.002|M19	26.1	97.2	86.6	352	8.96e-31	117
WP_011047279.1	MER0011343|M19.A02|M19	27.8	88.1	77.4	313	1.36e-30	116
WP_011047279.1	MER0013425|M19.007|M19	28.2	84.4	85.0	298	2.25e-29	112
WP_011047279.1	MER0011422|M19.A01|M19	32.9	63.9	63.2	228	1.80e-28	110
WP_011047279.1	MER0013479|M19.950|M19	26.5	67.9	79.1	264	6.67e-26	102
WP_011047279.1	MER0015155|M19.011|M19	23.6	97.2	86.6	351	1.05e-23	97.4
WP_011047279.1	MER0013496|M19.004|M19	25.9	72.2	72.9	263	4.44e-23	95.5
WP_011047279.1	MER0006319|M19.012|M19	24.6	87.8	85.2	346	2.50e-21	90.9
WP_011047279.1	MER0026963|M19.008|M19	33.8	20.7	71.8	74	1.34e-09	52.0
WP_011047313.1	MER0003327|C44.971|C44	36.1	31.4	41.0	97	5.32e-13	64.3
WP_011047313.1	MER0185695|C44.A08|C44	31.3	31.7	44.8	99	4.21e-09	52.8
WP_011047313.1	MER0003314|C44.001|C44	29.7	46.6	58.3	155	8.93e-07	46.2
WP_011047362.1	MER0013623|S01.453|S01C	57.5	32.0	99.3	153	1.72e-54	176
WP_011047362.1	MER0000268|S01.480|S01C	55.1	32.0	99.4	156	1.90e-53	174
WP_011047362.1	MER0000266|S01.273|S01C	55.5	32.0	99.4	155	2.85e-53	173
WP_011047362.1	MER0004111|S01.442|S01C	56.4	32.0	99.4	156	3.16e-51	168
WP_011047362.1	MER0003850|S01.500|S01C	48.3	36.4	99.4	176	3.50e-49	163
WP_011047362.1	MER0001372|S01.274|S01C	51.0	32.0	99.4	155	1.01e-48	161
WP_011047362.1	MER0003290|S01.482|S01C	53.2	32.0	99.4	158	1.66e-45	153
WP_011047362.1	MER0005468|S01.491|S01C	49.4	32.0	99.4	158	2.58e-44	150
WP_011047362.1	MER0001945|S01.472|S01C	50.0	32.0	99.4	158	5.39e-43	146
WP_011047362.1	MER0004673|S01.494|S01C	37.7	52.1	97.0	273	1.27e-42	149
WP_011047362.1	MER0003293|S01.477|S01C	50.7	31.2	100	150	5.92e-41	140
WP_011047362.1	MER0001373|S01.275|S01C	44.6	32.0	99.4	157	1.13e-38	135
WP_011047362.1	MER0004149|S01.525|S01C	46.3	32.0	99.4	162	1.33e-37	132
WP_011047362.1	MER0004086|S01.B81|S01C	48.8	31.8	99.4	162	3.48e-36	128
WP_011047362.1	MER0004093|S01.278|S01C	50.0	28.9	92.8	142	7.19e-36	127
WP_011047362.1	MER0002577|S01.277|S01C	46.5	28.9	92.8	142	1.90e-33	120
WP_011047362.1	MER0028330|S01.329|S01C	46.5	28.9	92.8	142	3.58e-32	117
WP_011047362.1	MER0016351|S01.285|S01C	45.5	28.9	92.8	143	6.66e-31	114
WP_011047362.1	MER0016031|S01.364|S01C	43.0	28.9	91.0	151	3.50e-30	112
WP_011047362.1	MER0005093|S01.441|S01C	43.0	31.4	99.4	165	4.84e-30	112
WP_011047362.1	MER0011375|S01.476|S01C	46.5	28.9	92.9	144	6.61e-30	111
WP_011047362.1	MER0014795|S01.284|S01C	43.7	28.9	93.1	151	7.61e-30	111
WP_011047362.1	MER0022668|S01.447|S01C	38.2	32.0	99.4	170	2.79e-29	110
WP_011047362.1	MER0010944|S01.474|S01C	37.6	32.0	99.4	170	5.03e-28	106
WP_011047362.1	MER0006096|S01.A08|S01C	45.9	27.0	99.2	133	1.49e-26	101
WP_011047363.1	MER0011715|C46.006|C46	32.7	8.4	47.7	107	3.56e-04	40.0
WP_011047373.1	MER0004466|M50.006|M50B	34.2	75.3	91.1	269	1.27e-36	130
WP_011047373.1	MER0002454|M50.002|M50B	28.0	46.9	52.1	168	2.74e-10	57.4
WP_011047373.1	MER0004698|M50.A05|M50B	27.2	33.1	66.2	147	9.25e-05	40.0
WP_011047375.1	MER0066182|M23.A04|M23B	57.1	25.0	24.6	49	1.49e-11	57.8
WP_011047378.1	MER0006204|S12.950|S12	32.6	88.2	90.5	374	4.39e-42	149
WP_011047378.1	MER0122661|S12.A28|S12	27.0	90.2	95.9	363	1.14e-24	100
WP_011047378.1	MER0026262|S12.008|S12	27.4	67.8	71.4	288	6.43e-24	98.6
WP_011047378.1	MER1143079|S12.013|S12	27.0	71.9	83.4	289	3.19e-21	89.7
WP_011047378.1	MER0005925|S12.A13|S12	27.1	62.8	67.6	262	1.57e-19	85.9
WP_011047378.1	MER0004090|S12.A03|S12	23.0	92.5	93.3	392	1.81e-18	83.2
WP_011047378.1	MER0011700|S12.A16|S12	23.5	63.8	66.8	277	2.11e-12	64.7
WP_011047378.1	MER0005964|S12.951|S12	24.3	72.6	75.4	304	8.54e-12	62.8
WP_011047378.1	MER0004154|S12.012|S12	25.8	63.6	64.1	256	1.92e-11	61.6
WP_011047378.1	MER0140154|S12.A27|S12	23.8	67.6	79.4	298	2.49e-11	61.2
WP_011047378.1	MER0005923|S12.004|S12	33.0	26.6	21.0	106	4.77e-11	60.8
WP_011047378.1	MER0028284|S12.010|S12	25.8	54.8	58.2	225	4.44e-10	57.4
WP_011047378.1	MER0017069|S12.009|S12	26.3	48.7	52.1	198	1.02e-09	56.2
WP_011047378.1	MER0015683|S12.A01|S12	23.9	52.8	64.7	213	4.69e-09	53.9
WP_011047378.1	MER0219770|S12.011|S12	22.1	49.2	55.9	199	1.26e-08	52.8
WP_011047378.1	MER0017074|S12.A14|S12	32.6	23.1	20.1	92	6.67e-08	50.8
WP_011047378.1	MER0034963|S12.A10|S12	24.2	46.2	42.3	190	2.63e-06	45.8
WP_011047378.1	MER0000463|S12.006|S12	21.9	56.0	54.5	224	7.69e-06	44.3
WP_011047403.1	MER0004480|M50.004|M50B	28.8	87.5	99.7	406	6.38e-40	143
WP_011047403.1	MER0897124|M50.A11|M50A	26.7	96.1	98.6	454	5.44e-33	126
WP_011047403.1	MER0004468|M50.011|M50B	25.8	96.1	98.6	454	1.92e-32	124
WP_011047403.1	MER0004469|M50.005|M50B	28.3	48.0	56.7	254	3.77e-20	89.0
WP_011047403.1	MER0004471|M50.A10|M50B	30.3	31.1	32.4	142	6.79e-12	63.5
WP_011047403.1	MER0004474|M50.003|M50B	30.4	30.3	32.4	138	8.72e-11	60.1
WP_011047403.1	MER0017395|M50.010|M50B	31.0	12.7	22.7	58	2.13e-04	39.7
WP_011047449.1	MER0004801|M38.982|M38	73.2	61.0	100	347	2.78e-188	529
WP_011047464.1	MER0004146|S33.995|S33	28.8	79.4	94.6	267	3.14e-10	56.6
WP_011047464.1	MER0017177|S33.973|S33	26.4	42.2	42.7	140	3.48e-09	53.9
WP_011047464.1	MER0037236|S33.016|S33	30.3	33.7	41.8	109	1.56e-07	48.5
WP_011047464.1	MER0025512|S33.010|S33	33.9	34.3	35.1	109	4.49e-06	44.3
WP_011047464.1	MER0011785|S33.009|S33	29.5	59.4	54.5	193	8.57e-06	43.5
WP_011047464.1	MER0017142|S33.994|S33	36.4	31.4	37.4	99	8.63e-06	43.1
WP_011047464.1	MER0003537|S33.005|S33	26.3	36.2	41.3	118	2.43e-05	42.0
WP_011047464.1	MER0036084|S33.A29|S33	25.0	34.6	41.5	112	9.75e-05	40.0
WP_011047464.1	MER0031610|S33.976|S33	31.7	31.4	32.6	101	5.95e-04	37.7
WP_011047464.1	MER0031616|S33.013|S33	39.6	15.2	14.1	48	6.08e-04	37.7
WP_011047514.1	MER0026469|M20.976|M20X	31.7	91.3	97.0	385	7.04e-52	176
WP_011047514.1	MER0026472|M20.A07|M20X	31.8	39.7	57.7	173	3.99e-18	81.3
WP_011047516.1	MER0015112|M38.973|M38	48.6	80.2	99.5	401	2.70e-132	385
WP_011047516.1	MER0030149|M38.977|M38	45.3	80.2	99.5	393	1.83e-115	342
WP_011047516.1	MER0030136|M38.978|M38	44.5	80.2	99.5	393	8.28e-114	338
WP_011047516.1	MER0030151|M38.976|M38	43.2	80.2	99.5	396	1.06e-111	333
WP_011047516.1	MER0030155|M38.975|M38	42.2	80.2	99.5	396	8.58e-108	323
WP_011047516.1	MER0030143|M38.974|M38	41.2	80.2	99.5	393	2.42e-107	322
WP_011047516.1	MER0005767|M38.972|M38	24.6	67.4	91.1	333	8.98e-12	62.8
WP_011047577.1	MER0066192|M38.983|M38	35.8	81.6	91.3	318	1.66e-38	138
WP_011047577.1	MER0033184|M38.979|M38	36.7	81.6	87.2	330	2.65e-37	135
WP_011047616.1	MER0003290|S01.482|S01C	42.9	8.1	26.9	42	3.29e-05	41.2
WP_011047616.1	MER0000268|S01.480|S01C	50.0	7.0	23.4	36	5.86e-05	40.4
WP_011047616.1	MER0000266|S01.273|S01C	33.3	12.2	39.7	63	6.03e-05	40.4
WP_011047616.1	MER0001372|S01.274|S01C	35.6	11.4	37.8	59	6.03e-05	40.4
WP_011047616.1	MER0005468|S01.491|S01C	40.9	8.5	27.8	44	8.38e-05	40.0
WP_011047623.1	MER0042827|C56.972|C56	36.3	39.2	98.0	102	1.60e-06	42.4
WP_011047691.1	MER0006204|S12.950|S12	33.2	87.6	89.7	374	2.90e-44	155
WP_011047691.1	MER0122661|S12.A28|S12	30.3	89.8	95.3	376	3.67e-28	110
WP_011047691.1	MER0026262|S12.008|S12	25.1	67.9	70.6	291	2.52e-15	73.6
WP_011047691.1	MER0004090|S12.A03|S12	24.6	91.2	92.0	395	4.20e-15	73.2
WP_011047691.1	MER0140154|S12.A27|S12	23.9	70.3	81.7	301	7.56e-15	72.0
WP_011047691.1	MER0002489|S12.003|S12	24.5	65.2	67.9	269	4.61e-14	69.7
WP_011047691.1	MER1143079|S12.013|S12	24.5	69.3	80.9	286	2.92e-13	66.6
WP_011047691.1	MER0003802|S12.A21|S12	24.2	59.1	71.2	260	7.08e-12	62.8
WP_011047691.1	MER0028284|S12.010|S12	31.2	41.8	44.2	173	1.10e-11	62.4
WP_011047691.1	MER0005925|S12.A13|S12	24.7	52.8	59.0	223	1.55e-11	62.0
WP_011047691.1	MER0011700|S12.A16|S12	24.6	62.0	63.9	268	5.39e-11	60.5
WP_011047691.1	MER0004154|S12.012|S12	25.8	63.5	62.9	267	1.55e-10	58.9
WP_011047691.1	MER0000457|S12.002|S12	26.7	67.9	70.8	285	3.52e-10	57.8
WP_011047691.1	MER0000459|S12.001|S12	23.1	58.2	59.3	247	2.09e-09	55.5
WP_011047691.1	MER0015683|S12.A01|S12	24.1	50.9	65.1	212	4.95e-09	53.9
WP_011047691.1	MER0034963|S12.A10|S12	28.4	49.4	45.7	208	2.25e-08	52.4
WP_011047691.1	MER0219770|S12.011|S12	25.7	50.6	56.3	210	2.36e-08	52.0
WP_011047691.1	MER0005923|S12.004|S12	36.0	18.2	16.6	75	8.01e-08	50.8
WP_011047691.1	MER0003800|S12.952|S12	21.7	70.3	71.0	314	6.02e-04	38.5
WP_011047753.1	MER0036038|S09.A19|S09X	22.6	94.9	94.9	252	6.13e-05	39.7
WP_011047779.1	MER0001186|M32.001|M32	39.1	99.4	98.8	506	9.88e-109	329
WP_011047779.1	MER0069024|M32.004|M32	35.5	93.7	95.0	473	4.29e-82	260
WP_011047779.1	MER0017390|M32.002|M32	31.3	98.0	98.4	489	7.24e-79	251
WP_011047779.1	MER0002064|M32.006|M32	31.6	94.5	99.2	474	2.05e-75	242
WP_011047779.1	MER0015184|M32.005|M32	32.9	98.8	99.0	501	8.19e-75	241
WP_011047779.1	MER0069021|M32.003|M32	33.4	93.7	95.0	473	1.62e-72	235
WP_011047804.1	MER0003339|S45.003|S45	26.3	68.0	100	566	1.74e-39	150
WP_011047804.1	MER0006198|S45.002|S45	23.0	66.8	97.9	569	1.50e-14	73.9
WP_011047804.1	MER0035254|S45.004|S45	22.8	66.2	98.2	584	2.81e-08	53.9
WP_011047827.1	MER0003770|M20.A27|M20D	26.2	93.1	97.3	370	5.85e-27	107
WP_011047827.1	MER0002655|M20.015|M20D	24.8	95.9	97.9	375	3.64e-25	102
WP_011047827.1	MER0002014|M20.A03|M20D	25.8	92.1	92.1	372	2.04e-22	94.7
WP_011047827.1	MER0005163|M20.009|M20D	36.6	39.0	56.4	153	4.04e-21	89.0
WP_011047827.1	MER0002007|M20.008|M20D	26.0	85.4	84.5	338	1.45e-20	89.4
WP_011047827.1	MER0005155|M20.A06|M20D	25.0	94.4	98.2	388	1.47e-19	86.3
WP_011047827.1	MER0002659|M20.014|M20D	25.3	92.1	92.1	375	3.17e-18	82.4
WP_011047827.1	MER0005173|M20.A05|M20D	25.2	92.8	97.1	393	1.33e-16	77.4
WP_011047827.1	MER0015354|M20.A01|M20D	34.0	39.7	53.1	156	2.85e-16	75.5
WP_011047827.1	MER0003581|M20.020|M20D	35.9	37.7	45.7	156	8.07e-16	74.7
WP_011047827.1	MER0003815|M20.A04|M20D	32.1	41.3	52.7	162	1.94e-15	73.2
WP_011047827.1	MER0002664|M20.A26|M20D	35.4	32.1	41.7	127	1.36e-08	52.4
WP_011047835.1	MER0045886|C26.957|C26	39.8	43.9	95.3	231	6.98e-42	147
WP_011047835.1	MER0044889|C26.A21|C26	34.6	44.3	93.8	231	1.42e-35	130
WP_011047835.1	MER0042974|C26.A07|C26	35.6	36.4	99.0	194	3.36e-32	119
WP_011047835.1	MER0436735|C26.A34|C26	29.2	44.1	100	264	1.85e-31	119
WP_011047835.1	MER0038086|C26.962|C26	33.3	41.0	88.9	225	4.84e-30	115
WP_011047835.1	MER0043537|C26.A31|C26	33.9	36.4	98.4	189	9.79e-27	103
WP_011047835.1	MER0043387|C26.950|C26	39.2	34.7	100	181	9.83e-27	103
WP_011047835.1	MER0044882|C26.A09|C26	24.9	32.2	94.5	177	1.53e-07	48.5
WP_011047835.1	MER0044622|C26.A25|C26	22.3	37.4	75.5	197	1.43e-05	43.5
WP_011047850.1	MER0208755|S09.A55|S09X	38.9	23.1	48.2	54	6.48e-05	38.1
WP_011047850.1	MER0017353|S09.052|S09C	30.2	45.7	55.4	126	1.39e-04	38.5
WP_011047850.1	MER0213229|S09.952|S09X	32.4	29.0	60.4	68	2.22e-04	36.6
WP_011047850.1	MER0210019|S09.A56|S09X	29.0	39.4	95.5	107	3.04e-04	36.2
WP_011047850.1	MER0017367|S09.053|S09C	28.6	45.7	55.4	126	4.54e-04	37.0
WP_011047850.1	MER0031564|S09.A30|S09C	31.3	36.7	42.4	96	4.54e-04	37.0
WP_011047850.1	MER0034550|S09.A46|S09X	24.5	59.3	65.5	163	4.94e-04	37.0
WP_011047872.1	MER0043394|C26.955|C26	55.8	84.5	98.8	163	1.07e-61	186
WP_011047872.1	MER0044622|C26.A25|C26	47.4	96.9	73.5	190	2.58e-55	173
WP_011047872.1	MER0045094|C26.959|C26	47.1	95.9	76.8	189	1.31e-54	171
WP_011047872.1	MER0044882|C26.A09|C26	49.1	87.6	95.6	175	2.17e-50	158
WP_011047872.1	MER0043392|C26.960|C26	37.7	78.2	87.0	151	6.99e-29	102
WP_011047872.1	MER0043537|C26.A31|C26	33.5	97.4	97.9	188	8.89e-28	100
WP_011047872.1	MER0045095|C26.958|C26	36.2	95.3	77.5	207	2.71e-26	98.6
WP_011047872.1	MER0043195|C26.A30|C26	33.7	96.4	80.8	202	2.07e-25	95.9
WP_011047872.1	MER0044812|C26.A04|C26	31.0	91.7	70.1	187	8.59e-20	80.9
WP_011047872.1	MER0044619|C26.A26|C26	27.7	99.0	80.6	202	5.67e-17	73.2
WP_011047872.1	MER0115185|C26.954|C26	32.9	75.1	97.9	146	1.99e-16	69.7
WP_011047872.1	MER0060647|C26.952|C26	34.5	88.1	46.4	174	3.16e-16	72.4
WP_011047872.1	MER0045945|C26.963|C26	35.8	67.9	56.5	134	3.21e-14	65.5
WP_011047872.1	MER0042974|C26.A07|C26	31.7	82.4	84.0	164	1.96e-11	57.4
WP_011047872.1	MER0045886|C26.957|C26	28.6	75.6	60.6	147	2.84e-10	54.7
WP_011047872.1	MER0046161|C26.956|C26	31.3	65.8	44.9	131	4.93e-10	54.3
WP_011047872.1	MER0038086|C26.962|C26	28.9	58.0	46.0	121	1.78e-08	49.7
WP_011047872.1	MER0043387|C26.950|C26	31.9	58.0	61.9	113	1.78e-08	48.9
WP_011047872.1	MER0031288|C26.A28|C26	27.7	60.6	54.0	130	9.88e-06	41.6
WP_011047872.1	MER0436735|C26.A34|C26	23.7	78.8	70.6	186	8.66e-05	38.9
WP_011047872.1	MER0436691|C26.A27|C26	25.0	72.5	54.1	144	1.15e-04	38.5
WP_011047877.1	MER0000569|S24.001|S24	32.5	48.5	95.8	114	4.72e-11	55.5
WP_011047877.1	MER0000576|S24.003|S24	36.8	37.2	73.9	87	1.55e-09	51.2
WP_011047877.1	MER0006172|S24.004|S24	37.0	31.6	91.1	73	8.70e-08	45.4
WP_011047877.1	MER0022664|S24.005|S24	30.6	45.9	81.6	111	3.07e-07	45.1
WP_011047917.1	MER0002007|M20.008|M20D	34.0	95.3	93.4	371	2.91e-61	199
WP_011047917.1	MER0002655|M20.015|M20D	32.8	97.1	97.1	375	4.24e-60	196
WP_011047917.1	MER0002014|M20.A03|M20D	34.3	96.1	94.1	373	1.68e-59	194
WP_011047917.1	MER0002659|M20.014|M20D	34.6	95.3	93.4	370	9.17e-59	192
WP_011047917.1	MER0002013|M20.A02|M20D	32.3	95.3	93.4	372	2.17e-51	173
WP_011047917.1	MER0005173|M20.A05|M20D	30.9	96.1	98.4	379	6.67e-45	155
WP_011047917.1	MER0003770|M20.A27|M20D	30.4	90.3	92.8	352	2.68e-43	151
WP_011047917.1	MER0005155|M20.A06|M20D	29.8	95.5	97.4	373	3.10e-43	151
WP_011047917.1	MER0015354|M20.A01|M20D	43.9	46.1	60.7	180	9.80e-37	132
WP_011047917.1	MER0005163|M20.009|M20D	48.3	37.4	54.2	145	5.68e-34	124
WP_011047917.1	MER0003815|M20.A04|M20D	40.7	47.1	60.0	182	6.59e-33	122
WP_011047917.1	MER0003581|M20.020|M20D	29.9	83.2	96.1	341	3.02e-28	110
WP_011047917.1	MER0002664|M20.A26|M20D	35.5	50.5	68.3	200	4.59e-21	89.0
WP_011047983.1	MER0001396|S78.001|S78	30.6	81.6	65.3	157	5.33e-18	75.5
WP_011047998.1	MER0492485|S85.001|S85	38.3	84.4	95.2	162	9.51e-32	110
WP_011048018.1	MER0045479|S09.A17|S09X	26.8	43.1	70.5	179	3.77e-13	65.9
WP_011048018.1	MER0031565|S09.A31|S09X	26.3	43.1	70.5	179	2.27e-12	63.5
WP_011048018.1	MER0036036|S09.A58|S09B	28.3	49.0	79.7	205	1.11e-10	58.5
WP_011048018.1	MER0031569|S09.A18|S09X	25.8	43.1	71.9	182	7.45e-06	43.9
WP_011048018.1	MER0037863|S09.023|S09X	27.2	38.4	54.6	162	3.70e-05	42.0
WP_011048158.1	MER0151383|A32.001|A32	41.9	69.9	79.1	136	3.63e-26	95.9
WP_011048158.1	MER0241741|A32.002|A32	38.3	59.6	94.2	115	3.99e-22	84.0
WP_011048158.1	MER0030107|A28.A01|A28A	31.1	52.3	66.7	103	4.13e-04	36.2
WP_011048162.1	MER0001236|M17.003|M17	46.6	62.3	62.6	311	1.82e-86	271
WP_011048162.1	MER0041673|M17.013|M17	41.6	75.7	78.4	377	1.33e-78	250
WP_011048162.1	MER0035089|M17.010|M17	40.9	64.1	90.3	318	3.07e-75	238
WP_011048162.1	MER0001235|M17.001|M17	41.8	61.9	63.4	311	5.33e-66	218
WP_011048162.1	MER0004597|M17.A01|M17	40.5	62.7	88.3	316	5.81e-63	206
WP_011048162.1	MER0004598|M17.A02|M17	39.9	62.7	88.6	316	2.19e-62	204
WP_011048162.1	MER0001238|M17.A03|M17	37.1	74.6	74.8	375	2.43e-62	208
WP_011048162.1	MER0014397|M17.015|M17	38.1	62.3	87.3	310	3.99e-59	196
WP_011048162.1	MER0002271|M17.002|M17	40.4	62.7	64.0	317	1.33e-58	198
WP_011048162.1	MER0026959|M17.950|M17	41.4	53.3	97.8	266	3.34e-57	188
WP_011048162.1	MER0003825|M17.016|M17	34.9	74.4	85.6	384	1.48e-56	191
WP_011048162.1	MER0001910|M17.009|M17	39.5	57.8	59.1	291	4.32e-55	189
WP_011048162.1	MER0024892|M17.008|M17	38.6	58.4	72.8	293	8.55e-53	180
WP_011048162.1	MER0003919|M17.005|M17	37.2	60.0	79.9	301	1.22e-52	179
WP_011048162.1	MER0002497|M17.004|M17	37.5	63.3	74.7	323	2.26e-50	174
WP_011048162.1	MER0001240|M17.A05|M17	38.2	59.4	61.3	301	1.30e-44	160
WP_011048162.1	MER0013416|M17.006|M17	34.2	65.7	84.1	333	2.65e-37	138
WP_011048162.1	MER0105906|M17.014|M17	37.0	52.7	56.3	265	3.07e-37	139
WP_011048162.1	MER0011357|M17.A04|M17	34.6	62.5	58.2	318	3.64e-35	134
WP_011048162.1	MER0081108|M17.012|M17	30.6	47.3	55.4	265	2.34e-20	90.5
WP_011048162.1	MER0079520|M17.011|M17	26.4	42.8	45.3	235	2.16e-12	65.9
WP_011048177.1	MER0002007|M20.008|M20D	38.6	98.7	99.0	396	2.96e-84	259
WP_011048177.1	MER0002655|M20.015|M20D	39.7	93.5	94.7	363	2.39e-82	253
WP_011048177.1	MER0002014|M20.A03|M20D	39.1	94.1	93.4	373	8.33e-74	232
WP_011048177.1	MER0002659|M20.014|M20D	37.5	94.1	93.4	373	2.44e-69	220
WP_011048177.1	MER0005155|M20.A06|M20D	37.5	93.0	96.1	371	5.54e-68	216
WP_011048177.1	MER0003770|M20.A27|M20D	36.4	90.7	93.0	352	4.28e-65	209
WP_011048177.1	MER0002013|M20.A02|M20D	36.9	95.3	94.7	379	6.28e-63	204
WP_011048177.1	MER0005173|M20.A05|M20D	35.7	94.3	97.9	375	1.26e-59	194
WP_011048177.1	MER0005163|M20.009|M20D	48.8	40.3	59.1	160	9.69e-42	144
WP_011048177.1	MER0003815|M20.A04|M20D	28.4	96.6	93.3	380	3.77e-37	133
WP_011048177.1	MER0003581|M20.020|M20D	30.1	83.2	98.5	336	8.06e-37	133
WP_011048177.1	MER0015354|M20.A01|M20D	41.8	46.5	61.4	182	8.41e-33	121
WP_011048177.1	MER0002664|M20.A26|M20D	36.3	46.0	58.6	179	6.75e-21	88.6
WP_011048177.1	MER0021873|M20.021|M20D	27.1	28.4	52.7	118	9.89e-04	37.0
WP_011048224.1	MER0002639|M48.022|M48C	33.7	77.2	98.3	181	5.87e-15	67.4
WP_011048224.1	MER0002642|M48.A03|M48C	29.8	73.2	93.1	171	6.86e-11	56.2
WP_011048224.1	MER0006292|M48.010|M48B	28.5	62.7	75.8	158	9.90e-08	47.4
WP_011048224.1	MER0031491|M48.023|M48C	27.6	74.6	90.6	181	4.46e-06	42.7
WP_011048224.1	MER0002646|M48.003|M48A	28.2	56.1	47.1	156	2.52e-04	38.1
WP_011048263.1	MER0026469|M20.976|M20X	34.1	93.2	97.0	387	5.34e-54	181
WP_011048263.1	MER0026472|M20.A07|M20X	31.7	94.1	98.3	391	3.25e-44	152
WP_011048291.1	MER0011715|C46.006|C46	28.9	14.0	44.6	97	5.56e-04	38.5
WP_011048295.1	MER0031491|M48.023|M48C	24.8	35.9	83.2	161	7.87e-08	49.3
WP_011048295.1	MER0042387|M48.019|M48C	23.9	36.3	83.6	163	3.53e-06	44.3
WP_011048295.1	MER0026496|M48.017|M48C	40.4	11.6	19.0	52	1.27e-05	43.5
WP_011048302.1	MER0026471|M20.017|M20F	28.2	98.7	97.5	483	2.35e-55	188
WP_011048302.1	MER0026494|M20.005|M20F	28.5	98.7	97.9	473	1.16e-49	173
WP_011048302.1	MER0015142|M20.006|M20F	26.0	98.5	92.3	473	1.14e-41	152
WP_011048302.1	MER0003397|M20.A14|M20F	32.8	40.0	61.1	195	1.66e-19	85.9
WP_011048302.1	MER0052470|M20.A18|M20X	25.6	89.6	88.8	429	1.04e-18	85.1
WP_011048302.1	MER0026485|M20.A15|M20F	28.6	50.4	73.2	248	4.47e-18	81.6
WP_011048302.1	MER0369972|M20.A25|M20A	27.9	39.8	43.8	201	5.43e-08	51.6
WP_011048315.1	MER0000485|S16.001|S16	61.1	29.6	96.4	239	6.33e-90	280
WP_011048315.1	MER0000495|S16.002|S16	45.8	28.5	93.3	238	1.65e-54	186
WP_011048315.1	MER0000488|S16.004|S16	41.9	28.5	97.4	229	1.98e-51	176
WP_011048315.1	MER0014970|S16.006|S16	39.6	29.0	93.9	278	8.35e-51	177
WP_011048315.1	MER0003442|S16.011|S16	47.2	23.9	85.5	195	1.29e-48	168
WP_011048315.1	MER0011057|S16.A02|S16	47.2	23.9	86.7	195	5.74e-48	166
WP_011048315.1	MER0011056|S16.A03|S16	46.3	24.7	89.3	203	7.21e-47	163
WP_011048315.1	MER0003443|S16.003|S16	46.6	22.9	83.3	189	8.64e-45	157
WP_011048315.1	MER0004236|S16.009|S16	47.2	21.9	66.2	178	1.14e-43	155
WP_011048315.1	MER0108906|S16.A13|S16	40.3	28.5	97.8	231	2.24e-43	154
WP_011048315.1	MER0005837|S16.A06|S16	35.3	29.5	97.7	252	2.30e-40	146
WP_011048315.1	MER0000496|S16.010|S16	43.5	23.4	61.9	193	2.78e-40	147
WP_011048315.1	MER0017402|S16.A11|S16	38.6	22.3	80.5	184	3.47e-30	115
WP_011048315.1	MER0026213|S16.A14|S16	39.3	17.4	52.9	140	2.15e-25	103
WP_011048315.1	MER0003859|S16.005|S16	31.0	26.0	86.0	216	5.87e-24	98.6
WP_011048315.1	MER0003359|S16.008|S16	31.6	23.2	80.3	196	6.13e-20	86.7
WP_011048315.1	MER0000491|S16.A09|S16	39.1	8.6	35.0	69	1.43e-09	55.5
WP_011048315.1	MER0003017|S16.A05|S16	32.3	11.6	55.6	93	3.56e-09	53.5
WP_011048315.1	MER0041647|S16.007|S16	26.2	16.3	54.4	141	4.13e-07	48.9
WP_011048315.1	MER0014135|S16.A04|S16	28.6	13.1	36.2	105	2.03e-06	47.0
WP_011048315.1	MER0003018|S16.A10|S16	34.0	11.5	46.2	103	8.13e-06	44.7
WP_011048319.1	MER0192051|I87.002|I87	28.8	57.1	39.6	170	1.16e-15	73.6
WP_011048319.1	MER0191412|I87.001|I87	23.1	66.9	74.6	255	3.26e-07	47.8
WP_011048355.1	MER0061068|M38.A02|M38	60.9	85.8	99.7	297	1.63e-126	362
WP_011048376.1	MER0014135|S16.A04|S16	52.1	53.4	89.3	242	6.51e-80	246
WP_011048379.1	MER0004101|C44.A01|C44	46.5	46.7	94.9	230	1.12e-62	201
WP_011048379.1	MER0011806|C44.A03|C44	46.3	46.5	94.5	229	3.11e-62	200
WP_011048379.1	MER0011781|C44.A02|C44	45.0	49.2	100	242	2.40e-61	197
WP_011048379.1	MER0003314|C44.001|C44	36.7	45.3	93.2	251	2.68e-41	145
WP_011048379.1	MER0185695|C44.A08|C44	26.1	45.1	100	230	8.97e-17	76.3
WP_011048379.1	MER0003350|C44.975|C44	25.9	33.7	89.3	197	2.09e-06	45.4
WP_011048379.1	MER0012158|C44.972|C44	25.5	33.7	54.6	192	3.28e-06	45.8
WP_011048379.1	MER0003322|C44.970|C44	24.6	33.7	90.8	195	5.38e-05	41.2
WP_011048388.1	MER0015415|M23.951|M23B	29.9	26.8	67.1	117	5.60e-07	46.2
WP_011048412.1	MER0017177|S33.973|S33	35.0	37.3	31.9	103	2.16e-13	65.9
WP_011048412.1	MER0017193|S33.991|S33	43.2	29.5	29.2	81	9.85e-13	63.5
WP_011048412.1	MER0014065|S33.974|S33	30.4	41.0	34.1	112	3.98e-10	56.2
WP_011048412.1	MER0025512|S33.010|S33	23.8	89.2	85.3	261	5.43e-08	49.7
WP_011048412.1	MER0011509|S33.A84|S33	30.6	35.1	31.1	98	1.03e-07	48.9
WP_011048412.1	MER0036057|S33.A09|S33	35.8	35.1	31.9	95	1.75e-07	48.1
WP_011048412.1	MER0037236|S33.016|S33	33.9	39.6	41.8	112	2.72e-07	47.4
WP_011048412.1	MER0043008|S33.A18|S33	32.9	28.0	29.6	79	6.76e-07	46.2
WP_011048412.1	MER0031616|S33.013|S33	29.3	35.4	31.8	99	1.05e-06	45.8
WP_011048412.1	MER0017142|S33.994|S33	30.3	55.2	61.0	155	1.10e-06	45.4
WP_011048412.1	MER0017033|S33.A15|S33	29.5	35.1	31.7	95	4.38e-06	43.9
WP_011048412.1	MER0210990|S33.A66|S33	36.0	27.2	21.8	75	4.84e-06	43.9
WP_011048412.1	MER0036074|S33.A34|S33	25.5	40.3	35.1	141	2.95e-04	38.5
WP_011048416.1	MER0030935|M50.A09|M50X	25.2	19.0	70.4	139	4.00e-05	42.0
WP_011048508.1	MER0002655|M20.015|M20D	36.8	93.8	95.0	364	1.67e-79	246
WP_011048508.1	MER0002007|M20.008|M20D	38.8	89.9	88.0	353	9.86e-76	237
WP_011048508.1	MER0002659|M20.014|M20D	39.0	96.1	96.4	387	1.30e-72	229
WP_011048508.1	MER0002014|M20.A03|M20D	39.4	94.8	94.1	378	7.20e-72	227
WP_011048508.1	MER0005155|M20.A06|M20D	37.9	93.0	96.1	372	6.46e-70	221
WP_011048508.1	MER0002013|M20.A02|M20D	37.0	95.1	95.4	384	2.25e-67	215
WP_011048508.1	MER0003770|M20.A27|M20D	35.8	92.2	94.7	358	6.03e-65	208
WP_011048508.1	MER0005173|M20.A05|M20D	34.4	94.8	98.4	381	5.70e-57	187
WP_011048508.1	MER0005163|M20.009|M20D	51.5	42.9	61.0	167	1.85e-47	159
WP_011048508.1	MER0003815|M20.A04|M20D	41.6	45.7	57.3	178	1.03e-35	129
WP_011048508.1	MER0015354|M20.A01|M20D	42.8	44.4	57.6	173	1.16e-34	126
WP_011048508.1	MER0003581|M20.020|M20D	28.8	80.9	95.8	330	7.12e-30	114
WP_011048508.1	MER0002664|M20.A26|M20D	37.9	41.3	52.9	161	2.36e-20	87.0
WP_011048509.1	MER0002655|M20.015|M20D	39.7	93.6	95.0	365	1.40e-78	244
WP_011048509.1	MER0002007|M20.008|M20D	41.0	89.7	88.0	354	9.10e-74	232
WP_011048509.1	MER0002659|M20.014|M20D	40.0	96.4	95.9	385	1.71e-66	213
WP_011048509.1	MER0002014|M20.A03|M20D	39.2	96.4	95.9	385	4.77e-66	212
WP_011048509.1	MER0002013|M20.A02|M20D	38.1	93.6	93.2	375	7.20e-62	201
WP_011048509.1	MER0003770|M20.A27|M20D	35.6	90.7	93.3	357	1.22e-56	187
WP_011048509.1	MER0005155|M20.A06|M20D	36.3	92.8	96.1	375	4.00e-56	186
WP_011048509.1	MER0005173|M20.A05|M20D	34.5	94.1	97.9	377	3.58e-49	167
WP_011048509.1	MER0005163|M20.009|M20D	51.7	44.2	64.4	176	9.17e-49	163
WP_011048509.1	MER0003815|M20.A04|M20D	49.2	45.2	57.0	177	9.85e-40	140
WP_011048509.1	MER0015354|M20.A01|M20D	49.1	44.5	58.3	175	1.15e-37	134
WP_011048509.1	MER0003581|M20.020|M20D	31.6	83.5	99.1	342	7.67e-31	117
WP_011048509.1	MER0002664|M20.A26|M20D	38.3	41.1	52.9	162	7.28e-19	82.8
WP_011048510.1	MER0002655|M20.015|M20D	36.2	94.6	95.8	367	5.80e-77	239
WP_011048510.1	MER0002007|M20.008|M20D	37.3	93.0	91.3	370	2.40e-73	231
WP_011048510.1	MER0002659|M20.014|M20D	39.3	97.4	98.2	394	1.01e-71	226
WP_011048510.1	MER0005155|M20.A06|M20D	37.2	94.1	97.1	376	8.26e-71	224
WP_011048510.1	MER0002014|M20.A03|M20D	38.7	95.9	95.2	382	1.23e-69	221
WP_011048510.1	MER0002013|M20.A02|M20D	38.1	94.6	93.9	378	8.08e-68	216
WP_011048510.1	MER0003770|M20.A27|M20D	34.9	92.5	94.9	364	3.95e-62	201
WP_011048510.1	MER0005173|M20.A05|M20D	33.6	94.3	97.9	378	7.94e-52	174
WP_011048510.1	MER0005163|M20.009|M20D	47.7	44.4	64.4	176	5.83e-45	153
WP_011048510.1	MER0003815|M20.A04|M20D	31.0	95.9	92.3	377	2.64e-38	136
WP_011048510.1	MER0015354|M20.A01|M20D	44.7	46.0	59.7	179	1.15e-35	129
WP_011048510.1	MER0003581|M20.020|M20D	29.9	80.9	95.8	341	7.42e-31	117
WP_011048510.1	MER0002664|M20.A26|M20D	33.0	49.1	62.2	191	9.74e-19	82.4
WP_011048510.1	MER0014418|M20.019|M20D	24.2	69.3	65.3	277	1.12e-08	53.1
WP_011048511.1	MER0002655|M20.015|M20D	40.7	94.8	96.0	369	6.20e-83	255
WP_011048511.1	MER0002007|M20.008|M20D	37.6	96.9	96.2	386	7.99e-75	234
WP_011048511.1	MER0002659|M20.014|M20D	37.1	95.1	95.4	385	2.15e-63	205
WP_011048511.1	MER0002013|M20.A02|M20D	37.5	95.4	94.7	381	4.60e-63	204
WP_011048511.1	MER0005155|M20.A06|M20D	35.4	94.8	97.9	381	1.76e-62	202
WP_011048511.1	MER0003770|M20.A27|M20D	37.5	92.5	94.9	363	2.89e-62	201
WP_011048511.1	MER0002014|M20.A03|M20D	38.4	93.8	93.1	375	2.53e-61	199
WP_011048511.1	MER0005173|M20.A05|M20D	33.2	94.3	97.9	377	4.64e-50	169
WP_011048511.1	MER0005163|M20.009|M20D	47.3	42.8	61.0	167	7.08e-42	145
WP_011048511.1	MER0015354|M20.A01|M20D	41.8	46.6	60.7	182	4.40e-35	127
WP_011048511.1	MER0003815|M20.A04|M20D	28.3	96.6	93.3	385	1.06e-34	127
WP_011048511.1	MER0003581|M20.020|M20D	29.3	80.9	95.8	331	5.13e-25	101
WP_011048511.1	MER0002664|M20.A26|M20D	35.0	46.9	60.8	183	1.54e-19	84.7
WP_011048512.1	MER0001273|M20.974|M20A	34.4	44.6	65.4	180	8.95e-22	90.9
WP_011048512.1	MER0003798|M20.A21|M20A	25.6	77.8	72.3	317	7.31e-16	75.5
WP_011048512.1	MER0003775|M20.A19|M20A	28.5	35.3	47.8	144	3.35e-11	60.5
WP_011048512.1	MER0369972|M20.A25|M20A	33.3	30.4	27.2	120	7.49e-10	57.0
WP_011048512.1	MER0001272|M20.010|M20A	33.0	27.1	41.0	109	2.23e-08	51.6
WP_011048512.1	MER0026494|M20.005|M20F	38.0	21.9	18.5	92	2.40e-08	52.4
WP_011048512.1	MER0028025|M20.016|M20A	27.1	42.3	62.1	166	2.61e-08	51.2
WP_011048512.1	MER0003397|M20.A14|M20F	34.9	20.9	27.0	86	2.85e-08	51.6
WP_011048512.1	MER0015142|M20.006|M20F	37.5	18.3	13.9	72	3.30e-08	52.0
WP_011048512.1	MER0026485|M20.A15|M20F	26.0	35.3	49.7	154	2.13e-07	48.9
WP_011048512.1	MER0033183|M20.011|M20A	38.4	18.3	23.9	73	1.17e-06	46.6
WP_011048512.1	MER0001271|M20.973|M20A	23.7	51.5	51.2	224	1.97e-06	46.2
WP_011048512.1	MER0001361|M20.004|M20A	32.1	19.1	16.3	78	8.78e-06	44.3
WP_011048529.1	MER0045376|C69.003|C69	25.4	45.4	48.0	232	8.87e-07	47.8
WP_011048537.1	MER0031278|C26.961|C26	35.0	92.3	92.9	246	1.71e-44	147
WP_011048537.1	MER0031178|C26.A08|C26	33.2	84.9	77.1	241	4.17e-27	103
WP_011048537.1	MER0031288|C26.A28|C26	31.8	81.1	83.5	211	1.59e-26	100
WP_011048537.1	MER0001021|C26.A10|C26	31.0	72.2	67.8	216	1.24e-23	94.4
WP_011048537.1	MER0001429|C26.A06|C26	28.1	72.6	67.9	217	3.07e-21	87.8
WP_011048541.1	MER0001001|M01.005|M01	60.5	24.7	100	210	1.40e-85	268
WP_011048541.1	MER0005037|M01.029|M01	53.6	21.5	99.5	183	3.80e-63	207
WP_011048541.1	MER0040779|M01.035|M01	37.3	24.6	100	209	8.87e-43	151
WP_011048541.1	MER0011438|M01.A08|M01	29.1	25.8	99.5	223	1.94e-27	107
WP_011048541.1	MER0011440|M01.A09|M01	27.9	23.2	90.5	201	8.05e-25	100
WP_011048541.1	MER0011371|M01.A10|M01	30.6	23.4	96.6	209	9.54e-24	97.1
WP_011048541.1	MER0002003|M01.015|M01	29.4	25.5	99.5	221	6.01e-23	95.1
WP_011048541.1	MER0002060|M01.011|M01	26.9	24.7	96.3	212	7.79e-23	94.7
WP_011048541.1	MER0011183|M01.A24|M01	29.2	24.2	94.1	209	8.35e-23	94.7
WP_011048541.1	MER0002746|M01.010|M01	25.6	25.5	93.6	227	1.48e-22	94.4
WP_011048541.1	MER0002078|M01.A28|M01	26.1	26.6	97.4	230	2.73e-22	93.6
WP_011048541.1	MER0019759|M01.A25|M01	28.6	26.0	95.7	224	8.86e-22	92.0
WP_011048541.1	MER0001010|M01.007|M01	29.3	23.5	97.6	205	2.70e-20	87.0
WP_011048541.1	MER0001012|M01.003|M01	24.9	24.8	98.2	217	1.15e-19	85.5
WP_011048541.1	MER0006264|M01.A29|M01	31.7	21.3	100	186	2.44e-19	83.6
WP_011048541.1	MER0011370|M01.A11|M01	30.2	23.6	96.7	205	2.46e-19	84.3
WP_011048541.1	MER0028449|M01.A30|M01	25.8	25.1	97.8	221	6.23e-19	83.6
WP_011048541.1	MER0000997|M01.001|M01	29.9	19.6	79.3	174	7.15e-19	83.2
WP_011048541.1	MER0004243|M01.016|M01	29.7	23.5	94.5	212	2.42e-18	81.6
WP_011048541.1	MER0002968|M01.024|M01	24.6	23.8	92.7	207	2.52e-18	81.6
WP_011048541.1	MER0002355|M01.A19|M01	27.5	25.8	97.7	222	3.57e-18	81.3
WP_011048541.1	MER0015166|M01.A16|M01	28.4	25.2	97.4	225	5.80e-18	80.9
WP_011048541.1	MER0011423|M01.A02|M01	27.5	22.5	91.2	200	5.80e-18	80.5
WP_011048541.1	MER0011369|M01.A12|M01	26.2	23.8	90.7	206	9.64e-18	80.1
WP_011048541.1	MER0005331|M01.018|M01	26.8	24.0	97.2	209	1.33e-17	79.3
WP_011048557.1	MER0004321|M24.009|M24B	46.3	42.6	99.2	257	7.57e-68	218
WP_011048557.1	MER0016542|M24.A04|M24B	43.3	42.3	98.6	277	1.77e-64	210
WP_011048557.1	MER0016544|M24.037|M24B	40.1	42.6	99.3	279	3.89e-61	201
WP_011048557.1	MER0002039|M24.005|M24B	41.4	42.6	99.2	256	2.84e-57	190
WP_011048557.1	MER0003105|M24.A10|M24B	39.1	42.3	98.4	258	1.29e-54	183
WP_011048557.1	MER0014518|M24.032|M24B	37.8	42.3	98.5	259	1.47e-45	159
WP_011048557.1	MER0027437|M24.038|M24B	36.4	42.3	98.4	258	1.29e-44	156
WP_011048557.1	MER0005462|M24.031|M24B	34.0	32.0	80.8	194	3.28e-25	101
WP_011048557.1	MER0004931|M24.008|M24B	31.2	30.9	77.7	186	8.28e-23	94.4
WP_011048557.1	MER0004532|M24.034|M24B	33.7	27.5	69.7	166	2.61e-18	81.3
WP_011048557.1	MER0002038|M24.006|M24B	31.7	30.9	77.8	186	7.64e-17	77.0
WP_011048557.1	MER0001244|M24.004|M24B	27.8	28.4	73.3	198	6.04e-12	63.2
WP_011048557.1	MER0001248|M24.007|M24B	27.8	25.3	71.9	187	5.81e-11	60.1
WP_011048642.1	MER0031610|S33.976|S33	40.2	94.0	82.4	249	1.34e-53	172
WP_011048642.1	MER0044858|S33.A23|S33	28.4	75.4	53.7	204	5.31e-16	73.2
WP_011048642.1	MER0044900|S33.A21|S33	26.9	90.5	71.0	268	3.97e-15	70.9
WP_011048642.1	MER0036069|S33.A38|S33	29.1	40.9	32.3	110	4.05e-07	47.0
WP_011048642.1	MER0011509|S33.A84|S33	32.5	42.1	35.6	114	9.21e-07	45.8
WP_011048642.1	MER0017142|S33.994|S33	29.7	43.3	43.1	111	4.26e-06	43.5
WP_011048642.1	MER0036072|S33.A36|S33	26.1	41.7	34.5	115	7.38e-06	43.1
WP_011048642.1	MER0000436|S33.021|S33	33.0	34.1	32.5	94	2.15e-05	41.6
WP_011048655.1	MER0037714|M38.981|M38	34.0	59.3	99.2	259	1.60e-45	155
WP_011048698.1	MER0036370|S09.968|S09C	35.6	47.9	92.0	160	5.71e-20	82.4
WP_011048698.1	MER0034960|S09.A86|S09X	36.3	37.5	40.5	124	4.06e-19	82.8
WP_011048698.1	MER0034961|S09.A82|S09X	25.2	78.2	97.3	321	9.84e-19	82.0
WP_011048698.1	MER0034959|S09.A85|S09X	26.3	75.6	95.4	316	8.47e-18	79.3
WP_011048698.1	MER0036033|S09.A10|S09C	28.1	68.4	88.2	242	3.55e-17	76.6
WP_011048698.1	MER0033242|S09.992|S09X	32.7	47.2	50.3	165	9.81e-17	76.3
WP_011048698.1	MER0034548|S09.A47|S09C	27.3	73.6	92.9	238	1.87e-15	71.6
WP_011048698.1	MER0034665|S09.B01|S09X	27.9	64.2	80.0	215	3.99e-15	70.9
WP_011048698.1	MER0033237|S09.991|S09X	30.9	52.1	55.8	178	4.11e-14	68.6
WP_011048698.1	MER0043003|S09.A15|S09C	34.1	36.8	49.4	129	1.07e-11	60.8
WP_011048698.1	MER0033274|S09.993|S09X	34.2	36.8	47.4	120	1.37e-11	60.5
WP_011048698.1	MER0042911|S09.A14|S09X	40.0	25.4	33.3	90	2.83e-11	59.7
WP_011048698.1	MER0209600|S09.A48|S09X	35.4	47.6	49.5	158	1.11e-10	58.2
WP_011048698.1	MER0047634|S09.068|S09X	26.2	54.4	86.0	233	1.41e-09	54.7
WP_011048705.1	MER0017194|S54.027|S54	58.0	88.7	100	219	8.91e-92	266
WP_011048705.1	MER0015472|S54.007|S54	31.2	76.9	86.8	202	2.67e-15	69.3
WP_011048705.1	MER0003940|S54.025|S54	32.0	79.4	89.6	200	6.58e-15	68.2
WP_011048705.1	MER0015631|S54.A01|S54	35.6	35.2	37.1	87	3.11e-12	61.2
WP_011048705.1	MER0015659|S54.A06|S54	33.1	64.8	64.6	163	1.34e-11	59.3
WP_011048705.1	MER0015633|S54.A04|S54	36.4	35.6	38.1	88	7.77e-10	54.3
WP_011048705.1	MER0015686|S54.A02|S54	41.3	30.4	32.0	75	6.56e-09	51.6
WP_011048705.1	MER0015462|S54.A18|S54	36.8	35.2	45.7	87	2.79e-08	49.3
WP_011048705.1	MER0030047|S54.009|S54	30.7	34.8	64.7	88	1.46e-06	43.5
WP_011048705.1	MER0047975|S54.022|S54	32.9	30.4	31.6	79	3.79e-06	43.5
WP_011048705.1	MER0015452|S54.010|S54	22.8	78.9	76.6	206	5.93e-06	43.1
WP_011048705.1	MER0047977|S54.023|S54	35.4	30.4	33.3	79	8.63e-06	42.4
WP_011048705.1	MER0017405|S54.A19|S54	25.8	64.4	73.3	159	9.21e-06	42.0
WP_011048705.1	MER0015470|S54.A11|S54	37.0	29.6	41.8	73	1.94e-05	40.8
WP_011048705.1	MER0026388|S54.A10|S54	33.8	30.0	15.3	74	2.64e-05	41.6
WP_011048705.1	MER0015632|S54.A08|S54	31.5	48.6	53.7	124	3.79e-05	40.4
WP_011048705.1	MER0048181|S54.A07|S54	30.0	34.0	70.4	100	8.76e-05	38.5
WP_011048705.1	MER0047976|S54.021|S54	32.9	30.8	40.4	76	1.80e-04	38.1
WP_011048705.1	MER0026215|S54.017|S54	30.4	30.4	33.8	79	2.21e-04	38.1
WP_011048705.1	MER0015449|S54.001|S54	28.5	62.3	58.8	158	6.21e-04	37.0
WP_011048718.1	MER0017193|S33.991|S33	24.6	43.2	75.1	211	4.16e-09	54.3
WP_011048718.1	MER0000431|S33.001|S33	32.4	21.3	31.6	105	5.04e-07	48.1
WP_011048718.1	MER0031614|S33.011|S33	25.9	41.3	55.0	193	6.84e-05	41.6
WP_011048718.1	MER0037236|S33.016|S33	23.2	34.8	62.5	177	5.27e-04	38.5
WP_011048739.1	MER0042974|C26.A07|C26	33.9	41.9	55.2	115	4.53e-12	60.5
WP_011048739.1	MER0043387|C26.950|C26	24.8	39.3	55.1	105	2.48e-07	46.6
WP_011048739.1	MER0115185|C26.954|C26	25.0	52.1	87.4	148	2.15e-05	40.4
WP_011048739.1	MER0044622|C26.A25|C26	26.8	45.3	44.0	123	7.17e-04	37.0
WP_011048763.1	MER0001229|M16.003|M16B	47.8	48.3	94.0	203	1.77e-64	203
WP_011048763.1	MER0043985|M16.980|M16B	47.8	48.3	86.4	203	3.22e-64	203
WP_011048763.1	MER0003448|M16.016|M16B	42.1	54.3	100	228	9.74e-61	194
WP_011048763.1	MER0003543|M16.973|M16B	37.8	52.6	99.1	225	9.07e-49	162
WP_011048763.1	MER0390687|M16.A15|M16B	44.5	39.0	98.8	164	1.86e-46	154
WP_011048763.1	MER0015090|M16.975|M16B	36.4	52.6	99.1	225	2.86e-46	156
WP_011048763.1	MER0026957|M16.977|M16B	41.6	39.5	76.1	166	1.14e-40	141
WP_011048763.1	MER0092828|M16.015|M16B	29.7	37.6	99.4	158	8.56e-20	82.8
WP_011048763.1	MER0021876|M16.P01|M16B	27.7	45.5	97.4	195	1.21e-17	77.8
WP_011048763.1	MER0195774|M16.019|M16B	27.3	41.7	99.4	176	4.61e-16	72.8
WP_011048763.1	MER0001413|M16.971|M16B	34.4	28.8	80.7	122	7.75e-15	68.6
WP_011048763.1	MER0001233|M16.A05|M16B	24.7	49.8	90.0	223	1.86e-13	66.6
WP_011048763.1	MER0011292|M16.A07|M16A	26.8	40.7	75.9	179	4.96e-11	59.3
WP_011048763.1	MER0001222|M16.001|M16A	28.6	29.8	60.3	126	3.01e-10	56.6
WP_011048763.1	MER0002008|M16.004|M16B	26.4	51.4	93.2	227	4.20e-10	56.6
WP_011048763.1	MER0003823|M16.A09|M16A	29.3	34.8	67.9	147	1.90e-09	54.3
WP_011048763.1	MER0011192|M16.A06|M16A	32.7	23.1	59.8	98	3.12e-09	52.8
WP_011048763.1	MER0002345|M16.A08|M16A	29.6	27.1	54.2	115	2.80e-08	50.8
WP_011048763.1	MER0014333|M16.A03|M16B	28.3	26.9	49.4	120	2.83e-08	51.2
WP_011048763.1	MER0002423|M16.A11|M16A	30.4	27.1	54.2	115	3.78e-08	50.4
WP_011048763.1	MER0003386|M16.020|M16A	29.0	25.2	50.5	107	1.24e-07	48.9
WP_011048763.1	MER0002283|M16.A10|M16A	30.4	27.1	54.2	115	1.67e-07	48.5
WP_011048763.1	MER0015259|M16.017|M16A	31.5	25.5	50.9	108	1.67e-07	48.5
WP_011048763.1	MER0122186|M16.A14|M16A	27.9	28.8	61.0	122	2.66e-07	47.8
WP_011048763.1	MER0169735|M16.021|M16A	26.2	30.7	61.5	130	4.84e-07	47.0
WP_011048770.1	MER0016301|M103.001|M103	52.3	90.9	92.6	438	1.49e-154	444
WP_011048770.1	MER0016248|M103.003|M103	29.0	36.6	67.5	176	1.87e-13	67.0
WP_011048770.1	MER0028087|M103.002|M103	25.3	46.7	47.2	221	4.03e-13	67.8
WP_011048825.1	MER0013629|P01.003|P01	42.6	28.1	83.1	108	3.76e-15	68.2
WP_011048825.1	MER0079705|P01.002|P01	37.4	26.9	89.2	99	2.16e-10	54.3
WP_011048825.1	MER0004893|P01.001|P01	34.3	26.9	78.6	99	5.60e-10	53.5
WP_011048847.1	MER0044578|S33.A28|S33	31.8	29.8	24.1	85	3.64e-08	50.4
WP_011048847.1	MER0044581|S33.A27|S33	32.1	28.3	22.8	81	4.91e-08	50.1
WP_011048847.1	MER0036075|S33.A73|S33	29.8	36.0	30.8	104	6.49e-07	46.6
WP_011048847.1	MER0017142|S33.994|S33	24.3	89.3	95.5	251	1.20e-05	42.4
WP_011048847.1	MER0044633|S33.A26|S33	27.9	37.5	31.3	111	9.05e-05	40.0
WP_011048847.1	MER0036078|S33.A75|S33	39.6	17.6	19.5	48	2.23e-04	38.5
WP_011048847.1	MER0213829|S33.A76|S33	24.3	38.6	35.6	115	4.84e-04	37.7
WP_011048847.1	MER0031616|S33.013|S33	28.6	28.7	27.0	84	6.31e-04	37.4
WP_011048880.1	MER0013479|M19.950|M19	32.5	95.7	95.3	314	1.12e-59	191
WP_011048880.1	MER0011422|M19.A01|M19	27.5	69.9	68.0	240	7.90e-29	110
WP_011048880.1	MER0011343|M19.A02|M19	22.0	95.1	78.7	322	9.29e-27	105
WP_011048880.1	MER0013425|M19.007|M19	29.6	61.0	63.2	199	1.65e-24	98.2
WP_011048880.1	MER0001260|M19.001|M19	21.2	86.5	69.9	288	3.48e-23	95.5
WP_011048880.1	MER0032370|M19.013|M19	25.9	63.5	61.3	216	1.35e-22	93.6
WP_011048880.1	MER0013499|M19.002|M19	20.3	87.1	70.1	290	2.03e-19	84.7
WP_011048880.1	MER0015155|M19.011|M19	22.9	81.3	64.9	271	6.95e-19	83.2
WP_011048880.1	MER0013496|M19.004|M19	19.6	74.8	62.1	250	1.03e-14	70.9
WP_011048880.1	MER0001265|M19.003|M19	24.2	54.0	57.8	182	8.85e-14	67.8
WP_011048880.1	MER0006319|M19.012|M19	24.3	44.5	38.5	148	2.38e-12	63.9
WP_011048889.1	MER0000589|S26.001|S26A	32.3	81.7	91.5	260	3.01e-27	103
WP_011048889.1	MER0013626|S26.026|S26A	28.5	76.0	83.0	214	3.14e-17	73.9
WP_011048889.1	MER0002550|S26.004|S26A	26.0	81.4	94.2	227	3.29e-16	71.2
WP_011048889.1	MER0001912|S26.005|S26A	29.3	81.4	94.2	229	6.17e-16	70.5
WP_011048889.1	MER0004537|S26.025|S26A	27.9	79.6	92.6	226	1.14e-14	67.8
WP_011048889.1	MER0028421|S26.018|S26A	28.8	55.9	71.5	156	1.21e-14	67.0
WP_011048889.1	MER0016034|S26.020|S26A	32.0	50.5	75.3	147	1.46e-13	63.9
WP_011048889.1	MER0015994|S26.019|S26A	30.5	53.8	73.8	151	8.09e-13	62.0
WP_011048889.1	MER0003273|S26.016|S26A	28.9	53.4	67.9	149	5.64e-12	59.7
WP_011048889.1	MER0001510|S26.007|S26A	23.3	81.4	94.2	227	1.30e-11	58.5
WP_011048889.1	MER0015993|S26.021|S26A	25.8	54.1	70.1	151	1.14e-10	55.8
WP_011048889.1	MER0003268|S26.015|S26A	30.0	46.6	66.7	130	3.27e-10	55.1
WP_011048889.1	MER0000592|S26.003|S26A	27.4	55.6	70.3	157	1.94e-09	52.4
WP_011048889.1	MER0003269|S26.008|S26A	24.0	79.6	91.0	233	3.22e-08	48.9
WP_011048889.1	MER0002551|S26.024|S26A	24.7	79.2	92.6	231	1.20e-06	45.1
WP_011048889.1	MER0015620|S26.A01|S26A	24.8	79.6	90.8	230	1.68e-06	43.9
WP_011048889.1	MER0055964|S26.A02|S26A	23.1	77.8	89.9	225	3.97e-06	42.7
WP_011048889.1	MER0006313|S26.006|S26A	27.3	47.3	63.6	132	1.88e-05	40.8
WP_011048987.1	MER0026469|M20.976|M20X	35.8	93.9	97.2	386	1.17e-50	172
WP_011048987.1	MER0026472|M20.A07|M20X	36.1	42.9	63.8	191	3.86e-21	89.7
WP_011049010.1	MER0004931|M24.008|M24B	26.8	58.0	96.1	235	2.38e-18	80.5
WP_011049010.1	MER0004532|M24.034|M24B	23.9	58.0	96.1	238	6.60e-13	64.7
WP_011049010.1	MER0001244|M24.004|M24B	26.4	58.0	94.7	261	8.12e-12	62.0
WP_011049010.1	MER0013450|M24.036|M24A	24.6	33.8	54.4	142	6.96e-08	50.1
WP_011049010.1	MER0013463|M24.026|M24B	22.3	39.5	68.1	179	1.03e-04	40.4
WP_011049015.1	MER0001272|M20.010|M20A	28.5	98.2	97.4	375	4.27e-34	124
WP_011049015.1	MER0003798|M20.A21|M20A	35.8	42.4	35.2	162	4.06e-12	63.9
WP_011049015.1	MER0033183|M20.011|M20A	30.0	28.7	35.7	110	2.69e-07	48.5
WP_011049015.1	MER0003775|M20.A19|M20A	40.8	19.2	25.1	76	4.66e-07	47.8
WP_011049015.1	MER0015142|M20.006|M20F	47.8	12.1	9.1	46	1.54e-05	43.5
WP_011049015.1	MER0026485|M20.A15|M20F	46.7	11.8	14.5	45	6.27e-05	41.2
WP_011049015.1	MER0003397|M20.A14|M20F	47.5	10.5	12.9	40	8.36e-05	40.8
WP_011049015.1	MER0026494|M20.005|M20F	36.1	16.1	12.8	61	1.41e-04	40.4
WP_011049015.1	MER0057434|M20.013|M20F	35.6	15.5	19.7	59	2.54e-04	39.3
WP_011049053.1	MER0237414|M16.970|M16B	28.6	50.0	94.4	227	5.25e-22	91.3
WP_011049053.1	MER0039456|M16.986|M16B	21.8	38.1	82.1	170	1.34e-06	45.8
WP_011049056.1	MER0001313|A08.001|A08	33.8	95.5	89.0	151	5.97e-18	73.2
WP_011049094.1	MER0094876|T03.025|T03	33.8	96.0	100	523	4.72e-61	206
WP_011049094.1	MER0001978|T03.001|T03	30.5	98.1	96.9	547	3.35e-49	175
WP_011049094.1	MER0011811|T03.A03|T03	26.6	97.5	96.5	557	1.25e-30	122
WP_011049094.1	MER0016970|T03.017|T03	26.7	92.2	91.7	510	1.28e-28	116
WP_011049094.1	MER0001629|T03.006|T03	26.9	99.6	97.1	562	1.59e-24	103
WP_011049094.1	MER0002720|T03.023|T03	25.0	95.8	99.6	509	4.44e-24	102
WP_011049094.1	MER0003580|T03.011|T03	24.7	97.0	95.8	542	2.15e-23	100
WP_011049094.1	MER0011800|T03.A01|T03	24.0	90.1	86.0	508	5.55e-22	96.3
WP_011049094.1	MER0011211|T03.007|T03	26.1	93.9	93.0	528	1.20e-20	92.0
WP_011049094.1	MER0004202|T03.013|T03	24.9	96.4	98.1	527	2.49e-20	90.9
WP_011049094.1	MER0006124|T03.A05|T03	24.2	95.0	93.9	550	2.10e-19	88.2
WP_011049094.1	MER0005831|T03.A06|T03	23.1	94.9	93.7	546	6.89e-14	70.9
WP_011049094.1	MER0011215|T03.A04|T03	25.2	75.6	82.7	428	8.17e-14	70.5
WP_011049094.1	MER0011193|T03.010|T03	24.2	91.8	93.2	520	1.94e-12	66.2
WP_011049094.1	MER0005029|T03.009|T03	23.2	93.5	98.5	534	1.35e-11	63.5
WP_011049094.1	MER0026204|T03.018|T03	25.6	42.1	93.0	227	1.84e-08	52.0
WP_011049094.1	MER0004194|T03.A07|T03	25.0	73.5	77.5	412	4.35e-08	52.4
WP_011049094.1	MER0002718|T03.008|T03	26.2	21.9	66.0	126	8.58e-06	43.5
WP_011049166.1	MER0005249|S01.260|S01A	26.6	59.2	71.6	177	1.57e-09	53.9
WP_011049166.1	MER0011841|S01.A15|S01A	32.0	44.9	50.0	125	1.15e-08	51.2
WP_011049166.1	MER0016167|S01.443|S01B	25.0	54.0	73.6	152	4.37e-07	46.2
WP_011049166.1	MER0003616|S01.508|S01A	33.7	29.8	28.6	86	4.39e-06	43.9
WP_011049166.1	MER0011236|S01.B77|S01A	37.5	35.3	35.2	96	4.71e-06	43.5
WP_011049166.1	MER0006118|S01.075|S01A	36.8	41.2	42.6	117	4.91e-06	43.5
WP_011049166.1	MER0011359|S01.A42|S01A	35.6	37.9	37.6	104	1.15e-05	42.4
WP_011049166.1	MER0016592|S01.A53|S01A	27.8	51.5	58.7	151	1.61e-05	42.0
WP_011049166.1	MER0011144|S01.A85|S01A	31.5	40.1	43.9	111	1.97e-05	41.6
WP_011049166.1	MER0005421|S01.309|S01D	26.7	54.8	56.7	172	3.35e-05	41.2
WP_011049166.1	MER0000089|S01.122|S01A	30.2	44.9	50.9	129	6.25e-05	40.0
WP_011049166.1	MER0050301|S01.478|S01A	32.5	40.1	42.7	114	8.81e-05	39.7
WP_011049166.1	MER0005273|S01.A35|S01A	25.1	59.9	75.1	191	1.24e-04	39.3
WP_011049166.1	MER0015079|S01.P11|S01A	31.8	46.7	56.5	148	1.25e-04	39.3
WP_011049166.1	MER0011188|S01.A16|S01A	28.9	43.8	42.0	121	1.51e-04	38.9
WP_011049166.1	MER0011278|S01.B40|S01A	38.1	30.9	31.6	84	1.58e-04	38.9
WP_011049166.1	MER0005547|S01.439|S01A	35.6	30.5	32.4	90	2.21e-04	38.5
WP_011049166.1	MER0011162|S01.B27|S01A	25.4	59.9	75.1	189	2.88e-04	38.1
WP_011049166.1	MER0039178|S01.366|S01A	32.5	30.5	30.2	83	3.00e-04	38.1
WP_011049166.1	MER0000138|S01.025|S01A	33.3	30.5	30.3	87	3.96e-04	37.7
WP_011049166.1	MER0048579|S01.446|S01A	54.8	11.4	12.1	31	4.00e-04	37.7
WP_011049166.1	MER0000015|S01.168|S01A	26.3	41.5	45.7	118	5.10e-04	37.4
WP_011049166.1	MER0011233|S01.B41|S01A	34.3	37.9	39.6	105	5.22e-04	37.4
WP_011049166.1	MER0021825|S01.108|S01A	31.2	33.5	35.8	93	5.33e-04	37.4
WP_011049166.1	MER0011234|S01.B39|S01A	34.9	30.9	32.2	86	6.80e-04	37.0
WP_011049224.1	MER0031618|S33.979|S33	26.5	38.8	37.5	113	1.44e-07	48.5
WP_011049315.1	MER0028284|S12.010|S12	26.8	41.7	43.3	164	3.01e-06	45.4
WP_011049315.1	MER0017069|S12.009|S12	29.7	37.6	40.3	145	3.93e-06	45.1
WP_011049338.1	MER0000454|S11.005|S11	41.3	49.3	66.7	240	2.61e-46	161
WP_011049338.1	MER0000450|S11.003|S11	36.3	54.7	72.7	267	8.64e-42	149
WP_011049338.1	MER0000449|S11.008|S11	39.7	49.3	96.4	242	1.02e-41	146
WP_011049338.1	MER0000451|S11.009|S11	35.6	48.8	66.9	239	2.19e-35	132
WP_011049338.1	MER0000448|S11.001|S11	33.2	49.9	64.0	271	3.34e-25	104
WP_011049338.1	MER0000452|S11.006|S11	30.1	44.9	59.5	236	1.81e-18	84.0
WP_011049338.1	MER0004224|S11.010|S11	29.9	44.0	59.1	231	2.39e-18	83.6
WP_011049338.1	MER0043199|S11.007|S11	27.0	46.8	89.2	230	2.78e-12	63.5
WP_011049338.1	MER0000455|S11.002|S11	30.3	41.7	71.7	211	2.89e-12	63.9
WP_011049355.1	MER0001273|M20.974|M20A	35.9	42.8	61.7	170	1.24e-22	93.2
WP_011049355.1	MER0369972|M20.A25|M20A	32.8	44.4	39.4	174	1.50e-18	83.6
WP_011049355.1	MER0003798|M20.A21|M20A	22.3	80.3	74.5	323	2.04e-17	80.1
WP_011049355.1	MER0001272|M20.010|M20A	35.2	27.3	40.6	108	8.10e-11	58.9
WP_011049355.1	MER0001271|M20.973|M20A	22.6	72.2	70.9	292	9.07e-11	59.7
WP_011049355.1	MER0028025|M20.016|M20A	28.0	45.4	66.1	175	4.06e-10	56.6
WP_011049355.1	MER0238460|M20.A22|M20A	24.3	54.6	50.9	214	2.82e-09	55.1
WP_011049355.1	MER0026479|M20.A16|M20A	30.2	35.4	51.4	139	3.19e-09	53.9
WP_011049355.1	MER0015142|M20.006|M20F	28.2	37.5	32.3	163	4.41e-09	54.7
WP_011049355.1	MER0026485|M20.A15|M20F	28.3	37.3	50.3	159	3.67e-08	51.2
WP_011049355.1	MER0003397|M20.A14|M20F	26.3	37.3	51.1	160	4.90e-07	47.8
WP_011049355.1	MER0003775|M20.A19|M20A	24.4	47.5	63.5	197	1.11e-06	46.6
WP_011049355.1	MER0003369|M20.A08|M20A	24.9	43.0	58.8	177	2.55e-05	42.4
WP_011049355.1	MER0026494|M20.005|M20F	30.1	21.0	17.5	83	8.09e-05	41.2
WP_011049396.1	MER0001322|C40.001|C40	42.0	34.1	71.2	88	1.32e-08	48.9
WP_011049396.1	MER0376722|C40.A06|C40	24.7	34.9	93.7	93	4.11e-05	38.5
WP_011049396.1	MER0003808|C40.008|C40	24.7	34.9	78.8	93	5.73e-05	38.5
WP_011049396.1	MER0377178|C40.A10|C40	46.9	12.9	30.2	32	9.45e-05	37.7
WP_011049396.1	MER0014188|C40.006|C40	50.0	11.2	25.7	28	9.96e-05	37.7
WP_011049396.1	MER0377307|C40.A08|C40	46.9	12.9	30.2	32	1.29e-04	37.4
WP_011049396.1	MER0377310|C40.A09|C40	46.9	12.9	30.2	32	1.29e-04	37.4
WP_011049396.1	MER0002450|C40.003|C40	46.9	12.9	28.6	32	1.43e-04	37.4
WP_011049440.1	MER0001243|M24.001|M24A	53.2	91.4	93.9	248	3.88e-87	257
WP_011049440.1	MER0005690|M24.A06|M24A	41.9	91.4	98.8	246	1.21e-66	204
WP_011049440.1	MER0015127|M24.A05|M24A	42.0	91.1	98.4	245	5.51e-65	200
WP_011049440.1	MER0001342|M24.017|M24A	39.6	91.1	93.9	245	2.62e-63	196
WP_011049440.1	MER0013589|M24.A12|M24A	38.5	87.0	96.3	234	1.37e-58	184
WP_011049440.1	MER0013929|M24.028|M24A	36.0	92.9	98.8	250	1.18e-53	171
WP_011049440.1	MER0015128|M24.A07|M24A	38.3	91.8	98.8	248	3.14e-53	170
WP_011049440.1	MER0013450|M24.036|M24A	35.1	83.6	90.1	228	8.12e-41	138
WP_011049440.1	MER0010972|M24.950|M24A	29.9	91.1	93.4	254	2.92e-34	121
WP_011049440.1	MER0003880|M24.035|M24A	27.6	71.4	62.7	196	9.52e-16	72.4
WP_011049440.1	MER0024896|M24.A13|M24A	29.8	46.5	27.0	131	1.71e-14	69.7
WP_011049440.1	MER0004931|M24.008|M24B	28.5	46.8	53.7	130	3.26e-13	64.3
WP_011049440.1	MER0004532|M24.034|M24B	26.1	68.0	78.1	184	1.17e-10	57.0
WP_011049440.1	MER0002038|M24.006|M24B	28.3	46.8	53.5	127	1.85e-09	53.5
WP_011049440.1	MER0064643|M24.978|M24X	25.3	78.1	66.9	229	4.43e-09	53.1
WP_011049440.1	MER0005497|M24.973|M24X	24.9	78.1	66.9	229	2.57e-08	50.8
WP_011049440.1	MER0029983|M24.975|M24X	28.7	41.6	35.6	122	2.65e-07	47.8
WP_011049447.1	MER0198917|C44.003|C44	67.1	24.8	100	374	1.39e-170	513
WP_011049447.1	MER1054487|C44.951|C44	41.8	24.8	100	378	1.06e-87	288
WP_011049468.1	MER0037236|S33.016|S33	29.7	67.5	98.5	266	6.22e-19	82.4
WP_011049468.1	MER0036053|S33.A01|S33	40.0	28.7	39.9	105	1.96e-17	78.2
WP_011049468.1	MER0031611|S33.977|S33	27.0	64.8	86.4	259	5.41e-17	77.4
WP_011049468.1	MER0011509|S33.A84|S33	36.0	33.1	39.0	125	8.39e-15	71.2
WP_011049468.1	MER0030163|S33.975|S33	34.0	26.2	34.4	100	2.45e-13	66.6
WP_011049468.1	MER0031616|S33.013|S33	30.5	27.6	33.8	105	1.27e-12	64.7
WP_011049468.1	MER0004146|S33.995|S33	26.0	62.3	92.7	246	8.94e-12	61.6
WP_011049468.1	MER0017142|S33.994|S33	36.5	28.1	40.2	104	1.39e-11	60.8
WP_011049468.1	MER0011785|S33.009|S33	31.9	30.1	35.7	116	6.36e-10	56.6
WP_011049468.1	MER0017177|S33.973|S33	26.1	31.7	36.8	119	6.38e-09	53.5
WP_011049468.1	MER0036054|S33.A02|S33	22.7	62.3	94.2	269	2.13e-08	51.6
WP_011049468.1	MER0014065|S33.974|S33	27.0	29.5	33.8	111	6.50e-08	50.4
WP_011049468.1	MER0036065|S33.A03|S33	26.3	62.0	98.8	259	3.52e-07	47.8
WP_011049468.1	MER0036069|S33.A38|S33	40.0	23.5	26.4	90	5.03e-07	47.8
WP_011049468.1	MER0035973|S33.A14|S33	24.0	62.0	80.1	242	7.41e-07	47.0
WP_011049468.1	MER0025512|S33.010|S33	28.3	28.4	35.5	106	7.78e-07	47.0
WP_011049468.1	MER0210990|S33.A66|S33	42.6	14.8	15.7	54	1.19e-06	46.6
WP_011049468.1	MER0036059|S33.A79|S33	33.9	27.0	32.4	115	1.22e-06	46.6
WP_011049468.1	MER0035038|S33.A98|S33	33.7	21.6	26.6	83	2.50e-06	45.4
WP_011049468.1	MER0017193|S33.991|S33	25.4	64.8	91.3	256	4.01e-06	44.7
WP_011049468.1	MER0035032|S33.A96|S33	31.9	24.6	30.5	94	5.87e-06	44.3
WP_011049468.1	MER0036075|S33.A73|S33	33.7	26.0	29.3	101	6.49e-06	44.3
WP_011049468.1	MER0044581|S33.A27|S33	28.8	26.0	28.7	104	8.98e-06	43.9
WP_011049468.1	MER0036115|S33.B18|S33	29.0	26.8	33.0	100	1.39e-05	43.1
WP_011049468.1	MER0031617|S33.978|S33	24.6	30.3	40.1	114	2.32e-05	42.4
WP_011049484.1	MER0001425|S41.004|S41A	64.4	39.3	98.9	174	2.59e-70	217
WP_011049484.1	MER0003514|S41.010|S41A	44.0	37.5	94.1	166	6.80e-37	130
WP_011049484.1	MER0001297|S41.008|S41A	44.0	37.9	95.3	168	1.90e-34	123
WP_011049484.1	MER0003065|S41.009|S41A	43.6	36.8	92.3	163	5.11e-34	122
WP_011049484.1	MER0004196|S41.013|S41A	38.5	37.9	95.3	169	1.03e-30	113
WP_011049484.1	MER0003413|S41.002|S41A	37.0	36.8	92.4	165	2.61e-29	109
WP_011049484.1	MER0005714|S41.A01|S41A	36.3	36.8	92.7	171	1.51e-26	102
WP_011049484.1	MER0015684|S41.A02|S41A	39.7	29.3	76.0	131	2.13e-24	96.3
WP_011049484.1	MER0001295|S41.001|S41A	36.7	35.0	90.7	169	1.38e-23	94.4
WP_011049484.1	MER0004195|S41.007|S41A	35.5	37.9	95.3	169	2.45e-22	90.5
WP_011049501.1	MER0001421|M20.003|M20B	41.1	95.6	99.5	397	8.18e-95	287
WP_011049501.1	MER0028941|M20.018|M20B	26.9	93.9	98.1	402	9.93e-27	107
WP_011049501.1	MER0369336|M20.A23|M20A	26.8	84.7	99.7	355	5.59e-23	95.5
WP_011049501.1	MER0047723|M20.012|M20C	31.3	37.6	27.6	160	7.85e-07	47.8
WP_011049551.1	MER0001627|T01.006|T01B	56.8	93.5	98.3	176	1.51e-59	181
WP_011049551.1	MER0001626|T01.007|T01B	54.5	93.0	99.4	176	5.35e-55	169
WP_011049551.1	MER0053121|T01.021|T01B	53.2	91.9	100	173	1.49e-48	152
WP_011049551.1	MER0030305|T01.018|T01B	51.9	84.9	96.3	158	1.61e-48	152
WP_011241921.1	MER0003327|C44.971|C44	40.6	38.4	97.4	234	8.53e-48	164
WP_011241921.1	MER0185695|C44.A08|C44	34.5	36.1	100	223	1.55e-33	124
WP_011241921.1	MER0003350|C44.975|C44	38.2	27.0	86.4	178	4.13e-31	117
WP_011241921.1	MER0012158|C44.972|C44	29.7	40.5	92.0	310	3.09e-30	118
WP_011241921.1	MER0003322|C44.970|C44	36.5	27.0	87.9	181	1.77e-29	112
WP_011241921.1	MER0011781|C44.A02|C44	31.0	27.8	69.6	171	2.65e-17	78.6
WP_011241921.1	MER0004101|C44.A01|C44	31.9	22.2	57.4	138	1.82e-15	73.2
WP_011241921.1	MER0011806|C44.A03|C44	31.2	22.2	57.4	138	4.50e-15	72.0
WP_011241984.1	MER0013656|S08.046|S08A	36.1	26.0	82.8	241	6.79e-26	105
WP_011241984.1	MER0000333|S08.007|S08A	32.6	24.0	77.1	224	4.78e-22	94.0
WP_011241984.1	MER0000310|S08.037|S08A	31.3	26.5	84.7	252	1.15e-19	87.0
WP_011241984.1	MER0042897|S08.133|S08A	34.3	24.5	78.8	233	7.51e-19	84.7
WP_011241984.1	MER0000309|S08.001|S08A	30.3	26.5	84.7	251	1.73e-18	83.6
WP_011241984.1	MER0077555|S08.028|S08A	29.7	26.0	82.8	246	1.73e-18	83.6
WP_011241984.1	MER0000311|S08.034|S08A	32.4	26.3	84.4	250	1.94e-17	80.5
WP_011241984.1	MER0000319|S08.126|S08A	28.9	26.0	79.6	242	1.70e-16	77.8
WP_011241984.1	MER0000313|S08.036|S08A	29.5	26.8	86.2	254	5.19e-16	76.3
WP_011241984.1	MER0002575|S08.102|S08A	29.7	26.5	84.9	246	7.42e-16	75.9
WP_011241984.1	MER0001521|S08.044|S08A	29.5	26.8	86.2	254	9.42e-16	75.5
WP_011241984.1	MER0001755|S08.002|S08A	29.1	26.8	86.2	254	1.27e-15	75.1
WP_011241984.1	MER0000312|S08.042|S08A	29.1	26.8	86.2	254	2.30e-15	74.3
WP_011241984.1	MER0001523|S08.035|S08A	29.1	26.8	86.2	254	2.30e-15	74.3
WP_011241984.1	MER0000320|S08.030|S08A	27.3	29.2	89.9	278	7.55e-13	67.0
WP_011241984.1	MER0019280|S08.135|S08A	29.3	26.9	84.6	270	9.05e-13	67.0
WP_011241984.1	MER0000361|S08.023|S08A	27.0	31.4	94.7	333	2.14e-12	66.2
WP_011241984.1	MER0001725|S08.105|S08A	28.9	32.2	92.5	311	4.41e-12	65.1
WP_011241984.1	MER0001709|S08.040|S08A	28.1	25.4	81.6	278	1.53e-10	60.5
WP_011241984.1	MER0003536|S08.069|S08A	28.4	24.9	78.9	250	5.29e-10	58.5
WP_011241984.1	MER0000321|S08.114|S08A	27.8	24.4	65.9	237	9.31e-09	55.1
WP_011241984.1	MER0003688|S08.131|S08A	28.0	30.1	86.3	332	9.39e-09	55.1
WP_011241984.1	MER0000325|S08.051|S08A	28.7	26.5	71.2	254	2.45e-07	50.4
WP_011241984.1	MER0016991|S08.123|S08A	25.6	31.5	91.2	328	3.79e-04	40.4
WP_011242056.1	MER0037236|S33.016|S33	28.1	94.0	95.8	263	1.46e-13	65.5
WP_011242056.1	MER0036056|S33.A10|S33	24.8	88.9	73.9	246	1.43e-12	63.2
WP_011242056.1	MER0014065|S33.974|S33	27.3	48.8	38.7	128	1.34e-10	57.4
WP_011242056.1	MER0036068|S33.A19|S33	24.2	90.9	82.0	244	2.14e-10	56.6
WP_011242056.1	MER0036067|S33.A71|S33	24.4	93.3	84.5	246	9.42e-10	54.7
WP_011242056.1	MER0017033|S33.A15|S33	23.8	89.7	77.7	240	2.40e-09	53.5
WP_011242056.1	MER0011785|S33.009|S33	33.3	39.3	32.0	105	2.61e-09	53.5
WP_011242056.1	MER0017142|S33.994|S33	27.7	90.1	93.5	238	4.43e-09	52.4
WP_011242056.1	MER0011509|S33.A84|S33	34.3	37.3	31.1	99	6.17e-09	52.4
WP_011242056.1	MER0031610|S33.976|S33	26.1	94.0	82.4	264	1.93e-08	50.8
WP_011242056.1	MER0035973|S33.A14|S33	29.7	39.7	35.2	101	2.46e-08	50.4
WP_011242056.1	MER0036076|S33.A33|S33	24.0	90.1	78.2	246	3.39e-08	50.1
WP_011242056.1	MER0036057|S33.A09|S33	30.4	40.1	34.2	102	3.45e-08	50.1
WP_011242056.1	MER0031616|S33.013|S33	29.4	41.3	34.7	109	6.48e-08	49.3
WP_011242056.1	MER0004146|S33.995|S33	32.5	44.4	44.1	117	1.76e-07	47.8
WP_011242056.1	MER0030163|S33.975|S33	29.7	45.2	39.5	118	1.55e-06	45.1
WP_011242056.1	MER0034563|S33.996|S33	28.6	44.4	41.8	112	1.74e-06	44.7
WP_011242056.1	MER0017193|S33.991|S33	23.9	91.3	88.4	247	1.99e-06	44.7
WP_011242056.1	MER0036115|S33.B18|S33	25.2	49.6	41.3	127	2.88e-06	44.3
WP_011242056.1	MER0044578|S33.A28|S33	24.0	46.4	36.4	129	3.19e-06	44.3
WP_011242056.1	MER0036072|S33.A36|S33	25.2	48.8	40.2	135	5.52e-06	43.5
WP_011242056.1	MER0036078|S33.A75|S33	22.9	62.7	66.3	175	5.72e-06	43.1
WP_011242056.1	MER0036069|S33.A38|S33	30.6	37.3	28.7	98	1.00e-05	42.7
WP_011242056.1	MER0036084|S33.A29|S33	25.7	41.3	40.4	109	2.72e-05	41.2
WP_011242056.1	MER0044581|S33.A27|S33	24.4	42.5	33.1	119	4.37e-05	40.8
WP_011242065.1	MER0002455|C56.001|C56	25.0	45.3	64.7	96	5.05e-04	35.8
WP_011242185.1	MER0031563|S09.977|S09X	31.3	84.5	99.6	246	4.47e-25	96.7
WP_011242185.1	MER0044867|S09.A72|S09X	28.3	81.0	93.5	237	4.32e-15	69.7
WP_011242206.1	MER0001269|M20.002|M20A	31.0	86.1	92.8	471	2.44e-45	162
WP_011242206.1	MER0033183|M20.011|M20A	38.9	38.3	61.3	190	3.79e-34	127
WP_011242206.1	MER0001271|M20.973|M20A	31.9	33.1	39.1	163	1.56e-14	72.0
WP_011242206.1	MER0369972|M20.A25|M20A	36.2	19.5	20.5	94	6.75e-11	60.8
WP_011242206.1	MER0003397|M20.A14|M20F	25.3	44.9	67.8	241	1.70e-07	49.7
WP_011242206.1	MER0003798|M20.A21|M20A	35.1	19.3	21.7	94	3.07e-07	49.3
WP_011242206.1	MER0001361|M20.004|M20A	33.3	17.9	17.8	87	9.32e-06	44.7
WP_011242206.1	MER0026494|M20.005|M20F	34.4	18.5	18.3	90	1.64e-05	43.9
WP_011242206.1	MER0001273|M20.974|M20A	34.5	18.1	30.5	87	2.41e-04	39.7
WP_011242210.1	MER0213595|S33.A70|S33	29.2	94.1	98.4	240	6.88e-29	106
WP_011242210.1	MER0213816|S33.A80|S33	28.1	94.1	99.6	242	2.30e-23	91.7
WP_011242210.1	MER0214982|S33.A63|S33	27.0	93.2	97.6	241	1.30e-22	89.7
WP_011242210.1	MER0214939|S33.A69|S33	25.4	94.1	98.8	240	4.55e-22	88.2
WP_011242210.1	MER0214730|S33.A67|S33	25.0	94.1	98.8	240	6.34e-22	87.8
WP_011242211.1	MER0026339|S33.992|S33	26.3	90.1	94.4	255	2.03e-14	68.2
WP_011242211.1	MER0017142|S33.994|S33	25.4	85.9	93.5	236	5.14e-11	58.2
WP_011242211.1	MER0017193|S33.991|S33	36.7	34.0	31.8	90	7.27e-10	55.1
WP_011242211.1	MER0037236|S33.016|S33	22.5	90.5	95.8	258	5.87e-08	49.3
WP_011242211.1	MER0043008|S33.A18|S33	24.5	94.3	94.8	274	4.80e-07	46.6
WP_011242211.1	MER0025512|S33.010|S33	28.0	49.2	42.5	132	7.46e-06	43.1
WP_011242211.1	MER0210990|S33.A66|S33	34.2	28.2	22.1	76	1.10e-05	42.7
WP_011242213.1	MER0025512|S33.010|S33	26.7	92.7	87.3	281	2.76e-13	65.5
WP_011242213.1	MER0036115|S33.B18|S33	32.7	36.4	33.3	101	4.15e-09	53.1
WP_011242213.1	MER0014065|S33.974|S33	32.1	39.6	34.1	112	1.09e-08	52.0
WP_011242213.1	MER0017193|S33.991|S33	25.0	88.7	87.7	264	2.40e-06	44.7
WP_011242213.1	MER0000431|S33.001|S33	26.1	40.0	36.5	115	8.48e-06	43.1
WP_011242213.1	MER0033259|S33.982|S33	25.3	55.3	59.2	158	9.68e-06	42.7
WP_011242213.1	MER0000437|S33.004|S33	23.1	93.8	90.1	286	1.49e-05	42.4
WP_011242213.1	MER0030163|S33.975|S33	22.5	66.5	67.7	204	6.13e-05	40.4
WP_011242213.1	MER0031556|S09.A80|S09C	36.4	27.6	27.2	77	1.87e-04	38.9
WP_011242213.1	MER0035032|S33.A96|S33	26.7	36.4	33.4	101	2.67e-04	38.5
WP_011242213.1	MER0017033|S33.A15|S33	30.4	16.7	15.3	46	3.54e-04	38.1
WP_030003157.1	MER0152590|C82.A01|C82A	29.5	64.0	82.3	112	1.68e-10	52.8
WP_030003270.1	MER0001238|M17.A03|M17	41.3	65.1	62.6	312	1.22e-58	197
WP_030003270.1	MER0004597|M17.A01|M17	42.4	60.3	81.8	288	3.53e-58	192
WP_030003270.1	MER0004598|M17.A02|M17	40.8	60.6	82.3	289	1.98e-56	187
WP_030003270.1	MER0002497|M17.004|M17	40.4	58.0	64.4	275	2.90e-51	176
WP_030003270.1	MER0002271|M17.002|M17	39.8	60.8	59.7	294	1.34e-50	176
WP_030003270.1	MER0001236|M17.003|M17	43.5	49.9	46.4	232	9.59e-47	165
WP_030003270.1	MER0035089|M17.010|M17	36.0	66.2	88.6	311	3.00e-46	160
WP_030003270.1	MER0001235|M17.001|M17	35.1	67.3	65.5	319	6.79e-46	163
WP_030003270.1	MER0041673|M17.013|M17	34.6	77.1	79.0	384	1.46e-44	159
WP_030003270.1	MER0024892|M17.008|M17	38.7	52.5	62.0	248	3.42e-43	154
WP_030003270.1	MER0003825|M17.016|M17	33.9	62.5	66.6	295	4.05e-43	154
WP_030003270.1	MER0014397|M17.015|M17	37.7	52.5	69.7	247	6.46e-40	144
WP_030003270.1	MER0026959|M17.950|M17	35.9	54.5	95.6	259	9.31e-40	141
WP_030003270.1	MER0105906|M17.014|M17	39.8	46.8	47.1	221	2.79e-39	144
WP_030003270.1	MER0001910|M17.009|M17	41.7	44.9	42.7	211	1.78e-37	140
WP_030003270.1	MER0013416|M17.006|M17	35.8	66.2	80.2	321	1.96e-35	132
WP_030003270.1	MER0003919|M17.005|M17	34.7	56.9	67.3	265	2.14e-34	129
WP_030003270.1	MER0011357|M17.A04|M17	42.3	43.1	38.2	201	1.24e-33	129
WP_030003270.1	MER0001240|M17.A05|M17	34.9	69.1	65.8	327	6.50e-32	124
WP_030003270.1	MER0081108|M17.012|M17	34.7	41.6	44.4	213	7.94e-20	88.6
WP_030003270.1	MER0079520|M17.011|M17	34.2	32.0	31.2	161	2.15e-17	81.3
WP_030003271.1	MER0005900|M38.002|M38	31.0	9.6	13.0	58	3.27e-04	40.0
WP_044027748.1	MER0000431|S33.001|S33	50.3	92.6	96.8	304	1.31e-108	316
WP_044027748.1	MER0000436|S33.021|S33	24.3	78.8	84.8	268	2.14e-11	60.5
WP_044027748.1	MER0011509|S33.A84|S33	29.7	35.3	37.5	118	3.76e-07	47.8
WP_044027751.1	MER0107804|C82.A02|C82A	39.4	63.8	100	132	1.15e-25	93.6
WP_044027751.1	MER0107825|C82.A04|C82A	35.6	63.8	100	132	6.60e-21	81.3
WP_044027751.1	MER0107808|C82.A03|C82A	33.1	63.8	100	133	2.24e-18	74.7
WP_044027751.1	MER0107820|C82.A05|C82A	32.6	63.8	100	135	1.42e-15	67.4
WP_044027821.1	MER0015659|S54.A06|S54	28.9	50.0	49.3	114	2.47e-05	40.8
WP_044027821.1	MER0026214|S54.018|S54	25.2	59.2	66.0	139	4.37e-04	37.0
WP_044027931.1	MER0026339|S33.992|S33	24.0	91.3	93.3	288	8.78e-11	58.2
WP_044027931.1	MER0037236|S33.016|S33	50.0	12.1	13.8	36	1.51e-05	42.4
WP_044027931.1	MER0004146|S33.995|S33	34.0	16.8	19.2	50	2.74e-04	38.5
WP_044027931.1	MER0036076|S33.A33|S33	25.1	59.1	56.0	179	5.33e-04	37.7
WP_044028313.1	MER0033186|M38.980|M38	38.2	78.1	99.4	317	6.83e-58	189
WP_044028318.1	MER0107804|C82.A02|C82A	31.6	63.8	100	133	1.89e-14	64.3
WP_044028318.1	MER0107825|C82.A04|C82A	40.4	45.2	70.2	94	1.00e-13	62.4
WP_044028318.1	MER0107808|C82.A03|C82A	34.1	60.3	94.0	126	3.97e-13	60.8
WP_044028323.1	MER0069741|M23.009|M23B	43.9	29.9	76.2	132	3.77e-29	109
WP_044028323.1	MER0003380|M23.011|M23B	44.3	27.4	50.6	122	1.32e-22	93.2
WP_044028323.1	MER0013541|M23.014|M23B	45.9	19.2	96.6	85	5.65e-17	72.8
WP_044028323.1	MER0387040|M23.A03|M23B	38.6	22.6	98.1	101	5.52e-16	70.5
WP_044028323.1	MER0066182|M23.A04|M23B	36.8	27.6	60.8	125	2.68e-15	71.2
WP_044028323.1	MER0003423|M23.012|M23B	37.6	26.9	87.4	125	7.12e-15	68.6
WP_044028323.1	MER0003906|M23.013|M23B	34.9	22.6	100	106	1.64e-13	63.5
WP_044028323.1	MER0005300|M23.950|M23B	29.9	30.3	78.5	134	4.51e-13	63.9
WP_044028323.1	MER0015415|M23.951|M23B	30.9	29.2	75.9	136	7.06e-13	63.5
WP_044028323.1	MER0003376|M23.005|M23B	37.9	21.3	58.4	103	3.03e-12	61.6
WP_044028323.1	MER0025070|M23.010|M23B	33.9	23.8	100	118	6.27e-09	50.8
WP_044028412.1	MER0004931|M24.008|M24B	25.8	57.1	97.4	225	1.64e-22	92.0
WP_044028412.1	MER0004532|M24.034|M24B	29.2	58.6	99.1	236	5.75e-22	90.5
WP_044028412.1	MER0002038|M24.006|M24B	35.0	36.2	61.7	143	1.02e-17	78.6
WP_044028412.1	MER0005462|M24.031|M24B	26.8	57.1	96.9	224	4.73e-17	76.6
WP_044028412.1	MER0005715|M24.A11|M24B	24.7	57.6	97.0	235	6.67e-10	55.8
WP_044028412.1	MER0013463|M24.026|M24B	22.7	58.6	97.7	260	1.14e-09	55.5
WP_044028412.1	MER0028601|M24.033|M24B	31.6	33.4	57.1	152	2.15e-09	54.7
WP_044028412.1	MER0001244|M24.004|M24B	23.4	55.0	92.4	248	5.02e-09	53.5
WP_044028651.1	MER0066182|M23.A04|M23B	41.9	22.1	31.2	62	3.18e-10	55.5
WP_044028678.1	MER0069741|M23.009|M23B	33.3	33.2	55.2	108	3.79e-10	55.1
WP_044028678.1	MER0015415|M23.951|M23B	40.6	20.1	36.5	64	1.71e-09	53.1
WP_044028678.1	MER0013541|M23.014|M23B	30.3	34.2	96.6	109	1.25e-07	45.8
WP_044028678.1	MER0003380|M23.011|M23B	26.7	37.3	39.4	120	8.58e-06	43.1
WP_044028765.1	MER0005249|S01.260|S01A	25.9	73.7	86.4	216	6.96e-09	52.0
WP_044028765.1	MER0031539|S01.A55|S01A	30.8	47.0	53.1	130	4.01e-07	46.6
WP_044028765.1	MER0006118|S01.075|S01A	34.6	44.1	47.5	127	1.11e-06	45.4
WP_044028765.1	MER0005421|S01.309|S01D	29.3	54.4	56.1	164	1.80e-06	45.1
WP_044028765.1	MER0005521|S01.073|S01A	33.7	32.6	37.4	92	1.94e-06	44.7
WP_044028765.1	MER0016349|S01.132|S01A	28.6	44.4	50.4	133	2.06e-06	44.7
WP_044028765.1	MER0011278|S01.B40|S01A	39.3	30.7	31.2	84	3.42e-06	43.9
WP_044028765.1	MER0002834|S01.069|S01A	32.6	32.6	37.4	92	3.49e-06	43.9
WP_044028765.1	MER0000156|S01.224|S01A	33.6	40.0	42.9	116	3.62e-06	43.9
WP_044028765.1	MER0011364|S01.A31|S01A	35.2	32.6	33.3	88	3.64e-06	43.9
WP_044028765.1	MER0011358|S01.A70|S01A	33.7	34.1	34.0	95	4.77e-06	43.5
WP_044028765.1	MER0000029|S01.094|S01A	31.9	34.4	36.8	94	5.78e-06	43.1
WP_044028765.1	MER0011188|S01.A16|S01A	28.3	41.1	45.5	113	5.82e-06	43.1
WP_044028765.1	MER0002839|S01.190|S01A	30.1	33.7	39.3	103	6.00e-06	43.1
WP_044028765.1	MER0000111|S01.407|S01A	37.5	33.3	38.0	96	6.17e-06	43.1
WP_044028765.1	MER0000187|S01.211|S01A	36.9	31.1	31.7	84	8.67e-06	42.7
WP_044028765.1	MER0003616|S01.508|S01A	34.4	32.6	31.0	93	1.38e-05	42.4
WP_044028765.1	MER0001503|S01.256|S01A	33.0	34.4	35.9	97	1.47e-05	42.0
WP_044028765.1	MER0011236|S01.B77|S01A	31.3	36.7	36.9	99	1.51e-05	42.0
WP_044028765.1	MER0000022|S01.174|S01A	31.8	31.5	32.7	85	1.89e-05	41.6
WP_044028765.1	MER0030336|S01.B79|S01A	27.6	58.5	77.6	185	1.89e-05	41.6
WP_044028765.1	MER0011144|S01.A85|S01A	29.3	34.1	35.5	92	1.94e-05	41.6
WP_044028765.1	MER0011263|S01.B16|S01A	27.9	31.9	33.3	86	2.06e-05	41.6
WP_044028765.1	MER0006119|S01.074|S01A	32.0	34.4	35.1	97	2.11e-05	41.6
WP_044028765.1	MER0015078|S01.P10|S01A	35.1	32.6	35.5	94	2.49e-05	41.2
WP_044028808.1	MER0013957|S49.007|S49B	36.0	66.0	92.0	175	3.18e-26	98.6
WP_044028808.1	MER0321345|S49.A08|S49B	28.7	64.5	92.9	171	6.67e-22	87.0
WP_044028808.1	MER0003812|S49.008|S49X	28.7	64.5	88.6	171	1.14e-21	86.7
WP_044028808.1	MER0001300|S49.002|S49B	35.4	60.8	84.9	161	1.36e-21	86.3
WP_044028808.1	MER0011114|S49.004|S49B	35.2	65.7	46.6	176	1.97e-19	83.6
WP_044028808.1	MER0001299|S49.001|S49A	31.6	75.1	34.7	206	5.99e-17	77.0
WP_044028808.1	MER0044046|S49.006|S49B	33.5	60.0	87.6	167	6.78e-16	70.9
WP_044029245.1	MER0005462|M24.031|M24B	24.9	52.6	97.4	241	1.12e-08	52.4
WP_044029245.1	MER0001244|M24.004|M24B	27.7	51.9	94.7	267	3.79e-05	42.0
WP_044029326.1	MER0033245|S09.062|S09X	31.7	12.3	36.2	82	6.20e-05	41.6
WP_044029341.1	MER0001620|M41.001|M41	46.6	35.9	82.0	232	8.97e-62	204
WP_044029341.1	MER0002197|M41.004|M41	44.4	36.4	85.8	232	2.65e-57	191
WP_044029341.1	MER0015197|M41.013|M41	44.7	36.9	89.6	235	1.88e-56	189
WP_044029341.1	MER0190577|M41.A16|M41	39.3	35.9	88.9	229	1.73e-53	180
WP_044029341.1	MER0005755|M41.026|M41	39.6	36.1	96.9	230	1.04e-49	169
WP_044029341.1	MER0014324|M41.018|M41	39.3	35.9	90.8	229	2.85e-49	169
WP_044029341.1	MER0005466|M41.021|M41	41.3	36.3	97.1	235	4.01e-48	166
WP_044029341.1	MER0002608|M41.A11|M41	40.5	36.3	86.2	232	3.17e-46	161
WP_044029341.1	MER0002602|M41.009|M41	35.8	40.8	97.4	265	2.07e-44	156
WP_044029341.1	MER0190705|M41.A18|M41	38.6	35.8	97.7	228	7.82e-44	153
WP_044029341.1	MER0015199|M41.015|M41	38.8	35.9	82.4	232	1.98e-43	154
WP_044029341.1	MER0017637|M41.024|M41	34.9	35.8	95.5	238	4.90e-41	146
WP_044029341.1	MER0002563|M41.020|M41	33.6	35.8	95.5	238	1.76e-40	145
WP_044029341.1	MER0015194|M41.A14|M41	34.3	36.9	86.4	236	2.03e-39	142
WP_044029341.1	MER0056525|M41.A17|M41	35.5	36.6	90.8	234	5.03e-39	141
WP_044029341.1	MER0002605|M41.003|M41	38.0	36.6	85.7	234	5.28e-39	141
WP_044029341.1	MER0002408|M41.017|M41	37.2	35.9	93.5	234	8.34e-39	140
WP_044029341.1	MER0023544|M41.A10|M41	34.3	36.6	82.9	233	9.36e-39	141
WP_044029341.1	MER0171760|M41.A12|M41	33.0	41.4	98.1	270	1.33e-38	140
WP_044029341.1	MER0024900|M41.A21|M41	33.0	36.1	89.8	230	1.06e-37	137
WP_044029341.1	MER0005496|M41.007|M41	34.8	36.6	84.8	233	4.94e-37	136
WP_044029341.1	MER0011224|M41.A09|M41	32.2	36.6	82.9	233	1.34e-35	132
WP_044029341.1	MER0002600|M41.002|M41	34.6	36.6	89.1	234	5.52e-35	130
WP_044029341.1	MER0011748|M41.022|M41	34.5	36.7	83.2	235	1.61e-34	129
WP_044029341.1	MER0015609|M41.023|M41	32.6	37.4	84.9	239	2.09e-34	129
WP_044029363.1	MER0195774|M16.019|M16B	49.2	39.6	100	177	1.54e-52	171
WP_044029363.1	MER0390687|M16.A15|M16B	29.4	34.2	91.6	153	3.84e-18	78.6
WP_044029363.1	MER0003543|M16.973|M16B	29.4	45.6	89.4	204	1.33e-17	78.6
WP_044029363.1	MER0003448|M16.016|M16B	25.0	44.7	87.3	200	7.33e-16	73.6
WP_044029363.1	MER0015090|M16.975|M16B	28.1	44.5	87.2	199	5.95e-15	70.9
WP_044029363.1	MER0001233|M16.A05|M16B	27.8	46.1	88.4	216	3.77e-13	65.9
WP_044029363.1	MER0001229|M16.003|M16B	24.0	45.6	94.0	204	3.97e-12	62.4
WP_044029363.1	MER0043985|M16.980|M16B	24.0	45.6	86.4	204	5.17e-12	62.4
WP_044029363.1	MER0015259|M16.017|M16A	37.4	20.1	42.9	91	3.09e-11	59.7
WP_044029363.1	MER0011096|M16.A01|M16A	35.2	19.5	41.5	88	3.78e-09	53.5
WP_044029363.1	MER0001214|M16.002|M16A	30.4	22.6	53.1	102	3.90e-09	53.1
WP_044029363.1	MER0011744|M16.A02|M16A	35.2	19.5	41.5	88	1.25e-08	52.0
WP_044029363.1	MER0122186|M16.A14|M16A	26.9	42.1	94.0	193	2.64e-08	50.8
WP_044029363.1	MER0001218|M16.008|M16A	32.0	21.3	45.8	97	3.06e-08	50.8
WP_044029363.1	MER0003823|M16.A09|M16A	34.4	19.9	42.5	90	5.55e-08	50.1
WP_044029363.1	MER0002283|M16.A10|M16A	33.3	19.9	42.5	90	7.48e-08	49.7
WP_044029363.1	MER0001413|M16.971|M16B	30.1	29.8	90.0	136	1.04e-07	48.1
WP_044029363.1	MER0092828|M16.015|M16B	28.2	26.8	75.8	124	1.59e-07	47.8
WP_044029363.1	MER0014333|M16.A03|M16B	26.3	43.8	79.8	205	2.43e-07	48.5
WP_044029363.1	MER0001222|M16.001|M16A	29.7	26.2	56.5	118	3.20e-07	47.8
WP_044029363.1	MER0003386|M16.020|M16A	31.1	19.9	42.5	90	5.99e-07	47.0
WP_044029363.1	MER0002423|M16.A11|M16A	29.7	22.4	47.6	101	2.63e-06	45.1
WP_044029363.1	MER0237414|M16.970|M16B	22.9	46.5	90.2	223	3.16e-06	45.1
WP_044029363.1	MER0002345|M16.A08|M16A	32.2	19.9	42.5	90	1.15e-05	43.1
WP_044029363.1	MER0011292|M16.A07|M16A	27.6	18.3	45.3	105	2.46e-04	39.3
WP_044029374.1	MER0016222|M103.950|M103	37.0	95.3	92.7	433	1.82e-71	229
WP_044029374.1	MER0028087|M103.002|M103	27.9	95.5	95.2	434	2.97e-42	152
WP_044029374.1	MER0016248|M103.003|M103	36.1	53.8	96.0	244	1.60e-41	145
WP_044029374.1	MER0016301|M103.001|M103	27.5	43.1	41.5	200	1.66e-13	68.9
WP_044029417.1	MER0061081|S09.A39|S09X	54.7	97.8	100	274	1.38e-101	295
WP_044029417.1	MER0043126|S09.990|S09X	47.5	98.9	98.9	278	3.93e-93	273
WP_044029417.1	MER0061059|S09.940|S09B	46.3	97.8	100	272	3.01e-85	253
WP_044029568.1	MER0000432|S33.971|S33	32.5	79.0	99.7	335	1.87e-51	172
WP_051420330.1	MER0000459|S12.001|S12	33.1	36.0	71.3	263	1.16e-28	114
WP_051420330.1	MER0002489|S12.003|S12	32.5	42.4	87.9	320	2.01e-25	105
WP_051420330.1	MER0026262|S12.008|S12	27.7	44.1	88.9	329	5.59e-20	89.0
WP_051420330.1	MER0005964|S12.951|S12	30.2	31.9	63.6	245	2.77e-18	84.0
WP_051420330.1	MER1143079|S12.013|S12	26.3	38.5	84.8	274	1.82e-15	74.3
WP_051420330.1	MER0028284|S12.010|S12	26.1	36.8	73.0	268	6.33e-12	64.3
WP_051420330.1	MER0005925|S12.A13|S12	25.3	36.5	75.1	273	1.59e-11	63.2
WP_051420330.1	MER0006204|S12.950|S12	27.6	33.0	66.8	261	1.03e-10	60.8
WP_051420330.1	MER0004154|S12.012|S12	26.7	31.9	60.9	225	4.88e-10	58.5
WP_051420330.1	MER0017069|S12.009|S12	23.6	42.1	86.1	301	1.88e-09	56.6
WP_051420330.1	MER0122661|S12.A28|S12	25.5	22.9	44.4	165	1.96e-09	56.6
WP_051420330.1	MER0004090|S12.A03|S12	26.5	21.1	37.3	155	1.71e-08	53.9
WP_051420330.1	MER0354941|S12.A22|S12	26.1	21.1	73.1	153	9.75e-06	43.9
WP_051420330.1	MER0003800|S12.952|S12	25.2	29.5	52.3	222	5.84e-05	42.7
WP_051420330.1	MER0005836|S12.A12|S12	26.7	22.1	58.5	165	1.55e-04	40.8
WP_051420379.1	MER0001513|S01.272|S01D	33.8	69.5	100	213	2.59e-37	129
WP_051420379.1	MER0301495|S01.B80|S01D	35.1	63.3	100	194	1.80e-35	124
WP_051420379.1	MER0000265|S01.271|S01D	33.3	58.4	97.7	180	1.94e-26	99.8
WP_051420379.1	MER0004160|S01.423|S01B	27.1	69.2	96.8	229	6.80e-14	66.6
WP_051420379.1	MER0000264|S01.269|S01B	27.6	68.9	75.0	217	2.51e-12	62.8
WP_051420379.1	MER0006121|S01.522|S01B	25.9	58.4	79.4	185	5.16e-09	52.4
WP_051420379.1	MER0099173|S01.934|S01A	40.0	16.4	22.1	50	1.08e-05	42.4
WP_051420379.1	MER0011190|S01.B33|S01A	42.2	14.4	16.8	45	3.65e-04	38.1
WP_051420379.1	MER0033187|S01.362|S01A	45.2	13.8	16.8	42	9.97e-04	36.6
WP_051420451.1	MER0000450|S11.003|S11	37.9	91.2	94.3	351	1.72e-65	209
WP_051420451.1	MER0000454|S11.005|S11	33.9	91.5	96.1	351	5.91e-60	194
WP_051420451.1	MER0000451|S11.009|S11	34.2	89.9	95.2	345	2.72e-57	187
WP_051420451.1	MER0000449|S11.008|S11	34.7	63.5	96.0	245	2.09e-40	140
WP_051420451.1	MER0000448|S11.001|S11	25.9	94.1	95.5	410	2.34e-27	108
WP_051420451.1	MER0000452|S11.006|S11	25.8	85.6	87.5	349	1.71e-22	94.7
WP_051420451.1	MER0000453|S11.004|S11	28.1	63.5	94.7	253	9.57e-15	70.5
WP_051420451.1	MER0004224|S11.010|S11	25.2	77.9	78.3	325	6.30e-13	66.2
WP_051420451.1	MER0043199|S11.007|S11	27.6	64.3	94.8	243	7.50e-13	64.7
WP_051420451.1	MER0000455|S11.002|S11	27.7	63.2	83.9	249	2.21e-09	54.7
WP_413243709.1	MER0001298|M74.001|M74	37.8	88.1	91.0	246	6.92e-46	152
