mit0604_id,locus_tag
MIT0604_00001,EW14_0001
MIT0604_00002,EW14_0002
MIT0604_00003,EW14_0003
MIT0604_00004,EW14_0004
MIT0604_00005,EW14_0005
MIT0604_00006,EW14_0006
MIT0604_00007,EW14_0007
MIT0604_00008,EW14_0008
MIT0604_00009,EW14_0009
MIT0604_00010,EW14_0010
MIT0604_00011,EW14_0011
MIT0604_00012,EW14_0012
MIT0604_00013,EW14_0013
MIT0604_00014,EW14_0014
MIT0604_00015,EW14_0015
MIT0604_00016,EW14_0016
MIT0604_00017,EW14_0017
MIT0604_00018,EW14_0018
MIT0604_00019,EW14_0019
MIT0604_00020,EW14_0020
MIT0604_00021,EW14_0021
MIT0604_00023,EW14_0023
MIT0604_00024,EW14_0024
MIT0604_00025,EW14_0025
MIT0604_00026,EW14_0026
MIT0604_00027,EW14_0027
MIT0604_00028,EW14_0028
MIT0604_00029,EW14_0029
MIT0604_00030,EW14_0030
MIT0604_00031,EW14_0031
MIT0604_00032,EW14_0032
MIT0604_00033,EW14_0033
MIT0604_00034,EW14_0034
MIT0604_00035,EW14_0035
MIT0604_00036,EW14_0036
MIT0604_00037,EW14_0037
MIT0604_00038,EW14_0038
MIT0604_00039,EW14_0039
MIT0604_00040,EW14_0040
MIT0604_00041,EW14_0041
MIT0604_00042,EW14_0042
MIT0604_00043,EW14_0043
MIT0604_00044,EW14_0044
MIT0604_00045,EW14_0045
MIT0604_00046,EW14_0046
MIT0604_00047,EW14_0047
MIT0604_00048,EW14_0048
MIT0604_00049,EW14_0049
MIT0604_00050,EW14_0050
MIT0604_00051,EW14_0051
MIT0604_00052,EW14_0052
MIT0604_00053,EW14_0053
MIT0604_00054,EW14_0054
MIT0604_00055,EW14_0055
MIT0604_00056,EW14_0056
MIT0604_00057,EW14_0057
MIT0604_00058,EW14_0058
MIT0604_00059,EW14_0059
MIT0604_00060,EW14_0060
MIT0604_00061,EW14_0061
MIT0604_00062,EW14_0062
MIT0604_00063,EW14_0063
MIT0604_00064,EW14_0064
MIT0604_00065,EW14_0065
MIT0604_00066,EW14_0066
MIT0604_00067,EW14_0067
MIT0604_00068,EW14_0068
MIT0604_00069,EW14_0069
MIT0604_00070,EW14_0070
MIT0604_00071,EW14_0071
MIT0604_00072,EW14_0072
MIT0604_00073,EW14_0073
MIT0604_00074,EW14_0074
MIT0604_00075,EW14_0075
MIT0604_00076,EW14_0076
MIT0604_00077,EW14_0077
MIT0604_00078,EW14_0078
MIT0604_00079,EW14_0079
MIT0604_00080,EW14_0080
MIT0604_00081,EW14_0081
MIT0604_00082,EW14_0082
MIT0604_00083,EW14_0083
MIT0604_00084,EW14_0084
MIT0604_00085,EW14_0085
MIT0604_00086,EW14_0086
MIT0604_00087,EW14_0087
MIT0604_00088,EW14_0088
MIT0604_00089,EW14_0089
MIT0604_00090,EW14_0090
MIT0604_00091,EW14_0091
MIT0604_00092,EW14_0092
MIT0604_00093,EW14_0093
MIT0604_00094,EW14_0094
MIT0604_00095,EW14_0095
MIT0604_00096,EW14_0096
MIT0604_00097,EW14_0097
MIT0604_00098,EW14_0098
MIT0604_00099,EW14_0099
MIT0604_00100,EW14_0100
MIT0604_00101,EW14_0101
MIT0604_00102,EW14_0102
MIT0604_00103,EW14_0103
MIT0604_00104,EW14_0104
MIT0604_00105,EW14_0105
MIT0604_00106,EW14_0106
MIT0604_00107,EW14_0107
MIT0604_00108,EW14_0108
MIT0604_00109,EW14_0109
MIT0604_00110,EW14_0110
MIT0604_00111,EW14_0111
MIT0604_00112,EW14_0112
MIT0604_00113,EW14_0113
MIT0604_00114,EW14_0114
MIT0604_00115,EW14_0115
MIT0604_00116,EW14_0116
MIT0604_00117,EW14_0117
MIT0604_00118,EW14_0118
MIT0604_00119,EW14_0119
MIT0604_00120,EW14_0120
MIT0604_00121,EW14_0121
MIT0604_00122,EW14_0122
MIT0604_00123,EW14_0123
MIT0604_00124,EW14_0124
MIT0604_00125,EW14_RS00585
MIT0604_00126,EW14_0126
MIT0604_00128,EW14_0128
MIT0604_00129,EW14_0129
MIT0604_00130,EW14_0130
MIT0604_00131,EW14_0131
MIT0604_00132,EW14_0132
MIT0604_00133,EW14_0133
MIT0604_00134,EW14_0134
MIT0604_00135,EW14_0135
MIT0604_00136,EW14_0136
MIT0604_00137,EW14_0137
MIT0604_00138,EW14_0138
MIT0604_00139,EW14_0139
MIT0604_00140,EW14_0140
MIT0604_00141,EW14_0141
MIT0604_00142,EW14_0142
MIT0604_00143,EW14_0143
MIT0604_00144,EW14_0144
MIT0604_00145,EW14_0145
MIT0604_00147,EW14_0147
MIT0604_00148,EW14_0148
MIT0604_00149,EW14_0149
MIT0604_00150,EW14_0150
MIT0604_00151,EW14_0151
MIT0604_00153,EW14_0153
MIT0604_00154,EW14_0154
MIT0604_00155,EW14_0155
MIT0604_00156,EW14_0156
MIT0604_00157,EW14_0157
MIT0604_00158,EW14_0158
MIT0604_00159,EW14_0159
MIT0604_00160,EW14_0160
MIT0604_00161,EW14_0161
MIT0604_00162,EW14_0162
MIT0604_00163,EW14_0163
MIT0604_00164,EW14_0164
MIT0604_00165,EW14_0165
MIT0604_00166,EW14_0166
MIT0604_00167,EW14_0167
MIT0604_00168,EW14_0168
MIT0604_00169,EW14_0169
MIT0604_00170,EW14_0170
MIT0604_00171,EW14_0171
MIT0604_00172,EW14_0172
MIT0604_00173,EW14_0173
MIT0604_00174,EW14_0174
MIT0604_00175,EW14_0175
MIT0604_00176,EW14_0176
MIT0604_00177,EW14_0177
MIT0604_00178,EW14_0178
MIT0604_00179,EW14_0179
MIT0604_00180,EW14_0180
MIT0604_00181,EW14_0181
MIT0604_00182,EW14_0182
MIT0604_00183,EW14_0183
MIT0604_00184,EW14_0184
MIT0604_00185,EW14_0185
MIT0604_00186,EW14_0186
MIT0604_00187,EW14_0187
MIT0604_00188,EW14_0188
MIT0604_00189,EW14_0189
MIT0604_00190,EW14_0190
MIT0604_00191,EW14_0191
MIT0604_00192,EW14_0192
MIT0604_00193,EW14_0193
MIT0604_00194,EW14_0194
MIT0604_00195,EW14_0195
MIT0604_00196,EW14_0196
MIT0604_00197,EW14_0197
MIT0604_00198,EW14_0198
MIT0604_00199,EW14_0199
MIT0604_00200,EW14_0200
MIT0604_00201,EW14_0201
MIT0604_00202,EW14_0202
MIT0604_00203,EW14_0203
MIT0604_00204,EW14_0204
MIT0604_00205,EW14_0205
MIT0604_00206,EW14_0206
MIT0604_00207,EW14_0207
MIT0604_00208,EW14_0208
MIT0604_00209,EW14_0209
MIT0604_00210,EW14_0210
MIT0604_00211,EW14_0211
MIT0604_00212,EW14_0212
MIT0604_00213,EW14_0213
MIT0604_00214,EW14_0214
MIT0604_00215,EW14_0215
MIT0604_00216,EW14_0216
MIT0604_00217,EW14_0217
MIT0604_00218,EW14_0218
MIT0604_00219,EW14_0219
MIT0604_00220,EW14_0220
MIT0604_00221,EW14_0221
MIT0604_00222,EW14_0222
MIT0604_00223,EW14_0223
MIT0604_00224,EW14_0224
MIT0604_00225,EW14_0225
MIT0604_00226,EW14_0226
MIT0604_00227,EW14_0227
MIT0604_00228,EW14_0228
MIT0604_00229,EW14_0229
MIT0604_00230,EW14_0230
MIT0604_00231,EW14_0231
MIT0604_00232,EW14_0232
MIT0604_00233,EW14_0233
MIT0604_00234,EW14_0234
MIT0604_00235,EW14_0235
MIT0604_00236,EW14_0236
MIT0604_00237,EW14_0237
MIT0604_00238,EW14_0238
MIT0604_00239,EW14_0239
MIT0604_00240,EW14_0240
MIT0604_00241,EW14_0241
MIT0604_00242,EW14_0242
MIT0604_00243,EW14_0243
MIT0604_00244,EW14_0244
MIT0604_00245,EW14_0245
MIT0604_00246,EW14_0246
MIT0604_00247,EW14_0247
MIT0604_00248,EW14_0248
MIT0604_00249,EW14_0249
MIT0604_00250,EW14_0250
MIT0604_00251,EW14_0251
MIT0604_00252,EW14_0252
MIT0604_00253,EW14_0253
MIT0604_00254,EW14_0254
MIT0604_00255,EW14_0255
MIT0604_00256,EW14_0256
MIT0604_00257,EW14_0257
MIT0604_00258,EW14_0258
MIT0604_00259,EW14_0259
MIT0604_00260,EW14_0260
MIT0604_00261,EW14_0261
MIT0604_00262,EW14_0262
MIT0604_00263,EW14_0263
MIT0604_00264,EW14_0264
MIT0604_00265,EW14_0265
MIT0604_00266,EW14_0266
MIT0604_00267,EW14_0267
MIT0604_00268,EW14_0268
MIT0604_00269,EW14_0269
MIT0604_00270,EW14_0270
MIT0604_00271,EW14_0271
MIT0604_00272,EW14_0272
MIT0604_00273,EW14_0273
MIT0604_00274,EW14_0274
MIT0604_00275,EW14_0275
MIT0604_00276,EW14_0276
MIT0604_00277,EW14_0277
MIT0604_00278,EW14_0278
MIT0604_00279,EW14_0279
MIT0604_00280,EW14_0280
MIT0604_00282,EW14_0282
MIT0604_00283,EW14_0283
MIT0604_00285,EW14_0285
MIT0604_00286,EW14_0286
MIT0604_00287,EW14_0287
MIT0604_00288,EW14_0288
MIT0604_00289,EW14_0289
MIT0604_00290,EW14_0290
MIT0604_00291,EW14_0291
MIT0604_00292,EW14_0292
MIT0604_00293,EW14_0293
MIT0604_00294,EW14_0294
MIT0604_00295,EW14_0295
MIT0604_00296,EW14_0296
MIT0604_00297,EW14_0297
MIT0604_00298,EW14_0298
MIT0604_00299,EW14_0299
MIT0604_00300,EW14_0300
MIT0604_00301,EW14_0301
MIT0604_00302,EW14_0302
MIT0604_00303,EW14_0303
MIT0604_00304,EW14_0304
MIT0604_00305,EW14_0305
MIT0604_00306,EW14_0306
MIT0604_00307,EW14_0307
MIT0604_00308,EW14_0308
MIT0604_00309,EW14_0309
MIT0604_00310,EW14_0310
MIT0604_00311,EW14_0311
MIT0604_00312,EW14_0312
MIT0604_00313,EW14_0313
MIT0604_00314,EW14_0314
MIT0604_00315,EW14_0315
MIT0604_00316,EW14_0316
MIT0604_00317,EW14_0317
MIT0604_00318,EW14_0318
MIT0604_00319,EW14_0319
MIT0604_00320,EW14_0320
MIT0604_00321,EW14_0321
MIT0604_00322,EW14_0322
MIT0604_00323,EW14_0323
MIT0604_00324,EW14_0324
MIT0604_00325,EW14_0325
MIT0604_00326,EW14_0326
MIT0604_00327,EW14_0327
MIT0604_00328,EW14_0328
MIT0604_00329,EW14_0329
MIT0604_00330,EW14_0330
MIT0604_00331,EW14_0331
MIT0604_00332,EW14_0332
MIT0604_00333,EW14_0333
MIT0604_00334,EW14_0334
MIT0604_00335,EW14_0335
MIT0604_00336,EW14_0336
MIT0604_00337,EW14_0337
MIT0604_00338,EW14_0338
MIT0604_00339,EW14_0339
MIT0604_00340,EW14_0340
MIT0604_00341,EW14_0341
MIT0604_00342,EW14_0342
MIT0604_00343,EW14_0343
MIT0604_00344,EW14_0344
MIT0604_00345,EW14_0345
MIT0604_00346,EW14_0346
MIT0604_00347,EW14_0347
MIT0604_00348,EW14_0348
MIT0604_00349,EW14_0349
MIT0604_00350,EW14_0350
MIT0604_00351,EW14_0351
MIT0604_00352,EW14_0352
MIT0604_00353,EW14_0353
MIT0604_00354,EW14_0354
MIT0604_00355,EW14_0355
MIT0604_00356,EW14_0356
MIT0604_00357,EW14_0357
MIT0604_00358,EW14_0358
MIT0604_00359,EW14_0359
MIT0604_00360,EW14_0360
MIT0604_00361,EW14_0361
MIT0604_00362,EW14_0362
MIT0604_00363,EW14_0363
MIT0604_00364,EW14_0364
MIT0604_00365,EW14_0365
MIT0604_00366,EW14_0366
MIT0604_00367,EW14_0367
MIT0604_00368,EW14_0368
MIT0604_00369,EW14_0369
MIT0604_00370,EW14_0370
MIT0604_00371,EW14_0371
MIT0604_00372,EW14_0372
MIT0604_00373,EW14_0373
MIT0604_00374,EW14_0374
MIT0604_00375,EW14_0375
MIT0604_00376,EW14_0376
MIT0604_00377,EW14_0377
MIT0604_00378,EW14_0378
MIT0604_00379,EW14_0379
MIT0604_00380,EW14_0380
MIT0604_00381,EW14_0381
MIT0604_00382,EW14_0382
MIT0604_00383,EW14_0383
MIT0604_00384,EW14_0384
MIT0604_00385,EW14_0385
MIT0604_00386,EW14_0386
MIT0604_00387,EW14_0387
MIT0604_00388,EW14_0388
MIT0604_00389,EW14_0389
MIT0604_00390,EW14_0390
MIT0604_00391,EW14_0391
MIT0604_00392,EW14_0392
MIT0604_00393,EW14_0393
MIT0604_00394,EW14_0394
MIT0604_00395,EW14_0395
MIT0604_00396,EW14_0396
MIT0604_00397,EW14_0397
MIT0604_00398,EW14_0398
MIT0604_00399,EW14_0399
MIT0604_00400,EW14_0400
MIT0604_00401,EW14_0401
MIT0604_00402,EW14_0402
MIT0604_00403,EW14_0403
MIT0604_00404,EW14_0404
MIT0604_00405,EW14_0405
MIT0604_00406,EW14_0406
MIT0604_00407,EW14_0407
MIT0604_00408,EW14_0408
MIT0604_00409,EW14_0409
MIT0604_00410,EW14_0410
MIT0604_00411,EW14_0411
MIT0604_00412,EW14_0412
MIT0604_00413,EW14_0413
MIT0604_00414,EW14_0414
MIT0604_00415,EW14_0415
MIT0604_00417,EW14_0417
MIT0604_00418,EW14_0418
MIT0604_00419,EW14_0419
MIT0604_00420,EW14_0420
MIT0604_00421,EW14_0421
MIT0604_00422,EW14_0422
MIT0604_00423,EW14_0423
MIT0604_00424,EW14_0424
MIT0604_00425,EW14_0425
MIT0604_00426,EW14_0426
MIT0604_00427,EW14_0427
MIT0604_00428,EW14_0428
MIT0604_00429,EW14_0429
MIT0604_00430,EW14_0430
MIT0604_00431,EW14_0431
MIT0604_00432,EW14_0432
MIT0604_00433,EW14_0433
MIT0604_00434,EW14_0434
MIT0604_00435,EW14_0435
MIT0604_00436,EW14_0436
MIT0604_00437,EW14_0437
MIT0604_00438,EW14_0438
MIT0604_00439,EW14_0439
MIT0604_00440,EW14_0440
MIT0604_00441,EW14_0441
MIT0604_00442,EW14_0442
MIT0604_00443,EW14_0443
MIT0604_00444,EW14_0444
MIT0604_00445,EW14_0445
MIT0604_00446,EW14_0446
MIT0604_00447,EW14_0447
MIT0604_00448,EW14_0448
MIT0604_00449,EW14_0449
MIT0604_00450,EW14_0450
MIT0604_00451,EW14_0451
MIT0604_00452,EW14_0452
MIT0604_00453,EW14_0453
MIT0604_00454,EW14_0454
MIT0604_00455,EW14_0455
MIT0604_00456,EW14_0456
MIT0604_00457,EW14_0457
MIT0604_00458,EW14_0458
MIT0604_00459,EW14_0459
MIT0604_00460,EW14_0460
MIT0604_00461,EW14_0461
MIT0604_00462,EW14_0462
MIT0604_00463,EW14_0463
MIT0604_00464,EW14_0464
MIT0604_00465,EW14_0465
MIT0604_00466,EW14_0466
MIT0604_00467,EW14_0467
MIT0604_00468,EW14_0468
MIT0604_00469,EW14_0469
MIT0604_00470,EW14_0470
MIT0604_00471,EW14_0471
MIT0604_00472,EW14_0472
MIT0604_00473,EW14_0473
MIT0604_00474,EW14_0474
MIT0604_00475,EW14_0475
MIT0604_00476,EW14_0476
MIT0604_00477,EW14_0477
MIT0604_00478,EW14_0478
MIT0604_00479,EW14_0479
MIT0604_00480,EW14_0480
MIT0604_00481,EW14_0481
MIT0604_00482,EW14_0482
MIT0604_00483,EW14_0483
MIT0604_00484,EW14_0484
MIT0604_00485,EW14_0485
MIT0604_00486,EW14_0486
MIT0604_00487,EW14_0487
MIT0604_00488,EW14_0488
MIT0604_00489,EW14_0489
MIT0604_00490,EW14_0490
MIT0604_00491,EW14_0491
MIT0604_00492,EW14_0492
MIT0604_00493,EW14_0493
MIT0604_00494,EW14_0494
MIT0604_00495,EW14_0495
MIT0604_00496,EW14_0496
MIT0604_00497,EW14_0497
MIT0604_00498,EW14_0498
MIT0604_00499,EW14_0499
MIT0604_00500,EW14_0500
MIT0604_00501,EW14_0501
MIT0604_00502,EW14_0502
MIT0604_00503,EW14_0503
MIT0604_00504,EW14_0504
MIT0604_00505,EW14_0505
MIT0604_00506,EW14_0506
MIT0604_00507,EW14_0507
MIT0604_00508,EW14_0508
MIT0604_00509,EW14_0509
MIT0604_00510,EW14_0510
MIT0604_00511,EW14_0511
MIT0604_00512,EW14_0512
MIT0604_00513,EW14_0513
MIT0604_00514,EW14_0514
MIT0604_00515,EW14_0515
MIT0604_00516,EW14_0516
MIT0604_00517,EW14_0517
MIT0604_00518,EW14_0518
MIT0604_00519,EW14_0519
MIT0604_00520,EW14_0520
MIT0604_00521,EW14_0521
MIT0604_00522,EW14_0522
MIT0604_00523,EW14_0523
MIT0604_00524,EW14_0524
MIT0604_00525,EW14_0525
MIT0604_00526,EW14_0526
MIT0604_00527,EW14_0527
MIT0604_00528,EW14_0528
MIT0604_00529,EW14_0529
MIT0604_00530,EW14_0530
MIT0604_00531,EW14_0531
MIT0604_00532,EW14_0532
MIT0604_00533,EW14_0533
MIT0604_00534,EW14_0534
MIT0604_00535,EW14_0535
MIT0604_00536,EW14_0536
MIT0604_00537,EW14_0537
MIT0604_00538,EW14_0538
MIT0604_00539,EW14_0539
MIT0604_00540,EW14_0540
MIT0604_00541,EW14_0541
MIT0604_00542,EW14_0542
MIT0604_00543,EW14_0543
MIT0604_00544,EW14_0544
MIT0604_00545,EW14_0545
MIT0604_00546,EW14_0546
MIT0604_00547,EW14_0547
MIT0604_00548,EW14_0548
MIT0604_00549,EW14_0549
MIT0604_00550,EW14_0550
MIT0604_00551,EW14_0551
MIT0604_00552,EW14_0552
MIT0604_00553,EW14_0553
MIT0604_00554,EW14_0554
MIT0604_00555,EW14_0555
MIT0604_00556,EW14_0556
MIT0604_00557,EW14_0557
MIT0604_00558,EW14_0558
MIT0604_00559,EW14_0559
MIT0604_00560,EW14_0560
MIT0604_00561,EW14_0561
MIT0604_00562,EW14_0562
MIT0604_00563,EW14_0563
MIT0604_00564,EW14_0564
MIT0604_00565,EW14_0565
MIT0604_00566,EW14_0566
MIT0604_00567,EW14_0567
MIT0604_00568,EW14_0568
MIT0604_00569,EW14_0569
MIT0604_00570,EW14_0570
MIT0604_00571,EW14_0571
MIT0604_00572,EW14_0572
MIT0604_00573,EW14_0573
MIT0604_00574,EW14_0574
MIT0604_00575,EW14_0575
MIT0604_00576,EW14_0576
MIT0604_00577,EW14_0577
MIT0604_00578,EW14_0578
MIT0604_00579,EW14_0579
MIT0604_00580,EW14_0580
MIT0604_00581,EW14_0581
MIT0604_00582,EW14_0582
MIT0604_00583,EW14_0583
MIT0604_00584,EW14_0584
MIT0604_00585,EW14_0585
MIT0604_00586,EW14_0586
MIT0604_00587,EW14_0587
MIT0604_00588,EW14_0588
MIT0604_00589,EW14_0589
MIT0604_00590,EW14_0590
MIT0604_00591,EW14_0591
MIT0604_00592,EW14_0592
MIT0604_00593,EW14_0593
MIT0604_00594,EW14_0594
MIT0604_00595,EW14_0595
MIT0604_00596,EW14_0596
MIT0604_00597,EW14_0597
MIT0604_00598,EW14_0598
MIT0604_00599,EW14_0599
MIT0604_00600,EW14_0600
MIT0604_00601,EW14_0601
MIT0604_00602,EW14_0602
MIT0604_00603,EW14_0603
MIT0604_00604,EW14_0604
MIT0604_00605,EW14_0605
MIT0604_00606,EW14_0606
MIT0604_00607,EW14_0607
MIT0604_00608,EW14_0608
MIT0604_00609,EW14_0609
MIT0604_00610,EW14_0610
MIT0604_00611,EW14_0611
MIT0604_00612,EW14_0612
MIT0604_00613,EW14_0613
MIT0604_00614,EW14_0614
MIT0604_00615,EW14_0615
MIT0604_00616,EW14_0616
MIT0604_00617,EW14_0617
MIT0604_00618,EW14_0618
MIT0604_00619,EW14_0619
MIT0604_00620,EW14_0620
MIT0604_00621,EW14_0621
MIT0604_00622,EW14_0622
MIT0604_00623,EW14_0623
MIT0604_00624,EW14_0624
MIT0604_00625,EW14_0625
MIT0604_00627,EW14_0627
MIT0604_00628,EW14_0628
MIT0604_00629,EW14_0629
MIT0604_00630,EW14_0630
MIT0604_00631,EW14_0631
MIT0604_00632,EW14_0632
MIT0604_00633,EW14_0633
MIT0604_00634,EW14_0634
MIT0604_00635,EW14_0635
MIT0604_00636,EW14_0636
MIT0604_00637,EW14_0637
MIT0604_00638,EW14_0638
MIT0604_00639,EW14_0639
MIT0604_00640,EW14_0640
MIT0604_00641,EW14_0641
MIT0604_00642,EW14_0642
MIT0604_00643,EW14_0643
MIT0604_00645,EW14_0645
MIT0604_00646,EW14_0646
MIT0604_00647,EW14_0647
MIT0604_00648,EW14_0648
MIT0604_00649,EW14_0649
MIT0604_00650,EW14_0650
MIT0604_00651,EW14_0651
MIT0604_00652,EW14_0652
MIT0604_00653,EW14_0653
MIT0604_00654,EW14_0654
MIT0604_00655,EW14_0655
MIT0604_00656,EW14_0656
MIT0604_00657,EW14_0657
MIT0604_00658,EW14_0658
MIT0604_00659,EW14_0659
MIT0604_00660,EW14_0660
MIT0604_00661,EW14_0661
MIT0604_00662,EW14_0662
MIT0604_00663,EW14_0663
MIT0604_00664,EW14_0664
MIT0604_00665,EW14_0665
MIT0604_00666,EW14_0666
MIT0604_00667,EW14_0667
MIT0604_00668,EW14_0668
MIT0604_00669,EW14_0669
MIT0604_00670,EW14_0670
MIT0604_00671,EW14_0671
MIT0604_00672,EW14_0672
MIT0604_00673,EW14_0673
MIT0604_00674,EW14_0674
MIT0604_00675,EW14_0675
MIT0604_00676,EW14_0676
MIT0604_00677,EW14_0677
MIT0604_00678,EW14_0678
MIT0604_00679,EW14_0679
MIT0604_00680,EW14_0680
MIT0604_00681,EW14_0681
MIT0604_00682,EW14_0682
MIT0604_00683,EW14_0683
MIT0604_00684,EW14_0684
MIT0604_00685,EW14_0685
MIT0604_00686,EW14_0686
MIT0604_00687,EW14_0687
MIT0604_00688,EW14_0688
MIT0604_00689,EW14_0689
MIT0604_00690,EW14_0690
MIT0604_00691,EW14_0691
MIT0604_00692,EW14_0692
MIT0604_00694,EW14_0694
MIT0604_00695,EW14_0695
MIT0604_00696,EW14_0696
MIT0604_00697,EW14_0697
MIT0604_00698,EW14_0698
MIT0604_00699,EW14_0699
MIT0604_00700,EW14_0700
MIT0604_00701,EW14_0701
MIT0604_00702,EW14_0702
MIT0604_00703,EW14_0703
MIT0604_00704,EW14_0704
MIT0604_00705,EW14_0705
MIT0604_00706,EW14_0706
MIT0604_00707,EW14_0707
MIT0604_00708,EW14_0708
MIT0604_00709,EW14_0709
MIT0604_00710,EW14_0710
MIT0604_00711,EW14_0711
MIT0604_00712,EW14_0712
MIT0604_00713,EW14_0713
MIT0604_00714,EW14_0714
MIT0604_00715,EW14_0715
MIT0604_00716,EW14_0716
MIT0604_00717,EW14_0717
MIT0604_00718,EW14_0718
MIT0604_00719,EW14_0719
MIT0604_00720,EW14_0720
MIT0604_00721,EW14_0721
MIT0604_00722,EW14_0722
MIT0604_00723,EW14_0723
MIT0604_00724,EW14_0724
MIT0604_00725,EW14_0725
MIT0604_00726,EW14_0726
MIT0604_00727,EW14_0727
MIT0604_00728,EW14_0728
MIT0604_00729,EW14_0729
MIT0604_00730,EW14_0730
MIT0604_00731,EW14_0731
MIT0604_00732,EW14_0732
MIT0604_00733,EW14_0733
MIT0604_00734,EW14_0734
MIT0604_00735,EW14_0735
MIT0604_00736,EW14_0736
MIT0604_00737,EW14_0737
MIT0604_00738,EW14_0738
MIT0604_00739,EW14_0739
MIT0604_00740,EW14_0740
MIT0604_00741,EW14_0741
MIT0604_00742,EW14_0742
MIT0604_00743,EW14_0743
MIT0604_00744,EW14_0744
MIT0604_00745,EW14_0745
MIT0604_00746,EW14_0746
MIT0604_00747,EW14_0747
MIT0604_00748,EW14_0748
MIT0604_00749,EW14_0749
MIT0604_00750,EW14_0750
MIT0604_00751,EW14_0751
MIT0604_00752,EW14_0752
MIT0604_00753,EW14_0753
MIT0604_00754,EW14_0754
MIT0604_00755,EW14_0755
MIT0604_00756,EW14_0756
MIT0604_00757,EW14_0757
MIT0604_00758,EW14_0758
MIT0604_00759,EW14_0759
MIT0604_00760,EW14_RS03685
MIT0604_00762,EW14_0762
MIT0604_00763,EW14_0763
MIT0604_00764,EW14_0764
MIT0604_00765,EW14_0765
MIT0604_00767,EW14_0767
MIT0604_00768,EW14_0768
MIT0604_00769,EW14_0769
MIT0604_00770,EW14_0770
MIT0604_00771,EW14_0771
MIT0604_00772,EW14_0772
MIT0604_00773,EW14_0773
MIT0604_00774,EW14_0774
MIT0604_00775,EW14_0775
MIT0604_00776,EW14_0776
MIT0604_00777,EW14_0777
MIT0604_00778,EW14_0778
MIT0604_00779,EW14_0779
MIT0604_00780,EW14_0780
MIT0604_00781,EW14_0781
MIT0604_00782,EW14_0782
MIT0604_00783,EW14_0783
MIT0604_00784,EW14_0784
MIT0604_00785,EW14_0785
MIT0604_00786,EW14_0786
MIT0604_00787,EW14_0787
MIT0604_00788,EW14_0788
MIT0604_00789,EW14_0789
MIT0604_00790,EW14_0790
MIT0604_00791,EW14_0791
MIT0604_00792,EW14_0792
MIT0604_00793,EW14_0793
MIT0604_00794,EW14_0794
MIT0604_00795,EW14_0795
MIT0604_00796,EW14_0796
MIT0604_00797,EW14_0797
MIT0604_00798,EW14_0798
MIT0604_00799,EW14_0799
MIT0604_00800,EW14_0800
MIT0604_00801,EW14_0801
MIT0604_00802,EW14_0802
MIT0604_00803,EW14_0803
MIT0604_00804,EW14_0804
MIT0604_00805,EW14_0805
MIT0604_00806,EW14_0806
MIT0604_00807,EW14_0807
MIT0604_00808,EW14_0808
MIT0604_00809,EW14_0809
MIT0604_00810,EW14_0810
MIT0604_00811,EW14_0811
MIT0604_00812,EW14_0812
MIT0604_00813,EW14_0813
MIT0604_00814,EW14_0814
MIT0604_00815,EW14_0815
MIT0604_00816,EW14_0816
MIT0604_00817,EW14_0817
MIT0604_00818,EW14_0818
MIT0604_00819,EW14_RS03905
MIT0604_00820,EW14_0820
MIT0604_00821,EW14_0821
MIT0604_00822,EW14_0822
MIT0604_00823,EW14_0823
MIT0604_00824,EW14_0824
MIT0604_00825,EW14_0825
MIT0604_00826,EW14_0826
MIT0604_00827,EW14_0827
MIT0604_00828,EW14_0828
MIT0604_00829,EW14_0829
MIT0604_00830,EW14_0830
MIT0604_00831,EW14_0831
MIT0604_00832,EW14_0832
MIT0604_00833,EW14_0833
MIT0604_00834,EW14_0834
MIT0604_00835,EW14_0835
MIT0604_00836,EW14_0836
MIT0604_00837,EW14_0837
MIT0604_00838,EW14_0838
MIT0604_00839,EW14_0839
MIT0604_00840,EW14_0840
MIT0604_00841,EW14_0841
MIT0604_00842,EW14_0842
MIT0604_00843,EW14_0843
MIT0604_00844,EW14_0844
MIT0604_00845,EW14_0845
MIT0604_00846,EW14_0846
MIT0604_00847,EW14_0847
MIT0604_00848,EW14_0848
MIT0604_00849,EW14_0849
MIT0604_00850,EW14_0850
MIT0604_00851,EW14_0851
MIT0604_00852,EW14_0852
MIT0604_00853,EW14_0853
MIT0604_00854,EW14_0854
MIT0604_00855,EW14_0855
MIT0604_00856,EW14_0856
MIT0604_00857,EW14_0857
MIT0604_00858,EW14_0858
MIT0604_00859,EW14_0859
MIT0604_00860,EW14_0860
MIT0604_00861,EW14_0861
MIT0604_00862,EW14_0862
MIT0604_00863,EW14_0863
MIT0604_00864,EW14_0864
MIT0604_00865,EW14_0865
MIT0604_00866,EW14_0866
MIT0604_00867,EW14_0867
MIT0604_00868,EW14_0868
MIT0604_00869,EW14_0869
MIT0604_00870,EW14_0870
MIT0604_00871,EW14_0871
MIT0604_00872,EW14_0872
MIT0604_00873,EW14_0873
MIT0604_00874,EW14_0874
MIT0604_00875,EW14_0875
MIT0604_00876,EW14_0876
MIT0604_00877,EW14_0877
MIT0604_00878,EW14_0878
MIT0604_00879,EW14_0879
MIT0604_00880,EW14_0880
MIT0604_00881,EW14_0881
MIT0604_00882,EW14_0882
MIT0604_00883,EW14_0883
MIT0604_00884,EW14_0884
MIT0604_00885,EW14_0885
MIT0604_00886,EW14_0886
MIT0604_00887,EW14_0887
MIT0604_00888,EW14_0888
MIT0604_00889,EW14_0889
MIT0604_00890,EW14_0890
MIT0604_00891,EW14_0891
MIT0604_00892,EW14_0892
MIT0604_00893,EW14_0893
MIT0604_00894,EW14_0894
MIT0604_00895,EW14_0895
MIT0604_00896,EW14_0896
MIT0604_00897,EW14_0897
MIT0604_00898,EW14_0898
MIT0604_00899,EW14_0899
MIT0604_00900,EW14_0900
MIT0604_00901,EW14_0901
MIT0604_00902,EW14_0902
MIT0604_00903,EW14_0903
MIT0604_00904,EW14_0904
MIT0604_00905,EW14_0905
MIT0604_00906,EW14_0906
MIT0604_00907,EW14_0907
MIT0604_00908,EW14_0908
MIT0604_00909,EW14_0909
MIT0604_00910,EW14_0910
MIT0604_00911,EW14_0911
MIT0604_00912,EW14_0912
MIT0604_00913,EW14_0913
MIT0604_00914,EW14_0914
MIT0604_00915,EW14_0915
MIT0604_00916,EW14_0916
MIT0604_00917,EW14_0917
MIT0604_00918,EW14_0918
MIT0604_00919,EW14_0919
MIT0604_00920,EW14_0920
MIT0604_00921,EW14_0921
MIT0604_00922,EW14_0922
MIT0604_00923,EW14_0923
MIT0604_00924,EW14_0924
MIT0604_00925,EW14_0925
MIT0604_00926,EW14_0926
MIT0604_00927,EW14_0927
MIT0604_00928,EW14_0928
MIT0604_00929,EW14_0929
MIT0604_00930,EW14_0930
MIT0604_00931,EW14_0931
MIT0604_00932,EW14_0932
MIT0604_00933,EW14_0933
MIT0604_00934,EW14_0934
MIT0604_00935,EW14_0935
MIT0604_00936,EW14_0936
MIT0604_00937,EW14_0937
MIT0604_00938,EW14_0938
MIT0604_00939,EW14_0939
MIT0604_00940,EW14_0940
MIT0604_00941,EW14_0941
MIT0604_00942,EW14_0942
MIT0604_00943,EW14_0943
MIT0604_00944,EW14_0944
MIT0604_00945,EW14_0945
MIT0604_00946,EW14_0946
MIT0604_00947,EW14_0947
MIT0604_00948,EW14_0948
MIT0604_00949,EW14_0949
MIT0604_00950,EW14_0950
MIT0604_00951,EW14_0951
MIT0604_00952,EW14_0952
MIT0604_00953,EW14_0953
MIT0604_00954,EW14_0954
MIT0604_00955,EW14_0955
MIT0604_00956,EW14_0956
MIT0604_00957,EW14_0957
MIT0604_00958,EW14_0958
MIT0604_00959,EW14_0959
MIT0604_00960,EW14_0960
MIT0604_00961,EW14_0961
MIT0604_00962,EW14_0962
MIT0604_00963,EW14_0963
MIT0604_00964,EW14_0964
MIT0604_00965,EW14_0965
MIT0604_00966,EW14_0966
MIT0604_00967,EW14_0967
MIT0604_00968,EW14_0968
MIT0604_00969,EW14_0969
MIT0604_00970,EW14_0970
MIT0604_00971,EW14_0971
MIT0604_00972,EW14_0972
MIT0604_00973,EW14_0973
MIT0604_00974,EW14_0974
MIT0604_00975,EW14_0975
MIT0604_00976,EW14_0976
MIT0604_00977,EW14_0977
MIT0604_00978,EW14_0978
MIT0604_00979,EW14_0979
MIT0604_00980,EW14_0980
MIT0604_00981,EW14_0981
MIT0604_00982,EW14_0982
MIT0604_00983,EW14_0983
MIT0604_00984,EW14_0984
MIT0604_00985,EW14_0985
MIT0604_00986,EW14_0986
MIT0604_00987,EW14_0987
MIT0604_00988,EW14_0988
MIT0604_00989,EW14_0989
MIT0604_00990,EW14_0990
MIT0604_00991,EW14_0991
MIT0604_00992,EW14_0992
MIT0604_00993,EW14_0993
MIT0604_00994,EW14_0994
MIT0604_00995,EW14_0995
MIT0604_00996,EW14_0996
MIT0604_00997,EW14_0997
MIT0604_00998,EW14_0998
MIT0604_00999,EW14_0999
MIT0604_01000,EW14_1000
MIT0604_01001,EW14_1001
MIT0604_01002,EW14_1002
MIT0604_01003,EW14_1003
MIT0604_01004,EW14_1004
MIT0604_01005,EW14_1005
MIT0604_01006,EW14_1006
MIT0604_01007,EW14_1007
MIT0604_01008,EW14_1008
MIT0604_01009,EW14_1009
MIT0604_01010,EW14_1010
MIT0604_01011,EW14_1011
MIT0604_01012,EW14_1012
MIT0604_01013,EW14_1013
MIT0604_01014,EW14_1014
MIT0604_01015,EW14_1015
MIT0604_01016,EW14_1016
MIT0604_01017,EW14_1017
MIT0604_01018,EW14_1018
MIT0604_01019,EW14_1019
MIT0604_01020,EW14_1020
MIT0604_01021,EW14_1021
MIT0604_01022,EW14_1022
MIT0604_01023,EW14_1023
MIT0604_01024,EW14_1024
MIT0604_01025,EW14_1025
MIT0604_01026,EW14_1026
MIT0604_01027,EW14_1027
MIT0604_01028,EW14_1028
MIT0604_01029,EW14_1029
MIT0604_01030,EW14_1030
MIT0604_01031,EW14_1031
MIT0604_01032,EW14_1032
MIT0604_01033,EW14_1033
MIT0604_01034,EW14_1034
MIT0604_01035,EW14_1035
MIT0604_01036,EW14_1036
MIT0604_01037,EW14_1037
MIT0604_01038,EW14_1038
MIT0604_01039,EW14_1039
MIT0604_01040,EW14_1040
MIT0604_01041,EW14_1041
MIT0604_01042,EW14_1042
MIT0604_01043,EW14_1043
MIT0604_01044,EW14_1044
MIT0604_01045,EW14_1045
MIT0604_01046,EW14_1046
MIT0604_01047,EW14_1047
MIT0604_01048,EW14_1048
MIT0604_01049,EW14_1049
MIT0604_01050,EW14_1050
MIT0604_01051,EW14_1051
MIT0604_01052,EW14_1052
MIT0604_01053,EW14_1053
MIT0604_01054,EW14_1054
MIT0604_01055,EW14_1055
MIT0604_01056,EW14_1056
MIT0604_01057,EW14_1057
MIT0604_01058,EW14_1058
MIT0604_01059,EW14_1059
MIT0604_01060,EW14_1060
MIT0604_01061,EW14_1061
MIT0604_01063,EW14_1063
MIT0604_01064,EW14_1064
MIT0604_01065,EW14_1065
MIT0604_01066,EW14_1066
MIT0604_01067,EW14_1067
MIT0604_01068,EW14_1068
MIT0604_01069,EW14_1069
MIT0604_01070,EW14_1070
MIT0604_01071,EW14_1071
MIT0604_01072,EW14_1072
MIT0604_01073,EW14_1073
MIT0604_01074,EW14_1074
MIT0604_01075,EW14_1075
MIT0604_01076,EW14_1076
MIT0604_01077,EW14_1077
MIT0604_01078,EW14_1078
MIT0604_01079,EW14_1079
MIT0604_01080,EW14_1080
MIT0604_01081,EW14_1081
MIT0604_01082,EW14_1082
MIT0604_01083,EW14_1083
MIT0604_01084,EW14_1084
MIT0604_01085,EW14_1085
MIT0604_01086,EW14_1086
MIT0604_01087,EW14_1087
MIT0604_01089,EW14_1089
MIT0604_01090,EW14_1090
MIT0604_01091,EW14_1091
MIT0604_01092,EW14_1092
MIT0604_01093,EW14_1093
MIT0604_01094,EW14_1094
MIT0604_01095,EW14_1095
MIT0604_01096,EW14_1096
MIT0604_01097,EW14_1097
MIT0604_01098,EW14_1098
MIT0604_01099,EW14_1099
MIT0604_01100,EW14_1100
MIT0604_01102,EW14_1102
MIT0604_01103,EW14_1103
MIT0604_01104,EW14_1104
MIT0604_01105,EW14_1105
MIT0604_01106,EW14_1106
MIT0604_01107,EW14_1107
MIT0604_01108,EW14_1108
MIT0604_01109,EW14_1109
MIT0604_01110,EW14_1110
MIT0604_01111,EW14_1111
MIT0604_01112,EW14_1112
MIT0604_01113,EW14_1113
MIT0604_01114,EW14_1114
MIT0604_01115,EW14_1115
MIT0604_01116,EW14_1116
MIT0604_01117,EW14_1117
MIT0604_01118,EW14_1118
MIT0604_01119,EW14_1119
MIT0604_01120,EW14_1120
MIT0604_01122,EW14_1122
MIT0604_01123,EW14_1123
MIT0604_01124,EW14_1124
MIT0604_01125,EW14_1125
MIT0604_01126,EW14_1126
MIT0604_01127,EW14_1127
MIT0604_01128,EW14_1128
MIT0604_01129,EW14_1129
MIT0604_01130,EW14_1130
MIT0604_01131,EW14_1131
MIT0604_01132,EW14_1132
MIT0604_01133,EW14_1133
MIT0604_01134,EW14_1134
MIT0604_01135,EW14_1135
MIT0604_01136,EW14_1136
MIT0604_01137,EW14_1137
MIT0604_01138,EW14_1138
MIT0604_01139,EW14_1139
MIT0604_01140,EW14_1140
MIT0604_01141,EW14_1141
MIT0604_01142,EW14_1142
MIT0604_01143,EW14_1143
MIT0604_01144,EW14_1144
MIT0604_01145,EW14_1145
MIT0604_01146,EW14_1146
MIT0604_01147,EW14_1147
MIT0604_01148,EW14_1148
MIT0604_01149,EW14_1149
MIT0604_01150,EW14_1150
MIT0604_01151,EW14_1151
MIT0604_01152,EW14_1152
MIT0604_01153,EW14_1153
MIT0604_01154,EW14_1154
MIT0604_01155,EW14_1155
MIT0604_01156,EW14_1156
MIT0604_01157,EW14_1157
MIT0604_01158,EW14_1158
MIT0604_01159,EW14_1159
MIT0604_01160,EW14_1160
MIT0604_01161,EW14_1161
MIT0604_01162,EW14_1162
MIT0604_01163,EW14_1163
MIT0604_01164,EW14_1164
MIT0604_01165,EW14_1165
MIT0604_01166,EW14_1166
MIT0604_01167,EW14_1167
MIT0604_01168,EW14_1168
MIT0604_01169,EW14_1169
MIT0604_01170,EW14_1170
MIT0604_01171,EW14_1171
MIT0604_01172,EW14_1172
MIT0604_01173,EW14_1173
MIT0604_01174,EW14_1174
MIT0604_01175,EW14_1175
MIT0604_01176,EW14_1176
MIT0604_01177,EW14_1177
MIT0604_01178,EW14_1178
MIT0604_01179,EW14_1179
MIT0604_01181,EW14_1181
MIT0604_01182,EW14_1182
MIT0604_01183,EW14_1183
MIT0604_01185,EW14_1185
MIT0604_01186,EW14_1186
MIT0604_01187,EW14_1187
MIT0604_01188,EW14_1188
MIT0604_01189,EW14_1189
MIT0604_01190,EW14_1190
MIT0604_01191,EW14_1191
MIT0604_01192,EW14_1192
MIT0604_01193,EW14_1193
MIT0604_01194,EW14_1194
MIT0604_01195,EW14_1195
MIT0604_01196,EW14_1196
MIT0604_01197,EW14_1197
MIT0604_01198,EW14_1198
MIT0604_01199,EW14_1199
MIT0604_01200,EW14_1200
MIT0604_01201,EW14_1201
MIT0604_01202,EW14_1202
MIT0604_01203,EW14_1203
MIT0604_01204,EW14_1204
MIT0604_01205,EW14_1205
MIT0604_01206,EW14_1206
MIT0604_01207,EW14_1207
MIT0604_01208,EW14_1208
MIT0604_01209,EW14_1209
MIT0604_01210,EW14_1210
MIT0604_01211,EW14_1211
MIT0604_01212,EW14_1212
MIT0604_01213,EW14_1213
MIT0604_01214,EW14_1214
MIT0604_01215,EW14_1215
MIT0604_01216,EW14_1216
MIT0604_01217,EW14_1217
MIT0604_01218,EW14_1218
MIT0604_01219,EW14_1219
MIT0604_01220,EW14_1220
MIT0604_01221,EW14_1221
MIT0604_01222,EW14_1222
MIT0604_01223,EW14_1223
MIT0604_01224,EW14_1224
MIT0604_01225,EW14_1225
MIT0604_01226,EW14_1226
MIT0604_01227,EW14_1227
MIT0604_01228,EW14_1228
MIT0604_01229,EW14_1229
MIT0604_01230,EW14_1230
MIT0604_01231,EW14_1231
MIT0604_01232,EW14_1232
MIT0604_01233,EW14_1233
MIT0604_01234,EW14_1234
MIT0604_01235,EW14_1235
MIT0604_01236,EW14_1236
MIT0604_01237,EW14_1237
MIT0604_01238,EW14_1238
MIT0604_01239,EW14_1239
MIT0604_01240,EW14_1240
MIT0604_01241,EW14_1241
MIT0604_01242,EW14_1242
MIT0604_01243,EW14_1243
MIT0604_01244,EW14_1244
MIT0604_01245,EW14_1245
MIT0604_01246,EW14_1246
MIT0604_01247,EW14_1247
MIT0604_01248,EW14_1248
MIT0604_01249,EW14_1249
MIT0604_01250,EW14_1250
MIT0604_01251,EW14_1251
MIT0604_01252,EW14_1252
MIT0604_01253,EW14_1253
MIT0604_01254,EW14_1254
MIT0604_01255,EW14_1255
MIT0604_01256,EW14_1256
MIT0604_01257,EW14_1257
MIT0604_01258,EW14_1258
MIT0604_01259,EW14_1259
MIT0604_01260,EW14_1260
MIT0604_01261,EW14_1261
MIT0604_01262,EW14_1262
MIT0604_01263,EW14_1263
MIT0604_01264,EW14_1264
MIT0604_01265,EW14_1265
MIT0604_01266,EW14_1266
MIT0604_01267,EW14_1267
MIT0604_01268,EW14_1268
MIT0604_01269,EW14_1269
MIT0604_01270,EW14_1270
MIT0604_01271,EW14_1271
MIT0604_01272,EW14_1272
MIT0604_01273,EW14_1273
MIT0604_01274,EW14_1274
MIT0604_01275,EW14_1275
MIT0604_01276,EW14_1276
MIT0604_01277,EW14_1277
MIT0604_01278,EW14_1278
MIT0604_01279,EW14_1279
MIT0604_01280,EW14_1280
MIT0604_01281,EW14_1281
MIT0604_01282,EW14_1282
MIT0604_01283,EW14_1283
MIT0604_01284,EW14_1284
MIT0604_01285,EW14_1285
MIT0604_01286,EW14_1286
MIT0604_01287,EW14_1287
MIT0604_01288,EW14_1288
MIT0604_01289,EW14_1289
MIT0604_01290,EW14_1290
MIT0604_01291,EW14_1291
MIT0604_01292,EW14_1292
MIT0604_01293,EW14_1293
MIT0604_01294,EW14_1294
MIT0604_01295,EW14_1295
MIT0604_01296,EW14_1296
MIT0604_01297,EW14_1297
MIT0604_01298,EW14_1298
MIT0604_01299,EW14_1299
MIT0604_01300,EW14_1300
MIT0604_01301,EW14_1301
MIT0604_01302,EW14_1302
MIT0604_01303,EW14_1303
MIT0604_01304,EW14_1304
MIT0604_01305,EW14_1305
MIT0604_01306,EW14_1306
MIT0604_01307,EW14_1307
MIT0604_01308,EW14_1308
MIT0604_01309,EW14_1309
MIT0604_01310,EW14_1310
MIT0604_01311,EW14_1311
MIT0604_01312,EW14_1312
MIT0604_01313,EW14_1313
MIT0604_01314,EW14_1314
MIT0604_01315,EW14_1315
MIT0604_01316,EW14_1316
MIT0604_01317,EW14_1317
MIT0604_01318,EW14_1318
MIT0604_01319,EW14_1319
MIT0604_01320,EW14_1320
MIT0604_01321,EW14_1321
MIT0604_01322,EW14_1322
MIT0604_01323,EW14_1323
MIT0604_01324,EW14_1324
MIT0604_01325,EW14_1325
MIT0604_01326,EW14_1326
MIT0604_01327,EW14_1327
MIT0604_01328,EW14_1328
MIT0604_01329,EW14_1329
MIT0604_01330,EW14_1330
MIT0604_01331,EW14_1331
MIT0604_01332,EW14_1332
MIT0604_01333,EW14_1333
MIT0604_01334,EW14_1334
MIT0604_01335,EW14_1335
MIT0604_01336,EW14_1336
MIT0604_01337,EW14_1337
MIT0604_01338,EW14_1338
MIT0604_01339,EW14_1339
MIT0604_01340,EW14_1340
MIT0604_01341,EW14_1341
MIT0604_01342,EW14_1342
MIT0604_01343,EW14_1343
MIT0604_01344,EW14_1344
MIT0604_01345,EW14_1345
MIT0604_01346,EW14_1346
MIT0604_01347,EW14_1347
MIT0604_01348,EW14_1348
MIT0604_01349,EW14_1349
MIT0604_01350,EW14_1350
MIT0604_01351,EW14_1351
MIT0604_01352,EW14_1352
MIT0604_01353,EW14_1353
MIT0604_01354,EW14_1354
MIT0604_01355,EW14_1355
MIT0604_01356,EW14_1356
MIT0604_01357,EW14_1357
MIT0604_01358,EW14_1358
MIT0604_01359,EW14_1359
MIT0604_01360,EW14_1360
MIT0604_01361,EW14_1361
MIT0604_01362,EW14_1362
MIT0604_01363,EW14_1363
MIT0604_01364,EW14_1364
MIT0604_01365,EW14_1365
MIT0604_01366,EW14_1366
MIT0604_01367,EW14_1367
MIT0604_01368,EW14_1368
MIT0604_01369,EW14_1369
MIT0604_01370,EW14_1370
MIT0604_01371,EW14_1371
MIT0604_01372,EW14_1372
MIT0604_01373,EW14_1373
MIT0604_01374,EW14_1374
MIT0604_01375,EW14_1375
MIT0604_01376,EW14_1376
MIT0604_01377,EW14_1377
MIT0604_01378,EW14_1378
MIT0604_01379,EW14_1379
MIT0604_01380,EW14_1380
MIT0604_01381,EW14_1381
MIT0604_01382,EW14_1382
MIT0604_01383,EW14_1383
MIT0604_01384,EW14_1384
MIT0604_01385,EW14_1385
MIT0604_01386,EW14_1386
MIT0604_01387,EW14_1387
MIT0604_01388,EW14_1388
MIT0604_01389,EW14_1389
MIT0604_01390,EW14_1390
MIT0604_01391,EW14_1391
MIT0604_01392,EW14_1392
MIT0604_01393,EW14_1393
MIT0604_01394,EW14_1394
MIT0604_01395,EW14_1395
MIT0604_01396,EW14_1396
MIT0604_01397,EW14_1397
MIT0604_01399,EW14_1399
MIT0604_01400,EW14_1400
MIT0604_01401,EW14_1401
MIT0604_01402,EW14_1402
MIT0604_01403,EW14_1403
MIT0604_01404,EW14_1404
MIT0604_01405,EW14_1405
MIT0604_01406,EW14_1406
MIT0604_01407,EW14_1407
MIT0604_01408,EW14_1408
MIT0604_01409,EW14_1409
MIT0604_01410,EW14_1410
MIT0604_01411,EW14_1411
MIT0604_01412,EW14_1412
MIT0604_01413,EW14_1413
MIT0604_01414,EW14_1414
MIT0604_01415,EW14_1415
MIT0604_01416,EW14_1416
MIT0604_01417,EW14_1417
MIT0604_01418,EW14_1418
MIT0604_01419,EW14_1419
MIT0604_01420,EW14_1420
MIT0604_01421,EW14_1421
MIT0604_01422,EW14_1422
MIT0604_01423,EW14_1423
MIT0604_01424,EW14_1424
MIT0604_01425,EW14_1425
MIT0604_01426,EW14_1426
MIT0604_01427,EW14_1427
MIT0604_01428,EW14_1428
MIT0604_01429,EW14_1429
MIT0604_01430,EW14_1430
MIT0604_01431,EW14_1431
MIT0604_01432,EW14_1432
MIT0604_01433,EW14_1433
MIT0604_01434,EW14_1434
MIT0604_01435,EW14_1435
MIT0604_01436,EW14_1436
MIT0604_01437,EW14_1437
MIT0604_01438,EW14_1438
MIT0604_01439,EW14_1439
MIT0604_01440,EW14_1440
MIT0604_01441,EW14_1441
MIT0604_01442,EW14_1442
MIT0604_01443,EW14_1443
MIT0604_01444,EW14_1444
MIT0604_01445,EW14_1445
MIT0604_01446,EW14_1446
MIT0604_01448,EW14_1448
MIT0604_01449,EW14_1449
MIT0604_01450,EW14_1450
MIT0604_01451,EW14_1451
MIT0604_01452,EW14_1452
MIT0604_01453,EW14_1453
MIT0604_01454,EW14_1454
MIT0604_01455,EW14_1455
MIT0604_01456,EW14_1456
MIT0604_01457,EW14_1457
MIT0604_01458,EW14_1458
MIT0604_01459,EW14_1459
MIT0604_01460,EW14_1460
MIT0604_01461,EW14_1461
MIT0604_01462,EW14_1462
MIT0604_01463,EW14_1463
MIT0604_01464,EW14_1464
MIT0604_01465,EW14_1465
MIT0604_01466,EW14_1466
MIT0604_01467,EW14_1467
MIT0604_01468,EW14_1468
MIT0604_01469,EW14_1469
MIT0604_01470,EW14_1470
MIT0604_01471,EW14_1471
MIT0604_01472,EW14_1472
MIT0604_01473,EW14_1473
MIT0604_01474,EW14_1474
MIT0604_01475,EW14_1475
MIT0604_01476,EW14_1476
MIT0604_01477,EW14_1477
MIT0604_01478,EW14_1478
MIT0604_01479,EW14_1479
MIT0604_01480,EW14_1480
MIT0604_01481,EW14_1481
MIT0604_01482,EW14_1482
MIT0604_01483,EW14_1483
MIT0604_01484,EW14_1484
MIT0604_01485,EW14_1485
MIT0604_01486,EW14_1486
MIT0604_01487,EW14_1487
MIT0604_01488,EW14_1488
MIT0604_01489,EW14_1489
MIT0604_01490,EW14_1490
MIT0604_01491,EW14_1491
MIT0604_01492,EW14_1492
MIT0604_01493,EW14_1493
MIT0604_01494,EW14_1494
MIT0604_01495,EW14_1495
MIT0604_01496,EW14_1496
MIT0604_01497,EW14_1497
MIT0604_01498,EW14_1498
MIT0604_01499,EW14_1499
MIT0604_01500,EW14_1500
MIT0604_01501,EW14_1501
MIT0604_01502,EW14_1502
MIT0604_01503,EW14_1503
MIT0604_01504,EW14_1504
MIT0604_01505,EW14_1505
MIT0604_01506,EW14_1506
MIT0604_01507,EW14_1507
MIT0604_01508,EW14_1508
MIT0604_01509,EW14_1509
MIT0604_01510,EW14_1510
MIT0604_01511,EW14_1511
MIT0604_01512,EW14_1512
MIT0604_01513,EW14_1513
MIT0604_01514,EW14_1514
MIT0604_01515,EW14_1515
MIT0604_01516,EW14_1516
MIT0604_01517,EW14_1517
MIT0604_01518,EW14_1518
MIT0604_01519,EW14_1519
MIT0604_01520,EW14_1520
MIT0604_01521,EW14_1521
MIT0604_01522,EW14_1522
MIT0604_01523,EW14_1523
MIT0604_01524,EW14_1524
MIT0604_01525,EW14_1525
MIT0604_01526,EW14_1526
MIT0604_01527,EW14_1527
MIT0604_01528,EW14_1528
MIT0604_01529,EW14_1529
MIT0604_01531,EW14_1531
MIT0604_01532,EW14_1532
MIT0604_01533,EW14_1533
MIT0604_01534,EW14_1534
MIT0604_01535,EW14_1535
MIT0604_01536,EW14_1536
MIT0604_01537,EW14_1537
MIT0604_01538,EW14_1538
MIT0604_01539,EW14_1539
MIT0604_01540,EW14_1540
MIT0604_01541,EW14_1541
MIT0604_01542,EW14_1542
MIT0604_01543,EW14_1543
MIT0604_01544,EW14_1544
MIT0604_01545,EW14_1545
MIT0604_01546,EW14_1546
MIT0604_01547,EW14_1547
MIT0604_01548,EW14_1548
MIT0604_01549,EW14_1549
MIT0604_01550,EW14_1550
MIT0604_01551,EW14_1551
MIT0604_01552,EW14_1552
MIT0604_01553,EW14_1553
MIT0604_01554,EW14_1554
MIT0604_01555,EW14_1555
MIT0604_01556,EW14_1556
MIT0604_01557,EW14_1557
MIT0604_01558,EW14_1558
MIT0604_01559,EW14_1559
MIT0604_01560,EW14_1560
MIT0604_01561,EW14_1561
MIT0604_01562,EW14_1562
MIT0604_01563,EW14_1563
MIT0604_01564,EW14_1564
MIT0604_01565,EW14_1565
MIT0604_01567,EW14_1567
MIT0604_01568,EW14_1568
MIT0604_01569,EW14_1569
MIT0604_01570,EW14_1570
MIT0604_01571,EW14_1571
MIT0604_01572,EW14_1572
MIT0604_01573,EW14_1573
MIT0604_01574,EW14_1574
MIT0604_01575,EW14_1575
MIT0604_01576,EW14_1576
MIT0604_01577,EW14_1577
MIT0604_01578,EW14_1578
MIT0604_01579,EW14_1579
MIT0604_01580,EW14_1580
MIT0604_01581,EW14_1581
MIT0604_01582,EW14_1582
MIT0604_01583,EW14_1583
MIT0604_01584,EW14_1584
MIT0604_01585,EW14_1585
MIT0604_01586,EW14_1586
MIT0604_01587,EW14_1587
MIT0604_01588,EW14_1588
MIT0604_01589,EW14_1589
MIT0604_01590,EW14_1590
MIT0604_01591,EW14_1591
MIT0604_01592,EW14_1592
MIT0604_01593,EW14_1593
MIT0604_01594,EW14_1594
MIT0604_01595,EW14_1595
MIT0604_01596,EW14_1596
MIT0604_01597,EW14_1597
MIT0604_01598,EW14_1598
MIT0604_01599,EW14_1599
MIT0604_01600,EW14_1600
MIT0604_01601,EW14_1601
MIT0604_01602,EW14_1602
MIT0604_01603,EW14_1603
MIT0604_01604,EW14_1604
MIT0604_01605,EW14_1605
MIT0604_01606,EW14_1606
MIT0604_01607,EW14_1607
MIT0604_01608,EW14_1608
MIT0604_01609,EW14_1609
MIT0604_01610,EW14_1610
MIT0604_01611,EW14_1611
MIT0604_01612,EW14_1612
MIT0604_01613,EW14_1613
MIT0604_01614,EW14_1614
MIT0604_01615,EW14_1615
MIT0604_01616,EW14_1616
MIT0604_01617,EW14_1617
MIT0604_01618,EW14_1618
MIT0604_01619,EW14_1619
MIT0604_01620,EW14_1620
MIT0604_01621,EW14_1621
MIT0604_01622,EW14_1622
MIT0604_01623,EW14_1623
MIT0604_01624,EW14_1624
MIT0604_01625,EW14_1625
MIT0604_01626,EW14_1626
MIT0604_01627,EW14_1627
MIT0604_01628,EW14_1628
MIT0604_01629,EW14_1629
MIT0604_01630,EW14_1630
MIT0604_01631,EW14_1631
MIT0604_01632,EW14_1632
MIT0604_01633,EW14_1633
MIT0604_01634,EW14_1634
MIT0604_01635,EW14_1635
MIT0604_01636,EW14_1636
MIT0604_01637,EW14_1637
MIT0604_01638,EW14_1638
MIT0604_01639,EW14_1639
MIT0604_01640,EW14_1640
MIT0604_01641,EW14_1641
MIT0604_01642,EW14_1642
MIT0604_01643,EW14_1643
MIT0604_01644,EW14_1644
MIT0604_01645,EW14_1645
MIT0604_01646,EW14_1646
MIT0604_01647,EW14_1647
MIT0604_01648,EW14_1648
MIT0604_01649,EW14_1649
MIT0604_01650,EW14_1650
MIT0604_01651,EW14_1651
MIT0604_01652,EW14_1652
MIT0604_01653,EW14_1653
MIT0604_01654,EW14_1654
MIT0604_01655,EW14_1655
MIT0604_01656,EW14_1656
MIT0604_01657,EW14_1657
MIT0604_01658,EW14_1658
MIT0604_01659,EW14_1659
MIT0604_01660,EW14_1660
MIT0604_01661,EW14_1661
MIT0604_01662,EW14_1662
MIT0604_01663,EW14_1663
MIT0604_01664,EW14_1664
MIT0604_01665,EW14_1665
MIT0604_01666,EW14_1666
MIT0604_01667,EW14_1667
MIT0604_01668,EW14_1668
MIT0604_01669,EW14_1669
MIT0604_01670,EW14_1670
MIT0604_01671,EW14_1671
MIT0604_01672,EW14_1672
MIT0604_01673,EW14_1673
MIT0604_01674,EW14_1674
MIT0604_01675,EW14_1675
MIT0604_01676,EW14_1676
MIT0604_01677,EW14_1677
MIT0604_01678,EW14_1678
MIT0604_01679,EW14_1679
MIT0604_01680,EW14_1680
MIT0604_01681,EW14_1681
MIT0604_01682,EW14_1682
MIT0604_01683,EW14_1683
MIT0604_01684,EW14_1684
MIT0604_01685,EW14_1685
MIT0604_01686,EW14_1686
MIT0604_01687,EW14_1687
MIT0604_01688,EW14_1688
MIT0604_01689,EW14_1689
MIT0604_01690,EW14_1690
MIT0604_01691,EW14_1691
MIT0604_01692,EW14_1692
MIT0604_01693,EW14_1693
MIT0604_01694,EW14_1694
MIT0604_01695,EW14_1695
MIT0604_01696,EW14_1696
MIT0604_01697,EW14_1697
MIT0604_01698,EW14_1698
MIT0604_01699,EW14_1699
MIT0604_01700,EW14_1700
MIT0604_01701,EW14_1701
MIT0604_01702,EW14_1702
MIT0604_01703,EW14_1703
MIT0604_01704,EW14_1704
MIT0604_01705,EW14_1705
MIT0604_01706,EW14_1706
MIT0604_01707,EW14_1707
MIT0604_01708,EW14_1708
MIT0604_01709,EW14_1709
MIT0604_01710,EW14_1710
MIT0604_01711,EW14_1711
MIT0604_01712,EW14_1712
MIT0604_01713,EW14_1713
MIT0604_01714,EW14_1714
MIT0604_01715,EW14_1715
MIT0604_01716,EW14_1716
MIT0604_01717,EW14_1717
MIT0604_01718,EW14_1718
MIT0604_01719,EW14_1719
MIT0604_01720,EW14_1720
MIT0604_01721,EW14_1721
MIT0604_01722,EW14_1722
MIT0604_01723,EW14_1723
MIT0604_01724,EW14_1724
MIT0604_01725,EW14_1725
MIT0604_01726,EW14_1726
MIT0604_01727,EW14_1727
MIT0604_01728,EW14_1728
MIT0604_01729,EW14_1729
MIT0604_01730,EW14_1730
MIT0604_01731,EW14_1731
MIT0604_01732,EW14_1732
MIT0604_01733,EW14_1733
MIT0604_01734,EW14_1734
MIT0604_01735,EW14_1735
MIT0604_01736,EW14_1736
MIT0604_01737,EW14_1737
MIT0604_01738,EW14_1738
MIT0604_01739,EW14_1739
MIT0604_01740,EW14_1740
MIT0604_01741,EW14_1741
MIT0604_01742,EW14_1742
MIT0604_01743,EW14_1743
MIT0604_01744,EW14_1744
MIT0604_01745,EW14_1745
MIT0604_01746,EW14_1746
MIT0604_01747,EW14_1747
MIT0604_01748,EW14_1748
MIT0604_01749,EW14_1749
MIT0604_01750,EW14_1750
MIT0604_01751,EW14_1751
MIT0604_01752,EW14_1752
MIT0604_01753,EW14_1753
MIT0604_01754,EW14_1754
MIT0604_01755,EW14_1755
MIT0604_01756,EW14_1756
MIT0604_01757,EW14_1757
MIT0604_01758,EW14_1758
MIT0604_01759,EW14_1759
MIT0604_01760,EW14_1760
MIT0604_01761,EW14_1761
MIT0604_01762,EW14_1762
MIT0604_01763,EW14_1763
MIT0604_01764,EW14_1764
MIT0604_01765,EW14_1765
MIT0604_01766,EW14_1766
MIT0604_01767,EW14_1767
MIT0604_01768,EW14_1768
MIT0604_01769,EW14_1769
MIT0604_01770,EW14_1770
MIT0604_01771,EW14_1771
MIT0604_01772,EW14_1772
MIT0604_01773,EW14_1773
MIT0604_01774,EW14_1774
MIT0604_01775,EW14_1775
MIT0604_01776,EW14_1776
MIT0604_01777,EW14_1777
MIT0604_01778,EW14_1778
MIT0604_01779,EW14_1779
MIT0604_01780,EW14_1780
MIT0604_01781,EW14_1781
MIT0604_01782,EW14_1782
MIT0604_01783,EW14_1783
MIT0604_01784,EW14_1784
MIT0604_01785,EW14_1785
MIT0604_01786,EW14_1786
MIT0604_01787,EW14_1787
MIT0604_01788,EW14_1788
MIT0604_01789,EW14_1789
MIT0604_01790,EW14_1790
MIT0604_01791,EW14_1791
MIT0604_01792,EW14_1792
MIT0604_01793,EW14_1793
MIT0604_01794,EW14_1794
MIT0604_01795,EW14_1795
MIT0604_01796,EW14_1796
MIT0604_01797,EW14_1797
MIT0604_01798,EW14_1798
MIT0604_01799,EW14_1799
MIT0604_01800,EW14_1800
MIT0604_01801,EW14_1801
MIT0604_01802,EW14_1802
MIT0604_01803,EW14_1803
MIT0604_01804,EW14_1804
MIT0604_01805,EW14_1805
MIT0604_01806,EW14_1806
MIT0604_01807,EW14_1807
MIT0604_01808,EW14_1808
MIT0604_01809,EW14_1809
MIT0604_01810,EW14_1810
MIT0604_01811,EW14_1811
MIT0604_01812,EW14_1812
MIT0604_01813,EW14_1813
MIT0604_01814,EW14_1814
MIT0604_01815,EW14_1815
MIT0604_01816,EW14_1816
MIT0604_01817,EW14_1817
MIT0604_01818,EW14_1818
MIT0604_01819,EW14_1819
MIT0604_01820,EW14_1820
MIT0604_01821,EW14_1821
MIT0604_01822,EW14_1822
MIT0604_01823,EW14_1823
MIT0604_01824,EW14_1824
MIT0604_01825,EW14_1825
MIT0604_01826,EW14_1826
MIT0604_01827,EW14_1827
MIT0604_01828,EW14_1828
MIT0604_01829,EW14_1829
MIT0604_01830,EW14_1830
MIT0604_01831,EW14_1831
MIT0604_01832,EW14_1832
MIT0604_01833,EW14_1833
MIT0604_01834,EW14_1834
MIT0604_01835,EW14_1835
MIT0604_01836,EW14_1836
MIT0604_01837,EW14_1837
MIT0604_01838,EW14_1838
MIT0604_01839,EW14_1839
MIT0604_01840,EW14_1840
MIT0604_01841,EW14_1841
MIT0604_01842,EW14_1842
MIT0604_01843,EW14_1843
MIT0604_01844,EW14_1844
MIT0604_01845,EW14_1845
MIT0604_01846,EW14_1846
MIT0604_01847,EW14_1847
MIT0604_01848,EW14_1848
MIT0604_01849,EW14_1849
MIT0604_01850,EW14_1850
MIT0604_01852,EW14_1852
MIT0604_01853,EW14_1853
MIT0604_01855,EW14_1855
MIT0604_01856,EW14_1856
MIT0604_01857,EW14_1857
MIT0604_01858,EW14_1858
MIT0604_01859,EW14_1859
MIT0604_01860,EW14_1860
MIT0604_01861,EW14_1861
MIT0604_01862,EW14_1862
MIT0604_01863,EW14_1863
MIT0604_01864,EW14_1864
MIT0604_01865,EW14_1865
MIT0604_01866,EW14_1866
MIT0604_01867,EW14_1867
MIT0604_01868,EW14_1868
MIT0604_01869,EW14_1869
MIT0604_01870,EW14_1870
MIT0604_01871,EW14_1871
MIT0604_01872,EW14_1872
MIT0604_01873,EW14_1873
MIT0604_01874,EW14_1874
MIT0604_01875,EW14_1875
MIT0604_01876,EW14_1876
MIT0604_01877,EW14_1877
MIT0604_01878,EW14_1878
MIT0604_01879,EW14_1879
MIT0604_01880,EW14_1880
MIT0604_01881,EW14_1881
MIT0604_01882,EW14_1882
MIT0604_01883,EW14_1883
MIT0604_01884,EW14_1884
MIT0604_01885,EW14_1885
MIT0604_01886,EW14_1886
MIT0604_01887,EW14_1887
MIT0604_01888,EW14_1888
MIT0604_01889,EW14_1889
MIT0604_01890,EW14_1890
MIT0604_01891,EW14_1891
MIT0604_01892,EW14_1892
MIT0604_01893,EW14_1893
MIT0604_01894,EW14_1894
MIT0604_01895,EW14_1895
MIT0604_01896,EW14_1896
MIT0604_01897,EW14_1897
MIT0604_01898,EW14_1898
MIT0604_01899,EW14_1899
MIT0604_01900,EW14_1900
MIT0604_01901,EW14_1901
MIT0604_01902,EW14_1902
MIT0604_01903,EW14_1903
MIT0604_01904,EW14_1904
MIT0604_01905,EW14_1905
MIT0604_01906,EW14_1906
MIT0604_01907,EW14_1907
MIT0604_01908,EW14_1908
MIT0604_01909,EW14_1909
MIT0604_01910,EW14_1910
MIT0604_01911,EW14_1911
MIT0604_01912,EW14_1912
MIT0604_01913,EW14_1913
MIT0604_01914,EW14_1914
MIT0604_01915,EW14_1915
MIT0604_01916,EW14_1916
MIT0604_01917,EW14_1917
MIT0604_01918,EW14_1918
MIT0604_01919,EW14_1919
MIT0604_01920,EW14_1920
MIT0604_01921,EW14_1921
MIT0604_01922,EW14_1922
MIT0604_01923,EW14_1923
MIT0604_01924,EW14_1924
MIT0604_01925,EW14_1925
MIT0604_01926,EW14_1926
MIT0604_01927,EW14_1927
MIT0604_01928,EW14_1928
MIT0604_01929,EW14_1929
MIT0604_01930,EW14_1930
MIT0604_01931,EW14_1931
MIT0604_01932,EW14_1932
MIT0604_01933,EW14_1933
MIT0604_01934,EW14_1934
MIT0604_01935,EW14_1935
MIT0604_01936,EW14_1936
MIT0604_01937,EW14_1937
MIT0604_01938,EW14_1938
MIT0604_01939,EW14_1939
MIT0604_01940,EW14_1940
MIT0604_01941,EW14_1941
MIT0604_01942,EW14_1942
MIT0604_01943,EW14_1943
MIT0604_01944,EW14_1944
MIT0604_01945,EW14_1945
MIT0604_01946,EW14_1946
MIT0604_01947,EW14_1947
MIT0604_01948,EW14_1948
MIT0604_01949,EW14_1949
MIT0604_01950,EW14_1950
MIT0604_01951,EW14_1951
MIT0604_01952,EW14_1952
MIT0604_01953,EW14_1953
MIT0604_01954,EW14_1954
MIT0604_01955,EW14_1955
MIT0604_01956,EW14_1956
MIT0604_01957,EW14_1957
MIT0604_01958,EW14_1958
MIT0604_01959,EW14_1959
MIT0604_01960,EW14_1960
MIT0604_01961,EW14_1961
MIT0604_01962,EW14_1962
MIT0604_01963,EW14_1963
MIT0604_01964,EW14_1964
MIT0604_01965,EW14_1965
MIT0604_01966,EW14_1966
MIT0604_01967,EW14_1967
MIT0604_01968,EW14_1968
MIT0604_01969,EW14_1969
MIT0604_01970,EW14_1970
MIT0604_01971,EW14_1971
MIT0604_01972,EW14_1972
MIT0604_01973,EW14_1973
MIT0604_01974,EW14_1974
MIT0604_01975,EW14_1975
MIT0604_01976,EW14_1976
MIT0604_01977,EW14_1977
MIT0604_01978,EW14_1978
MIT0604_01979,EW14_1979
MIT0604_01980,EW14_1980
MIT0604_01981,EW14_1981
MIT0604_01982,EW14_1982
MIT0604_01983,EW14_1983
MIT0604_01984,EW14_1984
MIT0604_01985,EW14_1985
MIT0604_01986,EW14_1986
MIT0604_01987,EW14_1987
MIT0604_01988,EW14_1988
MIT0604_01989,EW14_1989
MIT0604_01990,EW14_1990
MIT0604_01991,EW14_1991
MIT0604_01992,EW14_1992
MIT0604_01993,EW14_1993
MIT0604_01994,EW14_1994
MIT0604_01995,EW14_1995
MIT0604_01996,EW14_1996
MIT0604_01997,EW14_1997
MIT0604_01998,EW14_1998
MIT0604_01999,EW14_1999
MIT0604_02000,EW14_2000
MIT0604_02001,EW14_2001
MIT0604_02002,EW14_2002
MIT0604_02003,EW14_2003
MIT0604_02004,EW14_2004
MIT0604_02005,EW14_2005
MIT0604_02006,EW14_2006
MIT0604_02007,EW14_2007
MIT0604_02008,EW14_2008
MIT0604_02009,EW14_2009
MIT0604_02010,EW14_2010
MIT0604_02011,EW14_2011
MIT0604_02012,EW14_2012
MIT0604_02013,EW14_2013
MIT0604_02014,EW14_2014
MIT0604_02015,EW14_2015
MIT0604_02016,EW14_2016
MIT0604_02017,EW14_2017
MIT0604_02018,EW14_2018
MIT0604_02019,EW14_2019
MIT0604_02020,EW14_2020
MIT0604_02021,EW14_2021
MIT0604_02022,EW14_2022
MIT0604_02023,EW14_2023
MIT0604_02024,EW14_2024
MIT0604_02025,EW14_2025
MIT0604_02026,EW14_2026
MIT0604_02027,EW14_2027
MIT0604_02028,EW14_2028
MIT0604_02029,EW14_2029
MIT0604_02030,EW14_2030
MIT0604_02031,EW14_2031
MIT0604_02032,EW14_2032
MIT0604_02033,EW14_2033
MIT0604_02034,EW14_2034
MIT0604_02035,EW14_2035
MIT0604_02036,EW14_2036
MIT0604_02037,EW14_2037
MIT0604_02038,EW14_2038
MIT0604_02039,EW14_2039
MIT0604_02040,EW14_2040
MIT0604_02041,EW14_2041
MIT0604_02042,EW14_2042
MIT0604_02043,EW14_2043
MIT0604_02044,EW14_2044
MIT0604_02045,EW14_2045
MIT0604_02046,EW14_2046
MIT0604_02047,EW14_2047
MIT0604_02048,EW14_2048
MIT0604_02049,EW14_2049
MIT0604_02050,EW14_2050
MIT0604_02051,EW14_2051
MIT0604_02052,EW14_2052
MIT0604_02053,EW14_2053
MIT0604_02054,EW14_2054
MIT0604_02055,EW14_2055
MIT0604_02056,EW14_2056
MIT0604_02057,EW14_2057
MIT0604_02058,EW14_2058
MIT0604_02059,EW14_2059
MIT0604_02060,EW14_2060
MIT0604_02061,EW14_2061
MIT0604_02062,EW14_2062
MIT0604_02063,EW14_2063
MIT0604_02064,EW14_2064
MIT0604_02065,EW14_2065
MIT0604_02066,EW14_2066
MIT0604_02067,EW14_2067
MIT0604_02068,EW14_2068
MIT0604_02069,EW14_2069
MIT0604_02070,EW14_2070
MIT0604_02071,EW14_2071
MIT0604_02072,EW14_2072
MIT0604_02073,EW14_2073
MIT0604_02074,EW14_2074
MIT0604_02075,EW14_2075
MIT0604_02076,EW14_2076
MIT0604_02077,EW14_2077
MIT0604_02078,EW14_2078
MIT0604_02079,EW14_2079
MIT0604_02080,EW14_2080
MIT0604_02081,EW14_2081
MIT0604_02082,EW14_2082
MIT0604_02083,EW14_2083
MIT0604_02084,EW14_2084
MIT0604_02085,EW14_2085
MIT0604_50001,EW14_0022
MIT0604_50002,EW14_RS09795
MIT0604_50003,EW14_50003
MIT0604_50004,EW14_RS03135
MIT0604_50005,EW14_1088
MIT0604_50006,EW14_RS05210
MIT0604_50007,EW14_50007
MIT0604_50008,EW14_RS06455
MIT0604_50009,EW14_RS10650
MIT0604_50010,EW14_1851
MIT0604_50011,EW14_1062
MIT0604_50012,EW14_RS05025
MIT0604_50013,EW14_50013
