WP_036904414.1	MER0036065|S33.A03|S33	36.2	88.3	99.6	268	1.88e-52	169
WP_036904414.1	MER0036053|S33.A01|S33	34.4	88.6	97.7	273	1.63e-45	152
WP_036904414.1	MER0036054|S33.A02|S33	30.5	87.6	93.8	275	1.36e-38	134
WP_036904414.1	MER0036074|S33.A34|S33	22.6	95.3	77.1	314	4.64e-16	74.7
WP_036904414.1	MER0011509|S33.A84|S33	27.3	40.5	35.9	121	9.23e-10	55.5
WP_036904414.1	MER0030163|S33.975|S33	29.5	40.5	39.2	122	8.70e-09	52.4
WP_036904414.1	MER0031616|S33.013|S33	29.4	36.1	32.2	109	5.45e-08	50.1
WP_036904414.1	MER0037853|S33.984|S33	30.8	47.8	42.0	146	3.19e-07	47.8
WP_036904414.1	MER0011785|S33.009|S33	26.1	39.1	33.8	119	1.03e-06	46.2
WP_036904414.1	MER0014065|S33.974|S33	21.8	87.6	89.3	307	1.85e-05	42.4
WP_036904452.1	MER0002007|M20.008|M20D	41.4	94.9	96.2	382	5.91e-86	263
WP_036904452.1	MER0002655|M20.015|M20D	36.5	94.4	97.6	375	8.22e-79	244
WP_036904452.1	MER0002659|M20.014|M20D	34.7	94.2	95.4	377	8.89e-72	227
WP_036904452.1	MER0002013|M20.A02|M20D	38.0	90.1	91.4	363	1.92e-71	226
WP_036904452.1	MER0002014|M20.A03|M20D	33.7	96.4	96.9	386	1.07e-69	221
WP_036904452.1	MER0005155|M20.A06|M20D	35.4	90.9	95.8	367	3.17e-61	199
WP_036904452.1	MER0003770|M20.A27|M20D	34.3	92.4	96.8	370	1.69e-58	192
WP_036904452.1	MER0005173|M20.A05|M20D	31.5	91.6	97.1	368	1.91e-56	186
WP_036904452.1	MER0003815|M20.A04|M20D	41.9	42.1	55.7	167	6.11e-36	130
WP_036904452.1	MER0015354|M20.A01|M20D	43.8	40.9	55.9	162	6.79e-36	130
WP_036904452.1	MER0005163|M20.009|M20D	45.1	38.3	57.6	153	2.69e-35	127
WP_036904452.1	MER0003581|M20.020|M20D	25.7	82.0	98.8	335	6.62e-27	106
WP_036904452.1	MER0002664|M20.A26|M20D	39.1	39.3	52.2	156	2.53e-23	95.5
WP_036904462.1	MER0003327|C44.971|C44	41.7	39.0	98.7	247	6.28e-55	184
WP_036904462.1	MER0185695|C44.A08|C44	41.3	36.3	100	235	1.15e-48	166
WP_036904462.1	MER0012158|C44.972|C44	30.1	43.8	100	342	6.36e-34	129
WP_036904462.1	MER0003350|C44.975|C44	37.9	31.1	100	211	1.65e-33	124
WP_036904462.1	MER0003322|C44.970|C44	35.5	30.6	100	211	2.67e-29	112
WP_036904462.1	MER0011781|C44.A02|C44	27.0	34.5	86.5	222	2.15e-14	70.1
WP_036904462.1	MER0011806|C44.A03|C44	27.5	34.5	86.9	222	2.91e-14	69.7
WP_036904462.1	MER0004101|C44.A01|C44	28.4	34.5	86.9	225	9.68e-14	68.2
WP_036904462.1	MER0003314|C44.001|C44	31.5	21.8	54.1	146	7.29e-11	60.1
WP_036904475.1	MER0036053|S33.A01|S33	42.3	84.5	98.1	265	4.77e-62	194
WP_036904475.1	MER0036065|S33.A03|S33	34.6	83.8	99.6	260	5.92e-45	150
WP_036904475.1	MER0036054|S33.A02|S33	35.9	85.1	97.1	270	6.78e-45	150
WP_036904475.1	MER0036074|S33.A34|S33	30.1	87.1	74.1	302	7.68e-32	119
WP_036904475.1	MER0011509|S33.A84|S33	24.8	85.1	85.4	282	2.95e-10	57.0
WP_036904475.1	MER0031616|S33.013|S33	36.1	26.1	26.4	83	1.75e-08	51.6
WP_036904475.1	MER0011785|S33.009|S33	26.1	74.3	74.2	245	3.29e-08	50.8
WP_036904475.1	MER0036068|S33.A19|S33	26.3	85.5	84.1	266	5.42e-07	47.0
WP_036904475.1	MER0014065|S33.974|S33	31.6	30.0	28.0	95	6.00e-07	47.0
WP_036904475.1	MER0036064|S33.A16|S33	37.0	35.0	40.3	108	3.65e-06	44.3
WP_036904475.1	MER0030163|S33.975|S33	36.5	26.7	28.9	85	4.07e-06	44.3
WP_036904475.1	MER0044633|S33.A26|S33	34.6	25.4	22.2	81	1.50e-05	42.7
WP_036904475.1	MER0031617|S33.978|S33	35.8	17.5	18.7	53	1.69e-05	42.4
WP_036904475.1	MER0036084|S33.A29|S33	31.0	19.1	21.5	58	2.17e-04	38.9
WP_036904475.1	MER0044578|S33.A28|S33	28.6	32.7	29.8	105	2.60e-04	38.9
WP_036904475.1	MER0044581|S33.A27|S33	32.5	37.6	33.4	120	2.62e-04	38.9
WP_036904475.1	MER0036078|S33.A75|S33	25.5	82.8	86.6	263	3.56e-04	38.1
WP_036904475.1	MER0213829|S33.A76|S33	29.1	35.0	34.7	117	4.38e-04	38.1
WP_036904653.1	MER0043394|C26.955|C26	54.0	82.3	98.8	163	8.36e-65	194
WP_036904653.1	MER0044622|C26.A25|C26	46.7	99.0	74.7	197	1.00e-61	189
WP_036904653.1	MER0045094|C26.959|C26	46.2	99.0	78.8	197	4.04e-60	185
WP_036904653.1	MER0044882|C26.A09|C26	48.8	81.3	91.2	166	6.44e-51	159
WP_036904653.1	MER0043392|C26.960|C26	39.7	76.3	87.0	151	1.18e-34	117
WP_036904653.1	MER0045095|C26.958|C26	35.4	97.5	78.7	212	8.94e-31	110
WP_036904653.1	MER0043195|C26.A30|C26	34.1	97.0	80.8	208	2.26e-26	98.6
WP_036904653.1	MER0044619|C26.A26|C26	34.9	97.5	78.9	195	7.11e-25	94.4
WP_036904653.1	MER0043537|C26.A31|C26	30.3	98.0	97.9	198	1.65e-21	84.3
WP_036904653.1	MER0045945|C26.963|C26	33.1	67.7	57.8	136	9.91e-18	75.1
WP_036904653.1	MER0044812|C26.A04|C26	32.1	68.7	53.3	137	1.90e-17	74.7
WP_036904653.1	MER0115185|C26.954|C26	32.4	68.2	90.9	139	4.54e-15	66.2
WP_036904653.1	MER0044889|C26.A21|C26	30.7	70.7	56.6	140	4.52e-14	65.5
WP_036904653.1	MER0038086|C26.962|C26	28.0	83.3	68.7	182	3.92e-11	57.4
WP_036904653.1	MER0060647|C26.952|C26	29.8	64.1	35.3	131	5.03e-10	54.7
WP_036904653.1	MER0436691|C26.A27|C26	30.5	64.1	48.6	131	1.44e-08	50.1
WP_036904681.1	MER0033184|M38.979|M38	33.1	71.8	76.6	287	2.94e-37	135
WP_036904681.1	MER0066192|M38.983|M38	29.4	72.3	80.9	286	4.71e-32	120
WP_036904723.1	MER0014135|S16.A04|S16	48.1	52.1	88.9	241	1.41e-70	222
WP_036904723.1	MER0017402|S16.A11|S16	24.2	39.0	86.8	194	1.76e-09	54.7
WP_036904723.1	MER0003359|S16.008|S16	24.5	20.9	41.5	98	1.89e-05	42.7
WP_036904723.1	MER0005837|S16.A06|S16	22.6	18.3	32.8	84	2.15e-04	39.7
WP_036904785.1	MER0003290|S01.482|S01C	62.4	39.8	100	157	5.20e-61	191
WP_036904785.1	MER0000268|S01.480|S01C	56.3	39.8	100	158	1.14e-48	159
WP_036904785.1	MER0004111|S01.442|S01C	53.2	39.8	100	158	3.58e-47	155
WP_036904785.1	MER0005468|S01.491|S01C	50.6	39.8	100	158	1.18e-45	151
WP_036904785.1	MER0004673|S01.494|S01C	35.4	61.5	93.4	263	3.04e-44	151
WP_036904785.1	MER0013623|S01.453|S01C	48.7	39.8	100	158	1.66e-43	145
WP_036904785.1	MER0028330|S01.329|S01C	48.1	39.8	100	156	2.87e-40	137
WP_036904785.1	MER0002577|S01.277|S01C	46.8	39.8	100	156	5.63e-40	136
WP_036904785.1	MER0001373|S01.275|S01C	48.8	39.8	100	162	1.28e-39	135
WP_036904785.1	MER0014795|S01.284|S01C	46.9	39.8	100	162	1.32e-39	135
WP_036904785.1	MER0003850|S01.500|S01C	44.6	43.9	97.2	175	1.56e-39	136
WP_036904785.1	MER0004086|S01.B81|S01C	46.9	39.5	100	162	7.81e-39	134
WP_036904785.1	MER0004093|S01.278|S01C	42.9	39.8	100	156	4.52e-38	131
WP_036904785.1	MER0022668|S01.447|S01C	45.6	39.8	100	171	7.66e-38	131
WP_036904785.1	MER0016351|S01.285|S01C	44.9	39.8	100	156	8.86e-38	130
WP_036904785.1	MER0001372|S01.274|S01C	47.5	39.8	100	160	9.68e-38	130
WP_036904785.1	MER0001945|S01.472|S01C	47.2	39.8	100	159	1.48e-37	130
WP_036904785.1	MER0000266|S01.273|S01C	47.5	39.8	100	160	2.66e-37	129
WP_036904785.1	MER0006096|S01.A08|S01C	50.8	33.2	98.5	130	1.33e-36	127
WP_036904785.1	MER0003293|S01.477|S01C	47.1	39.0	100	153	1.22e-35	125
WP_036904785.1	MER0011375|S01.476|S01C	44.3	39.8	100	158	1.97e-35	124
WP_036904785.1	MER0016031|S01.364|S01C	45.8	39.8	100	166	1.99e-35	125
WP_036904785.1	MER0004149|S01.525|S01C	46.7	39.8	100	165	4.99e-35	124
WP_036904785.1	MER0015583|S01.416|S01C	44.7	36.2	98.0	150	3.04e-31	113
WP_036904785.1	MER0005093|S01.441|S01C	42.3	39.5	100	168	1.18e-30	112
WP_036904816.1	MER0015682|S09.074|S09C	45.5	36.8	77.8	242	9.64e-64	210
WP_036904816.1	MER0140224|S09.B03|S09X	47.0	32.1	90.3	215	8.28e-54	181
WP_036904816.1	MER0003558|S09.A83|S09C	38.8	39.1	97.7	258	2.17e-50	172
WP_036904816.1	MER0126485|S09.072|S09X	41.3	34.5	94.5	223	5.56e-50	171
WP_036904816.1	MER0018170|S09.057|S09C	35.4	33.7	90.9	229	9.48e-38	137
WP_036904816.1	MER0017401|S09.071|S09C	25.7	33.9	91.2	222	1.06e-18	82.8
WP_036904816.1	MER0001920|S09.A77|S09C	25.1	34.2	92.3	227	7.43e-18	80.5
WP_036904816.1	MER0000408|S09.004|S09C	27.0	34.2	88.9	233	9.15e-14	68.6
WP_036904816.1	MER0016096|S09.056|S09C	25.5	33.5	92.2	231	4.91e-13	66.2
WP_036904816.1	MER0005807|S09.070|S09C	27.2	32.9	75.6	213	6.08e-11	60.5
WP_036904816.1	MER0000263|S09.012|S09C	25.1	33.5	92.1	231	1.96e-09	55.5
WP_036904816.1	MER0004199|S09.A76|S09B	25.0	34.3	96.4	228	1.28e-08	52.8
WP_036904816.1	MER0000399|S09.007|S09B	24.0	34.0	85.1	233	1.09e-06	47.4
WP_036904816.1	MER0030932|S09.B06|S09X	24.8	34.6	87.8	226	4.14e-06	45.4
WP_036904816.1	MER0000401|S09.003|S09B	20.9	38.7	94.7	258	1.11e-05	44.3
WP_036904816.1	MER0004193|S09.A74|S09B	24.7	28.1	68.8	182	5.32e-05	42.0
WP_036904993.1	MER0059846|S33.A46|S33	27.5	76.5	77.9	291	1.26e-15	73.9
WP_036905009.1	MER0036053|S33.A01|S33	28.6	85.8	99.6	280	1.36e-23	94.7
WP_036905009.1	MER0036054|S33.A02|S33	29.6	81.4	92.3	280	6.03e-23	93.2
WP_036905009.1	MER0036065|S33.A03|S33	26.7	83.3	99.6	281	9.80e-20	84.0
WP_036905009.1	MER0036074|S33.A34|S33	23.3	92.6	79.4	331	1.55e-15	73.6
WP_036905009.1	MER0011509|S33.A84|S33	30.9	34.1	33.3	110	1.49e-09	55.1
WP_036905009.1	MER0036059|S33.A79|S33	20.8	82.7	86.9	308	3.06e-08	51.2
WP_036905009.1	MER0035973|S33.A14|S33	21.2	83.3	80.8	273	2.49e-07	48.1
WP_036905009.1	MER0011785|S33.009|S33	29.7	33.4	32.0	111	2.85e-07	48.1
WP_036905009.1	MER0031610|S33.976|S33	19.0	87.6	85.0	294	3.52e-07	47.8
WP_036905009.1	MER0036064|S33.A16|S33	23.6	82.4	89.0	271	5.46e-06	43.9
WP_036905009.1	MER0044633|S33.A26|S33	29.2	35.3	31.3	120	1.27e-05	43.1
WP_036905009.1	MER0036050|S33.A17|S33	30.1	25.7	24.9	83	3.72e-05	41.6
WP_036905009.1	MER0036067|S33.A71|S33	20.9	84.5	84.2	282	1.44e-04	39.7
WP_036905009.1	MER0036072|S33.A36|S33	25.4	38.7	38.1	130	3.73e-04	38.5
WP_036905207.1	MER0321345|S49.A08|S49B	47.4	63.9	94.0	173	5.56e-52	165
WP_036905207.1	MER0003812|S49.008|S49X	47.4	63.9	89.6	173	1.46e-51	164
WP_036905207.1	MER0001299|S49.001|S49A	39.1	66.5	31.1	179	1.26e-32	122
WP_036905207.1	MER0044046|S49.006|S49B	42.3	65.1	93.5	175	3.26e-31	111
WP_036905207.1	MER0011114|S49.004|S49B	35.4	70.6	51.2	192	1.46e-27	106
WP_036905207.1	MER0013957|S49.007|S49B	35.1	63.6	90.4	171	2.35e-27	101
WP_036905207.1	MER0001300|S49.002|S49B	32.5	62.5	89.2	169	1.48e-17	75.5
WP_036905207.1	MER0001303|S49.003|S49B	31.1	61.7	84.5	167	8.50e-16	70.9
WP_036905228.1	MER0004471|M50.A10|M50B	37.3	98.3	76.4	357	8.35e-64	204
WP_036905228.1	MER0004474|M50.003|M50B	36.4	98.3	77.7	357	2.18e-62	201
WP_036905228.1	MER0897124|M50.A11|M50A	26.7	95.6	97.1	431	8.13e-30	115
WP_036905228.1	MER0004468|M50.011|M50B	26.5	95.3	96.7	430	1.29e-27	109
WP_036905228.1	MER0004480|M50.004|M50B	30.4	85.0	99.7	335	2.45e-27	107
WP_036905228.1	MER0004469|M50.005|M50B	24.4	87.3	85.9	356	2.53e-10	58.2
WP_036905253.1	MER0005466|M41.021|M41	49.4	37.0	96.3	231	1.98e-68	219
WP_036905253.1	MER0002602|M41.009|M41	44.8	38.1	89.1	239	3.26e-61	201
WP_036905253.1	MER0002563|M41.020|M41	43.2	36.7	95.1	234	7.01e-58	192
WP_036905253.1	MER0017637|M41.024|M41	44.0	36.7	95.1	234	7.01e-58	192
WP_036905253.1	MER0023544|M41.A10|M41	43.7	38.1	84.0	238	2.52e-54	183
WP_036905253.1	MER0171760|M41.A12|M41	38.1	42.9	98.9	270	1.86e-52	178
WP_036905253.1	MER0011120|M41.A04|M41	42.1	38.6	93.2	247	1.92e-52	178
WP_036905253.1	MER0005496|M41.007|M41	40.6	38.3	86.2	239	2.99e-52	177
WP_036905253.1	MER0002600|M41.002|M41	41.4	38.3	90.6	239	5.52e-52	176
WP_036905253.1	MER0001620|M41.001|M41	41.6	36.5	82.0	233	6.13e-50	172
WP_036905253.1	MER0002408|M41.017|M41	40.6	37.2	93.9	234	1.11e-49	170
WP_036905253.1	MER0056525|M41.A17|M41	40.3	37.0	89.2	231	1.28e-49	170
WP_036905253.1	MER0011224|M41.A09|M41	39.8	38.3	84.4	241	1.31e-49	171
WP_036905253.1	MER0002605|M41.003|M41	39.7	38.3	87.2	239	1.90e-49	170
WP_036905253.1	MER0015690|M41.A03|M41	39.3	38.6	93.2	247	2.61e-48	167
WP_036905253.1	MER0011745|M41.005|M41	43.4	37.2	89.2	235	5.88e-48	166
WP_036905253.1	MER0015194|M41.A14|M41	42.7	36.9	84.2	232	2.57e-47	164
WP_036905253.1	MER0011748|M41.022|M41	39.8	37.0	81.8	231	1.21e-46	162
WP_036905253.1	MER0015137|M41.025|M41	42.1	37.2	90.2	235	7.18e-46	160
WP_036905253.1	MER0015199|M41.015|M41	39.2	36.4	81.0	227	1.35e-45	160
WP_036905253.1	MER0015195|M41.A15|M41	40.7	37.0	81.5	231	1.67e-45	159
WP_036905253.1	MER0015197|M41.013|M41	40.3	36.9	86.9	231	2.86e-45	158
WP_036905253.1	MER0015609|M41.023|M41	38.1	37.0	81.6	231	5.64e-45	158
WP_036905253.1	MER0024898|M41.A13|M41	37.9	38.3	85.1	240	2.14e-43	154
WP_036905253.1	MER0004454|M41.006|M41	40.4	36.4	81.0	228	5.49e-43	152
WP_036905334.1	MER0000474|S14.001|S14	42.8	86.6	84.5	194	9.42e-50	158
WP_036905334.1	MER0006046|S14.A02|S14	38.7	86.6	84.5	194	1.73e-44	145
WP_036905334.1	MER0005687|S14.A01|S14	38.8	92.4	92.4	214	7.75e-44	143
WP_036905334.1	MER0002211|S14.003|S14	41.4	85.3	83.1	191	5.50e-43	141
WP_036905334.1	MER0006063|S14.010|S14	43.5	85.3	82.7	191	7.99e-43	140
WP_036905334.1	MER0002299|S14.A04|S14	41.1	85.7	86.1	192	1.85e-42	139
WP_036905334.1	MER0004857|S14.008|S14	42.0	83.9	81.2	188	2.46e-41	137
WP_036905334.1	MER0004847|S14.009|S14	38.7	84.8	82.7	191	2.23e-39	132
WP_036905334.1	MER0004855|S14.A03|S14	34.9	87.1	84.2	195	5.66e-37	125
WP_036905334.1	MER0006056|S14.011|S14	36.6	86.6	82.5	194	1.75e-32	114
WP_036905334.1	MER0004182|S14.006|S14	29.0	86.2	85.7	193	2.02e-28	103
WP_036905334.1	MER0006308|S14.002|S14	28.2	91.5	92.9	206	1.41e-26	98.6
WP_036905334.1	MER0011666|S14.005|S14	34.0	70.1	79.4	159	5.33e-24	91.7
WP_036905335.1	MER0000474|S14.001|S14	62.1	91.0	87.4	182	4.25e-75	222
WP_036905335.1	MER0005687|S14.A01|S14	61.1	90.0	84.8	180	1.73e-70	210
WP_036905335.1	MER0006308|S14.002|S14	48.2	96.5	98.5	193	1.44e-63	192
WP_036905335.1	MER0004857|S14.008|S14	59.9	86.0	82.1	172	2.89e-63	192
WP_036905335.1	MER0002299|S14.A04|S14	55.3	89.5	88.6	179	3.16e-61	186
WP_036905335.1	MER0002211|S14.003|S14	52.2	90.0	86.5	180	6.20e-60	183
WP_036905335.1	MER0004855|S14.A03|S14	52.7	93.0	87.1	186	6.59e-60	183
WP_036905335.1	MER0006046|S14.A02|S14	51.1	90.0	86.5	180	8.78e-60	183
WP_036905335.1	MER0004847|S14.009|S14	51.9	90.5	87.0	181	2.58e-59	182
WP_036905335.1	MER0006063|S14.010|S14	49.1	86.5	82.7	173	1.44e-53	167
WP_036905335.1	MER0006056|S14.011|S14	52.1	82.5	77.3	165	5.10e-52	163
WP_036905335.1	MER0011666|S14.005|S14	44.8	82.0	87.3	165	4.23e-43	140
WP_036905335.1	MER0004182|S14.006|S14	40.1	91.0	87.2	182	5.05e-42	137
WP_036905335.1	MER0001369|S14.007|S14	38.9	36.0	55.0	72	9.89e-15	65.1
WP_036905385.1	MER0001238|M17.A03|M17	47.5	90.7	92.2	457	3.93e-136	399
WP_036905385.1	MER0002271|M17.002|M17	46.9	89.9	92.0	458	4.17e-132	389
WP_036905385.1	MER0004597|M17.A01|M17	57.0	64.2	90.6	323	2.75e-125	366
WP_036905385.1	MER0004598|M17.A02|M17	55.1	64.2	90.9	323	1.44e-119	352
WP_036905385.1	MER0024892|M17.008|M17	45.4	73.1	90.3	368	1.25e-96	295
WP_036905385.1	MER0035089|M17.010|M17	47.9	62.8	88.6	313	8.71e-86	265
WP_036905385.1	MER0041673|M17.013|M17	37.9	92.9	96.8	470	1.11e-85	269
WP_036905385.1	MER0001236|M17.003|M17	34.5	94.9	97.7	487	8.82e-80	254
WP_036905385.1	MER0003825|M17.016|M17	40.3	77.8	84.7	390	5.82e-79	250
WP_036905385.1	MER0001235|M17.001|M17	37.3	84.8	86.2	437	1.17e-70	230
WP_036905385.1	MER0002497|M17.004|M17	39.4	62.8	74.2	320	1.78e-60	201
WP_036905385.1	MER0014397|M17.015|M17	36.8	64.0	89.8	321	2.82e-60	199
WP_036905385.1	MER0026959|M17.950|M17	41.0	53.9	99.3	273	6.44e-58	190
WP_036905385.1	MER0003919|M17.005|M17	36.7	64.4	86.9	330	6.30e-54	182
WP_036905385.1	MER0001910|M17.009|M17	36.0	66.3	68.7	344	1.23e-53	185
WP_036905385.1	MER0013416|M17.006|M17	31.2	73.9	94.8	375	2.45e-44	157
WP_036905385.1	MER0105906|M17.014|M17	30.2	81.4	84.9	417	1.11e-40	149
WP_036905385.1	MER0011357|M17.A04|M17	30.5	65.5	61.0	334	1.69e-39	147
WP_036905385.1	MER0001240|M17.A05|M17	32.7	65.3	65.6	330	3.59e-39	145
WP_036905385.1	MER0081108|M17.012|M17	31.3	45.5	53.3	256	7.42e-21	92.0
WP_036905385.1	MER0079520|M17.011|M17	29.8	45.9	48.8	258	1.53e-18	85.1
WP_036905531.1	MER0001244|M24.004|M24B	48.5	60.1	97.3	264	4.06e-78	240
WP_036905531.1	MER0013463|M24.026|M24B	39.0	61.3	99.2	272	5.22e-53	175
WP_036905531.1	MER0028601|M24.033|M24B	39.4	59.0	95.9	264	9.92e-51	169
WP_036905531.1	MER0001248|M24.007|M24B	38.4	49.2	95.7	245	3.67e-44	152
WP_036905531.1	MER0001733|M24.A09|M24B	35.5	59.0	96.2	282	5.43e-43	150
WP_036905531.1	MER0004931|M24.008|M24B	32.8	60.8	100	268	2.43e-35	127
WP_036905531.1	MER0004532|M24.034|M24B	32.5	60.8	100	268	3.19e-31	116
WP_036905531.1	MER0005462|M24.031|M24B	29.8	58.8	96.5	258	4.25e-29	110
WP_036905531.1	MER0002038|M24.006|M24B	30.4	57.4	93.9	253	9.67e-26	101
WP_036905531.1	MER0001250|M24.003|M24B	29.2	57.2	95.1	277	2.48e-23	96.3
WP_036905531.1	MER0005715|M24.A11|M24B	27.5	59.5	97.0	265	3.75e-19	83.2
WP_036905531.1	MER0027437|M24.038|M24B	27.6	51.3	85.1	243	9.26e-11	58.9
WP_036905531.1	MER0001243|M24.001|M24A	22.1	57.4	91.7	262	2.45e-10	57.8
WP_036905531.1	MER0003880|M24.035|M24A	26.7	47.2	63.4	217	4.33e-08	51.2
WP_036905531.1	MER0002039|M24.005|M24B	29.1	44.9	65.1	206	1.45e-06	46.2
WP_036905616.1	MER0003290|S01.482|S01C	61.8	40.9	100	157	2.41e-59	186
WP_036905616.1	MER0000268|S01.480|S01C	51.3	40.9	100	158	1.14e-45	151
WP_036905616.1	MER0005468|S01.491|S01C	50.3	40.9	100	161	1.40e-44	148
WP_036905616.1	MER0004673|S01.494|S01C	34.2	67.2	95.6	278	1.68e-44	152
WP_036905616.1	MER0028330|S01.329|S01C	48.1	40.9	100	156	5.47e-42	141
WP_036905616.1	MER0003850|S01.500|S01C	43.2	45.4	97.7	176	1.53e-41	141
WP_036905616.1	MER0004111|S01.442|S01C	47.5	40.9	100	158	4.44e-41	139
WP_036905616.1	MER0002577|S01.277|S01C	47.4	40.9	100	156	3.20e-40	137
WP_036905616.1	MER0013623|S01.453|S01C	46.2	40.9	100	158	8.82e-40	135
WP_036905616.1	MER0000266|S01.273|S01C	48.8	40.9	100	160	9.65e-40	135
WP_036905616.1	MER0014795|S01.284|S01C	46.3	40.9	100	162	1.48e-39	135
WP_036905616.1	MER0004093|S01.278|S01C	44.9	40.9	100	156	4.79e-39	134
WP_036905616.1	MER0001372|S01.274|S01C	46.9	40.9	100	160	5.23e-39	134
WP_036905616.1	MER0016351|S01.285|S01C	44.9	40.9	100	156	6.71e-39	133
WP_036905616.1	MER0001945|S01.472|S01C	44.7	40.9	100	159	3.46e-36	126
WP_036905616.1	MER0011375|S01.476|S01C	43.7	40.9	100	158	4.18e-36	126
WP_036905616.1	MER0006096|S01.A08|S01C	50.0	34.1	98.5	130	1.14e-35	124
WP_036905616.1	MER0004086|S01.B81|S01C	43.2	40.7	100	162	5.54e-35	123
WP_036905616.1	MER0001373|S01.275|S01C	43.8	40.9	100	162	6.90e-35	123
WP_036905616.1	MER0016031|S01.364|S01C	44.6	40.9	100	166	9.05e-34	120
WP_036905616.1	MER0004149|S01.525|S01C	43.6	40.9	100	165	1.16e-33	120
WP_036905616.1	MER0022668|S01.447|S01C	43.9	40.9	100	171	1.55e-31	114
WP_036905616.1	MER0015583|S01.416|S01C	43.3	37.3	98.0	150	1.87e-30	111
WP_036905616.1	MER0003293|S01.477|S01C	42.5	40.2	100	153	1.22e-29	108
WP_036905616.1	MER0010944|S01.474|S01C	38.6	40.9	100	176	4.37e-28	105
WP_036905684.1	MER0004801|M38.982|M38	72.0	61.0	100	347	3.74e-181	511
WP_036905728.1	MER1054487|C44.951|C44	47.8	24.3	100	379	1.23e-113	360
WP_036905728.1	MER0198917|C44.003|C44	40.9	24.3	100	379	3.40e-87	286
WP_036905863.1	MER0000474|S14.001|S14	64.1	88.1	92.8	192	3.59e-88	256
WP_036905863.1	MER0005687|S14.A01|S14	61.1	88.5	88.6	193	2.34e-75	223
WP_036905863.1	MER0002211|S14.003|S14	55.3	86.2	90.8	188	9.00e-72	214
WP_036905863.1	MER0006046|S14.A02|S14	51.6	86.2	90.8	188	3.40e-69	207
WP_036905863.1	MER0002299|S14.A04|S14	53.1	89.9	97.0	196	3.23e-68	205
WP_036905863.1	MER0006063|S14.010|S14	48.5	93.6	98.1	204	4.04e-68	205
WP_036905863.1	MER0004855|S14.A03|S14	51.3	90.4	90.4	197	2.39e-67	203
WP_036905863.1	MER0004857|S14.008|S14	56.7	82.6	85.0	180	7.34e-66	199
WP_036905863.1	MER0004847|S14.009|S14	49.5	86.7	91.3	190	7.05e-64	194
WP_036905863.1	MER0006308|S14.002|S14	45.8	86.2	96.9	190	4.66e-54	169
WP_036905863.1	MER0006056|S14.011|S14	46.6	80.7	82.9	176	2.37e-52	165
WP_036905863.1	MER0004182|S14.006|S14	43.9	85.8	90.1	187	3.00e-51	162
WP_036905863.1	MER0011666|S14.005|S14	39.5	80.3	93.7	177	4.30e-36	122
WP_036905863.1	MER0001369|S14.007|S14	36.1	33.0	55.0	72	1.41e-11	57.0
WP_036905863.1	MER0042954|S49.005|S49C	28.8	65.1	87.7	146	9.97e-08	47.0
WP_036905931.1	MER0437468|C26.A36|C26	40.6	60.2	99.7	350	1.77e-80	253
WP_036905931.1	MER0065554|C26.964|C26	46.0	45.2	96.7	261	2.23e-80	250
WP_036905931.1	MER0436717|C26.A29|C26	32.5	60.4	99.7	400	8.79e-59	197
WP_036905931.1	MER0031278|C26.961|C26	27.3	34.8	76.0	216	6.37e-07	47.8
WP_036906064.1	MER0004101|C44.A01|C44	31.9	50.3	100	254	4.42e-29	111
WP_036906064.1	MER0011806|C44.A03|C44	31.8	48.9	93.7	239	1.06e-27	107
WP_036906064.1	MER0011781|C44.A02|C44	30.3	52.2	100	254	2.76e-27	106
WP_036906064.1	MER0003314|C44.001|C44	34.5	48.2	93.2	258	7.11e-27	106
WP_036906114.1	MER0045886|C26.957|C26	44.4	42.4	94.5	225	1.08e-60	197
WP_036906114.1	MER0044889|C26.A21|C26	38.9	43.4	94.2	229	8.27e-50	168
WP_036906114.1	MER0042974|C26.A07|C26	44.3	35.0	97.9	192	1.19e-45	155
WP_036906114.1	MER0436735|C26.A34|C26	30.8	42.4	98.9	260	8.25e-41	145
WP_036906114.1	MER0043387|C26.950|C26	41.0	33.7	100	178	9.98e-38	134
WP_036906114.1	MER0038086|C26.962|C26	36.4	40.0	88.9	225	5.79e-37	134
WP_036906114.1	MER0043537|C26.A31|C26	37.6	34.3	95.7	186	8.10e-32	118
WP_036906114.1	MER0045094|C26.959|C26	27.0	35.0	78.0	189	7.13e-12	62.4
WP_036906114.1	MER0044882|C26.A09|C26	26.4	28.4	86.3	159	1.75e-11	60.1
WP_036906114.1	MER0044622|C26.A25|C26	28.6	34.5	72.8	192	3.82e-11	60.5
WP_036906114.1	MER0043394|C26.955|C26	29.9	27.5	89.0	147	4.23e-11	58.5
WP_036906114.1	MER0043392|C26.960|C26	28.9	28.0	86.4	152	2.92e-10	56.2
WP_036906114.1	MER0044619|C26.A26|C26	21.4	26.1	57.8	140	2.26e-06	45.8
WP_036906170.1	MER0017637|M41.024|M41	65.5	38.2	95.9	235	5.05e-100	301
WP_036906170.1	MER0002563|M41.020|M41	65.1	38.2	95.9	235	3.98e-99	299
WP_036906170.1	MER0002408|M41.017|M41	47.6	40.0	95.1	246	4.15e-67	216
WP_036906170.1	MER0001620|M41.001|M41	44.4	39.2	84.1	241	2.82e-64	210
WP_036906170.1	MER0002602|M41.009|M41	44.7	38.0	86.1	235	2.77e-61	201
WP_036906170.1	MER0005466|M41.021|M41	42.6	39.5	99.6	244	9.76e-59	194
WP_036906170.1	MER0011745|M41.005|M41	47.0	38.2	88.8	236	7.08e-55	184
WP_036906170.1	MER0015137|M41.025|M41	44.9	38.2	89.8	236	6.67e-53	179
WP_036906170.1	MER0015199|M41.015|M41	40.1	37.7	81.4	232	1.30e-51	176
WP_036906170.1	MER0015193|M41.019|M41	44.1	38.2	97.1	238	5.56e-51	173
WP_036906170.1	MER0015197|M41.013|M41	44.2	37.6	85.7	231	7.37e-50	171
WP_036906170.1	MER0023544|M41.A10|M41	40.4	38.2	81.5	235	1.09e-45	160
WP_036906170.1	MER0005496|M41.007|M41	39.1	38.2	83.3	235	8.97e-45	157
WP_036906170.1	MER0015194|M41.A14|M41	39.7	38.0	84.2	234	1.11e-44	157
WP_036906170.1	MER0015195|M41.A15|M41	37.3	38.2	81.5	236	1.35e-42	151
WP_036906170.1	MER0056525|M41.A17|M41	36.0	38.2	89.2	236	4.70e-41	146
WP_036906170.1	MER0011224|M41.A09|M41	36.2	38.2	81.5	235	1.22e-40	146
WP_036906170.1	MER0002605|M41.003|M41	39.0	38.2	84.2	236	2.46e-40	145
WP_036906170.1	MER0005755|M41.026|M41	36.3	38.0	96.0	234	3.19e-40	143
WP_036906170.1	MER0014324|M41.018|M41	38.1	38.4	91.2	236	1.60e-39	142
WP_036906170.1	MER0004454|M41.006|M41	35.4	38.2	82.5	237	2.52e-37	137
WP_036906170.1	MER0002600|M41.002|M41	37.9	36.7	84.0	227	1.08e-36	134
WP_036906170.1	MER0190577|M41.A16|M41	35.3	38.2	88.9	235	1.09e-36	134
WP_036906170.1	MER0171760|M41.A12|M41	32.4	40.5	89.4	250	1.32e-36	134
WP_036906170.1	MER0002197|M41.004|M41	33.3	38.0	84.2	234	1.64e-36	134
WP_036906219.1	MER0200434|S09.941|S09X	36.4	39.3	71.3	88	8.77e-06	40.4
WP_036906219.1	MER0209507|S09.025|S09X	36.6	30.8	64.2	71	7.24e-05	37.7
WP_036906373.1	MER0043475|C26.A05|C26	24.4	51.9	49.2	127	2.25e-09	53.1
WP_036906373.1	MER0042974|C26.A07|C26	25.2	59.3	68.6	147	1.85e-07	47.0
WP_036906373.1	MER0043537|C26.A31|C26	32.0	49.0	61.2	125	7.98e-07	45.1
WP_036906373.1	MER0043540|C26.A33|C26	27.2	42.0	37.7	103	4.85e-06	43.1
WP_036906373.1	MER0001021|C26.A10|C26	28.1	39.1	29.9	96	1.61e-04	38.9
WP_036906373.1	MER0115185|C26.954|C26	27.8	28.8	43.4	72	7.35e-04	35.8
WP_036906394.1	MER0000431|S33.001|S33	45.9	95.9	96.8	305	2.64e-90	269
WP_036906394.1	MER0000436|S33.021|S33	30.6	38.3	45.7	134	5.99e-12	62.0
WP_036906394.1	MER0001380|S33.003|S33	26.1	34.2	39.5	115	3.04e-09	53.9
WP_036906394.1	MER0031611|S33.977|S33	23.9	82.3	80.3	268	3.33e-06	44.7
WP_036906394.1	MER0000437|S33.004|S33	22.3	32.3	36.8	112	6.11e-06	43.9
WP_036906593.1	MER0001001|M01.005|M01	61.9	24.1	100	210	3.57e-88	276
WP_036906593.1	MER0005037|M01.029|M01	52.5	21.0	99.5	183	9.64e-65	212
WP_036906593.1	MER0040779|M01.035|M01	41.6	22.6	93.9	197	8.77e-45	157
WP_036906593.1	MER0002003|M01.015|M01	31.0	24.3	97.3	216	8.52e-25	100
WP_036906593.1	MER0011371|M01.A10|M01	32.4	23.6	100	216	7.24e-24	97.4
WP_036906593.1	MER0001012|M01.003|M01	27.7	24.2	98.2	220	1.22e-23	97.1
WP_036906593.1	MER0002746|M01.010|M01	27.6	24.4	91.9	228	1.81e-23	97.1
WP_036906593.1	MER0011438|M01.A08|M01	30.2	20.5	85.4	182	2.72e-23	95.9
WP_036906593.1	MER0002355|M01.A19|M01	29.5	24.9	95.5	217	4.57e-23	95.5
WP_036906593.1	MER0002968|M01.024|M01	28.8	24.9	99.5	222	5.92e-23	95.1
WP_036906593.1	MER0002078|M01.A28|M01	29.0	24.4	91.9	224	6.14e-23	95.5
WP_036906593.1	MER0019759|M01.A25|M01	28.2	24.9	94.0	220	7.96e-23	95.1
WP_036906593.1	MER0002060|M01.011|M01	27.7	22.9	91.8	202	8.04e-23	94.7
WP_036906593.1	MER0001010|M01.007|M01	31.1	22.0	93.7	196	2.07e-22	93.2
WP_036906593.1	MER0011440|M01.A09|M01	28.7	22.8	91.4	202	2.80e-22	93.2
WP_036906593.1	MER0011183|M01.A24|M01	29.2	22.3	88.7	209	7.33e-22	92.0
WP_036906593.1	MER0011370|M01.A11|M01	29.2	22.8	99.0	219	8.77e-21	88.6
WP_036906593.1	MER0091680|M01.A31|M01	31.2	22.9	91.3	202	2.68e-20	87.4
WP_036906593.1	MER0011369|M01.A12|M01	29.4	22.5	88.0	201	3.06e-20	87.4
WP_036906593.1	MER0028449|M01.A30|M01	28.0	22.3	89.3	207	3.06e-20	87.4
WP_036906593.1	MER0011720|M01.A23|M01	29.3	23.0	88.3	208	3.26e-20	87.0
WP_036906593.1	MER0052595|M01.026|M01	29.1	22.3	89.6	203	5.28e-20	86.7
WP_036906593.1	MER0001701|M01.008|M01	29.4	23.0	91.1	204	3.43e-19	84.3
WP_036906593.1	MER0002210|M01.013|M01	28.6	17.3	98.7	154	8.18e-19	81.3
WP_036906593.1	MER0004243|M01.016|M01	29.4	21.4	88.5	194	1.36e-18	82.4
WP_036906626.1	MER0065588|C26.965|C26	33.0	93.8	96.9	197	8.67e-28	101
WP_036906626.1	MER0002601|C56.976|C56	40.0	28.7	41.0	60	7.59e-04	35.4
WP_036906688.1	MER0661299|C111.002|C111	25.8	24.6	21.3	97	7.94e-04	37.4
WP_036906842.1	MER0016172|S66.002|S66	30.0	96.2	96.1	303	5.95e-30	112
WP_036906842.1	MER0016191|S66.001|S66	31.6	93.5	97.3	294	6.90e-28	106
WP_036906842.1	MER0016185|S66.003|S66	24.6	96.9	97.3	337	2.44e-12	63.2
WP_036906873.1	MER0001243|M24.001|M24A	44.0	90.0	95.1	252	4.32e-76	229
WP_036906873.1	MER0005690|M24.A06|M24A	38.7	88.9	98.8	248	1.26e-60	189
WP_036906873.1	MER0001342|M24.017|M24A	37.1	90.0	95.4	251	1.49e-56	179
WP_036906873.1	MER0015127|M24.A05|M24A	37.0	88.2	98.0	246	2.04e-56	179
WP_036906873.1	MER0013589|M24.A12|M24A	38.4	87.8	100	245	5.41e-55	175
WP_036906873.1	MER0013929|M24.028|M24A	38.3	88.5	96.8	248	1.02e-54	174
WP_036906873.1	MER0015128|M24.A07|M24A	35.1	88.2	98.4	248	1.07e-50	164
WP_036906873.1	MER0013450|M24.036|M24A	35.7	88.5	97.6	249	3.08e-47	155
WP_036906873.1	MER0003880|M24.035|M24A	30.7	71.0	64.1	202	2.54e-21	88.2
WP_036906873.1	MER0024896|M24.A13|M24A	30.6	66.7	39.1	193	1.46e-20	87.8
WP_036906873.1	MER0004931|M24.008|M24B	28.1	87.8	95.2	249	1.60e-20	84.7
WP_036906873.1	MER0005462|M24.031|M24B	26.2	87.8	95.2	248	9.92e-17	74.3
WP_036906873.1	MER0004532|M24.034|M24B	27.7	72.0	83.3	202	4.45e-15	69.7
WP_036906873.1	MER0011746|M24.A02|M24A	25.7	72.4	64.1	214	8.82e-15	70.1
WP_036906873.1	MER0002038|M24.006|M24B	30.8	50.9	59.6	143	9.48e-13	63.2
WP_036906873.1	MER0001244|M24.004|M24B	25.7	52.7	54.2	148	1.29e-10	57.4
WP_036906891.1	MER0001186|M32.001|M32	33.7	97.8	98.0	517	2.14e-85	270
WP_036906891.1	MER0069021|M32.003|M32	32.9	92.9	94.8	490	3.66e-78	250
WP_036906891.1	MER0002064|M32.006|M32	31.7	94.1	99.4	486	5.59e-78	249
WP_036906891.1	MER0017390|M32.002|M32	30.0	97.1	98.0	503	2.33e-68	224
WP_036906891.1	MER0069024|M32.004|M32	31.0	93.7	95.6	491	6.69e-68	223
WP_036906891.1	MER0015184|M32.005|M32	30.6	92.9	93.8	487	3.49e-62	208
WP_036906929.1	MER0055964|S26.A02|S26A	38.5	81.7	99.3	192	1.06e-29	105
WP_036906929.1	MER0002551|S26.024|S26A	32.5	81.7	97.5	206	6.20e-24	92.0
WP_036906929.1	MER0003269|S26.008|S26A	32.4	81.7	96.8	188	1.61e-22	87.0
WP_036906929.1	MER0015620|S26.A01|S26A	33.3	83.5	99.3	195	2.94e-22	86.3
WP_036906929.1	MER0004537|S26.025|S26A	31.8	83.9	100	198	7.03e-21	83.6
WP_036906929.1	MER0013626|S26.026|S26A	28.9	73.9	83.7	173	1.96e-16	70.9
WP_036906929.1	MER0028421|S26.018|S26A	27.5	83.0	100	200	8.19e-16	69.3
WP_036906929.1	MER0003273|S26.016|S26A	33.0	43.9	66.7	112	6.37e-14	64.3
WP_036906929.1	MER0002550|S26.004|S26A	27.1	81.3	96.2	192	5.56e-13	61.6
WP_036906929.1	MER0016034|S26.020|S26A	28.6	83.0	100	203	1.96e-12	60.1
WP_036906929.1	MER0001912|S26.005|S26A	27.0	79.6	91.6	185	1.40e-11	57.8
WP_036906929.1	MER0000592|S26.003|S26A	32.4	44.8	67.1	108	6.98e-11	55.8
WP_036906929.1	MER0000589|S26.001|S26A	27.0	78.3	89.5	230	1.61e-10	56.2
WP_036906929.1	MER0015994|S26.019|S26A	25.1	77.8	94.4	195	1.99e-10	54.7
WP_036906929.1	MER0015993|S26.021|S26A	31.1	41.7	64.3	103	4.68e-10	53.5
WP_036906929.1	MER0001510|S26.007|S26A	24.7	83.0	98.7	194	4.47e-09	50.8
WP_036906929.1	MER0006313|S26.006|S26A	24.2	72.6	88.1	178	9.65e-08	47.0
WP_036906929.1	MER0003268|S26.015|S26A	25.0	43.0	71.1	132	4.83e-07	45.4
WP_036906929.1	MER0015611|S26.A06|S26A	29.9	67.0	97.9	154	2.90e-06	41.6
WP_036906929.1	MER0000598|S26.012|S26A	36.7	26.1	41.8	60	9.61e-05	38.1
WP_036906931.1	MER0056047|M79.006|M79	49.3	16.7	93.8	75	9.52e-15	66.2
WP_036906931.1	MER0056022|M79.A02|M79	38.9	21.2	77.0	95	9.05e-11	56.2
WP_036906931.1	MER0056027|M79.A03|M79	40.3	17.2	65.3	77	1.18e-08	50.1
WP_036906931.1	MER0055284|M79.A10|M79	33.3	16.7	91.5	75	3.25e-05	39.3
WP_036906961.1	MER0004466|M50.006|M50B	28.4	62.0	82.5	257	1.06e-25	102
WP_036906961.1	MER0002454|M50.002|M50B	32.4	26.8	37.2	111	2.80e-05	42.4
WP_036906961.1	MER0017395|M50.010|M50B	27.2	36.5	56.3	158	7.77e-05	40.8
WP_036907000.1	MER0061068|M38.A02|M38	61.0	83.3	99.0	295	9.99e-130	370
WP_036907040.1	MER0006087|M03.A01|M03A	45.9	98.7	97.2	699	3.38e-210	604
WP_036907040.1	MER0015119|M03.A02|M03A	44.6	98.7	98.1	725	1.27e-200	580
WP_036907040.1	MER0001161|M03.004|M03A	39.2	98.7	99.1	701	1.17e-164	486
WP_036907040.1	MER0001158|M03.005|M03A	30.8	90.6	91.2	646	7.92e-83	273
WP_036907040.1	MER0001942|M03.002|M03A	29.1	87.8	87.0	632	2.02e-70	239
WP_036907040.1	MER0001149|M03.001|M03A	30.8	80.5	78.4	578	2.87e-67	231
WP_036907040.1	MER0108144|M03.A07|M03A	27.3	88.6	92.6	645	9.05e-66	226
WP_036907040.1	MER0003110|M03.009|M03A	29.2	88.6	89.9	685	8.13e-65	225
WP_036907040.1	MER0001153|M03.003|M03A	28.9	78.9	78.2	571	3.44e-62	217
WP_036907040.1	MER0079465|M03.011|M03A	28.1	80.2	85.8	584	5.66e-56	199
WP_036907040.1	MER0015170|M03.A03|M03A	26.4	78.4	80.3	556	5.37e-41	155
WP_036907040.1	MER0001156|M03.006|M03A	26.2	57.9	60.2	443	7.05e-26	110
WP_036907040.1	MER0059435|M03.A11|M03A	22.8	25.7	28.0	206	1.58e-06	48.1
WP_036907051.1	MER0055964|S26.A02|S26A	50.6	81.9	100	154	6.15e-49	153
WP_036907051.1	MER0015620|S26.A01|S26A	49.3	80.9	96.1	152	2.99e-45	144
WP_036907051.1	MER0003269|S26.008|S26A	45.8	79.8	94.9	153	1.58e-40	132
WP_036907051.1	MER0015993|S26.021|S26A	31.3	80.9	96.1	166	2.90e-22	85.1
WP_036907051.1	MER0013626|S26.026|S26A	31.8	79.3	94.1	157	4.70e-20	79.3
WP_036907051.1	MER0016034|S26.020|S26A	35.6	75.0	94.8	160	6.75e-20	79.0
WP_036907051.1	MER0001912|S26.005|S26A	32.3	77.1	91.6	158	2.69e-19	77.4
WP_036907051.1	MER0028421|S26.018|S26A	31.8	81.4	96.8	170	3.08e-18	74.7
WP_036907051.1	MER0004537|S26.025|S26A	31.3	75.0	91.0	176	1.13e-17	73.9
WP_036907051.1	MER0003273|S26.016|S26A	28.7	79.3	94.4	167	9.75e-17	70.9
WP_036907051.1	MER0000592|S26.003|S26A	26.3	78.7	93.5	160	6.31e-16	68.6
WP_036907051.1	MER0002550|S26.004|S26A	26.9	79.3	94.2	160	9.01e-16	68.2
WP_036907051.1	MER0006313|S26.006|S26A	29.1	71.8	90.1	151	8.46e-15	65.5
WP_036907051.1	MER0015994|S26.019|S26A	28.4	77.7	95.6	169	2.76e-14	64.3
WP_036907051.1	MER0001510|S26.007|S26A	28.1	79.3	94.2	160	3.64e-13	61.2
WP_036907051.1	MER0002551|S26.024|S26A	26.6	81.4	97.5	199	5.77e-13	61.6
WP_036907051.1	MER0000589|S26.001|S26A	27.2	78.7	90.7	232	8.80e-12	58.9
WP_036907051.1	MER0003268|S26.015|S26A	29.5	47.3	71.7	129	1.46e-11	57.4
WP_036907051.1	MER0000598|S26.012|S26A	27.7	77.7	91.0	148	4.65e-09	49.7
WP_036907051.1	MER0000597|S26.002|S26A	33.8	42.6	45.7	80	8.76e-07	43.9
WP_036907132.1	MER0003514|S41.010|S41A	60.2	38.2	98.2	166	1.82e-66	207
WP_036907132.1	MER0001297|S41.008|S41A	54.7	37.1	95.3	161	7.50e-55	177
WP_036907132.1	MER0003065|S41.009|S41A	54.9	37.8	97.0	164	2.94e-54	175
WP_036907132.1	MER0003413|S41.002|S41A	47.6	37.6	96.5	164	1.02e-46	155
WP_036907132.1	MER0005714|S41.A01|S41A	46.2	37.3	96.1	171	1.56e-43	147
WP_036907132.1	MER0015684|S41.A02|S41A	42.1	36.9	94.7	164	1.64e-37	131
WP_036907132.1	MER0001425|S41.004|S41A	44.2	36.6	94.3	165	1.39e-35	126
WP_036907132.1	MER0004196|S41.013|S41A	43.2	36.6	94.2	162	9.06e-35	124
WP_036907132.1	MER0004195|S41.007|S41A	36.9	37.3	95.9	168	8.40e-28	105
WP_036907132.1	MER0001295|S41.001|S41A	32.8	36.9	95.1	174	5.81e-22	89.7
WP_036907132.1	MER0028704|S41.011|S41A	27.0	30.4	80.7	137	7.50e-05	40.0
WP_036907193.1	MER0001313|A08.001|A08	33.9	75.6	76.8	127	1.21e-11	56.6
WP_036907224.1	MER0001333|M15.010|M15B	31.2	57.2	42.9	138	3.45e-16	72.8
WP_036907224.1	MER0005742|M15.002|M15B	31.3	48.7	89.1	115	9.30e-12	57.0
WP_036907224.1	MER0013458|M15.003|M15B	30.8	53.0	68.9	133	9.48e-11	56.2
WP_036907224.1	MER0014983|M15.024|M15B	32.7	43.2	72.7	104	5.95e-09	50.1
WP_036907279.1	MER0042827|C56.972|C56	32.0	40.1	98.0	97	8.46e-04	34.7
WP_036907427.1	MER0060647|C26.952|C26	39.2	94.5	100	375	2.12e-75	234
WP_036907427.1	MER0078640|C26.951|C26	37.5	94.3	100	376	1.10e-67	214
WP_036907427.1	MER0044812|C26.A04|C26	43.6	58.1	91.0	225	4.39e-64	202
WP_036907427.1	MER0045945|C26.963|C26	41.9	49.0	84.3	191	5.84e-47	157
WP_036907427.1	MER0043540|C26.A33|C26	36.3	57.3	90.8	223	4.54e-43	147
WP_036907427.1	MER0046161|C26.956|C26	41.4	47.9	66.4	186	2.18e-42	146
WP_036907427.1	MER0115185|C26.954|C26	49.0	37.2	100	145	3.77e-39	134
WP_036907427.1	MER0436691|C26.A27|C26	31.2	76.6	97.6	301	3.28e-37	132
WP_036907427.1	MER0044882|C26.A09|C26	27.9	37.5	85.2	165	5.22e-11	58.2
WP_036907427.1	MER0043537|C26.A31|C26	26.7	39.6	81.9	165	5.76e-11	58.2
WP_036907427.1	MER0045094|C26.959|C26	30.3	44.3	73.9	188	3.06e-09	53.9
WP_036907427.1	MER0045095|C26.958|C26	27.1	32.0	52.4	140	2.20e-08	51.6
WP_036907427.1	MER0043394|C26.955|C26	27.1	34.4	82.9	140	4.33e-08	49.3
WP_036907427.1	MER0436735|C26.A34|C26	36.4	16.4	24.8	66	9.59e-06	43.5
WP_036907427.1	MER0038086|C26.962|C26	24.5	45.6	75.4	204	2.91e-05	42.0
WP_036907427.1	MER0043392|C26.960|C26	39.1	16.7	36.7	64	8.97e-05	39.7
WP_036907427.1	MER0043195|C26.A30|C26	23.8	36.5	62.4	160	3.87e-04	38.5
WP_036907427.1	MER0044622|C26.A25|C26	28.8	35.2	55.3	146	3.98e-04	38.5
WP_036907427.1	MER0031288|C26.A28|C26	23.0	38.0	75.1	183	8.69e-04	37.4
WP_036907465.1	MER0000576|S24.003|S24	40.5	80.6	100	116	1.58e-25	90.9
WP_036907465.1	MER0006172|S24.004|S24	40.6	47.9	87.3	69	9.92e-13	57.0
WP_036907465.1	MER0000569|S24.001|S24	36.2	65.3	78.8	94	2.62e-11	54.3
WP_036907465.1	MER0022664|S24.005|S24	30.4	63.9	72.8	92	9.10e-06	39.7
WP_036907505.1	MER0002408|M41.017|M41	63.8	38.4	100	246	8.61e-108	322
WP_036907505.1	MER0015137|M41.025|M41	57.7	37.7	94.1	241	1.47e-88	273
WP_036907505.1	MER0011745|M41.005|M41	57.7	37.7	93.1	241	8.97e-88	271
WP_036907505.1	MER0015193|M41.019|M41	56.5	37.0	100	239	4.12e-85	263
WP_036907505.1	MER0017637|M41.024|M41	46.8	35.6	95.1	233	2.21e-61	201
WP_036907505.1	MER0002563|M41.020|M41	45.9	35.6	95.1	233	3.09e-61	201
WP_036907505.1	MER0005466|M41.021|M41	42.3	36.1	96.7	234	7.42e-60	197
WP_036907505.1	MER0002602|M41.009|M41	41.2	37.3	89.5	243	3.54e-54	183
WP_036907505.1	MER0001620|M41.001|M41	38.9	37.0	84.5	239	4.00e-51	175
WP_036907505.1	MER0015199|M41.015|M41	36.1	37.8	86.7	244	2.81e-43	154
WP_036907505.1	MER0190577|M41.A16|M41	37.4	37.0	91.8	238	1.43e-42	150
WP_036907505.1	MER0015197|M41.013|M41	36.4	35.8	86.9	231	2.26e-38	139
WP_036907505.1	MER0023544|M41.A10|M41	35.0	36.3	82.2	234	1.21e-37	138
WP_036907505.1	MER0015194|M41.A14|M41	33.8	35.8	84.2	231	1.77e-37	137
WP_036907505.1	MER0011224|M41.A09|M41	36.1	35.9	81.5	233	4.27e-37	136
WP_036907505.1	MER0002608|M41.A11|M41	33.5	35.9	85.4	233	1.27e-36	135
WP_036907505.1	MER0005496|M41.007|M41	33.2	35.9	83.3	232	3.35e-36	134
WP_036907505.1	MER0014324|M41.018|M41	33.2	35.9	90.8	232	2.66e-35	130
WP_036907505.1	MER0002600|M41.002|M41	36.9	35.9	87.5	233	3.00e-35	130
WP_036907505.1	MER0002605|M41.003|M41	34.1	38.8	90.9	252	5.13e-35	130
WP_036907505.1	MER0015609|M41.023|M41	34.0	36.3	82.4	235	2.13e-34	129
WP_036907505.1	MER0005755|M41.026|M41	32.2	35.8	96.0	230	3.30e-34	127
WP_036907505.1	MER0171760|M41.A12|M41	33.7	38.3	89.8	249	4.49e-34	127
WP_036907505.1	MER0015195|M41.A15|M41	33.9	35.9	81.5	233	1.09e-33	127
WP_036907505.1	MER0056525|M41.A17|M41	34.8	35.9	89.2	233	2.13e-33	125
WP_036907575.1	MER0011571|S13.003|S13	33.0	22.1	19.7	91	3.24e-07	48.9
WP_036907575.1	MER0053015|S13.004|S13	29.7	34.1	38.5	148	2.62e-05	42.7
WP_036907575.1	MER0026276|S13.A01|S13	29.1	24.3	23.4	110	8.46e-04	38.1
WP_036907657.1	MER0002408|M41.017|M41	39.5	39.7	90.7	228	1.06e-44	155
WP_036907657.1	MER0017637|M41.024|M41	37.2	39.8	93.5	231	3.35e-39	140
WP_036907657.1	MER0002563|M41.020|M41	36.4	39.8	93.5	231	4.62e-39	140
WP_036907657.1	MER0015137|M41.025|M41	33.2	39.7	87.1	229	1.27e-34	128
WP_036907657.1	MER0001620|M41.001|M41	32.9	40.3	80.9	234	2.21e-33	125
WP_036907657.1	MER0011745|M41.005|M41	33.6	39.7	86.1	229	2.37e-33	125
WP_036907657.1	MER0005466|M41.021|M41	32.0	39.8	93.8	231	1.12e-30	117
WP_036907657.1	MER0015193|M41.019|M41	33.9	41.2	97.9	239	2.01e-30	116
WP_036907657.1	MER0002602|M41.009|M41	32.5	40.2	85.0	234	2.74e-25	102
WP_036907657.1	MER0015199|M41.015|M41	31.3	39.1	78.9	227	2.96e-24	99.8
WP_036907657.1	MER0015197|M41.013|M41	28.1	39.8	84.9	231	7.53e-21	89.4
WP_036907657.1	MER0002600|M41.002|M41	29.5	40.2	85.9	234	8.07e-20	86.3
WP_036907657.1	MER0171760|M41.A12|M41	26.3	41.4	85.2	240	9.30e-20	86.3
WP_036907657.1	MER0023544|M41.A10|M41	29.1	40.3	80.4	234	2.77e-19	85.1
WP_036907657.1	MER0015195|M41.A15|M41	29.1	39.7	78.9	230	5.05e-19	84.3
WP_036907657.1	MER0002605|M41.003|M41	28.7	40.7	83.8	237	3.53e-18	81.6
WP_036907657.1	MER0190577|M41.A16|M41	27.8	40.9	88.9	237	1.12e-17	79.7
WP_036907657.1	MER0004454|M41.006|M41	25.3	40.0	80.7	233	1.35e-17	80.1
WP_036907657.1	MER0015194|M41.A14|M41	25.8	39.1	80.8	229	2.90e-17	79.0
WP_036907657.1	MER0011224|M41.A09|M41	26.9	40.7	81.1	238	2.04e-16	76.6
WP_036907657.1	MER0005755|M41.026|M41	27.5	39.7	93.4	233	4.25e-16	74.7
WP_036907657.1	MER0002608|M41.A11|M41	27.8	39.8	83.2	234	4.51e-16	75.5
WP_036907657.1	MER0011120|M41.A04|M41	29.9	27.3	60.4	164	1.56e-14	70.9
WP_036907657.1	MER0015690|M41.A03|M41	29.3	27.3	60.4	164	2.10e-14	70.5
WP_036907657.1	MER0190705|M41.A18|M41	25.6	41.0	98.6	238	1.22e-13	67.4
WP_036907678.1	MER0016248|M103.003|M103	31.1	54.1	97.2	254	1.28e-29	113
WP_036907678.1	MER0016222|M103.950|M103	23.1	87.7	87.1	416	2.33e-15	74.7
WP_036907912.1	MER0000474|S14.001|S14	58.1	97.4	92.3	191	8.75e-81	236
WP_036907912.1	MER0005687|S14.A01|S14	62.3	89.3	82.9	175	2.99e-70	209
WP_036907912.1	MER0006046|S14.A02|S14	51.6	98.0	92.8	192	3.04e-69	207
WP_036907912.1	MER0002211|S14.003|S14	55.2	98.0	92.8	192	5.73e-67	201
WP_036907912.1	MER0004857|S14.008|S14	54.7	92.3	87.0	181	2.02e-62	189
WP_036907912.1	MER0002299|S14.A04|S14	51.1	94.9	92.5	186	9.58e-62	187
WP_036907912.1	MER0004847|S14.009|S14	47.4	97.4	92.3	192	5.53e-60	183
WP_036907912.1	MER0004855|S14.A03|S14	52.0	88.3	82.8	173	3.26e-59	181
WP_036907912.1	MER0006063|S14.010|S14	48.1	93.4	87.5	183	2.71e-55	171
WP_036907912.1	MER0006308|S14.002|S14	42.8	90.8	91.8	180	6.47e-51	160
WP_036907912.1	MER0004182|S14.006|S14	40.1	95.4	90.1	187	1.29e-49	157
WP_036907912.1	MER0006056|S14.011|S14	45.7	89.3	82.5	175	4.62e-49	155
WP_036907912.1	MER0011666|S14.005|S14	44.2	86.7	91.0	172	1.52e-39	130
WP_036907912.1	MER0001369|S14.007|S14	37.5	36.7	55.0	72	7.13e-11	54.7
WP_036907920.1	MER0016301|M103.001|M103	35.2	92.3	93.0	452	3.77e-66	217
WP_036907920.1	MER0016222|M103.950|M103	23.3	91.5	91.8	438	4.09e-13	67.8
WP_036907920.1	MER0028087|M103.002|M103	24.8	51.0	50.8	242	2.68e-10	58.9
WP_052038626.1	MER0029131|M10.063|M10B	36.6	22.6	63.3	123	3.61e-13	64.7
WP_052038626.1	MER0004614|M10.060|M10B	33.9	20.0	60.6	115	2.20e-08	50.8
WP_052038626.1	MER0005068|M10.062|M10B	29.5	20.2	58.3	112	2.26e-05	42.0
WP_052038626.1	MER0001098|M10.053|M10B	28.2	18.5	54.1	103	3.13e-05	41.6
WP_052038626.1	MER0001099|M10.054|M10B	32.1	18.5	54.4	106	1.03e-04	40.0
WP_052038626.1	MER0002384|M10.016|M10A	27.1	22.0	63.9	133	1.30e-04	40.0
WP_052038626.1	MER0001096|M10.051|M10B	30.6	21.5	66.9	124	1.49e-04	39.7
WP_052038653.1	MER0167725|M100.001|M100	32.0	94.4	41.6	200	2.33e-12	61.6
WP_052038657.1	MER0011830|T05.002|T05	38.7	51.2	100	222	8.36e-39	136
WP_052038657.1	MER0011829|T05.001|T05	33.9	51.2	99.1	230	2.15e-27	105
WP_052038674.1	MER0000454|S11.005|S11	29.4	29.1	30.3	109	1.11e-04	40.4
WP_052038674.1	MER0223899|S11.A01|S11	47.2	10.1	35.6	36	2.48e-04	37.0
WP_052038708.1	MER0001613|M10.057|M10B	27.5	8.6	42.5	80	1.08e-05	43.9
WP_052038708.1	MER0001102|M10.055|M10B	58.3	2.6	14.0	24	1.45e-04	40.4
WP_072013388.1	MER0003448|M16.016|M16B	29.6	45.4	81.6	186	4.06e-23	94.0
WP_072013388.1	MER0001229|M16.003|M16B	27.5	46.1	87.5	189	2.42e-20	85.9
WP_072013388.1	MER0043985|M16.980|M16B	27.5	46.1	80.4	189	3.51e-20	85.9
WP_072013388.1	MER0195774|M16.019|M16B	28.2	42.2	98.3	174	9.40e-20	83.2
WP_072013388.1	MER0390687|M16.A15|M16B	29.9	37.6	92.8	154	3.53e-19	81.3
WP_072013388.1	MER0003543|M16.973|M16B	23.2	46.1	83.2	190	5.09e-15	70.9
WP_072013388.1	MER0122186|M16.A14|M16A	30.6	43.7	90.0	183	1.11e-14	69.3
WP_072013388.1	MER0011192|M16.A06|M16A	34.6	35.9	93.3	156	1.88e-14	67.8
WP_072013388.1	MER0015090|M16.975|M16B	22.6	46.1	83.2	190	5.81e-14	67.8
WP_072013388.1	MER0026957|M16.977|M16B	23.8	40.0	75.2	164	2.34e-13	65.9
WP_072013388.1	MER0092828|M16.015|M16B	25.0	33.2	86.0	136	9.04e-13	62.8
WP_072013388.1	MER0002283|M16.A10|M16A	28.9	43.7	88.2	190	9.74e-13	63.9
WP_072013388.1	MER0011292|M16.A07|M16A	30.1	35.9	65.9	156	2.38e-12	63.2
WP_072013388.1	MER0003823|M16.A09|M16A	31.4	39.0	78.3	169	3.28e-12	62.4
WP_072013388.1	MER0002008|M16.004|M16B	27.2	39.5	68.6	169	1.12e-11	61.2
WP_072013388.1	MER0001220|M16.005|M16A	32.9	33.2	66.7	140	2.53e-11	59.7
WP_072013388.1	MER0002423|M16.A11|M16A	29.1	42.2	85.4	182	3.68e-11	59.3
WP_072013388.1	MER0002345|M16.A08|M16A	28.8	39.0	78.3	170	3.03e-10	56.6
WP_072013388.1	MER0001233|M16.A05|M16B	27.1	39.0	69.3	170	3.17e-10	57.0
WP_072013388.1	MER0001214|M16.002|M16A	31.6	32.0	68.8	133	1.03e-09	54.7
WP_072013388.1	MER0014333|M16.A03|M16B	23.7	39.8	70.0	173	1.92e-09	54.7
WP_072013388.1	MER0011096|M16.A01|M16A	33.0	24.1	47.2	100	2.47e-09	53.9
WP_072013388.1	MER0001218|M16.008|M16A	28.8	35.9	73.1	156	3.34e-09	53.5
WP_072013388.1	MER0011744|M16.A02|M16A	33.0	24.1	47.2	100	3.34e-09	53.5
WP_072013388.1	MER0015259|M16.017|M16A	33.0	24.1	47.2	100	4.50e-09	53.1
WP_080725195.1	MER0036064|S33.A16|S33	23.9	79.8	93.5	255	5.68e-16	73.2
WP_080725195.1	MER0036078|S33.A75|S33	25.1	75.8	86.6	235	3.58e-14	67.8
WP_080725195.1	MER0036053|S33.A01|S33	25.5	78.5	99.2	271	5.79e-12	61.6
WP_080725195.1	MER0183709|S33.B16|S33	31.5	41.7	46.2	143	4.72e-11	59.3
WP_080725195.1	MER0036065|S33.A03|S33	24.0	75.8	98.4	258	8.14e-07	46.2
WP_080725195.1	MER0037236|S33.016|S33	27.9	41.4	48.7	136	2.01e-06	45.1
WP_080725195.1	MER0031618|S33.979|S33	21.6	77.5	84.6	259	1.68e-05	42.4
WP_080725195.1	MER0035973|S33.A14|S33	29.3	32.5	33.8	99	3.02e-05	41.6
WP_080725195.1	MER0044350|S33.A81|S33	28.3	33.4	38.1	106	6.76e-05	40.4
WP_152559091.1	MER0001297|S41.008|S41A	54.0	37.4	96.4	163	8.38e-50	164
WP_152559091.1	MER0003514|S41.010|S41A	47.5	37.2	95.9	162	1.74e-43	147
WP_152559091.1	MER0003413|S41.002|S41A	47.3	38.1	97.6	167	7.90e-40	137
WP_152559091.1	MER0003065|S41.009|S41A	46.9	37.2	95.9	162	1.07e-39	137
WP_152559091.1	MER0005714|S41.A01|S41A	48.5	36.0	93.3	167	2.72e-39	136
WP_152559091.1	MER0001425|S41.004|S41A	41.9	37.8	97.7	172	1.05e-34	124
WP_152559091.1	MER0004196|S41.013|S41A	41.9	37.6	97.1	167	1.32e-32	118
WP_152559091.1	MER0015684|S41.A02|S41A	40.3	36.0	93.0	159	9.42e-31	113
WP_152559091.1	MER0004195|S41.007|S41A	35.7	38.3	98.8	168	6.38e-29	108
WP_152559091.1	MER0001295|S41.001|S41A	31.6	36.7	95.1	174	3.54e-20	84.7
WP_152559091.1	MER0195376|S41.012|S41A	29.7	27.3	79.2	145	2.05e-05	42.0
WP_241434796.1	MER0024252|C40.009|C40	53.0	50.2	99.2	132	1.31e-42	139
WP_241434796.1	MER0003807|C40.007|C40	39.6	35.0	76.3	96	2.78e-13	62.0
WP_241434796.1	MER0004035|C40.004|C40	32.1	31.6	70.3	84	1.90e-09	51.2
WP_241434796.1	MER0014672|C40.012|C40	33.3	35.4	79.2	108	6.55e-09	50.1
WP_241434796.1	MER0038100|C40.010|C40	27.5	34.2	66.1	91	1.89e-06	43.1
WP_241434796.1	MER0031199|C40.011|C40	34.2	27.8	90.1	73	2.90e-06	41.2
WP_241434826.1	MER0015563|A01.A54|A01B	34.5	57.9	14.7	55	2.04e-04	35.4
