WP_008170064.1	MER0191412|I87.001|I87	38.0	95.5	97.0	324	8.98e-65	203
WP_008170064.1	MER0192051|I87.002|I87	25.3	59.1	40.1	174	2.62e-10	57.4
WP_008170385.1	MER0001243|M24.001|M24A	65.2	100	97.0	256	4.05e-122	345
WP_008170385.1	MER0001342|M24.017|M24A	50.0	97.7	95.0	250	1.66e-89	263
WP_008170385.1	MER0015127|M24.A05|M24A	50.2	97.3	99.2	249	1.25e-83	247
WP_008170385.1	MER0005690|M24.A06|M24A	50.4	93.8	95.6	240	5.41e-80	238
WP_008170385.1	MER0013589|M24.A12|M24A	44.5	95.7	100	245	2.04e-73	221
WP_008170385.1	MER0013929|M24.028|M24A	41.9	98.8	99.2	253	2.08e-70	214
WP_008170385.1	MER0015128|M24.A07|M24A	45.8	93.4	94.8	240	5.55e-70	213
WP_008170385.1	MER0013450|M24.036|M24A	35.7	97.7	99.2	252	4.91e-52	167
WP_008170385.1	MER0010972|M24.950|M24A	34.3	96.9	93.8	248	5.34e-49	159
WP_008170385.1	MER0024896|M24.A13|M24A	34.8	50.4	27.9	135	1.06e-21	90.5
WP_008170385.1	MER0003880|M24.035|M24A	28.1	80.9	67.1	210	2.38e-14	68.2
WP_008170385.1	MER0013463|M24.026|M24B	24.2	95.7	93.8	265	1.82e-10	56.6
WP_008170385.1	MER0064643|M24.978|M24X	29.3	52.7	42.5	147	2.35e-07	47.8
WP_008170385.1	MER0005497|M24.973|M24X	29.3	52.7	42.5	147	5.65e-07	46.6
WP_008170385.1	MER0029983|M24.975|M24X	23.3	68.4	56.2	193	4.33e-06	43.9
WP_008170810.1	MER0001627|T01.006|T01B	77.9	97.7	98.3	172	2.16e-92	263
WP_008170810.1	MER0001626|T01.007|T01B	55.2	97.2	99.4	174	2.32e-61	185
WP_008170810.1	MER0030305|T01.018|T01B	54.0	85.2	92.5	150	6.65e-53	163
WP_008170810.1	MER0053121|T01.021|T01B	51.5	96.0	100	171	1.08e-48	152
WP_008170810.1	MER0000552|T01.013|T01A	32.9	44.9	39.2	79	1.87e-04	37.4
WP_008171198.1	MER0320807|C93.001|C93	53.0	74.1	70.9	164	1.34e-56	176
WP_008173393.1	MER0043394|C26.955|C26	61.7	86.5	98.8	167	6.83e-77	224
WP_008173393.1	MER0045094|C26.959|C26	53.2	96.9	75.9	188	7.96e-69	207
WP_008173393.1	MER0044622|C26.A25|C26	52.6	97.9	72.8	192	5.59e-65	197
WP_008173393.1	MER0044882|C26.A09|C26	47.7	88.1	94.0	176	1.24e-49	156
WP_008173393.1	MER0043392|C26.960|C26	42.2	84.5	93.5	166	5.62e-37	123
WP_008173393.1	MER0045095|C26.958|C26	36.3	97.9	77.9	212	3.40e-28	103
WP_008173393.1	MER0043537|C26.A31|C26	31.4	99.0	97.3	191	6.93e-27	98.2
WP_008173393.1	MER0044619|C26.A26|C26	32.1	97.9	78.1	193	1.40e-21	85.5
WP_008173393.1	MER0043195|C26.A30|C26	29.9	96.9	79.6	201	1.29e-20	83.2
WP_008173393.1	MER0044812|C26.A04|C26	29.4	84.5	62.3	163	1.21e-17	75.1
WP_008173393.1	MER0045945|C26.963|C26	30.3	77.2	65.5	155	8.85e-16	69.7
WP_008173393.1	MER0115185|C26.954|C26	29.4	69.9	88.1	136	6.14e-11	55.1
WP_008173393.1	MER0043387|C26.950|C26	31.6	60.6	61.9	117	1.06e-10	55.1
WP_008173393.1	MER0044889|C26.A21|C26	29.4	61.7	46.3	119	1.59e-10	55.5
WP_008173393.1	MER0045886|C26.957|C26	29.9	75.6	58.9	147	2.08e-10	55.1
WP_008173393.1	MER0060647|C26.952|C26	26.6	90.2	46.4	177	1.27e-08	50.4
WP_008173393.1	MER0046161|C26.956|C26	27.1	90.2	59.1	177	3.59e-08	48.9
WP_008173393.1	MER0042974|C26.A07|C26	27.4	80.8	79.9	164	5.57e-08	47.8
WP_008173393.1	MER0038086|C26.962|C26	28.8	61.7	46.8	125	6.05e-08	48.1
WP_008173393.1	MER0031288|C26.A28|C26	32.8	59.1	50.6	128	3.99e-06	42.7
WP_008174179.1	MER0044357|S33.A41|S33	30.2	87.7	85.3	410	1.70e-53	181
WP_008176009.1	MER0056037|M79.A04|M79	34.7	46.9	70.8	95	3.40e-08	47.4
WP_008176009.1	MER0056047|M79.006|M79	35.4	41.3	100	82	7.08e-04	34.3
WP_008176462.1	MER0003280|S33.990|S33	38.6	87.0	94.8	277	2.94e-53	172
WP_008176462.1	MER0017177|S33.973|S33	29.1	40.8	38.7	127	1.36e-15	72.8
WP_008176462.1	MER0014065|S33.974|S33	30.4	46.2	39.6	138	4.77e-15	71.2
WP_008176462.1	MER0031617|S33.978|S33	29.4	47.8	51.8	153	2.71e-12	62.8
WP_008176462.1	MER0000436|S33.021|S33	29.8	36.8	39.1	114	4.79e-09	53.1
WP_008176462.1	MER0017123|S33.972|S33	32.5	40.5	41.9	126	8.98e-09	52.4
WP_008176462.1	MER0044633|S33.A26|S33	33.3	32.8	28.7	102	1.09e-07	49.3
WP_008176462.1	MER0004146|S33.995|S33	29.4	38.5	44.4	119	3.40e-07	47.4
WP_008176462.1	MER0026339|S33.992|S33	29.0	31.1	34.0	93	6.52e-06	43.5
WP_008176462.1	MER0044581|S33.A27|S33	38.2	22.4	18.8	68	8.28e-06	43.5
WP_008176462.1	MER0036075|S33.A73|S33	25.0	50.2	42.9	152	1.07e-05	43.1
WP_008176462.1	MER0036054|S33.A02|S33	28.4	43.1	47.1	134	1.59e-05	42.4
WP_008176462.1	MER0011509|S33.A84|S33	23.5	33.4	32.1	102	2.40e-05	42.0
WP_008176462.1	MER0036065|S33.A03|S33	32.6	28.4	34.8	92	6.35e-05	40.4
WP_008177443.1	MER0031288|C26.A28|C26	37.0	72.1	75.9	181	5.38e-33	117
WP_008177443.1	MER0031178|C26.A08|C26	27.3	59.4	53.9	165	1.11e-10	57.4
WP_008177443.1	MER0001429|C26.A06|C26	24.9	65.6	62.5	197	1.02e-08	51.6
WP_008177443.1	MER0001021|C26.A10|C26	23.5	65.2	62.4	196	1.95e-07	47.8
WP_008177443.1	MER0044889|C26.A21|C26	27.5	56.6	49.6	138	1.71e-05	41.6
WP_008177448.1	MER0000569|S24.001|S24	68.1	57.1	98.3	116	7.40e-52	160
WP_008177448.1	MER0000576|S24.003|S24	35.1	55.7	97.4	114	7.93e-12	57.0
WP_008177448.1	MER0022664|S24.005|S24	28.4	50.2	79.2	102	2.47e-08	47.8
WP_008177448.1	MER0006172|S24.004|S24	37.9	32.5	83.5	66	6.45e-07	42.7
WP_014575727.1	MER0001313|A08.001|A08	39.7	87.1	92.1	151	1.65e-37	124
WP_014575867.1	MER0031610|S33.976|S33	36.2	97.0	86.4	268	4.99e-51	166
WP_014575867.1	MER0044900|S33.A21|S33	25.4	90.6	71.3	279	2.75e-12	62.8
WP_014575867.1	MER0033259|S33.982|S33	26.2	97.7	93.1	267	3.25e-11	58.9
WP_014575867.1	MER0036115|S33.B18|S33	31.4	37.4	33.7	102	3.49e-10	56.2
WP_014575867.1	MER0014065|S33.974|S33	26.6	58.5	41.2	158	7.38e-09	52.4
WP_014575867.1	MER0030163|S33.975|S33	26.2	95.1	93.8	290	1.58e-08	51.2
WP_014575867.1	MER0036069|S33.A38|S33	22.3	94.7	73.6	269	7.97e-08	49.3
WP_014575867.1	MER0037236|S33.016|S33	22.7	71.3	70.9	203	8.11e-08	48.9
WP_014575867.1	MER0011509|S33.A84|S33	24.3	95.1	87.0	292	1.00e-07	48.9
WP_014575867.1	MER0036053|S33.A01|S33	32.0	35.8	36.5	97	1.10e-07	48.5
WP_014575867.1	MER0017142|S33.994|S33	34.7	37.0	38.2	98	1.35e-07	48.1
WP_014575867.1	MER0031616|S33.013|S33	21.5	91.3	84.9	279	2.38e-07	47.8
WP_014575867.1	MER0035043|S33.A95|S33	22.5	93.2	87.3	275	3.16e-07	47.4
WP_014575867.1	MER0031619|S33.012|S33	29.8	41.9	36.7	114	3.19e-07	47.4
WP_014575867.1	MER0044350|S33.A81|S33	33.3	37.0	38.1	108	3.68e-07	47.0
WP_014575867.1	MER0035044|S33.A97|S33	33.6	36.6	33.0	107	7.49e-07	46.2
WP_014575867.1	MER0035038|S33.A98|S33	24.1	93.2	87.5	278	7.52e-07	46.2
WP_014575867.1	MER0035032|S33.A96|S33	31.8	36.6	33.1	107	7.70e-06	43.1
WP_014575867.1	MER0210990|S33.A66|S33	36.5	26.8	21.5	74	8.42e-06	43.1
WP_014575867.1	MER0037853|S33.984|S33	36.0	34.0	30.4	100	1.43e-05	42.4
WP_014575867.1	MER0036059|S33.A79|S33	44.9	18.5	13.4	49	1.52e-05	42.4
WP_014575867.1	MER0036072|S33.A36|S33	24.3	38.5	33.3	111	4.68e-05	40.8
WP_014575867.1	MER0036076|S33.A33|S33	26.7	49.4	45.7	135	5.74e-05	40.4
WP_014575867.1	MER0025512|S33.010|S33	31.4	42.3	38.1	118	1.04e-04	39.7
WP_014575867.1	MER0036068|S33.A19|S33	29.9	35.8	32.9	97	4.37e-04	37.7
WP_014575991.1	MER0000431|S33.001|S33	47.8	90.9	92.9	293	7.76e-96	283
WP_014575991.1	MER0000436|S33.021|S33	38.1	31.3	36.3	105	4.97e-11	59.3
WP_014575991.1	MER0001367|S33.008|S33	29.7	46.6	41.7	172	1.89e-09	55.1
WP_014575991.1	MER0001380|S33.003|S33	27.6	37.5	43.3	127	1.81e-08	51.6
WP_014575991.1	MER0000437|S33.004|S33	26.0	36.6	41.4	127	6.13e-08	50.1
WP_014575991.1	MER0017177|S33.973|S33	30.1	35.0	34.4	113	2.78e-07	48.1
WP_014576034.1	MER0198917|C44.003|C44	41.1	24.6	99.5	370	2.67e-86	283
WP_014576034.1	MER1054487|C44.951|C44	39.5	24.6	99.5	375	1.17e-81	270
WP_014576038.1	MER0014135|S16.A04|S16	74.9	59.2	100	271	5.04e-142	404
WP_014576038.1	MER0005837|S16.A06|S16	32.9	17.7	32.0	82	2.00e-08	52.0
WP_014576038.1	MER0000488|S16.004|S16	26.3	19.4	40.4	95	2.53e-05	42.4
WP_014576038.1	MER0003443|S16.003|S16	28.6	15.3	30.8	70	4.30e-05	41.6
WP_014576038.1	MER0000495|S16.002|S16	31.4	15.3	27.5	70	2.13e-04	39.7
WP_014576059.1	MER0001313|A08.001|A08	48.1	89.7	95.1	156	1.11e-51	160
WP_014576111.1	MER0069741|M23.009|M23B	41.7	37.2	68.0	120	1.19e-25	97.8
WP_014576111.1	MER0003380|M23.011|M23B	43.9	33.8	44.4	107	2.02e-21	88.2
WP_014576111.1	MER0066182|M23.A04|M23B	39.0	36.9	58.3	118	1.57e-19	82.0
WP_014576111.1	MER0387040|M23.A03|M23B	41.0	31.2	97.1	100	5.63e-19	77.8
WP_014576111.1	MER0003376|M23.005|M23B	39.8	27.1	56.0	93	6.76e-17	73.9
WP_014576111.1	MER0013541|M23.014|M23B	41.9	27.1	97.7	86	1.33e-16	70.9
WP_014576111.1	MER0001419|M23.004|M23B	34.1	37.9	90.2	129	1.00e-15	70.1
WP_014576111.1	MER0003423|M23.012|M23B	35.7	37.9	90.2	129	2.61e-15	68.9
WP_014576111.1	MER0015415|M23.951|M23B	34.9	33.1	59.4	106	1.10e-13	65.1
WP_014576111.1	MER0005300|M23.950|M23B	33.0	30.6	59.5	97	6.36e-13	62.8
WP_014576111.1	MER0003906|M23.013|M23B	39.6	28.1	85.8	91	1.21e-12	60.5
WP_014576111.1	MER0001282|M23.002|M23A	34.9	17.4	35.0	63	7.75e-05	39.7
WP_014576112.1	MER0011829|T05.001|T05	38.1	53.1	99.6	226	1.61e-45	154
WP_014576112.1	MER0011830|T05.002|T05	41.6	52.8	100	221	1.86e-43	148
WP_014576283.1	MER0013623|S01.453|S01C	77.3	32.5	100	154	1.50e-79	241
WP_014576283.1	MER0000268|S01.480|S01C	53.5	32.5	100	155	6.79e-53	172
WP_014576283.1	MER0003850|S01.500|S01C	49.2	36.9	100	177	1.10e-50	167
WP_014576283.1	MER0000266|S01.273|S01C	55.8	32.5	100	156	1.63e-50	166
WP_014576283.1	MER0001372|S01.274|S01C	52.6	32.5	100	156	5.35e-47	157
WP_014576283.1	MER0004111|S01.442|S01C	51.6	32.5	100	155	7.26e-47	156
WP_014576283.1	MER0003290|S01.482|S01C	51.6	32.5	100	159	1.47e-46	155
WP_014576283.1	MER0004673|S01.494|S01C	38.1	52.7	97.0	273	1.53e-45	157
WP_014576283.1	MER0005468|S01.491|S01C	49.7	32.5	100	159	4.69e-44	149
WP_014576283.1	MER0004149|S01.525|S01C	49.7	32.5	100	165	5.69e-43	146
WP_014576283.1	MER0001945|S01.472|S01C	47.2	32.5	100	159	1.46e-40	140
WP_014576283.1	MER0028330|S01.329|S01C	50.0	32.5	100	158	2.37e-40	139
WP_014576283.1	MER0003293|S01.477|S01C	49.7	31.4	100	151	7.96e-40	137
WP_014576283.1	MER0004093|S01.278|S01C	46.5	32.5	100	159	1.28e-38	134
WP_014576283.1	MER0002577|S01.277|S01C	48.1	32.5	100	158	6.69e-38	132
WP_014576283.1	MER0016351|S01.285|S01C	47.5	32.5	100	158	9.32e-38	132
WP_014576283.1	MER0004086|S01.B81|S01C	49.0	30.4	92.6	151	3.30e-36	128
WP_014576283.1	MER0011375|S01.476|S01C	45.0	32.5	100	160	5.05e-36	127
WP_014576283.1	MER0001373|S01.275|S01C	44.9	32.5	100	158	5.67e-36	127
WP_014576283.1	MER0014795|S01.284|S01C	47.0	32.5	100	164	1.57e-35	126
WP_014576283.1	MER0022668|S01.447|S01C	43.9	32.5	100	171	2.21e-34	124
WP_014576283.1	MER0016031|S01.364|S01C	43.7	32.5	100	167	3.64e-33	120
WP_014576283.1	MER0005093|S01.441|S01C	43.8	31.0	97.6	162	5.05e-33	120
WP_014576283.1	MER0010944|S01.474|S01C	39.2	32.5	100	171	2.09e-31	115
WP_014576283.1	MER0006096|S01.A08|S01C	40.2	27.0	98.5	132	1.86e-25	98.2
WP_014576286.1	MER0000589|S26.001|S26A	40.7	71.3	100	248	1.24e-51	166
WP_014576286.1	MER0013626|S26.026|S26A	41.1	62.7	89.5	168	1.06e-37	127
WP_014576286.1	MER0015994|S26.019|S26A	35.9	63.4	95.6	170	9.62e-30	107
WP_014576286.1	MER0028421|S26.018|S26A	36.4	64.2	93.7	173	1.38e-28	103
WP_014576286.1	MER0003269|S26.008|S26A	35.8	64.2	94.2	176	5.45e-27	99.8
WP_014576286.1	MER0002550|S26.004|S26A	35.3	61.9	89.7	167	4.64e-24	92.0
WP_014576286.1	MER0006313|S26.006|S26A	36.6	59.3	90.1	161	1.12e-23	90.9
WP_014576286.1	MER0015620|S26.A01|S26A	32.8	64.2	94.1	180	3.23e-23	89.7
WP_014576286.1	MER0055964|S26.A02|S26A	33.3	64.2	96.6	180	5.70e-23	89.0
WP_014576286.1	MER0015993|S26.021|S26A	34.9	61.9	89.6	166	1.27e-22	88.2
WP_014576286.1	MER0016034|S26.020|S26A	31.5	61.9	95.5	168	2.47e-22	87.4
WP_014576286.1	MER0003273|S26.016|S26A	30.4	63.4	93.2	171	5.88e-22	86.7
WP_014576286.1	MER0001912|S26.005|S26A	37.4	60.4	86.5	163	3.67e-21	84.3
WP_014576286.1	MER0001510|S26.007|S26A	37.0	57.5	81.4	154	5.24e-21	84.0
WP_014576286.1	MER0004537|S26.025|S26A	31.2	66.4	99.5	218	7.90e-21	84.3
WP_014576286.1	MER0000592|S26.003|S26A	31.8	57.5	81.3	154	1.02e-19	80.5
WP_014576286.1	MER0003268|S26.015|S26A	29.6	64.2	95.6	199	4.65e-16	71.2
WP_014576286.1	MER0002551|S26.024|S26A	29.7	63.8	95.1	219	6.85e-15	68.6
WP_014576286.1	MER0015611|S26.A06|S26A	31.1	44.4	85.1	119	2.11e-11	56.2
WP_014576286.1	MER0000597|S26.002|S26A	30.6	58.6	71.3	160	1.82e-08	49.7
WP_014576286.1	MER0006070|S26.A05|S26A	33.3	25.4	93.4	69	6.06e-06	40.0
WP_014576286.1	MER0017118|S26.A08|S26A	34.8	25.4	74.0	69	3.08e-05	38.5
WP_014576337.1	MER0217243|M90.001|M90	28.9	82.6	86.0	232	2.98e-26	100
WP_014576344.1	MER0066182|M23.A04|M23B	26.3	35.4	53.3	114	1.17e-05	42.4
WP_014576344.1	MER0003906|M23.013|M23B	32.8	18.0	54.7	58	1.77e-04	37.4
WP_014576344.1	MER0387040|M23.A03|M23B	28.0	23.3	72.8	75	3.12e-04	36.6
WP_014576361.1	MER0014721|C56.A01|C56	62.3	81.0	98.7	154	3.45e-67	199
WP_014576361.1	MER0019092|C56.A06|C56	53.5	81.5	99.4	155	1.81e-57	175
WP_014576361.1	MER0121992|C56.A02|C56	43.1	64.6	100	123	2.80e-28	99.8
WP_014576361.1	MER0002455|C56.001|C56	41.4	65.6	89.0	128	1.56e-24	90.5
WP_014576361.1	MER0002601|C56.976|C56	36.5	76.2	96.4	148	7.34e-19	75.9
WP_014576364.1	MER0034548|S09.A47|S09C	25.2	67.7	92.5	242	1.38e-14	69.7
WP_014576364.1	MER0033274|S09.993|S09X	32.3	37.4	52.6	133	3.39e-14	68.6
WP_014576364.1	MER0034961|S09.A82|S09X	34.1	23.3	25.5	85	4.59e-10	57.0
WP_014576364.1	MER0034960|S09.A86|S09X	32.1	23.3	27.5	84	4.26e-08	50.8
WP_014576364.1	MER0034959|S09.A85|S09X	31.0	23.3	25.6	84	4.63e-08	50.8
WP_014576364.1	MER0033242|S09.992|S09X	27.3	36.0	41.4	139	1.94e-07	48.9
WP_014576364.1	MER0033237|S09.991|S09X	34.7	24.2	28.2	95	1.88e-06	45.8
WP_014576408.1	MER0033259|S33.982|S33	27.1	88.4	76.9	207	4.01e-12	60.8
WP_014576408.1	MER0031610|S33.976|S33	22.7	92.0	75.1	233	5.56e-05	40.0
WP_014576465.1	MER0006204|S12.950|S12	30.9	87.9	90.5	372	9.56e-43	150
WP_014576465.1	MER0122661|S12.A28|S12	26.2	87.6	93.2	362	1.50e-26	105
WP_014576465.1	MER1143079|S12.013|S12	28.2	75.7	90.1	309	3.08e-23	95.5
WP_014576465.1	MER0002489|S12.003|S12	27.9	69.1	73.7	287	3.15e-21	90.9
WP_014576465.1	MER0140154|S12.A27|S12	25.1	69.6	82.3	299	9.89e-21	89.4
WP_014576465.1	MER0026262|S12.008|S12	23.4	80.9	83.4	337	5.12e-20	87.4
WP_014576465.1	MER0003802|S12.A21|S12	24.0	77.0	83.7	317	1.52e-19	85.5
WP_014576465.1	MER0005925|S12.A13|S12	27.0	49.0	53.2	200	1.65e-19	85.9
WP_014576465.1	MER0004090|S12.A03|S12	24.3	92.6	93.5	399	4.94e-17	79.0
WP_014576465.1	MER0028284|S12.010|S12	28.8	51.2	53.7	208	2.95e-15	73.2
WP_014576465.1	MER0003800|S12.952|S12	24.4	74.0	74.2	320	5.92e-15	72.8
WP_014576465.1	MER0000459|S12.001|S12	26.0	63.6	67.0	262	3.48e-13	67.0
WP_014576465.1	MER0005964|S12.951|S12	25.9	66.8	69.7	282	3.64e-13	67.0
WP_014576465.1	MER0005923|S12.004|S12	22.8	64.6	67.7	325	6.84e-13	66.6
WP_014576465.1	MER0004154|S12.012|S12	27.9	54.0	57.1	219	8.16e-13	65.9
WP_014576465.1	MER0354941|S12.A22|S12	26.9	47.5	93.9	201	1.37e-12	63.2
WP_014576465.1	MER0011700|S12.A16|S12	23.4	63.1	66.6	269	3.89e-12	63.9
WP_014576465.1	MER0356183|S12.A24|S12	25.7	58.2	93.2	241	7.62e-09	52.8
WP_014576465.1	MER0017074|S12.A14|S12	27.3	42.1	38.3	176	8.76e-07	47.4
WP_014576465.1	MER0005836|S12.A12|S12	23.9	52.5	75.5	213	1.29e-06	46.2
WP_014576465.1	MER0015683|S12.A01|S12	21.8	47.3	58.1	193	1.55e-05	43.1
WP_014576465.1	MER0000463|S12.006|S12	23.1	52.0	51.1	212	5.70e-05	41.6
WP_014576465.1	MER0034963|S12.A10|S12	25.4	29.2	27.0	118	2.45e-04	39.7
WP_014576535.1	MER0001001|M01.005|M01	67.1	23.9	100	210	9.43e-98	301
WP_014576535.1	MER0005037|M01.029|M01	54.9	20.7	98.9	182	1.14e-68	223
WP_014576535.1	MER0040779|M01.035|M01	39.7	23.8	100	209	1.37e-45	159
WP_014576535.1	MER0011438|M01.A08|M01	35.7	22.3	93.4	199	1.27e-28	111
WP_014576535.1	MER0011440|M01.A09|M01	30.6	24.5	99.1	219	1.34e-27	108
WP_014576535.1	MER0011183|M01.A24|M01	31.3	23.8	95.0	211	2.59e-27	107
WP_014576535.1	MER0011371|M01.A10|M01	32.1	23.4	100	212	1.15e-26	105
WP_014576535.1	MER0001012|M01.003|M01	31.6	24.0	98.2	215	6.71e-26	103
WP_014576535.1	MER0002060|M01.011|M01	28.8	23.9	96.3	212	4.44e-25	101
WP_014576535.1	MER0019759|M01.A25|M01	29.2	26.1	100	233	8.21e-25	100
WP_014576535.1	MER0002078|M01.A28|M01	28.8	26.1	99.1	233	2.15e-24	99.8
WP_014576535.1	MER0002746|M01.010|M01	25.7	26.1	99.6	241	5.38e-24	98.6
WP_014576535.1	MER0006264|M01.A29|M01	35.5	20.3	98.9	183	4.59e-23	94.4
WP_014576535.1	MER0002003|M01.015|M01	28.0	24.3	98.2	218	4.61e-23	95.5
WP_014576535.1	MER0001010|M01.007|M01	33.5	22.7	97.6	203	1.13e-22	94.0
WP_014576535.1	MER0003500|M01.030|M01	30.7	19.9	85.4	179	2.77e-22	92.8
WP_014576535.1	MER0091680|M01.A31|M01	32.3	24.2	97.3	217	3.75e-22	92.8
WP_014576535.1	MER0011720|M01.A23|M01	28.7	24.9	96.7	223	8.38e-22	91.7
WP_014576535.1	MER0011369|M01.A12|M01	30.2	24.5	96.9	222	1.46e-21	91.3
WP_014576535.1	MER0001009|M01.006|M01	32.0	21.9	90.1	200	2.72e-21	90.1
WP_014576535.1	MER0005331|M01.018|M01	29.9	23.6	99.1	214	3.62e-21	89.7
WP_014576535.1	MER0000997|M01.001|M01	34.0	17.6	73.7	162	1.41e-20	88.2
WP_014576535.1	MER0002355|M01.A19|M01	28.3	24.4	94.6	219	3.84e-20	87.0
WP_014576535.1	MER0004243|M01.016|M01	32.0	20.9	87.1	194	6.49e-20	86.3
WP_014576535.1	MER0011370|M01.A11|M01	28.5	23.6	100	214	1.02e-19	85.5
WP_014576578.1	MER0037236|S33.016|S33	36.9	86.7	97.3	263	9.91e-43	144
WP_014576578.1	MER0004146|S33.995|S33	34.2	87.8	98.9	263	1.17e-40	139
WP_014576578.1	MER0036053|S33.A01|S33	40.6	37.1	38.8	106	1.31e-16	74.7
WP_014576578.1	MER0000436|S33.021|S33	26.2	86.7	92.4	279	4.53e-16	73.6
WP_014576578.1	MER0003537|S33.005|S33	27.0	85.0	90.6	263	5.27e-15	70.5
WP_014576578.1	MER0011509|S33.A84|S33	35.0	35.0	31.7	103	3.11e-14	68.6
WP_014576578.1	MER0036067|S33.A71|S33	26.8	85.3	89.7	272	2.98e-13	65.5
WP_014576578.1	MER0030163|S33.975|S33	30.4	57.7	56.4	181	5.47e-13	64.7
WP_014576578.1	MER0036054|S33.A02|S33	23.5	81.5	92.7	264	1.61e-12	63.2
WP_014576578.1	MER0044581|S33.A27|S33	26.0	79.4	71.9	258	6.28e-12	62.0
WP_014576578.1	MER0003280|S33.990|S33	34.4	32.9	33.3	96	2.01e-11	60.1
WP_014576578.1	MER0036076|S33.A33|S33	25.6	72.7	69.6	215	3.79e-11	59.3
WP_014576578.1	MER0036056|S33.A10|S33	24.9	80.4	73.3	253	7.95e-11	58.5
WP_014576578.1	MER0014065|S33.974|S33	30.2	40.2	34.8	116	8.15e-11	58.5
WP_014576578.1	MER0036066|S33.A04|S33	22.4	82.2	99.2	259	8.48e-11	57.8
WP_014576578.1	MER0031616|S33.013|S33	33.0	38.1	34.4	112	1.02e-10	58.2
WP_014576578.1	MER0036073|S33.A35|S33	26.9	80.4	72.8	249	1.04e-10	58.2
WP_014576578.1	MER0044578|S33.A28|S33	26.1	79.4	72.7	261	1.19e-10	58.2
WP_014576578.1	MER0011785|S33.009|S33	33.6	40.2	35.7	119	1.96e-10	57.4
WP_014576578.1	MER0035973|S33.A14|S33	22.8	82.2	79.8	246	7.22e-10	55.5
WP_014576578.1	MER0031611|S33.977|S33	23.9	85.0	85.4	259	1.01e-09	55.1
WP_014576578.1	MER0036068|S33.A19|S33	25.8	82.9	82.0	256	1.36e-09	54.7
WP_014576578.1	MER0044633|S33.A26|S33	25.9	84.3	77.3	286	5.37e-09	53.1
WP_014576578.1	MER0031614|S33.011|S33	21.5	85.7	70.9	247	9.34e-09	52.4
WP_014576578.1	MER0000437|S33.004|S33	21.4	93.7	95.7	299	1.11e-08	52.0
WP_014576625.1	MER0001272|M20.010|M20A	43.3	98.4	98.9	372	4.35e-94	279
WP_014576625.1	MER0003798|M20.A21|M20A	25.4	84.7	78.5	350	9.43e-14	68.9
WP_014576625.1	MER0001271|M20.973|M20A	25.4	75.7	74.1	303	1.59e-11	62.0
WP_014576625.1	MER0033183|M20.011|M20A	33.7	26.7	32.5	101	1.84e-11	61.2
WP_014576625.1	MER0003775|M20.A19|M20A	27.8	42.3	54.5	169	4.26e-11	60.1
WP_014576625.1	MER0015142|M20.006|M20F	29.6	32.0	24.0	125	1.01e-08	53.5
WP_014576625.1	MER0026494|M20.005|M20F	28.0	33.9	26.9	132	4.01e-08	51.6
WP_014576625.1	MER0003397|M20.A14|M20F	29.0	27.2	33.1	107	6.45e-07	47.4
WP_014576625.1	MER0369336|M20.A23|M20A	23.2	82.5	94.9	327	2.02e-05	42.7
WP_014576634.1	MER0004480|M50.004|M50B	38.1	88.6	98.8	399	1.80e-81	251
WP_014576634.1	MER0004468|M50.011|M50B	27.3	99.3	100	472	2.03e-48	168
WP_014576634.1	MER0897124|M50.A11|M50A	27.5	99.1	99.8	454	1.51e-45	160
WP_014576634.1	MER0004469|M50.005|M50B	25.3	94.2	89.6	455	1.10e-20	90.5
WP_014576634.1	MER0004471|M50.A10|M50B	29.4	22.5	27.3	102	2.65e-09	55.5
WP_014576634.1	MER0004474|M50.003|M50B	30.9	20.7	25.6	94	1.90e-08	52.8
WP_014576666.1	MER0001214|M16.002|M16A	53.5	18.3	89.6	172	3.68e-54	183
WP_014576666.1	MER0011744|M16.A02|M16A	47.7	20.9	93.9	199	1.29e-53	182
WP_014576666.1	MER0001218|M16.008|M16A	46.2	20.4	92.0	195	4.53e-53	181
WP_014576666.1	MER0003386|M16.020|M16A	46.0	20.6	93.4	198	1.04e-51	177
WP_014576666.1	MER0011096|M16.A01|M16A	46.7	20.9	93.9	199	4.99e-51	175
WP_014576666.1	MER0002345|M16.A08|M16A	46.5	21.0	94.3	200	1.38e-48	168
WP_014576666.1	MER0003823|M16.A09|M16A	46.0	21.0	94.3	200	6.54e-48	166
WP_014576666.1	MER0015259|M16.017|M16A	44.6	20.4	92.0	195	8.93e-48	166
WP_014576666.1	MER0122186|M16.A14|M16A	43.4	20.9	96.0	198	2.94e-47	164
WP_014576666.1	MER0001222|M16.001|M16A	41.3	20.9	93.8	196	4.65e-46	161
WP_014576666.1	MER0169735|M16.021|M16A	45.7	20.9	99.0	199	4.84e-46	160
WP_014576666.1	MER0002283|M16.A10|M16A	44.5	21.0	94.3	200	3.28e-45	159
WP_014576666.1	MER0002423|M16.A11|M16A	44.5	21.0	94.3	200	2.51e-43	153
WP_014576666.1	MER0001220|M16.005|M16A	39.9	20.7	95.7	198	2.32e-39	142
WP_014576666.1	MER0011292|M16.A07|M16A	32.6	21.1	95.3	221	3.08e-34	128
WP_014576666.1	MER0001219|M16.007|M16A	34.9	17.6	78.5	172	1.40e-29	114
WP_014576666.1	MER0011192|M16.A06|M16A	39.2	16.7	96.3	158	2.37e-28	108
WP_014576666.1	MER0001223|M16.006|M16A	35.1	19.9	96.9	188	9.67e-26	102
WP_014576666.1	MER0142516|M16.987|M16A	25.0	43.5	95.6	420	3.69e-22	97.1
WP_014576666.1	MER0046821|M16.982|M16A	29.0	17.0	85.3	162	2.37e-17	78.2
WP_014576666.1	MER0078753|M16.984|M16A	28.0	19.8	91.0	193	1.07e-15	73.9
WP_014576666.1	MER0170820|M16.022|M16A	34.6	13.6	65.0	130	3.92e-15	72.0
WP_014576666.1	MER0390687|M16.A15|M16B	27.8	16.1	90.4	151	2.18e-12	63.2
WP_014576666.1	MER0046874|M16.983|M16A	29.3	15.7	74.3	150	3.27e-12	63.5
WP_014576666.1	MER0003448|M16.016|M16B	24.9	20.1	80.7	189	7.47e-11	60.1
WP_014576669.1	MER0061068|M38.A02|M38	63.1	86.3	99.7	298	3.60e-127	363
WP_014576676.1	MER0037714|M38.981|M38	30.1	55.5	100	259	3.00e-27	106
WP_014576676.1	MER0033186|M38.980|M38	26.3	29.9	39.4	133	2.50e-04	39.7
WP_014576687.1	MER0042827|C56.972|C56	51.0	7.4	97.0	96	5.54e-25	97.4
WP_014576710.1	MER0065554|C26.964|C26	62.6	48.9	98.5	265	2.70e-115	339
WP_014576710.1	MER0437468|C26.A36|C26	39.0	63.3	99.7	359	5.40e-79	249
WP_014576710.1	MER0436717|C26.A29|C26	31.6	63.3	99.5	408	7.32e-56	189
WP_014576710.1	MER0031278|C26.961|C26	24.4	36.0	72.8	213	2.63e-06	45.8
WP_014576719.1	MER0015415|M23.951|M23B	31.9	44.6	82.9	141	5.75e-17	73.9
WP_014576719.1	MER0005300|M23.950|M23B	38.4	40.9	76.1	125	1.80e-16	72.4
WP_014576719.1	MER0069741|M23.009|M23B	38.8	32.8	55.8	98	1.63e-12	61.6
WP_014576719.1	MER0387040|M23.A03|M23B	34.0	33.1	96.1	100	4.44e-11	55.8
WP_014576719.1	MER0003376|M23.005|M23B	35.2	42.2	84.3	142	4.60e-11	57.4
WP_014576719.1	MER0066182|M23.A04|M23B	34.0	33.1	49.7	100	2.63e-10	55.8
WP_014576719.1	MER0003380|M23.011|M23B	36.9	34.1	41.9	103	1.88e-09	53.9
WP_014576719.1	MER0003906|M23.013|M23B	35.3	32.4	96.2	102	1.89e-08	48.5
WP_014576719.1	MER0013541|M23.014|M23B	34.9	28.7	96.6	86	2.13e-07	45.1
WP_014576719.1	MER0001419|M23.004|M23B	33.3	34.5	75.5	108	2.49e-07	46.2
WP_014576719.1	MER0003423|M23.012|M23B	36.3	32.4	71.3	102	4.61e-07	45.4
WP_014576747.1	MER0001236|M17.003|M17	50.0	96.6	99.0	486	6.28e-159	457
WP_014576747.1	MER0001238|M17.A03|M17	36.9	96.6	99.4	496	2.98e-90	281
WP_014576747.1	MER0035089|M17.010|M17	45.6	63.4	90.0	316	2.96e-87	269
WP_014576747.1	MER0004597|M17.A01|M17	43.6	63.0	90.6	319	1.82e-82	256
WP_014576747.1	MER0002271|M17.002|M17	35.8	96.0	99.4	495	8.40e-81	256
WP_014576747.1	MER0041673|M17.013|M17	42.7	67.4	70.8	342	9.81e-80	253
WP_014576747.1	MER0001235|M17.001|M17	38.4	84.5	85.4	438	1.31e-79	253
WP_014576747.1	MER0004598|M17.A02|M17	41.1	63.0	90.9	319	1.57e-76	241
WP_014576747.1	MER0001910|M17.009|M17	35.0	96.6	98.2	500	1.06e-69	228
WP_014576747.1	MER0014397|M17.015|M17	37.3	70.6	100	357	2.22e-69	223
WP_014576747.1	MER0003825|M17.016|M17	36.7	79.3	91.4	411	3.32e-69	225
WP_014576747.1	MER0024892|M17.008|M17	39.5	60.8	76.0	306	1.23e-67	219
WP_014576747.1	MER0026959|M17.950|M17	43.4	52.3	98.9	267	2.64e-66	212
WP_014576747.1	MER0003919|M17.005|M17	36.7	71.0	93.8	360	1.88e-65	213
WP_014576747.1	MER0002497|M17.004|M17	41.0	56.7	67.9	290	1.56e-56	191
WP_014576747.1	MER0105906|M17.014|M17	34.7	59.0	64.2	303	6.42e-42	152
WP_014576747.1	MER0011357|M17.A04|M17	34.8	65.0	61.8	330	2.86e-41	152
WP_014576747.1	MER0013416|M17.006|M17	37.0	59.0	77.5	300	1.22e-40	147
WP_014576747.1	MER0001240|M17.A05|M17	36.6	57.1	59.4	295	3.71e-39	145
WP_014576747.1	MER0081108|M17.012|M17	26.6	54.9	68.4	327	4.21e-21	92.8
WP_014576747.1	MER0079520|M17.011|M17	31.5	41.4	44.8	232	2.69e-17	81.3
WP_014576781.1	MER0003018|S16.A10|S16	43.7	26.7	96.4	215	3.19e-55	186
WP_014576781.1	MER0041647|S16.007|S16	46.1	28.5	90.8	228	3.61e-54	184
WP_014576781.1	MER0017402|S16.A11|S16	32.8	24.7	82.3	201	3.84e-19	84.0
WP_014576781.1	MER0003859|S16.005|S16	34.9	23.9	72.0	192	6.88e-18	80.9
WP_014576781.1	MER0003359|S16.008|S16	29.8	24.4	78.2	205	5.03e-14	69.3
WP_014576781.1	MER0003017|S16.A05|S16	28.8	13.9	59.9	111	2.53e-07	48.1
WP_014576784.1	MER0005466|M41.021|M41	39.7	36.4	97.5	234	4.11e-54	182
WP_014576784.1	MER0002602|M41.009|M41	42.2	35.9	86.5	232	2.45e-52	178
WP_014576784.1	MER0001620|M41.001|M41	40.5	36.7	83.7	237	3.73e-49	170
WP_014576784.1	MER0023544|M41.A10|M41	37.7	36.1	81.8	231	2.86e-47	164
WP_014576784.1	MER0011224|M41.A09|M41	37.2	35.8	81.1	231	3.70e-45	159
WP_014576784.1	MER0005496|M41.007|M41	38.0	35.8	82.9	229	6.01e-45	158
WP_014576784.1	MER0171760|M41.A12|M41	35.8	41.4	98.1	268	1.00e-44	157
WP_014576784.1	MER0015197|M41.013|M41	36.1	35.9	87.3	230	4.20e-43	152
WP_014576784.1	MER0056525|M41.A17|M41	37.4	35.8	88.8	230	3.21e-42	150
WP_014576784.1	MER0002563|M41.020|M41	35.2	35.2	93.9	230	3.55e-41	147
WP_014576784.1	MER0015199|M41.015|M41	36.1	35.6	81.7	230	4.61e-41	147
WP_014576784.1	MER0002197|M41.004|M41	36.4	37.0	87.3	239	3.37e-39	142
WP_014576784.1	MER0017637|M41.024|M41	34.3	35.2	93.9	230	4.29e-39	141
WP_014576784.1	MER0014324|M41.018|M41	38.1	35.8	90.4	231	1.80e-38	139
WP_014576784.1	MER0002605|M41.003|M41	36.6	36.1	84.5	232	2.58e-38	139
WP_014576784.1	MER0015609|M41.023|M41	36.5	35.8	81.3	230	5.82e-38	139
WP_014576784.1	MER0015195|M41.A15|M41	35.7	35.8	81.1	230	8.61e-38	138
WP_014576784.1	MER0002600|M41.002|M41	36.1	35.8	87.1	230	2.59e-37	136
WP_014576784.1	MER0002608|M41.A11|M41	36.5	35.9	85.4	233	3.51e-37	136
WP_014576784.1	MER0014306|M41.016|M41	34.5	35.8	82.3	229	2.52e-36	134
WP_014576784.1	MER0002408|M41.017|M41	33.9	35.8	93.1	230	3.45e-36	133
WP_014576784.1	MER0015194|M41.A14|M41	33.3	35.8	84.2	231	5.58e-36	133
WP_014576784.1	MER0004454|M41.006|M41	34.2	35.8	82.1	231	1.31e-35	132
WP_014576784.1	MER0011748|M41.022|M41	34.8	35.8	81.4	230	1.31e-35	132
WP_014576784.1	MER0024900|M41.A21|M41	31.4	35.2	87.4	226	6.48e-33	124
WP_014576786.1	MER0001978|T03.001|T03	55.0	93.0	98.2	547	6.81e-209	590
WP_014576786.1	MER0011800|T03.A01|T03	34.3	87.9	89.1	527	7.07e-90	286
WP_014576786.1	MER0011811|T03.A03|T03	35.9	90.3	95.6	554	9.24e-90	285
WP_014576786.1	MER0001629|T03.006|T03	33.6	87.2	92.4	524	4.34e-81	262
WP_014576786.1	MER0003580|T03.011|T03	32.7	85.9	90.2	513	6.22e-81	261
WP_014576786.1	MER0006124|T03.A05|T03	33.6	90.6	95.7	547	1.12e-79	258
WP_014576786.1	MER0005029|T03.009|T03	31.1	88.8	99.8	544	1.05e-71	236
WP_014576786.1	MER0002720|T03.023|T03	33.6	88.9	98.9	527	5.50e-71	233
WP_014576786.1	MER0011215|T03.A04|T03	33.1	81.8	95.0	496	2.55e-65	219
WP_014576786.1	MER0005831|T03.A06|T03	31.5	89.8	94.8	555	2.34e-64	218
WP_014576786.1	MER0011143|T03.005|T03	32.1	84.7	88.1	505	4.16e-64	217
WP_014576786.1	MER0004194|T03.A07|T03	34.2	82.5	92.2	497	8.05e-64	215
WP_014576786.1	MER0011211|T03.007|T03	31.1	84.3	89.0	505	8.21e-64	216
WP_014576786.1	MER0016970|T03.017|T03	32.4	84.8	89.9	512	1.69e-60	207
WP_014576786.1	MER0094876|T03.025|T03	31.0	89.3	99.4	538	1.74e-56	195
WP_014576786.1	MER0002728|T03.012|T03	32.1	81.3	85.9	517	1.43e-54	191
WP_014576786.1	MER0011193|T03.010|T03	30.6	84.7	91.4	510	1.92e-51	182
WP_014576786.1	MER0006132|T03.014|T03	28.4	91.0	96.5	630	1.23e-49	179
WP_014576786.1	MER0004202|T03.013|T03	27.3	90.6	98.6	543	1.67e-46	168
WP_014576786.1	MER0002721|T03.016|T03	33.5	34.8	91.3	233	1.76e-28	111
WP_014576786.1	MER0002718|T03.008|T03	37.5	31.7	98.4	192	3.43e-28	108
WP_014576786.1	MER0026205|T03.019|T03	34.9	34.8	90.7	209	2.05e-27	107
WP_014576786.1	MER0026204|T03.018|T03	30.7	36.6	90.7	215	4.19e-23	95.1
WP_014576786.1	MER0003440|T03.A08|T03	25.0	72.1	88.6	432	1.08e-19	88.6
WP_014576786.1	MER0026207|T03.021|T03	30.2	34.8	90.4	205	2.13e-17	77.8
WP_014576815.1	MER0042387|M48.019|M48C	33.2	43.8	98.9	193	8.85e-24	94.7
WP_014576815.1	MER0031491|M48.023|M48C	28.3	43.8	99.0	191	2.96e-20	85.1
WP_014576815.1	MER0026552|M48.A01|M48C	31.3	39.1	90.6	166	2.08e-18	79.3
WP_014576815.1	MER0002642|M48.A03|M48C	31.0	38.8	90.9	171	2.12e-15	70.9
WP_014576815.1	MER0026545|M48.018|M48C	24.0	56.5	94.8	262	1.62e-12	64.3
WP_014576815.1	MER0026496|M48.017|M48C	26.6	28.2	45.8	128	4.70e-09	53.9
WP_014577164.1	MER0001300|S49.002|S49B	61.1	51.0	96.8	180	2.50e-77	233
WP_014577164.1	MER0003812|S49.008|S49X	26.5	46.2	86.0	166	2.72e-18	79.0
WP_014577164.1	MER0321345|S49.A08|S49B	25.9	46.2	90.2	166	2.86e-17	75.9
WP_014577164.1	MER0044046|S49.006|S49B	30.3	45.9	87.6	165	3.53e-11	58.5
WP_014577164.1	MER0001299|S49.001|S49A	25.3	51.0	31.6	182	3.07e-10	58.2
WP_014577164.1	MER0011114|S49.004|S49B	27.5	44.5	42.6	160	1.65e-08	52.4
WP_014577182.1	MER0011806|C44.A03|C44	37.7	49.2	98.7	252	2.99e-36	131
WP_014577182.1	MER0004101|C44.A01|C44	37.1	46.3	93.7	237	7.38e-34	125
WP_014577182.1	MER0011781|C44.A02|C44	35.2	45.7	92.0	233	1.10e-29	113
WP_014577182.1	MER0003314|C44.001|C44	33.7	45.5	92.9	252	8.48e-27	106
WP_014577182.1	MER0003327|C44.971|C44	28.0	41.7	83.8	214	3.38e-12	63.2
WP_014577199.1	MER0036115|S33.B18|S33	32.0	82.3	87.5	272	1.29e-34	125
WP_014577199.1	MER0044350|S33.A81|S33	32.6	77.2	94.0	261	3.73e-27	104
WP_014577199.1	MER0031619|S33.012|S33	26.0	82.9	88.7	281	1.93e-23	95.1
WP_014577199.1	MER0035038|S33.A98|S33	29.1	77.2	84.2	261	1.64e-22	92.4
WP_014577199.1	MER0035042|S33.A93|S33	27.7	82.0	87.3	274	5.61e-21	88.2
WP_014577199.1	MER0035035|S33.A94|S33	26.0	93.0	97.4	311	1.45e-20	87.0
WP_014577199.1	MER0035044|S33.A97|S33	29.9	52.5	54.8	174	1.27e-19	84.3
WP_014577199.1	MER0035043|S33.A95|S33	26.3	82.0	87.3	278	8.87e-19	82.0
WP_014577199.1	MER0035032|S33.A96|S33	38.1	33.2	33.4	105	3.94e-18	80.1
WP_014577199.1	MER0213280|S33.A87|S33	28.2	57.6	62.2	195	7.40e-14	67.8
WP_014577199.1	MER0011509|S33.A84|S33	29.6	36.4	35.9	115	1.28e-11	61.2
WP_014577199.1	MER0030163|S33.975|S33	30.3	36.1	38.5	122	3.88e-10	56.6
WP_014577199.1	MER0031616|S33.013|S33	24.6	37.0	37.0	122	1.07e-08	52.4
WP_014577199.1	MER0017142|S33.994|S33	31.9	36.7	42.7	116	1.81e-08	51.2
WP_014577199.1	MER0011785|S33.009|S33	28.5	43.0	40.0	137	4.82e-08	50.4
WP_014577199.1	MER0031618|S33.979|S33	33.3	32.9	36.5	108	5.51e-08	50.1
WP_014577199.1	MER0036053|S33.A01|S33	28.2	34.5	39.2	110	1.18e-07	48.9
WP_014577199.1	MER0031645|S33.A42|S33	20.4	33.9	32.8	137	1.38e-06	46.2
WP_014577199.1	MER0036114|S33.980|S33	28.2	34.2	36.0	110	2.54e-06	45.1
WP_014577199.1	MER0214982|S33.A63|S33	30.1	32.3	40.5	103	1.17e-05	42.7
WP_014577199.1	MER0213595|S33.A70|S33	26.0	39.6	50.8	127	2.76e-05	41.6
WP_014577199.1	MER0036065|S33.A03|S33	28.1	32.3	40.2	114	1.24e-04	39.7
WP_014577199.1	MER0031569|S09.A18|S09X	28.9	35.4	45.8	121	2.19e-04	38.9
WP_014577199.1	MER0031611|S33.977|S33	29.2	33.2	34.7	113	7.83e-04	37.4
WP_014577268.1	MER0034539|C44.976|C44	39.1	30.2	86.1	192	1.05e-31	119
WP_014577268.1	MER0033254|C44.974|C44	30.1	36.1	91.1	239	1.99e-19	85.1
WP_014577268.1	MER0011781|C44.A02|C44	31.2	19.6	56.5	138	2.74e-07	48.9
WP_014577268.1	MER0011806|C44.A03|C44	31.4	19.6	56.5	137	2.13e-06	46.2
WP_014577268.1	MER0012158|C44.972|C44	28.8	13.9	30.9	104	3.52e-06	46.2
WP_014577268.1	MER0004101|C44.A01|C44	30.7	19.6	56.5	137	6.82e-06	44.7
WP_014577268.1	MER0003350|C44.975|C44	26.9	13.9	50.5	104	2.27e-05	42.7
WP_014577268.1	MER0003322|C44.970|C44	24.0	16.6	58.7	121	4.10e-05	42.0
WP_014577268.1	MER0003327|C44.971|C44	33.9	16.1	46.2	112	1.62e-04	40.4
WP_014577318.1	MER0001303|S49.003|S49B	49.5	41.3	93.8	182	1.38e-54	177
WP_014577318.1	MER0321345|S49.A08|S49B	29.5	38.5	94.0	173	5.02e-15	70.1
WP_014577318.1	MER0003812|S49.008|S49X	28.9	38.5	89.6	173	2.77e-14	68.2
WP_014577318.1	MER0044046|S49.006|S49B	29.1	24.7	59.5	110	2.55e-09	53.5
WP_014577318.1	MER0001299|S49.001|S49A	24.8	56.0	42.1	250	1.11e-08	53.9
WP_014577318.1	MER0001300|S49.002|S49B	26.3	38.5	91.4	171	1.59e-08	51.2
WP_014577318.1	MER0011947|S14.012|S14	29.7	20.2	43.2	91	2.04e-04	39.3
WP_014577400.1	MER0045886|C26.957|C26	40.9	44.0	94.5	232	5.27e-55	182
WP_014577400.1	MER0042974|C26.A07|C26	38.3	36.6	97.9	196	2.09e-47	160
WP_014577400.1	MER0436735|C26.A34|C26	33.1	44.2	99.2	260	4.04e-46	159
WP_014577400.1	MER0044889|C26.A21|C26	36.9	45.0	93.8	236	8.84e-45	155
WP_014577400.1	MER0038086|C26.962|C26	36.4	41.5	88.9	228	1.13e-38	139
WP_014577400.1	MER0043537|C26.A31|C26	36.2	35.8	95.7	188	6.04e-33	121
WP_014577400.1	MER0043387|C26.950|C26	35.7	35.2	100	185	1.40e-26	103
WP_014577400.1	MER0044622|C26.A25|C26	25.0	37.5	75.9	208	4.41e-13	66.2
WP_014577400.1	MER0044882|C26.A09|C26	27.1	33.7	97.8	192	5.13e-12	61.6
WP_014577400.1	MER0043394|C26.955|C26	25.9	30.1	92.7	158	7.76e-11	57.8
WP_014577400.1	MER0043392|C26.960|C26	30.6	27.0	78.7	144	1.07e-06	45.8
WP_014577400.1	MER0031288|C26.A28|C26	26.0	28.4	73.8	181	1.29e-05	43.5
WP_014577439.1	MER0002637|M48.002|M48B	54.2	70.3	100	212	4.66e-63	195
WP_014577439.1	MER0006293|M48.004|M48B	33.2	68.9	94.1	214	8.77e-21	85.5
WP_014577439.1	MER0017394|M48.A10|M48B	28.6	69.3	93.9	206	2.15e-11	58.9
WP_014577439.1	MER0003824|M48.008|M48A	26.6	61.8	61.8	184	1.13e-10	57.8
WP_014577439.1	MER0006292|M48.010|M48B	27.1	70.0	96.1	207	8.93e-10	53.9
WP_014577439.1	MER0002635|M48.001|M48A	25.8	71.0	73.6	233	1.17e-07	48.9
WP_014577439.1	MER0002642|M48.A03|M48C	48.6	12.6	21.1	37	6.59e-05	39.7
WP_014577439.1	MER0002639|M48.022|M48C	24.6	63.8	85.8	191	6.66e-05	39.7
WP_014577439.1	MER0002646|M48.003|M48A	28.0	53.6	47.1	168	1.72e-04	39.3
WP_014577439.1	MER0173063|M48.A08|M48A	23.6	50.9	58.8	174	2.72e-04	38.5
WP_014577465.1	MER0014664|C39.004|C39	27.5	53.4	92.3	142	1.40e-09	52.4
WP_014577468.1	MER0030151|M38.976|M38	27.8	18.6	26.3	108	4.14e-04	39.7
WP_014577521.1	MER0000485|S16.001|S16	68.6	29.7	96.4	239	8.82e-105	319
WP_014577521.1	MER0003442|S16.011|S16	47.1	25.7	92.1	210	1.26e-52	179
WP_014577521.1	MER0011056|S16.A03|S16	46.9	25.6	92.9	209	5.34e-51	175
WP_014577521.1	MER0014970|S16.006|S16	38.0	29.2	94.3	279	6.16e-51	177
WP_014577521.1	MER0000488|S16.004|S16	43.0	28.6	97.4	230	7.21e-51	175
WP_014577521.1	MER0011057|S16.A02|S16	45.4	25.3	92.0	207	1.91e-50	173
WP_014577521.1	MER0003443|S16.003|S16	48.7	23.1	84.1	191	5.27e-50	172
WP_014577521.1	MER0000495|S16.002|S16	40.6	29.2	95.3	244	3.11e-49	171
WP_014577521.1	MER0004236|S16.009|S16	39.1	28.7	97.7	261	1.01e-48	170
WP_014577521.1	MER0000496|S16.010|S16	41.0	25.7	67.9	212	3.88e-45	161
WP_014577521.1	MER0108906|S16.A13|S16	42.0	29.2	100	238	1.83e-44	157
WP_014577521.1	MER0005837|S16.A06|S16	37.3	29.6	97.7	252	1.59e-42	152
WP_014577521.1	MER0017402|S16.A11|S16	40.2	22.2	80.5	184	1.86e-32	122
WP_014577521.1	MER0003859|S16.005|S16	33.2	27.0	88.5	223	3.33e-28	110
WP_014577521.1	MER0026213|S16.A14|S16	41.2	16.3	49.4	131	4.52e-24	99.4
WP_014577521.1	MER0003359|S16.008|S16	31.8	23.6	82.1	198	1.17e-21	91.7
WP_014577521.1	MER0003017|S16.A05|S16	25.9	17.6	83.3	143	1.43e-09	54.7
WP_014577521.1	MER0041647|S16.007|S16	24.4	21.7	75.2	193	9.26e-09	53.9
WP_014577521.1	MER0000491|S16.A09|S16	32.9	8.7	35.5	70	9.64e-08	50.1
WP_014577521.1	MER0014135|S16.A04|S16	27.2	16.9	45.8	136	2.71e-07	49.7
WP_014577547.1	MER0321345|S49.A08|S49B	30.3	50.4	94.6	175	4.86e-29	107
WP_014577547.1	MER0003812|S49.008|S49X	30.3	50.4	90.2	175	8.54e-29	107
WP_014577547.1	MER0013957|S49.007|S49B	36.6	49.6	89.9	172	2.89e-27	103
WP_014577547.1	MER0011114|S49.004|S49B	34.6	51.3	47.2	182	2.11e-21	90.9
WP_014577547.1	MER0001300|S49.002|S49B	33.9	51.9	94.6	180	1.31e-20	85.1
WP_014577547.1	MER0001299|S49.001|S49A	28.4	72.9	43.3	264	1.62e-15	74.3
WP_014577547.1	MER0044046|S49.006|S49B	33.7	47.0	85.9	166	3.37e-13	64.3
WP_014577554.1	MER0015270|M16.A19|M16C	35.6	48.5	95.3	472	1.08e-86	284
WP_014577554.1	MER0014056|M16.012|M16C	37.8	41.9	99.8	415	4.87e-76	252
WP_014577554.1	MER0025036|M16.013|M16C	33.3	48.5	95.3	480	3.58e-68	233
WP_014577554.1	MER0014096|M16.018|M16C	39.0	34.6	99.4	341	1.71e-65	221
WP_014577554.1	MER0004877|M16.009|M16C	60.4	14.8	97.3	144	2.60e-54	182
WP_014577554.1	MER0015088|M16.011|M16C	25.9	41.4	98.7	463	2.08e-39	149
WP_014577554.1	MER0188967|M16.A18|M16C	29.7	17.6	36.1	172	7.16e-17	81.3
WP_014577554.1	MER0003909|M16.A04|M16C	26.7	18.4	35.0	180	1.85e-11	64.3
WP_014577554.1	MER0011292|M16.A07|M16A	23.4	17.4	66.4	171	1.83e-07	50.1
WP_014577554.1	MER0015259|M16.017|M16A	30.1	16.7	70.8	173	8.64e-07	47.8
WP_014577554.1	MER0011744|M16.A02|M16A	29.5	16.7	70.8	173	5.34e-05	42.4
WP_014577554.1	MER0011096|M16.A01|M16A	29.8	16.9	71.7	178	1.72e-04	40.8
WP_014577554.1	MER0122186|M16.A14|M16A	33.8	7.0	33.0	68	2.08e-04	40.4
WP_014577579.1	MER0107825|C82.A04|C82A	51.2	26.2	32.8	43	7.73e-08	45.8
WP_014577579.1	MER0107804|C82.A02|C82A	48.8	26.2	32.8	43	1.04e-06	42.7
WP_014577579.1	MER0094392|C82.003|C82B	30.0	61.0	72.6	100	2.06e-06	41.6
WP_014577579.1	MER0107820|C82.A05|C82A	46.2	23.8	28.9	39	5.52e-06	40.8
WP_014577579.1	MER0107808|C82.A03|C82A	48.7	23.8	29.3	39	7.40e-06	40.4
WP_014577659.1	MER0006293|M48.004|M48B	26.5	32.9	95.9	226	9.73e-17	76.6
WP_014577659.1	MER0002637|M48.002|M48B	29.1	32.9	100	220	3.51e-14	68.9
WP_014577714.1	MER0000870|A24.001|A24A	56.7	73.9	92.7	215	2.25e-84	250
WP_014577714.1	MER0000876|A24.A10|A24A	52.3	44.3	60.7	130	3.58e-37	128
WP_014577714.1	MER0004658|A24.003|A24A	38.7	47.4	91.0	142	7.75e-29	105
WP_014577714.1	MER0002075|A24.A01|A24A	36.3	45.7	90.8	135	2.91e-19	79.3
WP_014577714.1	MER0000869|A24.019|A24A	26.2	51.2	95.4	149	3.37e-11	57.4
WP_014577791.1	MER0192051|I87.002|I87	44.5	92.2	88.8	373	1.92e-67	216
WP_014577791.1	MER0191412|I87.001|I87	26.4	34.2	44.0	148	1.34e-11	62.0
WP_014577815.1	MER0492485|S85.001|S85	62.9	86.5	98.8	167	2.45e-73	216
WP_014577841.1	MER0036050|S33.A17|S33	25.4	68.7	73.2	244	1.82e-13	67.0
WP_014577841.1	MER0036051|S33.A12|S33	23.3	69.0	73.6	245	5.30e-08	50.4
WP_014577842.1	MER0034960|S09.A86|S09X	26.8	66.7	85.3	261	4.60e-23	93.6
WP_014577842.1	MER0034961|S09.A82|S09X	40.0	33.7	31.8	105	2.57e-17	77.8
WP_014577842.1	MER0033274|S09.993|S09X	33.1	46.8	57.7	148	3.42e-16	73.6
WP_014577842.1	MER0034548|S09.A47|S09C	29.0	76.8	94.1	252	1.21e-15	72.0
WP_014577842.1	MER0034959|S09.A85|S09X	33.0	30.0	28.7	94	4.70e-12	62.4
WP_014577842.1	MER0033237|S09.991|S09X	31.1	38.4	37.6	122	3.60e-11	59.7
WP_014577842.1	MER0043003|S09.A15|S09C	33.6	34.7	43.6	113	1.48e-10	57.4
WP_014577842.1	MER0036370|S09.968|S09C	27.4	38.4	69.5	124	4.65e-10	54.7
WP_014577842.1	MER0034665|S09.B01|S09X	26.3	79.8	95.5	259	1.25e-09	54.7
WP_014577842.1	MER0036039|S09.A12|S09C	31.8	31.0	39.9	107	3.12e-09	53.5
WP_014577842.1	MER0033242|S09.992|S09X	29.7	34.3	34.0	111	1.80e-07	48.5
WP_014577842.1	MER0047634|S09.068|S09X	31.0	38.4	46.1	126	6.33e-07	46.6
WP_014577842.1	MER0042911|S09.A14|S09X	30.3	30.3	37.1	99	8.33e-07	46.2
WP_014577842.1	MER0036033|S09.A10|S09C	24.3	67.3	83.6	222	1.46e-06	45.4
WP_014577842.1	MER0036046|S09.A13|S09C	27.9	29.3	37.0	104	2.75e-06	44.7
WP_014577842.1	MER0034722|S09.945|S09X	34.7	22.2	26.6	72	3.64e-06	44.3
WP_014577842.1	MER0036028|S09.A07|S09X	33.9	31.3	40.7	112	6.57e-06	43.5
WP_014577842.1	MER0036029|S09.A08|S09X	31.6	25.9	26.2	79	9.67e-05	40.0
WP_014577847.1	MER0042581|M75.001|M75	60.2	92.8	88.3	399	4.91e-163	463
WP_014577908.1	MER0005462|M24.031|M24B	25.4	59.5	99.6	240	3.72e-20	85.5
WP_014577908.1	MER0004532|M24.034|M24B	19.3	58.0	96.9	228	3.41e-13	65.5
WP_014577924.1	MER0036080|S33.A77|S33	24.6	90.7	87.1	301	1.81e-19	84.3
WP_014577924.1	MER0213916|S33.A72|S33	25.0	85.5	84.5	280	2.49e-14	69.3
WP_014577924.1	MER0036083|S33.A30|S33	22.7	89.1	79.0	331	9.05e-13	65.1
WP_014577924.1	MER0036079|S33.A32|S33	22.0	90.0	79.8	345	5.25e-12	62.8
WP_014577924.1	MER0201227|S33.A74|S33	23.4	85.9	84.8	282	1.86e-10	57.8
WP_014577924.1	MER0000431|S33.001|S33	24.3	85.5	88.7	288	1.07e-06	46.2
WP_014577924.1	MER0035041|S33.A92|S33	24.1	71.1	69.0	228	9.35e-06	43.1
WP_014577924.1	MER0017193|S33.991|S33	31.7	24.8	28.2	82	7.32e-05	40.4
WP_014577939.1	MER0026545|M48.018|M48C	31.4	93.5	94.1	261	2.22e-29	108
WP_014577939.1	MER0026552|M48.A01|M48C	34.7	62.7	93.0	167	1.42e-26	99.0
WP_014577939.1	MER0042387|M48.019|M48C	35.8	59.7	84.7	162	3.76e-26	98.2
WP_014577939.1	MER0031491|M48.023|M48C	29.0	61.2	87.4	169	1.08e-18	78.6
WP_014577939.1	MER0026496|M48.017|M48C	25.9	93.5	96.0	274	1.19e-18	80.1
WP_014577939.1	MER0002639|M48.022|M48C	25.3	57.0	83.5	150	1.58e-11	58.5
WP_014577939.1	MER0017394|M48.A10|M48B	24.9	68.4	97.5	201	5.40e-04	37.0
WP_014577951.1	MER0066182|M23.A04|M23B	51.0	21.0	24.6	49	2.29e-12	60.8
WP_014578118.1	MER0017248|S09.A36|S09X	29.9	38.5	40.9	117	2.09e-05	42.0
WP_014578128.1	MER0004801|M38.982|M38	75.6	61.4	100	348	4.44e-194	544
WP_014578244.1	MER0005300|M23.950|M23B	34.6	35.3	81.0	133	6.21e-24	94.0
WP_014578244.1	MER0015415|M23.951|M23B	32.1	34.2	75.3	131	1.69e-16	73.6
WP_014578244.1	MER0013541|M23.014|M23B	37.0	14.3	61.4	54	1.35e-06	43.1
WP_014578245.1	MER0001425|S41.004|S41A	55.3	36.1	97.1	170	7.12e-55	178
WP_014578245.1	MER0003514|S41.010|S41A	44.8	35.3	94.7	165	3.64e-38	134
WP_014578245.1	MER0004196|S41.013|S41A	42.5	35.5	95.3	167	1.04e-37	132
WP_014578245.1	MER0001297|S41.008|S41A	45.7	34.6	92.9	162	1.37e-37	132
WP_014578245.1	MER0003413|S41.002|S41A	41.2	36.3	97.6	170	5.31e-34	122
WP_014578245.1	MER0003065|S41.009|S41A	43.0	35.3	94.7	165	2.62e-32	118
WP_014578245.1	MER0005714|S41.A01|S41A	37.8	35.0	94.4	172	3.18e-30	112
WP_014578245.1	MER0015684|S41.A02|S41A	35.1	35.7	95.9	168	4.10e-26	101
WP_014578245.1	MER0004195|S41.007|S41A	37.7	35.5	95.3	167	9.65e-25	97.4
WP_014578245.1	MER0001295|S41.001|S41A	35.2	27.8	77.5	145	8.17e-18	78.2
WP_014578298.1	MER0115185|C26.954|C26	81.7	37.8	99.3	142	1.22e-85	253
WP_014578298.1	MER0060647|C26.952|C26	39.7	96.3	100	373	5.19e-74	231
WP_014578298.1	MER0044812|C26.A04|C26	47.1	63.0	96.7	240	1.98e-72	223
WP_014578298.1	MER0078640|C26.951|C26	34.3	96.0	100	373	7.72e-62	199
WP_014578298.1	MER0043540|C26.A33|C26	41.5	49.7	82.0	188	6.01e-46	154
WP_014578298.1	MER0045945|C26.963|C26	42.0	46.5	78.0	176	1.36e-41	142
WP_014578298.1	MER0046161|C26.956|C26	42.4	48.7	66.1	184	1.92e-41	144
WP_014578298.1	MER0436691|C26.A27|C26	31.1	73.7	91.4	280	5.43e-37	131
WP_014578298.1	MER0045094|C26.959|C26	27.5	40.7	66.0	160	1.25e-12	63.9
WP_014578298.1	MER0043394|C26.955|C26	26.3	34.8	82.3	137	2.71e-11	58.5
WP_014578298.1	MER0043537|C26.A31|C26	26.4	44.9	90.4	182	8.60e-10	54.7
WP_014578298.1	MER0043392|C26.960|C26	27.5	36.7	82.2	142	2.93e-09	52.8
WP_014578298.1	MER0044882|C26.A09|C26	27.7	34.6	76.9	141	3.59e-09	52.8
WP_014578298.1	MER0044619|C26.A26|C26	26.5	37.8	60.3	151	2.51e-06	45.1
WP_014578298.1	MER0043195|C26.A30|C26	25.7	32.7	56.0	140	8.73e-06	43.5
WP_014578298.1	MER0045095|C26.958|C26	32.2	20.5	32.6	87	1.69e-05	42.7
WP_014578298.1	MER0436735|C26.A34|C26	34.2	17.6	26.3	76	9.30e-04	37.4
WP_014578412.1	MER0001244|M24.004|M24B	53.8	60.1	100	264	3.74e-96	286
WP_014578412.1	MER0013463|M24.026|M24B	40.5	59.7	99.2	262	3.00e-60	194
WP_014578412.1	MER0028601|M24.033|M24B	37.3	59.9	100	268	5.05e-51	170
WP_014578412.1	MER0001248|M24.007|M24B	38.0	49.7	98.4	250	1.09e-48	164
WP_014578412.1	MER0001733|M24.A09|M24B	35.6	57.4	96.2	281	2.11e-41	145
WP_014578412.1	MER0004931|M24.008|M24B	32.9	57.6	97.4	258	1.75e-35	128
WP_014578412.1	MER0005462|M24.031|M24B	29.8	58.8	99.1	258	8.41e-30	112
WP_014578412.1	MER0004532|M24.034|M24B	31.4	57.9	97.8	255	4.88e-26	102
WP_014578412.1	MER0002038|M24.006|M24B	29.4	57.2	96.5	252	1.83e-25	100
WP_014578412.1	MER0001250|M24.003|M24B	29.0	56.9	97.2	283	1.33e-23	97.1
WP_014578412.1	MER0005715|M24.A11|M24B	29.8	55.4	92.3	245	3.75e-19	83.2
WP_014578412.1	MER0005690|M24.A06|M24A	24.3	55.4	95.6	259	1.95e-11	60.8
WP_014578412.1	MER0004321|M24.009|M24B	27.7	54.2	85.7	253	4.18e-10	57.0
WP_014578412.1	MER0013929|M24.028|M24A	25.8	45.3	78.2	217	5.30e-10	56.6
WP_014578412.1	MER0001243|M24.001|M24A	23.6	58.5	96.2	275	1.11e-08	52.8
WP_014578412.1	MER0016542|M24.A04|M24B	28.2	39.4	53.6	181	2.26e-07	48.9
WP_014578412.1	MER0001342|M24.017|M24A	24.4	42.1	67.0	193	2.76e-05	42.4
WP_014578412.1	MER0015128|M24.A07|M24A	22.1	44.4	77.6	217	8.29e-05	40.8
WP_014578435.1	MER0031611|S33.977|S33	27.1	87.2	95.9	284	2.80e-32	118
WP_014578435.1	MER0036054|S33.A02|S33	25.5	74.4	93.1	263	1.92e-18	80.5
WP_014578435.1	MER0037236|S33.016|S33	26.1	76.9	93.5	249	1.06e-17	78.2
WP_014578435.1	MER0004146|S33.995|S33	23.1	72.1	88.9	234	4.02e-15	70.9
WP_014578435.1	MER0036115|S33.B18|S33	36.7	34.6	36.0	109	6.21e-15	70.9
WP_014578435.1	MER0044350|S33.A81|S33	38.2	32.1	38.1	102	1.50e-14	69.3
WP_014578435.1	MER0036053|S33.A01|S33	26.8	75.3	97.0	261	3.56e-14	68.2
WP_014578435.1	MER0011509|S33.A84|S33	35.5	34.3	34.9	110	1.41e-13	67.0
WP_014578435.1	MER0026339|S33.992|S33	28.4	81.1	97.8	271	3.20e-13	65.5
WP_014578435.1	MER0017193|S33.991|S33	27.9	78.2	91.3	265	4.71e-13	65.1
WP_014578435.1	MER0035032|S33.A96|S33	35.7	31.1	32.5	98	1.42e-12	63.9
WP_014578435.1	MER0030163|S33.975|S33	32.2	35.9	39.5	115	3.22e-12	62.8
WP_014578435.1	MER0036075|S33.A73|S33	35.0	32.1	30.5	103	1.38e-11	61.2
WP_014578435.1	MER0035043|S33.A95|S33	34.7	31.1	31.8	98	5.23e-11	59.3
WP_014578435.1	MER0011785|S33.009|S33	35.8	32.4	32.3	106	1.84e-10	57.8
WP_014578435.1	MER0036068|S33.A19|S33	26.3	73.7	80.3	243	5.17e-10	56.2
WP_014578435.1	MER0035038|S33.A98|S33	30.0	35.3	39.1	120	5.42e-10	56.2
WP_014578435.1	MER0035044|S33.A97|S33	30.4	36.5	38.0	115	9.70e-10	55.5
WP_014578435.1	MER0017142|S33.994|S33	21.2	74.4	93.1	241	1.21e-09	54.7
WP_014578435.1	MER0031569|S09.A18|S09X	22.0	74.0	83.8	245	2.32e-09	53.9
WP_014578435.1	MER0036065|S33.A03|S33	23.8	74.0	97.7	265	2.38e-09	53.9
WP_014578435.1	MER0014065|S33.974|S33	26.5	34.6	34.5	113	1.11e-08	52.4
WP_014578435.1	MER0035035|S33.A94|S33	32.7	31.1	32.0	98	2.45e-08	51.2
WP_014578435.1	MER0045479|S09.A17|S09X	24.3	74.0	82.3	243	1.97e-07	48.1
WP_014578435.1	MER0044633|S33.A26|S33	26.7	32.1	29.8	105	5.07e-07	47.4
WP_014578491.1	MER0044900|S33.A21|S33	34.4	35.7	24.6	90	2.91e-07	47.4
WP_014578491.1	MER0044357|S33.A41|S33	35.6	27.9	15.3	73	8.10e-04	37.0
WP_014578492.1	MER0107602|M14.A33|M14B	26.6	63.4	58.4	237	9.96e-10	56.2
WP_014578492.1	MER0003817|M14.033|M14B	25.7	48.1	55.7	191	3.71e-09	54.3
WP_014578492.1	MER0004964|M14.950|M14B	22.5	41.3	64.5	151	7.63e-06	43.1
WP_014578492.1	MER0013421|M14.017|M14A	31.3	17.5	20.6	64	3.26e-04	38.9
WP_014578505.1	MER0001273|M20.974|M20A	35.4	97.2	97.8	378	1.38e-64	204
WP_014578505.1	MER0003798|M20.A21|M20A	25.1	80.5	78.3	334	1.31e-20	89.7
WP_014578505.1	MER0038758|M20.022|M20A	29.0	88.4	90.4	359	9.65e-19	83.6
WP_014578505.1	MER0369972|M20.A25|M20A	25.6	47.6	44.0	195	1.88e-13	68.2
WP_014578505.1	MER0028025|M20.016|M20A	30.5	29.6	46.4	118	8.08e-09	52.8
WP_014578505.1	MER0003775|M20.A19|M20A	26.0	36.8	49.2	150	2.03e-08	52.0
WP_014578505.1	MER0003397|M20.A14|M20F	29.1	33.7	45.0	141	1.61e-07	49.3
WP_014578505.1	MER0026494|M20.005|M20F	27.0	53.5	47.4	233	1.74e-07	49.7
WP_014578505.1	MER0015142|M20.006|M20F	29.3	40.1	32.9	174	1.28e-06	47.0
WP_014578505.1	MER0026485|M20.A15|M20F	27.0	36.2	49.4	159	1.53e-04	40.0
WP_014578617.1	MER0017194|S54.027|S54	37.2	30.9	70.8	156	1.35e-24	98.6
WP_014578617.1	MER0015632|S54.A08|S54	31.7	31.5	66.5	161	3.35e-09	53.9
WP_014578617.1	MER0017405|S54.A19|S54	27.3	32.0	75.9	161	4.48e-08	50.1
WP_014578617.1	MER0015462|S54.A18|S54	36.3	16.6	42.5	80	2.69e-07	47.8
WP_014578617.1	MER0048181|S54.A07|S54	27.8	27.8	100	151	6.21e-07	45.8
WP_014578617.1	MER0015453|S54.002|S54	30.8	28.4	57.5	143	1.94e-06	45.8
WP_014578617.1	MER0026214|S54.018|S54	28.9	29.9	65.5	149	1.98e-06	45.4
WP_014578617.1	MER0015459|S54.014|S54	38.1	17.0	34.2	84	2.67e-06	45.4
WP_014578617.1	MER0047977|S54.023|S54	30.3	29.3	58.9	142	4.16e-06	44.7
WP_014578617.1	MER0015659|S54.A06|S54	33.8	16.0	33.6	77	1.86e-05	42.7
WP_014578617.1	MER0015631|S54.A01|S54	31.6	19.7	40.5	95	3.56e-05	42.0
WP_014578617.1	MER0094384|S54.A16|S54	36.6	14.7	34.3	71	9.10e-05	40.4
WP_014578617.1	MER0015468|S54.016|S54	27.5	29.5	69.6	142	1.04e-04	40.0
WP_014578617.1	MER0015472|S54.007|S54	24.7	35.1	79.5	178	1.69e-04	39.7
WP_014578617.1	MER0020201|S54.012|S54	27.1	28.4	54.2	140	2.83e-04	39.3
WP_014578617.1	MER0015455|S54.013|S54	27.6	28.2	52.6	145	2.93e-04	39.3
WP_014578617.1	MER0015465|S54.024|S54	26.9	19.3	44.9	93	4.65e-04	38.1
WP_014578617.1	MER0026215|S54.017|S54	33.3	17.4	38.0	84	5.89e-04	38.1
WP_014578621.1	MER0223878|C60.008|C60A	31.7	60.2	59.6	120	1.19e-12	60.8
WP_014578668.1	MER0005767|M38.972|M38	27.3	72.6	92.8	319	7.96e-19	83.6
WP_014578714.1	MER0036047|S33.A20|S33	34.6	13.6	18.3	52	4.34e-04	38.5
WP_014578824.1	MER0003327|C44.971|C44	59.7	38.2	99.1	233	5.47e-91	278
WP_014578824.1	MER0185695|C44.A08|C44	41.8	34.9	99.1	220	2.19e-45	157
WP_014578824.1	MER0012158|C44.972|C44	34.5	42.8	99.4	336	2.74e-40	147
WP_014578824.1	MER0003350|C44.975|C44	40.8	29.8	100	206	2.54e-36	132
WP_014578824.1	MER0003322|C44.970|C44	39.3	29.3	100	206	4.45e-35	128
WP_014578824.1	MER0011806|C44.A03|C44	28.1	36.1	94.1	228	1.13e-19	85.5
WP_014578824.1	MER0004101|C44.A01|C44	27.6	36.1	94.1	228	2.36e-18	81.6
WP_014578824.1	MER0011781|C44.A02|C44	31.4	29.8	76.8	188	3.61e-17	78.2
WP_014578824.1	MER0037955|C44.A09|C44	35.5	12.5	27.4	76	4.55e-05	42.4
WP_014578889.1	MER0001161|M03.004|M03A	56.6	99.3	99.7	678	4.45e-280	780
WP_014578889.1	MER0006087|M03.A01|M03A	41.6	99.9	98.3	699	1.92e-178	522
WP_014578889.1	MER0015119|M03.A02|M03A	40.2	99.9	99.2	729	6.41e-166	490
WP_014578889.1	MER0001942|M03.002|M03A	33.3	88.4	86.9	612	5.34e-98	313
WP_014578889.1	MER0001158|M03.005|M03A	30.5	99.0	99.4	685	1.16e-95	306
WP_014578889.1	MER0001149|M03.001|M03A	30.9	95.7	93.6	664	1.07e-93	301
WP_014578889.1	MER0108144|M03.A07|M03A	30.9	92.5	95.3	651	4.97e-91	294
WP_014578889.1	MER0001153|M03.003|M03A	29.4	92.7	91.8	660	8.89e-85	278
WP_014578889.1	MER0003110|M03.009|M03A	27.4	92.5	92.9	686	7.74e-79	263
WP_014578889.1	MER0079465|M03.011|M03A	29.9	79.9	85.2	562	1.07e-72	244
WP_014578889.1	MER0015170|M03.A03|M03A	28.3	79.7	81.5	548	1.27e-59	208
WP_014578889.1	MER0001156|M03.006|M03A	25.0	95.6	92.9	701	6.14e-42	159
WP_014578889.1	MER0059435|M03.A11|M03A	23.0	22.0	24.2	174	1.60e-04	41.6
WP_014578933.1	MER0034963|S12.A10|S12	26.3	70.3	81.4	334	2.03e-22	95.1
WP_014578933.1	MER0011718|S12.A09|S12	23.0	78.5	88.6	366	7.96e-21	90.5
WP_014578933.1	MER0015683|S12.A01|S12	26.0	57.2	86.2	265	1.34e-19	85.5
WP_014578933.1	MER0011726|S12.A11|S12	22.8	78.5	88.6	368	4.11e-18	82.4
WP_014578933.1	MER0034964|S12.A17|S12	22.4	82.9	94.8	393	4.36e-17	79.3
WP_014578933.1	MER0026262|S12.008|S12	30.2	40.2	50.0	189	2.97e-13	67.4
WP_014578933.1	MER1143079|S12.013|S12	26.2	38.1	51.9	164	3.54e-11	60.5
WP_014578933.1	MER0002489|S12.003|S12	24.1	54.4	64.7	245	5.29e-10	57.4
WP_014578933.1	MER0004090|S12.A03|S12	22.5	68.0	77.7	315	6.11e-10	57.4
WP_014578933.1	MER0140154|S12.A27|S12	23.4	59.3	77.6	278	3.83e-09	54.7
WP_014578933.1	MER0028284|S12.010|S12	30.9	36.4	45.4	162	8.81e-08	50.4
WP_014578933.1	MER0354941|S12.A22|S12	22.0	41.4	94.9	191	6.48e-07	46.6
WP_014578933.1	MER0005836|S12.A12|S12	24.8	43.2	75.9	202	6.08e-04	38.1
WP_014578941.1	MER0031611|S33.977|S33	23.0	88.5	91.5	274	1.18e-14	69.7
WP_014578941.1	MER0037236|S33.016|S33	28.6	33.2	33.3	98	1.51e-04	39.3
WP_014578947.1	MER0107820|C82.A05|C82A	45.2	37.1	100	135	3.24e-31	112
WP_014578947.1	MER0107825|C82.A04|C82A	44.7	37.1	100	132	2.16e-30	109
WP_014578947.1	MER0107804|C82.A02|C82A	41.7	37.1	100	132	3.15e-29	106
WP_014578947.1	MER0107808|C82.A03|C82A	43.6	37.1	100	133	6.51e-29	105
WP_014578949.1	MER0192051|I87.002|I87	28.2	52.8	33.9	142	2.90e-08	50.8
WP_014578949.1	MER0191412|I87.001|I87	23.0	71.5	72.8	243	8.46e-04	37.0
WP_014578951.1	MER0152590|C82.A01|C82A	32.6	67.4	100	132	8.25e-10	51.2
WP_014578987.1	MER0192051|I87.002|I87	25.1	61.3	45.8	215	5.38e-13	66.2
WP_014579028.1	MER0043126|S09.990|S09X	55.7	99.6	99.3	282	9.66e-112	321
WP_014579028.1	MER0061081|S09.A39|S09X	56.3	98.2	100	277	8.51e-111	318
WP_014579028.1	MER0061059|S09.940|S09B	48.7	98.2	100	275	6.30e-98	285
WP_014579148.1	MER0037236|S33.016|S33	35.6	87.7	97.7	261	8.04e-45	149
WP_014579148.1	MER0004146|S33.995|S33	33.7	87.7	98.9	264	3.71e-38	132
WP_014579148.1	MER0000436|S33.021|S33	28.0	87.0	92.4	279	1.95e-17	77.4
WP_014579148.1	MER0036053|S33.A01|S33	38.9	37.9	39.5	108	3.63e-17	76.3
WP_014579148.1	MER0003537|S33.005|S33	26.5	85.3	90.6	264	2.43e-14	68.6
WP_014579148.1	MER0030163|S33.975|S33	35.5	37.5	36.8	110	1.60e-13	66.2
WP_014579148.1	MER0011509|S33.A84|S33	30.2	42.5	39.0	126	2.57e-13	65.9
WP_014579148.1	MER0031616|S33.013|S33	35.7	38.2	34.4	112	1.53e-12	63.5
WP_014579148.1	MER0003280|S33.990|S33	34.6	35.4	36.1	104	2.41e-12	62.8
WP_014579148.1	MER0044581|S33.A27|S33	27.3	83.2	75.0	271	3.43e-12	62.8
WP_014579148.1	MER0017177|S33.973|S33	29.9	40.4	35.3	117	2.41e-11	60.1
WP_014579148.1	MER0036054|S33.A02|S33	31.7	36.1	36.9	104	2.44e-11	59.7
WP_014579148.1	MER0036073|S33.A35|S33	28.1	80.7	72.8	242	7.67e-11	58.5
WP_014579148.1	MER0036056|S33.A10|S33	26.6	80.7	73.3	248	1.06e-10	58.2
WP_014579148.1	MER0014065|S33.974|S33	30.1	35.8	30.8	103	1.08e-10	58.2
WP_014579148.1	MER0036067|S33.A71|S33	24.9	84.2	88.7	269	2.22e-10	57.0
WP_014579148.1	MER0011785|S33.009|S33	35.2	41.1	36.6	122	2.60e-10	57.0
WP_014579148.1	MER0036066|S33.A04|S33	23.5	82.5	99.2	251	3.83e-10	55.8
WP_014579148.1	MER0031611|S33.977|S33	22.7	85.6	85.7	260	4.10e-10	56.2
WP_014579148.1	MER0036076|S33.A33|S33	23.7	83.2	78.8	245	9.93e-10	55.1
WP_014579148.1	MER0036057|S33.A09|S33	25.9	83.2	79.2	251	1.84e-09	54.3
WP_014579148.1	MER0017033|S33.A15|S33	23.8	83.5	79.3	256	1.85e-09	54.3
WP_014579148.1	MER0044578|S33.A28|S33	25.4	79.6	72.7	260	2.22e-09	54.3
WP_014579148.1	MER0031610|S33.976|S33	24.5	85.3	81.7	257	3.36e-09	53.5
WP_014579148.1	MER0035973|S33.A14|S33	22.4	82.5	79.8	245	5.69e-09	52.8
WP_014579346.1	MER0034539|C44.976|C44	40.1	26.0	78.5	172	2.07e-24	98.6
WP_014579346.1	MER0033254|C44.974|C44	32.6	26.0	65.7	175	4.42e-15	72.4
WP_014579355.1	MER0003327|C44.971|C44	50.6	38.7	100	239	4.15e-71	226
WP_014579355.1	MER0185695|C44.A08|C44	42.2	35.1	99.1	225	2.31e-46	160
WP_014579355.1	MER0012158|C44.972|C44	33.8	40.8	93.8	317	7.35e-40	145
WP_014579355.1	MER0003350|C44.975|C44	42.5	27.6	89.8	186	2.02e-33	124
WP_014579355.1	MER0003322|C44.970|C44	39.9	27.9	92.2	193	9.71e-30	113
WP_014579355.1	MER0011806|C44.A03|C44	29.4	37.4	93.7	238	2.95e-21	90.1
WP_014579355.1	MER0011781|C44.A02|C44	30.3	32.5	83.5	208	9.98e-21	88.6
WP_014579355.1	MER0004101|C44.A01|C44	29.0	37.4	93.7	238	1.35e-20	88.2
WP_014579355.1	MER0037955|C44.A09|C44	32.9	13.9	31.0	85	2.61e-06	46.2
WP_014579361.1	MER0000325|S08.051|S08A	50.6	68.7	83.1	308	1.01e-89	273
WP_014579361.1	MER0000326|S08.050|S08A	48.5	68.5	86.8	307	3.04e-87	266
WP_014579361.1	MER0002516|S08.008|S08A	49.5	71.6	98.6	321	3.37e-86	262
WP_014579361.1	MER0006074|S08.124|S08A	41.1	70.0	96.7	331	6.98e-63	202
WP_014579361.1	MER0000359|S08.A54|S08A	39.0	68.7	91.7	313	7.81e-62	200
WP_014579361.1	MER0002764|S08.120|S08A	38.2	70.9	96.6	327	1.40e-56	186
WP_014579361.1	MER0000356|S08.052|S08A	37.3	71.6	84.7	346	1.24e-55	186
WP_014579361.1	MER0003117|S08.032|S08B	40.1	62.4	87.2	287	5.16e-53	176
WP_014579361.1	MER0000336|S08.061|S08A	39.2	63.8	85.9	291	5.80e-52	174
WP_014579361.1	MER0000335|S08.054|S08A	40.9	60.6	84.6	276	8.18e-52	173
WP_014579361.1	MER0000357|S08.A51|S08A	35.7	69.4	96.1	333	1.02e-50	171
WP_014579361.1	MER0006037|S08.025|S08A	40.7	59.7	80.6	275	1.78e-48	164
WP_014579361.1	MER0004720|S08.062|S08A	36.2	67.3	95.0	307	2.73e-48	164
WP_014579361.1	MER0000344|S08.053|S08A	34.9	72.0	97.0	327	3.16e-48	164
WP_014579361.1	MER0005078|S08.115|S08A	36.6	67.8	95.8	317	4.97e-47	160
WP_014579361.1	MER0000338|S08.056|S08A	35.0	68.2	96.8	311	1.64e-45	156
WP_014579361.1	MER0000328|S08.066|S08A	35.7	68.7	96.9	319	3.17e-41	145
WP_014579361.1	MER0000315|S08.038|S08A	34.6	67.1	95.9	306	3.91e-37	134
WP_014579361.1	MER0001906|S08.003|S08A	34.6	67.1	95.9	306	3.91e-37	134
WP_014579361.1	MER0001928|S08.098|S08A	36.8	64.7	93.3	299	2.03e-36	132
WP_014579361.1	MER0001520|S08.010|S08A	34.0	67.1	95.9	306	7.53e-36	130
WP_014579361.1	MER0000309|S08.001|S08A	37.2	58.2	83.6	269	1.61e-34	127
WP_014579361.1	MER0000310|S08.037|S08A	36.8	58.2	83.6	269	5.96e-34	125
WP_014579361.1	MER0000311|S08.034|S08A	37.1	59.7	88.0	283	1.17e-33	124
WP_014579361.1	MER0000340|S08.055|S08A	34.9	68.2	96.3	327	1.38e-33	125
WP_014579410.1	MER0017368|S09.054|S09C	30.8	15.5	29.8	107	6.17e-04	38.9
WP_014579441.1	MER0005900|M38.002|M38	32.1	77.3	93.6	390	7.51e-47	164
WP_014579487.1	MER0001529|S26.014|S26C	76.5	86.0	95.6	153	1.05e-87	251
WP_039882061.1	MER0000474|S14.001|S14	77.5	90.5	92.3	191	1.52e-106	302
WP_039882061.1	MER0006046|S14.A02|S14	57.6	90.5	92.3	191	1.16e-82	241
WP_039882061.1	MER0002211|S14.003|S14	58.0	89.1	90.8	188	2.93e-78	230
WP_039882061.1	MER0005687|S14.A01|S14	57.7	92.9	90.0	196	2.26e-71	213
WP_039882061.1	MER0002299|S14.A04|S14	52.2	88.2	92.5	186	6.19e-69	206
WP_039882061.1	MER0004857|S14.008|S14	51.2	92.4	96.6	201	3.26e-65	197
WP_039882061.1	MER0004855|S14.A03|S14	53.8	82.0	82.8	173	4.58e-63	192
WP_039882061.1	MER0004847|S14.009|S14	50.5	90.5	92.3	192	2.05e-61	187
WP_039882061.1	MER0006063|S14.010|S14	46.4	86.7	87.5	183	3.09e-58	179
WP_039882061.1	MER0006308|S14.002|S14	40.0	89.1	96.9	190	1.54e-50	159
WP_039882061.1	MER0006056|S14.011|S14	43.2	83.4	82.9	176	1.24e-47	152
WP_039882061.1	MER0004182|S14.006|S14	42.2	82.0	85.2	173	1.14e-43	142
WP_039882061.1	MER0011666|S14.005|S14	42.8	81.0	91.5	173	6.95e-39	129
WP_039882061.1	MER0001369|S14.007|S14	45.0	37.9	59.5	80	4.72e-13	60.8
WP_041644917.1	MER0003380|M23.011|M23B	37.1	49.0	92.9	232	4.98e-42	146
WP_041644917.1	MER0069741|M23.009|M23B	47.2	30.1	81.4	144	1.11e-35	127
WP_041644917.1	MER0003376|M23.005|M23B	45.8	18.6	55.4	96	2.35e-21	87.8
WP_041644917.1	MER0387040|M23.A03|M23B	45.1	19.4	87.4	91	6.14e-19	79.0
WP_041644917.1	MER0013541|M23.014|M23B	44.8	18.6	96.6	87	7.63e-19	78.2
WP_041644917.1	MER0066182|M23.A04|M23B	45.7	19.6	45.7	92	1.85e-18	80.5
WP_041644917.1	MER0003423|M23.012|M23B	36.5	21.7	71.3	104	3.62e-14	66.6
WP_041644917.1	MER0015415|M23.951|M23B	36.1	22.8	58.2	108	1.21e-13	65.9
WP_041644917.1	MER0001419|M23.004|M23B	36.5	21.7	71.3	104	1.70e-13	64.7
WP_041644917.1	MER0025070|M23.010|M23B	40.6	19.8	85.6	101	6.05e-13	62.4
WP_041644917.1	MER0388771|M23.A06|M23B	40.4	19.4	86.8	99	7.48e-13	62.0
WP_041644917.1	MER0005300|M23.950|M23B	36.2	20.0	56.4	94	3.08e-12	61.6
WP_041644917.1	MER0003906|M23.013|M23B	35.6	21.1	92.5	101	3.96e-12	59.7
WP_041644971.1	MER0000450|S11.003|S11	43.5	91.0	98.6	361	2.78e-101	301
WP_041644971.1	MER0000451|S11.009|S11	39.9	88.4	98.3	351	2.61e-88	268
WP_041644971.1	MER0000454|S11.005|S11	38.6	85.3	94.1	337	1.29e-76	238
WP_041644971.1	MER0000449|S11.008|S11	46.0	62.6	100	250	2.72e-74	228
WP_041644971.1	MER0000448|S11.001|S11	31.4	91.2	96.7	408	7.36e-49	167
WP_041644971.1	MER0000452|S11.006|S11	27.7	87.6	95.4	379	1.23e-34	129
WP_041644971.1	MER0004224|S11.010|S11	26.2	66.5	73.1	290	1.24e-23	98.2
WP_041644971.1	MER0000455|S11.002|S11	31.9	57.5	80.6	235	8.51e-23	94.0
WP_041644971.1	MER0043199|S11.007|S11	29.3	60.3	94.0	246	3.03e-21	89.0
WP_041644971.1	MER0000453|S11.004|S11	28.5	62.1	97.7	260	2.55e-20	86.7
WP_041645024.1	MER0004035|C40.004|C40	45.8	64.5	96.4	107	6.10e-30	102
WP_041645024.1	MER0002443|C40.A01|C40	43.2	65.7	94.9	111	1.65e-28	99.4
WP_041645024.1	MER0003986|C40.005|C40	48.3	68.1	98.3	116	4.79e-28	98.2
WP_041645024.1	MER0014188|C40.006|C40	43.8	53.6	78.9	89	1.48e-18	73.6
WP_041645024.1	MER0004054|C40.013|C40	37.8	63.3	91.0	111	1.60e-17	71.2
WP_041645024.1	MER0002450|C40.003|C40	40.2	63.9	92.0	107	7.55e-16	66.6
WP_041645024.1	MER0003808|C40.008|C40	39.6	66.3	94.7	111	1.65e-14	63.2
WP_041645024.1	MER0377307|C40.A08|C40	40.0	59.6	90.6	100	7.66e-14	61.2
WP_041645024.1	MER0377310|C40.A09|C40	40.0	59.6	90.6	100	7.66e-14	61.2
WP_041645024.1	MER0003805|C40.002|C40	35.5	63.9	91.2	110	1.27e-13	60.8
WP_041645024.1	MER0377178|C40.A10|C40	39.0	59.6	90.6	100	2.97e-13	59.7
WP_041645024.1	MER0014672|C40.012|C40	35.0	54.2	80.8	103	3.58e-11	54.7
WP_041645024.1	MER0376722|C40.A06|C40	38.6	52.4	89.5	88	2.04e-09	49.3
WP_041645024.1	MER0024252|C40.009|C40	35.9	47.0	61.1	78	2.75e-09	49.7
WP_041645024.1	MER0377450|C40.A07|C40	34.5	50.0	89.0	87	7.27e-08	45.1
WP_041645024.1	MER0001322|C40.001|C40	27.5	53.6	71.2	91	3.90e-04	35.4
WP_041645039.1	MER0043537|C26.A31|C26	35.6	52.8	65.4	132	7.07e-14	65.1
WP_041645039.1	MER0043475|C26.A05|C26	24.2	71.4	72.8	182	1.67e-13	65.1
WP_041645039.1	MER0044889|C26.A21|C26	29.2	75.4	70.2	192	2.26e-11	58.9
WP_041645039.1	MER0042974|C26.A07|C26	28.2	64.9	75.8	163	6.60e-09	51.2
WP_041645039.1	MER0043387|C26.950|C26	29.0	52.4	68.8	131	6.28e-08	48.1
WP_041645039.1	MER0045886|C26.957|C26	25.3	74.6	70.8	190	3.62e-07	46.6
WP_041645039.1	MER0044812|C26.A04|C26	33.6	46.4	45.1	122	3.04e-06	43.9
WP_041645039.1	MER0046161|C26.956|C26	27.8	45.2	34.7	115	1.11e-05	42.4
WP_041645039.1	MER0045945|C26.963|C26	36.8	27.4	28.3	68	2.17e-05	41.2
WP_041645039.1	MER0043392|C26.960|C26	29.9	43.1	60.9	117	6.50e-05	39.3
WP_041645039.1	MER0043540|C26.A33|C26	29.8	45.6	43.4	124	7.26e-05	39.7
WP_041645039.1	MER0115185|C26.954|C26	40.5	16.9	29.4	42	3.03e-04	37.0
WP_041645099.1	MER0035255|S54.028|S54	36.0	64.8	92.1	189	1.80e-41	139
WP_041645099.1	MER0015468|S54.016|S54	38.6	49.8	76.6	145	2.84e-29	107
WP_041645099.1	MER0015465|S54.024|S54	35.6	45.6	69.7	132	1.42e-22	89.4
WP_041645099.1	MER0015459|S54.014|S54	28.0	61.3	73.4	182	4.10e-15	70.1
WP_041645099.1	MER0094384|S54.A16|S54	31.6	49.5	70.6	152	1.15e-11	59.7
WP_041645099.1	MER0015462|S54.A18|S54	26.8	51.2	78.0	153	3.19e-11	58.2
WP_041645099.1	MER0015659|S54.A06|S54	26.5	57.8	72.6	170	3.26e-10	55.8
WP_041645099.1	MER0047973|S54.019|S54	27.2	48.8	69.6	147	6.57e-10	54.7
WP_041645099.1	MER0015667|S54.A03|S54	27.7	47.7	59.7	141	8.38e-10	54.7
WP_041645099.1	MER0015631|S54.A01|S54	27.6	50.5	62.5	156	1.62e-09	53.9
WP_041645099.1	MER0047976|S54.021|S54	24.5	46.3	72.7	143	2.32e-09	52.8
WP_041645099.1	MER0015630|S54.015|S54	25.3	50.2	62.8	150	1.39e-07	48.1
WP_041645099.1	MER0015460|S54.A05|S54	26.9	50.2	59.6	171	2.61e-07	47.8
WP_041645099.1	MER0015449|S54.001|S54	36.4	26.1	29.8	77	3.19e-06	44.3
WP_041645099.1	MER0026215|S54.017|S54	28.0	46.0	60.2	143	3.62e-05	40.8
WP_041645099.1	MER0047974|S54.020|S54	27.8	26.8	54.9	79	8.20e-05	38.9
WP_041645099.1	MER0015451|S54.011|S54	21.8	47.7	60.0	147	2.43e-04	38.5
WP_041645118.1	MER0031618|S33.979|S33	29.9	44.7	49.8	144	8.04e-10	55.5
WP_041645118.1	MER0031557|S09.A84|S09C	30.0	25.0	27.5	80	1.18e-05	42.7
WP_041645118.1	MER0033245|S09.062|S09X	34.8	22.7	31.0	69	1.66e-04	38.9
WP_041645127.1	MER0035254|S45.004|S45	32.3	69.4	98.2	623	9.73e-72	243
WP_041645127.1	MER0030255|S45.005|S45	31.3	69.4	98.0	629	7.88e-70	238
WP_041645127.1	MER0006198|S45.002|S45	22.4	69.3	97.7	626	1.75e-19	89.7
WP_041645141.1	MER0001295|S41.001|S41A	50.3	24.2	96.7	189	1.14e-46	160
WP_041645141.1	MER0001425|S41.004|S41A	39.5	19.9	84.0	147	4.56e-26	102
WP_041645141.1	MER0003413|S41.002|S41A	36.1	21.2	91.2	155	1.01e-25	101
WP_041645141.1	MER0003065|S41.009|S41A	41.5	19.4	83.4	142	1.58e-24	97.8
WP_041645141.1	MER0003514|S41.010|S41A	36.2	20.4	87.6	149	1.01e-23	95.5
WP_041645141.1	MER0004196|S41.013|S41A	35.3	20.8	89.5	153	1.49e-21	89.4
WP_041645141.1	MER0001297|S41.008|S41A	36.6	19.8	85.2	145	3.57e-21	88.2
WP_041645141.1	MER0004195|S41.007|S41A	35.2	24.2	96.5	179	1.71e-20	86.3
WP_041645141.1	MER0005714|S41.A01|S41A	34.6	20.6	89.3	162	2.09e-20	86.3
WP_041645141.1	MER0015684|S41.A02|S41A	36.0	18.0	77.8	136	1.56e-15	72.0
WP_041645141.1	MER0002959|S41.005|S41B	27.3	24.5	55.2	183	1.11e-06	47.8
WP_041645161.1	MER0003374|M18.002|M18	41.9	95.6	94.8	442	4.44e-108	324
WP_041645161.1	MER0003372|M18.A01|M18	41.0	95.8	94.7	451	4.92e-107	322
WP_041645161.1	MER0015303|M18.A02|M18	41.0	93.9	92.7	432	3.26e-102	309
WP_041645161.1	MER0024893|M18.003|M18	26.4	97.4	96.7	550	3.83e-51	178
WP_041645161.1	MER0001255|M18.001|M18	27.3	95.3	94.0	443	1.81e-50	174
WP_041645161.1	MER0005460|M18.004|M18	25.6	97.9	99.3	442	1.04e-28	114
WP_041645377.1	MER0017142|S33.994|S33	24.5	76.1	79.3	196	3.80e-12	61.2
WP_041645395.1	MER0001520|S08.010|S08A	37.5	39.5	97.4	325	7.98e-47	165
WP_041645395.1	MER0001928|S08.098|S08A	37.6	39.1	96.3	322	7.98e-47	165
WP_041645395.1	MER0001906|S08.003|S08A	36.9	39.5	97.4	325	9.82e-46	162
WP_041645395.1	MER0000315|S08.038|S08A	36.9	39.5	97.4	325	2.51e-45	160
WP_041645395.1	MER0077555|S08.028|S08A	37.9	40.1	99.3	335	8.95e-44	156
WP_041645395.1	MER0000311|S08.034|S08A	43.4	28.1	76.7	235	4.37e-43	154
WP_041645395.1	MER0000316|S08.157|S08A	35.1	39.5	97.8	325	2.34e-42	152
WP_041645395.1	MER0000309|S08.001|S08A	36.9	39.4	97.1	328	3.75e-42	152
WP_041645395.1	MER0000310|S08.037|S08A	42.7	27.7	75.9	232	1.30e-41	150
WP_041645395.1	MER0013656|S08.046|S08A	35.4	39.5	97.8	325	9.71e-41	147
WP_041645395.1	MER0001699|S08.045|S08A	34.7	39.5	97.4	329	5.21e-40	145
WP_041645395.1	MER0002562|S08.067|S08A	36.5	39.1	91.8	351	2.57e-39	146
WP_041645395.1	MER0042897|S08.133|S08A	40.5	28.2	76.6	237	7.01e-39	142
WP_041645395.1	MER0001521|S08.044|S08A	40.9	28.1	76.7	235	5.62e-38	140
WP_041645395.1	MER0000313|S08.036|S08A	40.9	28.1	76.7	235	7.65e-38	139
WP_041645395.1	MER0000312|S08.042|S08A	40.0	28.1	76.7	235	3.57e-37	137
WP_041645395.1	MER0001523|S08.035|S08A	40.0	28.1	76.7	235	3.57e-37	137
WP_041645395.1	MER0001755|S08.002|S08A	40.0	28.1	76.7	235	1.22e-36	136
WP_041645395.1	MER0000332|S08.009|S08A	39.6	33.5	81.2	278	2.78e-36	135
WP_041645395.1	MER0005931|S08.005|S08A	40.0	28.1	86.8	235	6.30e-36	133
WP_041645395.1	MER0000320|S08.030|S08A	35.0	35.7	85.8	303	9.04e-35	131
WP_041645395.1	MER0000333|S08.007|S08A	32.8	40.1	99.3	335	1.11e-34	130
WP_041645395.1	MER0000319|S08.126|S08A	32.2	39.0	93.6	323	1.87e-34	130
WP_041645395.1	MER0000361|S08.023|S08A	37.3	38.0	91.4	343	2.00e-34	131
WP_041645395.1	MER0002575|S08.102|S08A	33.1	39.0	96.1	323	3.37e-34	129
WP_041645453.1	MER0003280|S33.990|S33	37.1	87.2	94.4	280	6.51e-51	166
WP_041645453.1	MER0017177|S33.973|S33	31.6	44.3	40.6	133	9.40e-18	79.0
WP_041645453.1	MER0014065|S33.974|S33	31.9	42.6	40.9	135	5.42e-16	73.9
WP_041645453.1	MER0031617|S33.978|S33	29.7	46.6	44.7	138	1.94e-12	63.2
WP_041645453.1	MER0000436|S33.021|S33	24.2	81.4	88.6	265	1.93e-09	54.3
WP_041645453.1	MER0017123|S33.972|S33	36.5	33.8	34.6	104	2.71e-09	53.9
WP_041645453.1	MER0044633|S33.A26|S33	29.9	47.0	40.6	147	1.43e-07	48.9
WP_041645453.1	MER0026339|S33.992|S33	33.3	29.1	32.5	87	8.31e-07	46.2
WP_041645453.1	MER0044581|S33.A27|S33	37.1	23.0	19.1	70	6.09e-06	43.9
WP_041645453.1	MER0036065|S33.A03|S33	29.5	30.4	36.7	95	8.14e-06	43.1
WP_041645453.1	MER0044578|S33.A28|S33	29.6	32.4	24.4	98	1.07e-05	43.1
WP_041645453.1	MER0036054|S33.A02|S33	28.8	33.8	37.2	104	6.66e-05	40.4
WP_041645453.1	MER0036075|S33.A73|S33	29.2	37.2	32.2	113	1.04e-04	40.0
WP_041645453.1	MER0011509|S33.A84|S33	20.1	83.8	85.4	278	3.12e-04	38.5
WP_041645488.1	MER0033259|S33.982|S33	25.8	97.3	94.6	260	1.72e-17	76.6
WP_041645488.1	MER0017193|S33.991|S33	29.5	95.8	94.9	281	2.14e-17	76.6
WP_041645488.1	MER0036084|S33.A29|S33	25.7	89.7	90.0	253	4.57e-13	64.3
WP_041645488.1	MER0000431|S33.001|S33	25.9	96.6	93.5	294	1.72e-11	60.1
WP_041645488.1	MER0017142|S33.994|S33	25.5	67.0	74.4	184	1.73e-10	56.6
WP_041645488.1	MER0031614|S33.011|S33	24.3	90.8	70.6	247	1.67e-09	54.3
WP_041645488.1	MER0037236|S33.016|S33	24.2	93.1	97.3	256	2.93e-09	53.1
WP_041645488.1	MER0036076|S33.A33|S33	26.6	80.1	71.3	222	2.76e-08	50.4
WP_041645488.1	MER0036053|S33.A01|S33	22.6	90.0	98.9	265	1.43e-07	48.1
WP_041645488.1	MER0036073|S33.A35|S33	26.2	60.5	51.6	164	3.12e-07	47.4
WP_041645488.1	MER0004146|S33.995|S33	24.2	93.1	97.7	260	4.63e-07	46.6
WP_041645488.1	MER0000437|S33.004|S33	22.5	71.6	67.8	213	1.30e-06	45.4
WP_041645488.1	MER0042914|S33.987|S33	27.7	39.1	38.7	112	2.98e-06	44.3
WP_041645488.1	MER0036059|S33.A79|S33	21.5	73.2	72.4	256	8.26e-06	43.1
WP_041645488.1	MER0036066|S33.A04|S33	22.3	65.5	75.1	184	1.95e-05	41.6
WP_041645488.1	MER0033245|S09.062|S09X	21.7	71.6	77.9	189	2.25e-05	41.2
WP_041645488.1	MER0036067|S33.A71|S33	20.2	87.7	82.1	253	2.32e-05	41.6
WP_041645488.1	MER0017033|S33.A15|S33	24.8	89.7	80.0	258	4.24e-05	40.8
WP_041645488.1	MER0036065|S33.A03|S33	21.2	88.5	99.6	255	4.99e-05	40.4
WP_041645488.1	MER0077196|S33.989|S33	28.7	37.9	43.4	108	1.56e-04	38.9
WP_041645488.1	MER0044357|S33.A41|S33	35.7	26.4	15.1	70	2.95e-04	38.5
WP_041645488.1	MER0037863|S09.023|S09X	23.3	60.9	48.5	163	3.16e-04	38.1
WP_041645488.1	MER0042913|S33.986|S33	25.0	39.1	43.4	112	5.14e-04	37.4
WP_041645488.1	MER0045809|S33.988|S33	25.9	39.1	39.1	112	5.54e-04	37.4
WP_041645488.1	MER0017123|S33.972|S33	29.2	32.6	29.9	89	5.71e-04	37.4
WP_041645569.1	MER0003855|U32.002|U32	35.1	75.7	79.6	336	4.73e-61	200
WP_041645569.1	MER0004416|U32.A02|U32	31.1	66.0	88.3	296	9.57e-38	135
WP_041645569.1	MER0013876|U32.003|U32	26.9	84.1	92.8	390	7.73e-32	121
WP_041645569.1	MER0003242|U32.001|U32	28.2	38.8	45.2	174	3.30e-16	75.9
WP_041645569.1	MER0002702|U32.004|U32	22.2	46.9	79.5	216	1.16e-04	40.4
WP_041645590.1	MER0000495|S16.002|S16	45.5	29.8	99.2	253	7.29e-67	219
WP_041645590.1	MER0003442|S16.011|S16	51.0	25.2	92.1	210	2.97e-63	209
WP_041645590.1	MER0011056|S16.A03|S16	51.2	25.1	92.9	209	3.74e-63	208
WP_041645590.1	MER0011057|S16.A02|S16	50.2	24.4	90.2	203	3.48e-60	200
WP_041645590.1	MER0000496|S16.010|S16	40.1	29.8	97.4	304	4.11e-56	192
WP_041645590.1	MER0000485|S16.001|S16	40.0	29.0	96.4	240	1.69e-51	177
WP_041645590.1	MER0000488|S16.004|S16	38.4	28.6	99.6	237	8.27e-48	166
WP_041645590.1	MER0108906|S16.A13|S16	39.4	28.6	100	241	1.26e-46	163
WP_041645590.1	MER0004236|S16.009|S16	38.6	27.9	97.3	259	5.89e-46	162
WP_041645590.1	MER0014970|S16.006|S16	36.8	28.6	94.3	280	2.70e-45	161
WP_041645590.1	MER0003443|S16.003|S16	41.8	23.8	88.1	201	4.76e-42	150
WP_041645590.1	MER0005837|S16.A06|S16	35.2	28.9	97.7	253	2.94e-37	137
WP_041645590.1	MER0026213|S16.A14|S16	36.9	18.3	56.4	149	1.67e-27	109
WP_041645590.1	MER0017402|S16.A11|S16	34.6	22.4	81.8	188	8.29e-18	80.1
WP_041645590.1	MER0003859|S16.005|S16	29.8	18.8	63.4	161	2.96e-15	73.2
WP_041645590.1	MER0003359|S16.008|S16	29.2	22.7	79.5	192	1.90e-12	64.7
WP_041645590.1	MER0003017|S16.A05|S16	25.9	19.1	93.2	162	3.99e-06	44.7
WP_041645590.1	MER0041647|S16.007|S16	30.0	12.1	44.0	110	4.28e-04	39.7
WP_041645590.1	MER0014135|S16.A04|S16	27.5	11.2	31.4	91	6.24e-04	39.3
WP_041645598.1	MER0017248|S09.A36|S09X	35.2	79.5	78.8	233	1.63e-46	154
WP_041645598.1	MER0017246|S09.A24|S09C	31.5	75.3	74.3	232	5.34e-26	101
WP_041645598.1	MER0017239|S09.A68|S09C	26.4	87.7	82.3	269	1.69e-23	94.7
WP_041645598.1	MER0017244|S09.A23|S09C	29.8	72.6	72.8	215	3.89e-21	87.4
WP_041645598.1	MER0031564|S09.A30|S09C	31.3	72.3	86.2	214	2.45e-19	81.6
WP_041645598.1	MER0017256|S09.A34|S09C	29.8	72.6	73.8	215	2.31e-18	79.7
WP_041645598.1	MER0031568|S09.A33|S09C	27.6	72.6	86.6	214	4.22e-17	75.5
WP_041645598.1	MER0031566|S09.A32|S09C	26.5	71.6	85.3	211	5.80e-17	75.1
WP_041645598.1	MER0035185|S09.A95|S09C	25.6	72.9	84.3	215	7.86e-17	74.7
WP_041645598.1	MER0017378|S09.A28|S09C	27.4	72.6	87.9	226	1.57e-16	74.3
WP_041645598.1	MER0017243|S09.A78|S09C	28.5	61.0	56.7	186	2.62e-16	74.7
WP_041645598.1	MER0017250|S09.A25|S09C	28.5	63.4	74.1	186	3.93e-16	72.8
WP_041645598.1	MER0017371|S09.055|S09C	30.7	63.7	74.6	192	1.02e-15	71.6
WP_041645598.1	MER0017240|S09.051|S09C	26.9	61.6	94.0	182	6.40e-15	68.6
WP_041645598.1	MER0033244|S09.061|S09C	27.2	65.4	75.8	202	9.93e-15	69.3
WP_041645598.1	MER0017375|S09.A81|S09C	29.6	62.3	72.8	186	2.38e-14	67.8
WP_041645598.1	MER0017353|S09.052|S09C	25.0	72.3	86.2	216	7.39e-13	63.5
WP_041645598.1	MER0017367|S09.053|S09C	27.8	61.3	71.4	187	1.87e-12	62.4
WP_041645598.1	MER0035184|S09.B05|S09C	24.8	72.3	83.3	222	8.44e-12	60.5
WP_041645598.1	MER0036047|S33.A20|S33	28.0	46.9	47.5	143	1.69e-10	57.4
WP_041645598.1	MER0031556|S09.A80|S09C	26.6	52.4	48.9	154	1.85e-08	51.2
WP_041645598.1	MER0031618|S33.979|S33	27.1	41.8	42.8	129	4.67e-08	50.1
WP_041645598.1	MER0036049|S33.A05|S33	28.8	33.9	36.9	104	1.92e-07	48.1
WP_041645598.1	MER0045883|S33.993|S33	26.5	43.5	41.5	132	2.18e-07	48.1
WP_041645598.1	MER0036062|S33.A07|S33	23.9	45.5	46.8	138	2.03e-06	45.1
WP_041645675.1	MER0031618|S33.979|S33	26.3	80.1	82.1	262	7.92e-15	70.5
WP_041645675.1	MER0036052|S33.A11|S33	26.2	81.4	75.0	267	9.61e-13	64.7
WP_041645675.1	MER0036050|S33.A17|S33	26.7	81.4	74.8	273	2.51e-11	60.5
WP_041645681.1	MER0000455|S11.002|S11	48.4	86.4	97.8	273	2.58e-80	242
WP_041645681.1	MER0043199|S11.007|S11	41.7	75.9	95.6	240	1.88e-58	185
WP_041645681.1	MER0000454|S11.005|S11	28.9	71.8	63.3	232	2.24e-17	78.6
WP_041645681.1	MER0000453|S11.004|S11	28.1	76.3	97.0	256	4.27e-13	65.1
WP_041645681.1	MER0000448|S11.001|S11	25.6	72.2	60.2	266	4.28e-12	63.2
WP_041645681.1	MER0004224|S11.010|S11	31.4	45.9	40.2	159	1.31e-10	58.5
WP_041645681.1	MER0000452|S11.006|S11	25.5	70.6	61.6	255	1.34e-09	55.5
WP_041645681.1	MER0000450|S11.003|S11	27.2	71.2	62.8	246	5.34e-09	53.5
WP_041645750.1	MER0017123|S33.972|S33	41.2	91.5	98.0	294	9.29e-66	205
WP_041645750.1	MER0036053|S33.A01|S33	26.9	82.4	98.9	271	8.12e-12	61.2
WP_041645750.1	MER0036054|S33.A02|S33	29.4	45.8	51.8	143	2.96e-11	59.7
WP_041645750.1	MER0036075|S33.A73|S33	29.3	39.2	36.4	123	7.64e-11	58.9
WP_041645750.1	MER0044633|S33.A26|S33	33.7	28.4	26.1	92	4.65e-10	56.6
WP_041645750.1	MER0014065|S33.974|S33	27.0	39.2	36.6	122	2.54e-08	51.2
WP_041645750.1	MER0044581|S33.A27|S33	32.3	28.4	26.1	93	6.52e-08	50.1
WP_041645750.1	MER0031617|S33.978|S33	32.9	27.5	29.9	85	1.23e-07	48.9
WP_041645750.1	MER0036065|S33.A03|S33	38.7	20.3	23.8	62	1.43e-07	48.5
WP_041645750.1	MER0017193|S33.991|S33	37.0	34.6	36.8	108	2.87e-07	47.8
WP_041645750.1	MER0213829|S33.A76|S33	29.8	28.4	29.1	94	4.53e-07	47.4
WP_041645750.1	MER0011785|S33.009|S33	30.3	30.7	30.5	99	1.08e-05	43.1
WP_041645750.1	MER0035043|S33.A95|S33	23.1	37.9	31.5	117	4.33e-04	38.1
WP_041645750.1	MER0035032|S33.A96|S33	22.8	59.8	55.0	184	7.57e-04	37.4
WP_041645892.1	MER0042954|S49.005|S49C	35.0	39.8	96.3	197	1.10e-26	102
WP_041645947.1	MER0038141|C56.006|C56	33.3	40.1	59.9	96	8.97e-10	52.8
WP_041645947.1	MER0034659|C56.A05|C56	27.6	41.9	59.8	98	6.69e-09	50.4
WP_041646065.1	MER0001250|M24.003|M24B	45.9	62.1	97.2	279	1.98e-82	252
WP_041646065.1	MER0001733|M24.A09|M24B	33.6	62.8	96.6	283	1.12e-38	138
WP_041646065.1	MER0001248|M24.007|M24B	38.0	49.5	89.3	229	6.11e-36	130
WP_041646065.1	MER0001244|M24.004|M24B	32.3	62.6	95.4	285	9.34e-30	113
WP_041646065.1	MER0028601|M24.033|M24B	34.3	51.8	77.4	233	7.15e-22	91.7
WP_041646065.1	MER0013463|M24.026|M24B	27.9	64.8	99.2	297	7.82e-19	82.8
WP_041646065.1	MER0004532|M24.034|M24B	24.6	62.6	96.9	280	7.06e-16	73.6
WP_041646065.1	MER0004931|M24.008|M24B	24.0	62.6	96.9	279	6.81e-14	67.8
WP_041646065.1	MER0005462|M24.031|M24B	28.2	38.4	57.6	170	5.56e-10	56.2
WP_041646072.1	MER0005837|S16.A06|S16	32.9	15.9	31.3	82	4.41e-05	42.0
WP_041646072.1	MER0017402|S16.A11|S16	31.4	13.5	30.9	70	3.63e-04	38.9
WP_041646349.1	MER0065588|C26.965|C26	38.9	95.3	97.4	203	7.14e-41	135
WP_041646768.1	MER0003327|C44.971|C44	34.9	81.1	36.8	86	3.22e-16	68.2
WP_041646793.1	MER0031618|S33.979|S33	24.1	78.4	71.6	220	5.75e-05	40.4
WP_041646822.1	MER0031611|S33.977|S33	23.4	88.0	92.5	278	1.11e-18	81.3
WP_041646822.1	MER0036054|S33.A02|S33	26.4	78.7	94.2	261	7.85e-18	78.6
WP_041646822.1	MER0004146|S33.995|S33	23.2	76.7	90.4	241	5.58e-12	61.6
WP_041646822.1	MER0037236|S33.016|S33	20.8	75.0	88.5	236	4.59e-07	47.0
WP_041646822.1	MER0044350|S33.A81|S33	23.5	33.3	38.1	102	6.73e-04	37.4
WP_041646873.1	MER0031617|S33.978|S33	23.8	93.2	94.4	286	2.28e-18	80.1
WP_041646873.1	MER0014065|S33.974|S33	33.0	33.1	29.3	97	1.24e-13	67.0
WP_049784504.1	MER0031562|S09.024|S09X	23.0	71.0	83.2	226	3.87e-09	53.1
WP_049784504.1	MER0031563|S09.977|S09X	26.7	34.7	41.6	105	6.91e-08	49.3
WP_049784504.1	MER0036040|S09.A05|S09X	34.6	25.4	26.9	81	7.24e-08	49.7
WP_049784504.1	MER0034961|S09.A82|S09X	33.0	33.3	30.0	103	1.06e-07	49.3
WP_049784504.1	MER0036029|S09.A08|S09X	32.5	25.4	26.5	80	2.36e-06	45.1
WP_049784504.1	MER0034960|S09.A86|S09X	32.3	29.0	29.4	96	5.69e-06	43.9
WP_049784504.1	MER0036034|S09.A11|S09X	27.7	26.4	31.0	83	6.68e-06	43.5
WP_049784504.1	MER0034665|S09.B01|S09X	25.4	37.6	41.9	118	8.82e-06	43.1
WP_049784504.1	MER0036030|S09.A09|S09C	26.6	39.9	48.3	139	9.04e-06	43.1
WP_049784504.1	MER0036028|S09.A07|S09X	25.6	38.0	47.6	133	1.22e-05	42.7
WP_049784504.1	MER0036046|S09.A13|S09C	25.4	36.0	45.8	130	1.22e-05	42.7
WP_049784504.1	MER0033274|S09.993|S09X	25.0	41.9	46.6	128	1.50e-05	42.4
WP_049784504.1	MER0036033|S09.A10|S09C	25.3	55.8	58.8	178	2.08e-05	42.0
WP_049784504.1	MER0034722|S09.945|S09X	32.5	26.7	29.5	83	2.16e-05	42.0
WP_049784504.1	MER0043003|S09.A15|S09C	31.0	26.1	32.4	84	2.80e-04	38.5
WP_081449831.1	MER0031569|S09.A18|S09X	22.3	75.7	90.9	233	2.34e-04	38.5
WP_085987844.1	MER0492485|S85.001|S85	32.9	83.4	100	173	2.77e-24	91.3
WP_169702132.1	MER0011571|S13.003|S13	31.2	72.8	82.5	385	1.49e-49	173
WP_169702132.1	MER0000471|S13.002|S13	29.0	71.6	81.3	397	1.41e-31	124
WP_169702132.1	MER0000472|S13.001|S13	23.6	76.4	86.2	403	1.37e-18	85.1
WP_169702170.1	MER0001620|M41.001|M41	61.9	40.5	94.3	268	3.02e-99	302
WP_169702170.1	MER0002602|M41.009|M41	47.4	36.0	86.5	234	2.91e-66	215
WP_169702170.1	MER0005466|M41.021|M41	48.9	35.9	95.8	233	9.36e-66	213
WP_169702170.1	MER0017637|M41.024|M41	44.6	35.2	93.9	231	2.75e-57	191
WP_169702170.1	MER0015199|M41.015|M41	44.2	37.1	84.9	240	1.05e-56	190
WP_169702170.1	MER0002563|M41.020|M41	42.9	35.2	93.9	231	3.89e-56	187
WP_169702170.1	MER0015197|M41.013|M41	43.6	36.2	87.6	234	4.25e-56	188
WP_169702170.1	MER0005755|M41.026|M41	41.7	36.3	97.4	235	4.46e-54	181
WP_169702170.1	MER0002408|M41.017|M41	42.9	36.0	93.5	233	1.53e-52	178
WP_169702170.1	MER0002197|M41.004|M41	40.0	36.3	85.4	235	6.10e-51	174
WP_169702170.1	MER0056525|M41.A17|M41	39.0	37.1	90.8	241	1.24e-49	170
WP_169702170.1	MER0014324|M41.018|M41	42.9	36.0	90.8	233	4.48e-49	168
WP_169702170.1	MER0190577|M41.A16|M41	35.8	37.1	91.8	240	7.18e-49	168
WP_169702170.1	MER0023544|M41.A10|M41	38.6	36.0	81.5	233	3.31e-48	167
WP_169702170.1	MER0011224|M41.A09|M41	39.0	37.1	82.9	241	1.22e-47	166
WP_169702170.1	MER0002608|M41.A11|M41	37.7	36.3	86.2	236	1.92e-47	165
WP_169702170.1	MER0015194|M41.A14|M41	37.7	36.9	85.7	239	1.71e-46	162
WP_169702170.1	MER0190705|M41.A18|M41	37.7	36.5	99.5	236	2.37e-44	155
WP_169702170.1	MER0002600|M41.002|M41	39.0	37.1	89.1	241	8.53e-44	154
WP_169702170.1	MER0005496|M41.007|M41	35.4	37.1	84.8	240	4.39e-43	153
WP_169702170.1	MER0011745|M41.005|M41	39.3	37.4	92.3	244	8.79e-43	152
WP_169702170.1	MER0002605|M41.003|M41	38.4	37.1	86.4	245	3.72e-42	150
WP_169702170.1	MER0015137|M41.025|M41	38.9	37.4	93.4	244	1.45e-41	148
WP_169702170.1	MER0015193|M41.019|M41	38.4	37.1	100	242	3.20e-41	147
WP_169702170.1	MER0015195|M41.A15|M41	35.3	37.1	82.9	241	6.25e-41	147
WP_169702175.1	MER0015682|S09.074|S09C	40.6	39.2	82.0	256	3.99e-54	184
WP_169702175.1	MER0140224|S09.B03|S09X	41.2	34.4	95.0	226	2.91e-50	171
WP_169702175.1	MER0018170|S09.057|S09C	41.2	34.5	92.5	233	7.94e-47	162
WP_169702175.1	MER0126485|S09.072|S09X	39.4	34.4	93.6	221	9.36e-46	159
WP_169702175.1	MER0003558|S09.A83|S09C	38.2	34.2	86.5	225	2.44e-44	156
WP_169702175.1	MER0001920|S09.A77|S09C	31.0	32.2	86.6	213	1.59e-27	108
WP_169702175.1	MER0005807|S09.070|S09C	29.0	33.1	75.6	214	6.55e-18	81.3
WP_169702175.1	MER0000408|S09.004|S09C	28.6	28.8	75.8	196	2.03e-14	70.5
WP_169702175.1	MER0004923|S09.019|S09B	24.9	34.7	77.9	233	2.78e-12	64.7
WP_169702175.1	MER0011583|S09.079|S09D	26.3	31.9	83.1	213	8.21e-11	59.7
WP_169702175.1	MER0195666|S09.073|S09B	31.0	30.0	80.4	203	9.90e-11	59.3
WP_169702175.1	MER0004921|S09.A75|S09B	28.1	31.7	85.7	210	1.38e-09	55.8
WP_169702175.1	MER0001423|S09.013|S09B	24.6	27.2	72.4	175	6.11e-08	50.8
WP_169702175.1	MER0015621|S09.A02|S09A	25.5	28.1	64.0	196	2.20e-04	40.4
WP_227499639.1	MER0036072|S33.A36|S33	30.4	40.2	34.5	115	1.71e-12	63.2
WP_227499639.1	MER0011509|S33.A84|S33	34.0	36.0	31.7	100	2.60e-10	56.6
WP_227499639.1	MER0036073|S33.A35|S33	24.3	87.4	75.0	251	3.52e-10	56.2
WP_227499639.1	MER0031610|S33.976|S33	35.2	39.1	35.9	108	4.46e-10	55.8
WP_227499639.1	MER0014065|S33.974|S33	31.0	45.6	38.4	126	6.65e-10	55.5
WP_227499639.1	MER0036053|S33.A01|S33	32.0	37.2	37.6	100	1.63e-09	53.9
WP_227499639.1	MER0031616|S33.013|S33	29.5	37.9	33.8	105	2.76e-09	53.5
WP_227499639.1	MER0017177|S33.973|S33	30.7	41.8	35.0	114	2.27e-08	50.8
WP_227499639.1	MER0030163|S33.975|S33	29.5	42.1	41.6	122	4.94e-08	49.7
WP_227499639.1	MER0000436|S33.021|S33	22.7	90.8	91.7	278	8.85e-08	48.9
WP_227499639.1	MER0017033|S33.A15|S33	35.4	35.6	32.0	96	1.23e-07	48.5
WP_227499639.1	MER0037236|S33.016|S33	25.1	91.2	96.6	263	1.42e-07	48.1
WP_227499639.1	MER0036057|S33.A09|S33	32.8	43.3	38.3	116	3.97e-07	47.0
WP_227499639.1	MER0036056|S33.A10|S33	25.2	87.4	75.5	258	4.24e-07	47.0
WP_227499639.1	MER0017142|S33.994|S33	31.6	37.2	38.2	98	5.78e-07	46.2
WP_227499639.1	MER0210990|S33.A66|S33	28.9	34.9	33.1	114	7.97e-07	46.2
WP_227499639.1	MER0036078|S33.A75|S33	31.9	36.0	31.3	94	3.41e-06	43.9
WP_227499639.1	MER0036069|S33.A38|S33	29.4	38.7	32.0	109	4.54e-06	43.9
WP_227499639.1	MER0044581|S33.A27|S33	27.5	37.9	30.3	109	6.22e-06	43.5
WP_227499639.1	MER0034563|S33.996|S33	33.3	37.5	40.2	105	8.17e-06	42.7
WP_227499639.1	MER0031619|S33.012|S33	31.1	37.5	32.8	106	2.43e-05	41.6
WP_227499639.1	MER0036064|S33.A16|S33	31.6	36.0	37.3	98	2.85e-05	41.2
WP_227499639.1	MER0036068|S33.A19|S33	21.3	78.5	73.9	221	3.13e-05	41.2
WP_227499639.1	MER0035032|S33.A96|S33	25.7	37.2	33.4	101	3.19e-05	41.2
WP_227499639.1	MER0036075|S33.A73|S33	29.3	35.2	29.0	99	6.11e-05	40.4
WP_227499720.1	MER0059846|S33.A46|S33	32.6	89.6	77.4	273	1.13e-39	138
WP_227499720.1	MER0199690|S33.A56|S33	26.7	84.4	82.5	262	1.94e-20	86.3
WP_227499720.1	MER0214074|S33.019|S33	28.7	58.1	98.4	181	9.22e-16	70.9
WP_227499723.1	MER0281397|S12.A23|S12	27.1	59.7	100	203	7.17e-24	93.6
WP_227499723.1	MER0122661|S12.A28|S12	25.2	61.4	61.2	218	1.09e-05	43.1
