WP_011932004.1	MER0000474|S14.001|S14	64.4	82.1	90.8	188	5.14e-86	251
WP_011932004.1	MER0005687|S14.A01|S14	63.1	76.9	83.4	176	5.74e-74	220
WP_011932004.1	MER0002211|S14.003|S14	56.9	82.1	90.8	188	3.33e-72	216
WP_011932004.1	MER0006046|S14.A02|S14	54.5	82.5	91.3	189	6.68e-72	215
WP_011932004.1	MER0002299|S14.A04|S14	54.3	86.0	97.5	197	4.18e-69	207
WP_011932004.1	MER0006063|S14.010|S14	55.5	75.5	83.2	173	2.99e-68	206
WP_011932004.1	MER0004855|S14.A03|S14	54.3	75.5	82.8	173	1.43e-66	201
WP_011932004.1	MER0004847|S14.009|S14	50.0	90.4	97.1	208	2.78e-66	201
WP_011932004.1	MER0004857|S14.008|S14	57.5	78.2	84.5	179	6.21e-65	197
WP_011932004.1	MER0006308|S14.002|S14	46.3	82.1	96.9	190	6.79e-54	169
WP_011932004.1	MER0004182|S14.006|S14	41.7	83.8	92.6	192	8.71e-51	161
WP_011932004.1	MER0006056|S14.011|S14	44.9	77.7	83.9	178	1.77e-49	158
WP_011932004.1	MER0011666|S14.005|S14	42.0	76.0	93.1	176	1.22e-38	129
WP_011932004.1	MER0001369|S14.007|S14	40.3	31.4	55.0	72	2.34e-12	59.3
WP_011932040.1	MER0005068|M10.062|M10B	27.3	28.3	76.2	132	4.22e-05	40.8
WP_011932040.1	MER0001613|M10.057|M10B	40.0	14.0	30.7	65	6.46e-05	40.4
WP_011932040.1	MER0001097|M10.056|M10B	45.8	12.2	33.3	59	9.67e-05	39.7
WP_011932040.1	MER0004614|M10.060|M10B	39.0	12.6	32.9	59	1.94e-04	38.9
WP_011932040.1	MER0001098|M10.053|M10B	37.3	11.3	30.0	51	2.61e-04	38.5
WP_011932040.1	MER0029131|M10.063|M10B	40.0	10.8	29.6	50	4.71e-04	37.7
WP_011932040.1	MER0001096|M10.051|M10B	36.8	14.9	33.7	68	6.74e-04	37.4
WP_011932040.1	MER0001099|M10.054|M10B	53.3	6.4	17.8	30	8.56e-04	37.0
WP_011932089.1	MER0036065|S33.A03|S33	35.5	85.4	99.6	273	3.95e-53	172
WP_011932089.1	MER0036053|S33.A01|S33	34.9	84.8	96.6	275	2.61e-45	152
WP_011932089.1	MER0036054|S33.A02|S33	30.2	85.8	94.9	285	2.94e-38	134
WP_011932089.1	MER0036074|S33.A34|S33	24.2	90.8	75.4	318	1.23e-21	91.3
WP_011932089.1	MER0036068|S33.A19|S33	25.3	86.4	83.4	281	3.97e-10	56.6
WP_011932089.1	MER0011509|S33.A84|S33	22.3	90.5	88.6	301	1.06e-09	55.5
WP_011932089.1	MER0011785|S33.009|S33	31.1	37.7	32.6	122	1.10e-09	55.5
WP_011932089.1	MER0030163|S33.975|S33	22.8	89.9	94.8	294	3.04e-09	53.9
WP_011932089.1	MER0035973|S33.A14|S33	24.3	87.0	82.6	276	5.36e-09	53.1
WP_011932089.1	MER0213829|S33.A76|S33	38.0	19.6	22.0	71	8.58e-06	43.5
WP_011932089.1	MER0036078|S33.A75|S33	22.5	86.1	88.6	276	2.08e-05	42.0
WP_011932119.1	MER0002655|M20.015|M20D	38.5	91.5	93.7	361	1.73e-73	231
WP_011932119.1	MER0002007|M20.008|M20D	38.0	94.4	94.1	376	1.04e-72	229
WP_011932119.1	MER0003770|M20.A27|M20D	38.6	93.3	96.8	368	8.46e-66	211
WP_011932119.1	MER0002013|M20.A02|M20D	36.6	93.6	93.9	372	7.41e-62	201
WP_011932119.1	MER0002014|M20.A03|M20D	32.6	92.6	92.9	365	5.70e-60	196
WP_011932119.1	MER0002659|M20.014|M20D	33.7	92.6	92.9	365	5.70e-60	196
WP_011932119.1	MER0005173|M20.A05|M20D	35.1	92.3	96.8	367	7.59e-54	179
WP_011932119.1	MER0005155|M20.A06|M20D	33.5	93.3	97.4	373	3.99e-51	172
WP_011932119.1	MER0005163|M20.009|M20D	40.9	39.0	58.0	154	4.95e-31	116
WP_011932119.1	MER0015354|M20.A01|M20D	39.5	42.6	57.6	167	1.17e-29	113
WP_011932119.1	MER0003581|M20.020|M20D	29.1	83.3	99.4	337	1.97e-29	113
WP_011932119.1	MER0003815|M20.A04|M20D	38.9	42.6	55.7	167	1.97e-29	112
WP_011932119.1	MER0002664|M20.A26|M20D	40.4	39.7	53.2	156	1.90e-24	98.6
WP_011932119.1	MER0369336|M20.A23|M20A	22.3	36.7	45.4	148	1.59e-05	43.1
WP_011932119.1	MER0021873|M20.021|M20D	38.0	16.7	34.6	71	3.09e-04	38.5
WP_011932129.1	MER0003327|C44.971|C44	48.3	38.4	98.7	242	4.66e-62	202
WP_011932129.1	MER0185695|C44.A08|C44	39.6	35.7	100	230	7.16e-45	156
WP_011932129.1	MER0003350|C44.975|C44	37.0	30.4	100	211	5.52e-30	114
WP_011932129.1	MER0012158|C44.972|C44	30.7	43.3	100	345	6.32e-30	117
WP_011932129.1	MER0003322|C44.970|C44	35.1	29.9	100	211	3.75e-27	106
WP_011932129.1	MER0011806|C44.A03|C44	31.1	36.6	94.5	238	7.61e-21	89.0
WP_011932129.1	MER0004101|C44.A01|C44	30.3	36.6	94.5	238	5.38e-19	83.6
WP_011932129.1	MER0011781|C44.A02|C44	28.2	34.6	89.9	227	1.12e-17	79.7
WP_011932129.1	MER0003314|C44.001|C44	30.3	21.2	54.5	145	2.21e-11	61.6
WP_011932142.1	MER0036053|S33.A01|S33	42.4	82.6	98.5	264	3.35e-61	192
WP_011932142.1	MER0036065|S33.A03|S33	35.3	81.6	99.6	269	7.19e-45	150
WP_011932142.1	MER0036054|S33.A02|S33	35.9	81.0	93.8	259	1.77e-43	147
WP_011932142.1	MER0036074|S33.A34|S33	27.9	84.5	73.9	298	5.17e-27	106
WP_011932142.1	MER0031616|S33.013|S33	28.2	75.5	78.5	255	3.62e-12	62.8
WP_011932142.1	MER0011509|S33.A84|S33	24.6	84.8	87.0	281	1.81e-09	54.7
WP_011932142.1	MER0030163|S33.975|S33	25.5	83.2	92.1	278	5.45e-08	50.1
WP_011932142.1	MER0044633|S33.A26|S33	42.9	16.8	15.9	56	6.62e-06	43.9
WP_011932142.1	MER0011785|S33.009|S33	44.2	13.9	13.2	43	2.62e-05	42.0
WP_011932142.1	MER0035973|S33.A14|S33	34.5	17.4	19.2	55	4.22e-05	41.2
WP_011932142.1	MER0014065|S33.974|S33	33.3	21.3	17.7	66	6.23e-05	40.8
WP_011932142.1	MER0213829|S33.A76|S33	33.8	21.9	20.4	74	2.57e-04	38.9
WP_011932220.1	MER0209507|S09.025|S09X	39.5	35.3	74.3	81	1.32e-07	45.4
WP_011932220.1	MER0003558|S09.A83|S09C	35.6	28.0	22.7	59	4.17e-05	40.0
WP_011932220.1	MER0200434|S09.941|S09X	29.3	41.1	81.7	99	2.93e-04	36.2
WP_011932280.1	MER0002563|M41.020|M41	65.5	38.1	95.9	235	4.29e-102	307
WP_011932280.1	MER0017637|M41.024|M41	65.5	38.1	95.9	235	6.75e-101	304
WP_011932280.1	MER0002408|M41.017|M41	51.1	38.1	93.5	235	5.71e-68	218
WP_011932280.1	MER0001620|M41.001|M41	44.8	39.1	84.1	241	4.10e-64	209
WP_011932280.1	MER0002602|M41.009|M41	45.5	37.9	86.1	235	1.98e-62	204
WP_011932280.1	MER0005466|M41.021|M41	43.0	39.4	99.6	244	9.38e-61	199
WP_011932280.1	MER0011745|M41.005|M41	46.6	38.1	88.8	236	1.03e-53	181
WP_011932280.1	MER0015199|M41.015|M41	40.5	37.6	81.4	232	6.89e-53	179
WP_011932280.1	MER0015197|M41.013|M41	45.3	37.9	86.9	234	3.91e-52	177
WP_011932280.1	MER0015137|M41.025|M41	45.3	38.1	89.8	236	4.99e-52	176
WP_011932280.1	MER0023544|M41.A10|M41	43.8	38.1	81.5	235	4.45e-50	172
WP_011932280.1	MER0015193|M41.019|M41	42.4	38.1	97.1	238	1.11e-49	169
WP_011932280.1	MER0015194|M41.A14|M41	40.2	37.9	84.2	234	8.47e-46	160
WP_011932280.1	MER0005496|M41.007|M41	39.1	38.1	83.3	235	4.80e-45	158
WP_011932280.1	MER0056525|M41.A17|M41	38.1	38.1	89.2	236	7.51e-44	154
WP_011932280.1	MER0015195|M41.A15|M41	38.1	38.1	81.5	236	1.44e-43	154
WP_011932280.1	MER0011224|M41.A09|M41	38.3	38.1	81.5	235	1.38e-42	151
WP_011932280.1	MER0002600|M41.002|M41	39.8	38.1	87.5	236	7.55e-41	146
WP_011932280.1	MER0171760|M41.A12|M41	34.8	40.4	89.4	250	8.80e-40	143
WP_011932280.1	MER0190577|M41.A16|M41	35.7	38.1	88.9	235	6.72e-39	140
WP_011932280.1	MER0015609|M41.023|M41	36.0	38.1	81.6	236	1.91e-38	140
WP_011932280.1	MER0004454|M41.006|M41	37.1	38.1	82.5	237	2.77e-38	139
WP_011932280.1	MER0014324|M41.018|M41	37.3	38.2	91.2	236	4.00e-38	138
WP_011932280.1	MER0002605|M41.003|M41	37.3	38.1	84.2	236	7.87e-38	138
WP_011932280.1	MER0011748|M41.022|M41	35.6	39.5	85.0	247	2.56e-37	137
WP_011932308.1	MER1054487|C44.951|C44	51.2	24.1	100	381	4.81e-114	362
WP_011932308.1	MER0198917|C44.003|C44	40.7	24.1	100	378	2.76e-83	275
WP_011932323.1	MER0024252|C40.009|C40	52.3	53.7	100	132	3.08e-45	145
WP_011932323.1	MER0003807|C40.007|C40	34.4	48.8	90.7	125	3.12e-13	61.6
WP_011932323.1	MER0014672|C40.012|C40	35.4	33.7	72.0	99	3.03e-09	50.8
WP_011932323.1	MER0031199|C40.011|C40	38.7	30.5	94.4	75	1.53e-07	44.7
WP_011932469.1	MER0002031|C39.005|C39	35.3	18.3	95.1	136	1.80e-21	88.2
WP_011932469.1	MER0014664|C39.004|C39	30.7	18.0	95.8	137	1.05e-17	77.4
WP_011932469.1	MER0014665|C39.003|C39	28.7	14.9	82.7	115	4.28e-12	61.2
WP_011932469.1	MER0002884|C39.007|C39	29.5	17.7	97.1	139	2.05e-11	59.3
WP_011932469.1	MER0042832|C39.008|C39	24.3	17.6	96.4	136	1.78e-10	56.6
WP_011932519.1	MER0076166|C82.001|C82A	30.2	78.7	51.2	139	3.29e-09	51.2
WP_011932540.1	MER0055964|S26.A02|S26A	39.0	80.3	100	187	3.02e-33	114
WP_011932540.1	MER0004537|S26.025|S26A	36.9	81.5	99.5	198	5.32e-27	99.8
WP_011932540.1	MER0003269|S26.008|S26A	34.2	80.3	97.4	187	9.16e-27	98.2
WP_011932540.1	MER0015620|S26.A01|S26A	35.3	81.5	99.3	190	1.19e-26	97.8
WP_011932540.1	MER0002551|S26.024|S26A	34.0	79.8	97.5	203	2.16e-26	98.6
WP_011932540.1	MER0013626|S26.026|S26A	31.1	77.7	93.5	183	2.52e-20	81.3
WP_011932540.1	MER0000589|S26.001|S26A	29.5	81.5	99.6	251	1.38e-14	67.8
WP_011932540.1	MER0028421|S26.018|S26A	25.4	80.3	97.5	193	2.32e-14	65.5
WP_011932540.1	MER0003273|S26.016|S26A	26.8	78.5	95.1	194	2.46e-13	62.8
WP_011932540.1	MER0001912|S26.005|S26A	25.1	76.4	91.6	179	7.90e-13	61.2
WP_011932540.1	MER0015994|S26.019|S26A	24.0	76.0	94.4	192	1.26e-08	49.7
WP_011932540.1	MER0003268|S26.015|S26A	49.0	21.9	26.7	51	1.07e-07	47.4
WP_011932540.1	MER0006313|S26.006|S26A	24.6	69.5	86.1	175	2.62e-05	40.0
WP_011932543.1	MER0056022|M79.A02|M79	31.6	21.6	77.0	95	5.18e-07	45.4
WP_011932543.1	MER0056047|M79.006|M79	32.0	17.1	93.8	75	2.47e-06	42.4
WP_011932606.1	MER0036069|S33.A38|S33	27.9	43.4	30.8	111	1.35e-04	39.3
WP_011932606.1	MER0037853|S33.984|S33	27.0	43.4	33.5	111	2.32e-04	38.5
WP_011932606.1	MER0036054|S33.A02|S33	25.8	47.8	41.2	120	3.76e-04	37.7
WP_011932610.1	MER0003290|S01.482|S01C	61.1	39.8	100	157	1.81e-56	179
WP_011932610.1	MER0000268|S01.480|S01C	54.2	39.8	100	155	6.11e-50	162
WP_011932610.1	MER0013623|S01.453|S01C	52.3	39.8	100	155	5.51e-47	154
WP_011932610.1	MER0004673|S01.494|S01C	38.4	64.1	93.4	271	4.38e-46	156
WP_011932610.1	MER0005468|S01.491|S01C	53.2	39.8	100	158	7.00e-46	152
WP_011932610.1	MER0003850|S01.500|S01C	45.3	44.0	97.2	172	3.36e-45	150
WP_011932610.1	MER0004111|S01.442|S01C	50.6	39.8	100	156	3.15e-42	142
WP_011932610.1	MER0004093|S01.278|S01C	48.1	39.8	100	156	5.09e-39	134
WP_011932610.1	MER0002577|S01.277|S01C	48.7	39.8	100	156	7.14e-39	133
WP_011932610.1	MER0011375|S01.476|S01C	47.8	39.8	100	157	3.97e-38	131
WP_011932610.1	MER0001945|S01.472|S01C	49.1	39.8	100	159	6.45e-38	131
WP_011932610.1	MER0028330|S01.329|S01C	48.1	39.8	100	156	1.49e-37	130
WP_011932610.1	MER0000266|S01.273|S01C	45.9	39.8	100	157	3.18e-37	129
WP_011932610.1	MER0004086|S01.B81|S01C	50.0	37.0	92.0	150	7.44e-37	128
WP_011932610.1	MER0014795|S01.284|S01C	47.3	39.8	100	167	9.54e-37	128
WP_011932610.1	MER0001372|S01.274|S01C	44.9	39.8	100	158	6.57e-36	125
WP_011932610.1	MER0016351|S01.285|S01C	45.5	39.8	100	156	4.71e-34	120
WP_011932610.1	MER0006096|S01.A08|S01C	48.9	33.6	100	133	4.85e-34	120
WP_011932610.1	MER0003293|S01.477|S01C	44.1	37.8	96.6	145	1.19e-32	117
WP_011932610.1	MER0022668|S01.447|S01C	43.3	39.8	100	171	8.38e-32	115
WP_011932610.1	MER0001373|S01.275|S01C	43.4	39.8	100	159	2.21e-31	114
WP_011932610.1	MER0004149|S01.525|S01C	41.1	39.8	100	163	6.87e-31	112
WP_011932610.1	MER0016031|S01.364|S01C	46.4	39.8	100	166	1.06e-29	109
WP_011932610.1	MER0005093|S01.441|S01C	40.4	39.6	100	166	2.88e-28	105
WP_011932610.1	MER0015583|S01.416|S01C	44.3	35.9	97.4	149	3.91e-27	102
WP_011932629.1	MER0061068|M38.A02|M38	64.5	82.9	99.7	301	6.21e-138	391
WP_011932653.1	MER0002383|M10.015|M10A	38.2	33.9	39.1	76	3.42e-05	40.0
WP_011932653.1	MER0001077|M10.014|M10A	34.7	31.7	36.1	72	8.55e-05	38.9
WP_011932653.1	MER0012071|M10.024|M10A	39.0	31.2	38.9	82	4.02e-04	37.0
WP_011932680.1	MER0006087|M03.A01|M03A	48.8	99.1	97.7	705	1.41e-233	664
WP_011932680.1	MER0015119|M03.A02|M03A	46.0	99.1	98.6	732	3.08e-218	625
WP_011932680.1	MER0001161|M03.004|M03A	40.1	98.6	99.1	701	3.94e-169	498
WP_011932680.1	MER0001158|M03.005|M03A	31.2	89.5	90.4	635	3.07e-83	274
WP_011932680.1	MER0001149|M03.001|M03A	30.8	81.0	79.4	582	9.02e-71	241
WP_011932680.1	MER0001942|M03.002|M03A	31.1	66.7	68.2	483	4.60e-60	211
WP_011932680.1	MER0001153|M03.003|M03A	26.4	78.4	78.2	568	2.82e-59	209
WP_011932680.1	MER0108144|M03.A07|M03A	28.0	80.9	83.7	583	1.60e-58	206
WP_011932680.1	MER0003110|M03.009|M03A	27.0	99.4	100	755	9.02e-58	205
WP_011932680.1	MER0079465|M03.011|M03A	27.7	79.7	85.8	589	1.70e-53	192
WP_011932680.1	MER0015170|M03.A03|M03A	26.8	73.5	75.8	519	6.45e-39	149
WP_011932680.1	MER0001156|M03.006|M03A	26.2	61.1	63.3	469	2.67e-29	120
WP_011932710.1	MER0015475|S54.029|S54	29.5	91.3	84.0	176	2.01e-12	59.7
WP_011932710.1	MER0035255|S54.028|S54	31.7	75.7	71.4	145	1.35e-04	37.7
WP_011932710.1	MER0015459|S54.014|S54	28.4	85.0	61.2	155	2.79e-04	37.0
WP_011932774.1	MER0001978|T03.001|T03	31.6	86.7	94.1	551	9.18e-60	206
WP_011932774.1	MER0011811|T03.A03|T03	32.8	72.2	75.9	454	2.09e-47	172
WP_011932774.1	MER0011800|T03.A01|T03	29.6	76.6	78.3	476	4.85e-44	162
WP_011932774.1	MER0002720|T03.023|T03	28.9	74.1	82.5	454	2.28e-40	150
WP_011932774.1	MER0016970|T03.017|T03	30.3	74.8	81.0	476	8.32e-40	150
WP_011932774.1	MER0003580|T03.011|T03	30.5	72.0	77.4	462	7.21e-35	135
WP_011932774.1	MER0004202|T03.013|T03	29.2	76.8	84.5	479	2.24e-34	134
WP_011932774.1	MER0004194|T03.A07|T03	26.9	84.9	97.9	546	4.27e-31	124
WP_011932774.1	MER0005029|T03.009|T03	26.6	81.7	94.0	526	6.06e-31	124
WP_011932774.1	MER0001629|T03.006|T03	27.4	76.4	82.8	486	2.35e-30	122
WP_011932774.1	MER0011215|T03.A04|T03	25.9	72.3	86.1	464	4.03e-29	118
WP_011932774.1	MER0005831|T03.A06|T03	27.3	77.3	83.5	495	1.98e-28	116
WP_011932774.1	MER0001977|T03.002|T03	26.5	75.0	81.8	486	6.59e-28	115
WP_011932774.1	MER0094876|T03.025|T03	27.6	77.1	86.2	507	2.00e-27	113
WP_011932774.1	MER0006124|T03.A05|T03	26.2	78.1	84.7	511	1.15e-24	105
WP_011932774.1	MER0011211|T03.007|T03	24.2	85.8	93.2	558	6.26e-24	102
WP_011932774.1	MER0011143|T03.005|T03	23.4	85.8	92.1	552	6.11e-23	99.8
WP_011932774.1	MER0006132|T03.014|T03	27.5	73.5	79.0	513	3.42e-18	85.1
WP_011932774.1	MER0026204|T03.018|T03	30.9	31.8	81.1	194	1.21e-17	79.3
WP_011932774.1	MER0002728|T03.012|T03	23.6	83.3	90.1	537	2.05e-16	79.3
WP_011932774.1	MER0002718|T03.008|T03	38.0	16.4	56.5	108	2.17e-12	63.2
WP_011932774.1	MER0037241|T03.971|T03	32.5	18.7	49.6	114	3.55e-10	57.4
WP_011932774.1	MER0003440|T03.A08|T03	27.0	41.7	54.9	263	2.84e-09	56.2
WP_011932774.1	MER0002721|T03.016|T03	34.7	14.9	38.7	98	3.73e-09	54.7
WP_011932784.1	MER0043126|S09.990|S09X	45.1	98.3	99.3	288	2.69e-87	259
WP_011932784.1	MER0061081|S09.A39|S09X	48.2	96.9	100	284	3.37e-86	256
WP_011932784.1	MER0061059|S09.940|S09B	43.1	96.9	100	283	1.55e-73	224
WP_011932860.1	MER0120335|M50.008|M50B	30.6	33.9	26.7	98	5.18e-04	37.7
WP_011932928.1	MER0015620|S26.A01|S26A	47.4	74.1	96.1	152	1.96e-42	137
WP_011932928.1	MER0055964|S26.A02|S26A	45.3	73.2	97.3	150	6.38e-40	130
WP_011932928.1	MER0003269|S26.008|S26A	45.9	70.7	91.7	148	1.26e-38	127
WP_011932928.1	MER0013626|S26.026|S26A	35.3	72.7	94.1	156	2.60e-20	80.5
WP_011932928.1	MER0016034|S26.020|S26A	33.5	69.3	95.5	161	5.25e-20	79.7
WP_011932928.1	MER0015993|S26.021|S26A	31.1	73.7	95.5	167	1.54e-18	75.9
WP_011932928.1	MER0028421|S26.018|S26A	34.1	75.1	98.7	170	3.30e-18	75.1
WP_011932928.1	MER0002551|S26.024|S26A	32.3	75.6	98.5	201	2.27e-17	73.9
WP_011932928.1	MER0004537|S26.025|S26A	32.6	70.7	93.1	175	8.89e-17	72.0
WP_011932928.1	MER0001912|S26.005|S26A	32.7	74.6	94.8	165	2.49e-15	67.4
WP_011932928.1	MER0015994|S26.019|S26A	30.6	70.7	95.0	170	1.04e-14	65.9
WP_011932928.1	MER0003273|S26.016|S26A	27.8	73.7	95.7	169	2.93e-14	64.7
WP_011932928.1	MER0000592|S26.003|S26A	30.9	71.7	92.9	162	3.55e-14	64.3
WP_011932928.1	MER0006313|S26.006|S26A	31.3	62.9	86.1	144	6.40e-13	60.8
WP_011932928.1	MER0000598|S26.012|S26A	29.1	71.2	91.0	148	2.36e-12	58.9
WP_011932928.1	MER0002550|S26.004|S26A	27.6	70.7	91.7	156	5.04e-12	58.5
WP_011932928.1	MER0000597|S26.002|S26A	40.5	41.0	48.2	84	2.13e-11	57.0
WP_011932928.1	MER0001510|S26.007|S26A	28.6	71.7	92.9	161	4.93e-11	55.8
WP_011932928.1	MER0000589|S26.001|S26A	25.9	69.8	89.5	228	1.31e-09	53.1
WP_011932928.1	MER0003268|S26.015|S26A	24.6	45.9	74.4	134	4.58e-09	50.8
WP_011932928.1	MER0011513|S26.A09|S26A	32.6	43.4	56.6	89	4.56e-08	47.0
WP_011932931.1	MER0107808|C82.A03|C82A	30.2	53.7	83.5	129	1.30e-08	48.9
WP_011932931.1	MER0094392|C82.003|C82B	25.6	55.5	76.1	121	2.34e-08	47.8
WP_011932931.1	MER0107825|C82.A04|C82A	28.9	53.2	82.4	128	1.46e-06	43.1
WP_011932931.1	MER0107804|C82.A02|C82A	27.9	53.7	83.2	129	2.74e-06	42.4
WP_011932931.1	MER0107820|C82.A05|C82A	39.5	17.4	28.1	38	5.69e-04	35.8
WP_011932969.1	MER0060647|C26.952|C26	38.7	95.3	100	375	5.52e-78	241
WP_011932969.1	MER0044812|C26.A04|C26	46.6	57.5	88.9	221	3.23e-66	207
WP_011932969.1	MER0078640|C26.951|C26	36.5	95.0	100	375	6.14e-66	210
WP_011932969.1	MER0045945|C26.963|C26	42.8	46.7	79.4	180	1.07e-46	156
WP_011932969.1	MER0043540|C26.A33|C26	40.5	49.1	82.0	190	2.44e-41	142
WP_011932969.1	MER0046161|C26.956|C26	35.7	63.5	85.8	244	6.16e-40	140
WP_011932969.1	MER0115185|C26.954|C26	50.7	35.7	95.1	138	9.17e-40	135
WP_011932969.1	MER0436691|C26.A27|C26	30.1	76.4	96.5	296	1.64e-36	130
WP_011932969.1	MER0044882|C26.A09|C26	27.3	32.5	73.6	143	6.06e-12	60.8
WP_011932969.1	MER0043537|C26.A31|C26	27.5	39.9	81.9	167	1.19e-09	54.3
WP_011932969.1	MER0043394|C26.955|C26	25.6	32.8	78.7	133	3.16e-08	49.7
WP_011932969.1	MER0045094|C26.959|C26	25.5	35.4	58.1	145	1.13e-05	43.1
WP_011932969.1	MER0043392|C26.960|C26	27.9	36.2	82.2	147	1.97e-05	41.6
WP_011932969.1	MER0045095|C26.958|C26	27.7	31.0	47.9	130	4.08e-04	38.5
WP_011932989.1	MER0000576|S24.003|S24	46.1	78.2	99.1	115	1.38e-32	108
WP_011932989.1	MER0006172|S24.004|S24	52.2	45.6	84.8	67	4.46e-18	70.9
WP_011932989.1	MER0000569|S24.001|S24	39.5	76.2	94.9	114	2.65e-16	67.4
WP_011932989.1	MER0000587|S24.002|S24	41.1	45.6	54.5	73	5.80e-09	48.5
WP_011933008.1	MER0016248|M103.003|M103	32.6	52.5	92.8	242	6.21e-30	114
WP_011933008.1	MER0016222|M103.950|M103	23.3	93.8	92.0	438	2.26e-16	77.8
WP_011933009.1	MER0016301|M103.001|M103	34.6	90.2	93.0	451	1.72e-61	205
WP_011933009.1	MER0016222|M103.950|M103	22.8	90.9	93.8	448	1.01e-12	66.6
WP_011933009.1	MER0028087|M103.002|M103	28.3	29.9	30.1	145	3.53e-09	55.5
WP_011933024.1	MER0002408|M41.017|M41	51.1	37.9	93.5	235	9.49e-66	213
WP_011933024.1	MER0011745|M41.005|M41	44.0	39.5	94.2	250	5.50e-55	184
WP_011933024.1	MER0015137|M41.025|M41	42.5	39.2	94.1	247	2.67e-53	180
WP_011933024.1	MER0015193|M41.019|M41	44.1	37.9	97.1	238	2.22e-51	174
WP_011933024.1	MER0002563|M41.020|M41	43.5	37.6	95.1	239	1.02e-50	172
WP_011933024.1	MER0017637|M41.024|M41	44.4	37.6	95.1	239	1.02e-50	172
WP_011933024.1	MER0005466|M41.021|M41	37.7	37.7	95.8	236	1.56e-44	155
WP_011933024.1	MER0001620|M41.001|M41	35.9	38.7	84.8	245	4.49e-37	136
WP_011933024.1	MER0005496|M41.007|M41	34.9	38.5	84.8	241	1.03e-35	132
WP_011933024.1	MER0015199|M41.015|M41	38.7	38.1	82.8	238	1.80e-35	132
WP_011933024.1	MER0002602|M41.009|M41	35.0	37.7	86.1	237	1.22e-34	129
WP_011933024.1	MER0023544|M41.A10|M41	34.9	38.5	82.9	241	5.21e-34	127
WP_011933024.1	MER0015609|M41.023|M41	33.6	38.5	83.1	241	2.32e-33	125
WP_011933024.1	MER0015197|M41.013|M41	37.3	37.7	86.9	236	4.36e-33	124
WP_011933024.1	MER0011748|M41.022|M41	34.0	38.5	83.2	241	2.17e-32	123
WP_011933024.1	MER0015195|M41.A15|M41	33.3	38.5	82.9	240	4.14e-32	122
WP_011933024.1	MER0002600|M41.002|M41	31.5	38.5	89.1	241	1.52e-30	117
WP_011933024.1	MER0004454|M41.006|M41	32.8	39.4	85.0	247	7.93e-30	115
WP_011933024.1	MER0002605|M41.003|M41	33.5	39.0	87.2	245	1.64e-29	114
WP_011933024.1	MER0056525|M41.A17|M41	32.2	38.5	90.8	242	2.21e-29	114
WP_011933024.1	MER0014324|M41.018|M41	35.0	37.9	90.8	237	3.10e-29	113
WP_011933024.1	MER0011224|M41.A09|M41	32.0	38.5	82.9	241	5.17e-29	113
WP_011933024.1	MER0171760|M41.A12|M41	30.8	40.0	89.0	250	2.58e-28	111
WP_011933024.1	MER0002608|M41.A11|M41	33.9	37.7	85.1	239	3.84e-28	110
WP_011933024.1	MER0190705|M41.A18|M41	32.9	37.7	97.7	237	1.16e-27	108
WP_011933028.1	MER0003380|M23.011|M23B	45.7	31.7	43.2	105	6.56e-22	89.7
WP_011933028.1	MER0013541|M23.014|M23B	48.2	25.9	96.6	85	4.35e-21	83.2
WP_011933028.1	MER0069741|M23.009|M23B	47.0	30.5	57.0	100	2.74e-20	83.6
WP_011933028.1	MER0001419|M23.004|M23B	41.3	31.7	76.2	109	4.24e-16	71.2
WP_011933028.1	MER0003376|M23.005|M23B	38.9	36.0	74.1	126	5.14e-16	71.6
WP_011933028.1	MER0003423|M23.012|M23B	41.3	31.7	76.2	109	1.52e-15	69.7
WP_011933028.1	MER0003906|M23.013|M23B	39.3	30.8	100	107	8.01e-15	66.6
WP_011933028.1	MER0387040|M23.A03|M23B	40.6	29.0	92.2	96	3.66e-14	64.7
WP_011933028.1	MER0066182|M23.A04|M23B	40.6	29.0	47.7	96	2.76e-13	64.7
WP_011933028.1	MER0005300|M23.950|M23B	37.5	26.8	54.0	88	9.39e-13	62.4
WP_011933028.1	MER0001282|M23.002|M23A	27.4	29.6	50.6	106	8.14e-05	39.7
WP_011933051.1	MER0016191|S66.001|S66	30.4	77.2	91.5	276	5.38e-21	88.2
WP_011933051.1	MER0016172|S66.002|S66	29.3	79.1	89.5	273	2.22e-20	86.7
WP_011933057.1	MER0000870|A24.001|A24A	30.6	82.7	90.9	235	7.61e-23	90.9
WP_011933057.1	MER0002075|A24.A01|A24A	29.2	47.6	82.4	130	8.63e-06	41.6
WP_011933076.1	MER0094392|C82.003|C82B	34.1	78.3	92.9	123	3.96e-13	59.3
WP_011933076.1	MER0107804|C82.A02|C82A	39.3	68.2	88.5	122	6.47e-11	53.9
WP_011933076.1	MER0107820|C82.A05|C82A	41.4	42.7	47.4	70	7.11e-07	43.1
WP_011933121.1	MER0000474|S14.001|S14	63.4	97.4	92.3	191	3.24e-83	242
WP_011933121.1	MER0005687|S14.A01|S14	65.9	89.8	83.4	176	9.10e-72	213
WP_011933121.1	MER0006046|S14.A02|S14	52.1	98.0	92.8	192	7.05e-68	203
WP_011933121.1	MER0002211|S14.003|S14	54.7	98.0	92.8	192	1.15e-66	200
WP_011933121.1	MER0002299|S14.A04|S14	53.2	94.9	92.5	186	1.67e-62	189
WP_011933121.1	MER0004847|S14.009|S14	49.0	97.4	92.3	192	3.40e-61	186
WP_011933121.1	MER0004855|S14.A03|S14	53.8	88.3	82.8	173	7.04e-61	186
WP_011933121.1	MER0004857|S14.008|S14	54.9	92.9	87.4	182	2.67e-60	184
WP_011933121.1	MER0006063|S14.010|S14	50.3	93.4	87.5	183	1.46e-57	177
WP_011933121.1	MER0006308|S14.002|S14	43.9	90.8	91.8	180	2.28e-51	161
WP_011933121.1	MER0006056|S14.011|S14	46.9	89.3	82.5	175	2.87e-50	159
WP_011933121.1	MER0004182|S14.006|S14	41.8	96.4	91.1	189	2.58e-49	156
WP_011933121.1	MER0011666|S14.005|S14	45.7	87.2	91.5	173	3.36e-41	135
WP_011933121.1	MER0001369|S14.007|S14	40.3	36.7	55.0	72	3.66e-12	58.2
WP_011933123.1	MER0002408|M41.017|M41	68.7	38.6	100	246	1.60e-110	329
WP_011933123.1	MER0011745|M41.005|M41	56.0	37.8	93.1	241	9.94e-86	266
WP_011933123.1	MER0015137|M41.025|M41	55.1	38.1	94.9	243	1.27e-85	265
WP_011933123.1	MER0015193|M41.019|M41	55.0	37.2	100	240	2.50e-82	256
WP_011933123.1	MER0017637|M41.024|M41	49.6	35.3	93.9	230	1.04e-62	205
WP_011933123.1	MER0002563|M41.020|M41	48.3	35.3	93.9	230	1.08e-61	202
WP_011933123.1	MER0005466|M41.021|M41	43.2	36.3	96.7	234	7.27e-59	194
WP_011933123.1	MER0002602|M41.009|M41	38.8	37.4	89.1	242	4.66e-50	172
WP_011933123.1	MER0001620|M41.001|M41	37.2	36.4	82.7	234	1.86e-47	165
WP_011933123.1	MER0015199|M41.015|M41	37.3	38.0	86.7	244	2.73e-43	154
WP_011933123.1	MER0015197|M41.013|M41	38.8	35.9	86.9	232	6.68e-40	144
WP_011933123.1	MER0190577|M41.A16|M41	35.7	37.2	91.8	238	2.21e-39	142
WP_011933123.1	MER0023544|M41.A10|M41	36.8	36.4	82.2	234	6.81e-39	141
WP_011933123.1	MER0005496|M41.007|M41	34.1	36.1	83.3	232	9.29e-37	135
WP_011933123.1	MER0056525|M41.A17|M41	37.3	35.3	87.3	228	1.01e-35	132
WP_011933123.1	MER0011224|M41.A09|M41	34.6	37.8	84.4	243	3.43e-35	131
WP_011933123.1	MER0171760|M41.A12|M41	32.2	41.6	98.1	270	4.42e-34	127
WP_011933123.1	MER0002608|M41.A11|M41	31.8	36.1	85.4	233	1.70e-33	126
WP_011933123.1	MER0015194|M41.A14|M41	30.3	38.6	92.8	254	2.16e-33	125
WP_011933123.1	MER0015195|M41.A15|M41	31.9	35.6	80.4	229	2.74e-33	125
WP_011933123.1	MER0015609|M41.023|M41	35.1	35.3	79.8	228	3.49e-33	125
WP_011933123.1	MER0002605|M41.003|M41	32.7	38.8	90.6	254	5.51e-33	124
WP_011933123.1	MER0024900|M41.A21|M41	28.0	37.5	95.9	246	3.09e-32	122
WP_011933123.1	MER0014324|M41.018|M41	32.8	35.6	89.5	229	3.55e-32	121
WP_011933123.1	MER0005755|M41.026|M41	31.7	35.5	94.7	230	6.68e-32	120
WP_011933162.1	MER0073084|M61.002|M61	30.8	75.5	93.3	458	2.66e-55	191
WP_011933172.1	MER0000471|S13.002|S13	26.5	77.5	90.1	434	4.17e-22	95.1
WP_011933172.1	MER0026276|S13.A01|S13	28.6	38.5	39.4	189	3.42e-11	61.6
WP_011933172.1	MER0011571|S13.003|S13	31.8	33.0	32.5	148	7.32e-10	57.4
WP_011933172.1	MER0000472|S13.001|S13	27.2	36.0	36.5	169	5.38e-09	54.7
WP_011933172.1	MER0066354|S13.005|S13	22.9	70.9	96.0	340	2.80e-08	52.0
WP_011933220.1	MER0013876|U32.003|U32	40.9	28.9	66.0	247	1.47e-46	167
WP_011933220.1	MER0003855|U32.002|U32	34.0	31.5	71.8	282	1.37e-36	139
WP_011933220.1	MER0004416|U32.A02|U32	26.5	32.3	94.0	287	2.02e-20	89.4
WP_011933220.1	MER0003242|U32.001|U32	39.0	15.8	46.2	141	2.28e-19	86.7
WP_011933221.1	MER0005742|M15.002|M15B	31.0	50.4	100	126	1.58e-14	64.7
WP_011933221.1	MER0014983|M15.024|M15B	37.1	40.8	72.7	105	8.61e-13	60.8
WP_011933221.1	MER0013458|M15.003|M15B	32.1	42.8	56.8	112	3.92e-10	54.7
WP_011933240.1	MER0003448|M16.016|M16B	26.3	48.0	91.7	209	7.22e-28	107
WP_011933240.1	MER0001229|M16.003|M16B	27.2	43.9	88.4	191	8.70e-25	98.6
WP_011933240.1	MER0390687|M16.A15|M16B	32.9	37.0	97.0	161	9.23e-25	97.1
WP_011933240.1	MER0043985|M16.980|M16B	27.2	43.9	81.3	191	1.32e-24	98.6
WP_011933240.1	MER0195774|M16.019|M16B	31.8	40.7	100	179	5.19e-22	89.7
WP_011933240.1	MER0015090|M16.975|M16B	25.0	45.1	86.7	196	7.41e-21	87.8
WP_011933240.1	MER0003543|M16.973|M16B	27.6	38.9	75.2	170	1.22e-19	84.3
WP_011933240.1	MER0026957|M16.977|M16B	27.8	38.9	77.5	169	1.09e-17	78.6
WP_011933240.1	MER0092828|M16.015|M16B	28.0	34.3	94.9	150	1.09e-15	71.2
WP_011933240.1	MER0011192|M16.A06|M16A	35.8	30.3	81.1	134	3.83e-14	67.0
WP_011933240.1	MER0004423|M16.A20|M16B	26.4	37.2	70.2	163	2.37e-12	63.2
WP_011933240.1	MER0011292|M16.A07|M16A	30.0	34.0	64.7	150	3.53e-12	62.8
WP_011933240.1	MER0002008|M16.004|M16B	26.5	36.8	67.8	166	5.50e-11	59.3
WP_011933240.1	MER0001220|M16.005|M16A	36.8	30.3	64.3	136	6.83e-11	58.5
WP_011933240.1	MER0003823|M16.A09|M16A	30.6	31.5	68.4	147	3.30e-10	56.6
WP_011933240.1	MER0011096|M16.A01|M16A	33.7	20.9	43.4	92	2.69e-09	53.9
WP_011933240.1	MER0011744|M16.A02|M16A	33.7	20.9	43.4	92	1.20e-08	52.0
WP_011933240.1	MER0001233|M16.A05|M16B	24.6	36.8	69.3	167	1.21e-08	52.4
WP_011933240.1	MER0015259|M16.017|M16A	30.6	27.6	57.1	121	1.62e-08	51.6
WP_011933240.1	MER0001222|M16.001|M16A	28.9	33.8	72.7	152	2.11e-08	51.2
WP_011933240.1	MER0122186|M16.A14|M16A	27.3	41.4	90.0	183	3.44e-08	50.4
WP_011933240.1	MER0170820|M16.022|M16A	32.2	26.2	55.5	115	3.77e-07	47.4
WP_011933240.1	MER0001218|M16.008|M16A	26.0	34.3	70.8	150	4.29e-07	47.4
WP_011933240.1	MER0014333|M16.A03|M16B	20.9	37.0	69.1	172	1.01e-06	46.6
WP_011933240.1	MER0002423|M16.A11|M16A	29.4	27.1	55.2	119	2.54e-06	45.1
WP_011933244.1	MER0001313|A08.001|A08	28.9	85.1	90.2	149	5.12e-14	63.2
WP_011933379.1	MER0003514|S41.010|S41A	66.7	37.3	99.4	168	4.03e-69	214
WP_011933379.1	MER0001297|S41.008|S41A	64.2	36.7	97.6	165	1.40e-66	207
WP_011933379.1	MER0003065|S41.009|S41A	57.6	36.7	97.6	165	3.60e-56	181
WP_011933379.1	MER0003413|S41.002|S41A	49.1	36.0	95.9	163	8.92e-49	161
WP_011933379.1	MER0005714|S41.A01|S41A	51.5	35.6	94.9	169	1.14e-48	161
WP_011933379.1	MER0015684|S41.A02|S41A	49.7	35.1	93.6	165	3.37e-43	147
WP_011933379.1	MER0001425|S41.004|S41A	43.8	36.0	96.0	169	2.28e-39	137
WP_011933379.1	MER0004196|S41.013|S41A	40.9	35.8	95.3	164	3.09e-34	123
WP_011933379.1	MER0004195|S41.007|S41A	38.2	36.4	97.1	165	5.67e-31	114
WP_011933379.1	MER0001295|S41.001|S41A	33.9	35.6	95.1	174	1.45e-23	94.4
WP_011933379.1	MER0195376|S41.012|S41A	27.2	26.9	80.3	147	9.48e-05	40.0
WP_011933440.1	MER0036064|S33.A16|S33	27.8	83.0	92.8	245	1.28e-20	85.9
WP_011933440.1	MER0036078|S33.A75|S33	28.0	80.6	87.8	239	2.32e-18	79.3
WP_011933440.1	MER0036053|S33.A01|S33	31.3	37.5	40.3	112	1.71e-11	60.1
WP_011933440.1	MER0036065|S33.A03|S33	22.6	79.9	98.8	265	1.19e-08	51.6
WP_011933440.1	MER0017033|S33.A15|S33	25.2	78.5	77.0	246	4.82e-08	50.1
WP_011933440.1	MER0017142|S33.994|S33	30.4	51.0	53.3	148	1.20e-07	48.5
WP_011933440.1	MER0035973|S33.A14|S33	22.4	88.5	86.8	263	1.48e-07	48.5
WP_011933440.1	MER0037236|S33.016|S33	29.2	37.2	42.1	113	1.75e-07	48.1
WP_011933440.1	MER0000432|S33.971|S33	26.9	34.0	31.8	108	7.34e-07	46.6
WP_011933440.1	MER0031616|S33.013|S33	30.4	37.2	35.0	112	9.20e-07	46.2
WP_011933440.1	MER0036059|S33.A79|S33	23.7	79.5	86.6	308	3.22e-06	44.7
WP_011933440.1	MER0017123|S33.972|S33	35.0	33.0	32.6	103	5.04e-06	43.9
WP_011933440.1	MER0031611|S33.977|S33	21.7	81.9	85.0	258	6.66e-06	43.5
WP_011933440.1	MER0036066|S33.A04|S33	26.3	79.9	99.6	255	7.20e-06	43.1
WP_011933440.1	MER0036115|S33.B18|S33	28.7	34.7	33.0	101	1.22e-05	42.7
WP_011933440.1	MER0011785|S33.009|S33	28.8	37.2	34.2	111	3.05e-05	41.6
WP_011933440.1	MER0037853|S33.984|S33	33.7	30.6	28.8	92	4.01e-05	41.2
WP_011933440.1	MER0031556|S09.A80|S09C	32.9	25.3	26.1	76	1.14e-04	39.7
WP_011933440.1	MER0031610|S33.976|S33	21.6	79.2	78.7	250	1.22e-04	39.7
WP_011933440.1	MER0004146|S33.995|S33	25.7	77.8	90.4	245	2.59e-04	38.5
WP_011933440.1	MER0031618|S33.979|S33	32.7	17.0	16.8	49	4.94e-04	37.7
WP_011933440.1	MER0003537|S33.005|S33	24.1	37.8	37.8	112	6.60e-04	37.4
WP_011933458.1	MER0001001|M01.005|M01	62.4	24.0	100	210	1.97e-87	274
WP_011933458.1	MER0005037|M01.029|M01	51.1	20.8	98.9	182	1.27e-62	206
WP_011933458.1	MER0040779|M01.035|M01	40.6	22.5	93.9	197	1.13e-41	148
WP_011933458.1	MER0002060|M01.011|M01	26.8	22.4	90.0	198	3.22e-23	95.9
WP_011933458.1	MER0019759|M01.A25|M01	30.7	22.7	86.2	202	4.34e-23	95.9
WP_011933458.1	MER0011183|M01.A24|M01	29.3	24.1	95.9	225	6.37e-23	95.1
WP_011933458.1	MER0011440|M01.A09|M01	27.3	21.9	88.2	194	8.26e-23	94.7
WP_011933458.1	MER0002003|M01.015|M01	29.5	23.2	93.2	207	2.12e-22	93.6
WP_011933458.1	MER0002078|M01.A28|M01	27.6	25.0	94.4	225	2.83e-22	93.6
WP_011933458.1	MER0011371|M01.A10|M01	29.8	22.4	95.2	198	5.33e-22	92.0
WP_011933458.1	MER0011438|M01.A08|M01	28.7	21.1	88.2	188	2.70e-21	90.1
WP_011933458.1	MER0001012|M01.003|M01	26.1	24.1	98.2	218	3.03e-21	90.1
WP_011933458.1	MER0002746|M01.010|M01	27.5	22.9	86.3	204	2.74e-20	87.8
WP_011933458.1	MER0001701|M01.008|M01	27.1	25.4	100	225	1.87e-19	85.1
WP_011933458.1	MER0002355|M01.A19|M01	28.5	23.3	89.6	207	2.38e-19	84.7
WP_011933458.1	MER0011370|M01.A11|M01	28.9	20.9	88.1	187	3.46e-19	84.0
WP_011933458.1	MER0001010|M01.007|M01	27.2	22.7	97.1	206	4.39e-19	83.6
WP_011933458.1	MER0091680|M01.A31|M01	29.9	22.9	91.3	204	5.69e-19	83.6
WP_011933458.1	MER0004243|M01.016|M01	31.3	21.5	88.0	195	1.36e-18	82.4
WP_011933458.1	MER0011369|M01.A12|M01	28.0	20.7	81.3	186	7.37e-18	80.5
WP_011933458.1	MER0015166|M01.A16|M01	29.9	20.9	83.9	194	8.14e-18	80.5
WP_011933458.1	MER0011423|M01.A02|M01	28.0	20.9	87.4	189	1.50e-17	79.3
WP_011933458.1	MER0002968|M01.024|M01	23.0	24.8	99.5	222	2.99e-17	78.6
WP_011933458.1	MER0006264|M01.A29|M01	28.8	20.6	98.9	184	3.44e-17	77.4
WP_011933458.1	MER0005331|M01.018|M01	27.6	22.4	93.4	199	8.58e-17	77.0
WP_011933495.1	MER0065588|C26.965|C26	36.2	92.5	98.0	199	1.08e-26	98.6
WP_011933499.1	MER0223899|S11.A01|S11	32.7	12.9	48.5	49	6.79e-04	35.8
WP_011933527.1	MER0059846|S33.A46|S33	34.6	48.2	48.8	191	8.27e-16	74.7
WP_011933542.1	MER0036053|S33.A01|S33	31.1	90.9	95.1	270	2.53e-25	98.6
WP_011933542.1	MER0036054|S33.A02|S33	30.7	92.3	93.8	277	7.20e-20	84.0
WP_011933542.1	MER0036065|S33.A03|S33	30.3	90.9	97.3	271	3.76e-19	81.6
WP_011933542.1	MER0036074|S33.A34|S33	25.7	94.4	72.6	307	2.39e-10	57.4
WP_011933542.1	MER0037236|S33.016|S33	37.1	30.2	33.0	89	1.20e-08	51.6
WP_011933542.1	MER0014065|S33.974|S33	33.0	37.2	31.4	106	1.60e-08	51.6
WP_011933542.1	MER0017177|S33.973|S33	33.3	33.7	29.1	96	6.80e-08	49.7
WP_011933542.1	MER0004146|S33.995|S33	25.9	92.3	92.3	270	5.57e-07	46.6
WP_011933542.1	MER0036050|S33.A17|S33	34.2	37.2	33.0	111	3.95e-05	41.2
WP_011933542.1	MER0044578|S33.A28|S33	32.3	31.6	26.1	99	2.33e-04	38.9
WP_011933542.1	MER0036078|S33.A75|S33	39.5	15.1	17.5	43	2.41e-04	38.5
WP_011933587.1	MER0005466|M41.021|M41	49.4	37.0	96.3	231	2.02e-68	219
WP_011933587.1	MER0002602|M41.009|M41	43.7	37.9	88.8	238	1.31e-59	197
WP_011933587.1	MER0017637|M41.024|M41	44.8	36.0	93.5	230	1.02e-56	189
WP_011933587.1	MER0002563|M41.020|M41	43.9	36.0	93.5	230	1.98e-56	188
WP_011933587.1	MER0011120|M41.A04|M41	43.3	38.6	93.2	247	9.88e-55	184
WP_011933587.1	MER0171760|M41.A12|M41	37.7	42.6	98.1	268	1.89e-52	178
WP_011933587.1	MER0005496|M41.007|M41	42.4	37.0	83.3	231	2.18e-52	178
WP_011933587.1	MER0001620|M41.001|M41	41.9	37.1	82.3	234	3.25e-52	178
WP_011933587.1	MER0023544|M41.A10|M41	43.9	36.8	81.1	230	3.60e-52	177
WP_011933587.1	MER0002408|M41.017|M41	41.0	37.1	93.9	234	1.56e-51	175
WP_011933587.1	MER0056525|M41.A17|M41	41.1	37.0	89.2	231	9.36e-51	173
WP_011933587.1	MER0015690|M41.A03|M41	41.7	38.6	93.2	247	1.01e-50	173
WP_011933587.1	MER0011224|M41.A09|M41	39.9	37.0	81.5	233	6.82e-49	169
WP_011933587.1	MER0002605|M41.003|M41	39.1	38.1	86.8	238	2.64e-48	167
WP_011933587.1	MER0015194|M41.A14|M41	43.1	36.8	84.2	232	3.67e-48	166
WP_011933587.1	MER0002600|M41.002|M41	40.3	37.0	87.5	231	7.58e-48	165
WP_011933587.1	MER0015195|M41.A15|M41	40.7	37.0	81.5	231	1.29e-47	165
WP_011933587.1	MER0015199|M41.015|M41	39.9	36.5	81.4	228	2.76e-47	164
WP_011933587.1	MER0011745|M41.005|M41	41.3	37.1	89.2	235	5.84e-47	163
WP_011933587.1	MER0011748|M41.022|M41	39.4	37.0	81.8	231	3.25e-46	161
WP_011933587.1	MER0015137|M41.025|M41	40.9	37.1	90.2	235	5.25e-46	160
WP_011933587.1	MER0015197|M41.013|M41	40.7	36.8	86.9	231	2.09e-45	159
WP_011933587.1	MER0015609|M41.023|M41	38.1	37.0	81.6	231	5.71e-45	158
WP_011933587.1	MER0004454|M41.006|M41	39.8	37.0	82.5	231	1.15e-44	157
WP_011933587.1	MER0024898|M41.A13|M41	39.5	36.3	80.7	228	7.87e-43	152
WP_011933661.1	MER0000474|S14.001|S14	42.8	87.0	84.5	194	6.44e-50	159
WP_011933661.1	MER0006046|S14.A02|S14	40.7	87.0	84.5	194	2.34e-47	152
WP_011933661.1	MER0005687|S14.A01|S14	39.3	92.8	92.4	214	4.72e-45	146
WP_011933661.1	MER0004857|S14.008|S14	45.2	84.3	81.2	188	2.37e-44	144
WP_011933661.1	MER0006063|S14.010|S14	43.2	89.2	86.5	199	3.88e-43	141
WP_011933661.1	MER0002211|S14.003|S14	40.3	85.7	83.1	191	1.50e-42	140
WP_011933661.1	MER0004847|S14.009|S14	42.4	85.2	82.7	191	4.35e-42	139
WP_011933661.1	MER0002299|S14.A04|S14	39.6	86.1	86.1	192	3.97e-38	128
WP_011933661.1	MER0004855|S14.A03|S14	35.4	87.4	84.2	195	1.09e-36	125
WP_011933661.1	MER0006056|S14.011|S14	36.6	87.0	82.5	194	2.18e-33	116
WP_011933661.1	MER0004182|S14.006|S14	29.0	86.5	85.7	193	2.12e-27	100
WP_011933661.1	MER0006308|S14.002|S14	28.6	91.9	92.9	206	2.52e-27	100
WP_011933661.1	MER0011666|S14.005|S14	35.8	70.4	79.4	159	3.22e-26	97.4
WP_011933662.1	MER0000474|S14.001|S14	60.3	92.0	88.4	184	1.40e-73	218
WP_011933662.1	MER0005687|S14.A01|S14	58.4	92.5	87.2	185	1.62e-68	205
WP_011933662.1	MER0006308|S14.002|S14	47.2	96.5	98.5	193	2.35e-62	189
WP_011933662.1	MER0002211|S14.003|S14	53.3	90.0	86.5	180	1.08e-60	185
WP_011933662.1	MER0004847|S14.009|S14	53.3	90.0	86.5	180	6.39e-60	183
WP_011933662.1	MER0004857|S14.008|S14	56.6	86.5	82.6	173	1.24e-59	182
WP_011933662.1	MER0002299|S14.A04|S14	53.1	89.5	88.6	179	4.17e-59	181
WP_011933662.1	MER0004855|S14.A03|S14	51.6	93.0	87.1	186	3.05e-58	179
WP_011933662.1	MER0006046|S14.A02|S14	48.9	90.0	86.5	180	1.32e-56	175
WP_011933662.1	MER0006063|S14.010|S14	50.9	86.5	82.7	173	1.78e-54	169
WP_011933662.1	MER0006056|S14.011|S14	49.7	82.5	77.3	165	1.87e-49	157
WP_011933662.1	MER0011666|S14.005|S14	43.6	82.0	87.3	165	1.36e-41	136
WP_011933662.1	MER0004182|S14.006|S14	40.2	87.0	85.2	174	2.85e-41	135
WP_011933662.1	MER0001369|S14.007|S14	38.9	36.0	55.0	72	1.93e-14	64.3
WP_011933701.1	MER0001186|M32.001|M32	37.5	97.6	98.4	514	2.03e-90	283
WP_011933701.1	MER0069021|M32.003|M32	31.7	92.4	94.8	483	2.14e-71	233
WP_011933701.1	MER0002064|M32.006|M32	31.1	93.5	99.4	483	9.18e-71	230
WP_011933701.1	MER0069024|M32.004|M32	31.8	93.1	95.6	490	8.43e-63	210
WP_011933701.1	MER0015184|M32.005|M32	32.4	97.5	99.0	510	2.56e-62	209
WP_011933701.1	MER0017390|M32.002|M32	29.5	95.1	96.8	492	2.26e-61	206
WP_011933730.1	MER0001243|M24.001|M24A	44.8	90.0	95.1	252	1.03e-71	218
WP_011933730.1	MER0015127|M24.A05|M24A	39.4	84.6	94.0	236	1.44e-56	179
WP_011933730.1	MER0005690|M24.A06|M24A	39.4	88.9	98.8	249	2.57e-54	173
WP_011933730.1	MER0015128|M24.A07|M24A	37.7	84.6	93.6	236	7.57e-51	164
WP_011933730.1	MER0013589|M24.A12|M24A	37.1	87.8	100	245	6.72e-50	162
WP_011933730.1	MER0013929|M24.028|M24A	34.4	88.5	96.8	247	5.53e-48	157
WP_011933730.1	MER0001342|M24.017|M24A	35.1	84.2	90.8	239	1.98e-47	156
WP_011933730.1	MER0013450|M24.036|M24A	35.3	88.5	97.6	252	6.41e-43	144
WP_011933730.1	MER0003880|M24.035|M24A	30.8	71.0	64.1	201	2.41e-20	85.5
WP_011933730.1	MER0004931|M24.008|M24B	25.9	72.0	83.4	205	1.88e-16	73.6
WP_011933730.1	MER0004532|M24.034|M24B	29.2	72.0	83.3	202	3.50e-16	72.8
WP_011933730.1	MER0005462|M24.031|M24B	25.6	87.8	95.2	250	9.25e-16	71.6
WP_011933730.1	MER0024896|M24.A13|M24A	29.4	46.6	27.9	136	3.36e-15	72.0
WP_011933730.1	MER0002038|M24.006|M24B	25.8	44.1	51.7	124	6.76e-09	52.0
WP_011933730.1	MER0001244|M24.004|M24B	23.4	87.5	93.5	273	2.98e-07	47.4
WP_011933755.1	MER0016191|S66.001|S66	33.2	90.5	98.0	301	2.38e-24	97.1
WP_011933755.1	MER0016172|S66.002|S66	31.4	89.8	93.4	296	2.72e-23	94.4
WP_011933785.1	MER0069741|M23.009|M23B	56.7	32.2	59.3	104	5.89e-30	109
WP_011933785.1	MER0003380|M23.011|M23B	38.4	42.4	52.3	138	1.34e-18	80.5
WP_011933785.1	MER0003376|M23.005|M23B	43.0	26.6	55.4	93	1.75e-15	70.1
WP_011933785.1	MER0001419|M23.004|M23B	38.6	35.0	79.7	114	2.76e-15	68.9
WP_011933785.1	MER0013541|M23.014|M23B	47.2	26.6	96.6	89	6.71e-15	66.2
WP_011933785.1	MER0015415|M23.951|M23B	35.6	40.6	72.9	132	4.50e-14	66.2
WP_011933785.1	MER0003423|M23.012|M23B	36.8	35.0	79.7	114	4.82e-14	65.5
WP_011933785.1	MER0003906|M23.013|M23B	37.0	30.7	94.3	100	6.67e-13	61.2
WP_011933785.1	MER0387040|M23.A03|M23B	38.5	27.2	85.4	91	5.17e-11	55.8
WP_011933785.1	MER0066182|M23.A04|M23B	39.6	27.2	44.2	91	9.26e-11	57.4
WP_011933785.1	MER0388771|M23.A06|M23B	31.5	31.0	94.7	111	1.11e-04	38.1
WP_011933785.1	MER0025070|M23.010|M23B	31.5	31.0	91.5	111	1.19e-04	38.1
WP_011933793.1	MER0321345|S49.A08|S49B	45.3	63.3	93.5	172	8.24e-49	157
WP_011933793.1	MER0003812|S49.008|S49X	45.3	63.3	89.1	172	1.53e-48	156
WP_011933793.1	MER0001299|S49.001|S49A	37.0	74.1	34.4	200	5.02e-30	115
WP_011933793.1	MER0011114|S49.004|S49B	35.4	70.4	51.2	192	2.00e-26	103
WP_011933793.1	MER0044046|S49.006|S49B	39.1	59.6	85.9	161	9.49e-25	94.7
WP_011933793.1	MER0013957|S49.007|S49B	33.7	61.5	87.8	166	4.03e-23	90.5
WP_011933793.1	MER0001300|S49.002|S49B	31.1	59.3	84.9	161	4.51e-13	63.2
WP_011933793.1	MER0001303|S49.003|S49B	31.7	59.3	81.4	161	8.77e-12	59.7
WP_011933803.1	MER0004474|M50.003|M50B	36.7	99.2	78.2	362	8.80e-58	189
WP_011933803.1	MER0004471|M50.A10|M50B	35.5	99.2	76.9	361	9.18e-55	181
WP_011933803.1	MER0004468|M50.011|M50B	26.2	88.7	92.1	401	1.22e-30	117
WP_011933803.1	MER0004480|M50.004|M50B	33.0	85.4	99.7	336	1.45e-30	115
WP_011933803.1	MER0897124|M50.A11|M50A	27.2	88.7	92.1	401	1.68e-30	117
WP_011933803.1	MER0004469|M50.005|M50B	26.1	86.2	84.9	357	2.54e-12	64.3
WP_011933847.1	MER0001238|M17.A03|M17	43.5	97.0	99.8	494	3.60e-125	371
WP_011933847.1	MER0002271|M17.002|M17	44.9	95.9	99.4	492	9.26e-125	370
WP_011933847.1	MER0004597|M17.A01|M17	53.2	71.2	99.4	355	1.80e-117	346
WP_011933847.1	MER0004598|M17.A02|M17	52.5	67.5	94.9	337	2.88e-113	335
WP_011933847.1	MER0024892|M17.008|M17	48.6	64.7	78.8	321	4.93e-89	275
WP_011933847.1	MER0041673|M17.013|M17	37.0	93.9	98.1	476	8.77e-80	253
WP_011933847.1	MER0001236|M17.003|M17	40.2	74.8	75.8	381	2.50e-78	250
WP_011933847.1	MER0035089|M17.010|M17	44.2	63.1	88.3	312	2.18e-75	238
WP_011933847.1	MER0003825|M17.016|M17	37.6	75.1	86.5	388	8.26e-69	224
WP_011933847.1	MER0001235|M17.001|M17	39.6	77.3	77.4	389	1.46e-65	216
WP_011933847.1	MER0002497|M17.004|M17	39.9	63.9	74.9	331	2.59e-58	196
WP_011933847.1	MER0026959|M17.950|M17	41.0	54.8	100	278	4.23e-53	177
WP_011933847.1	MER0014397|M17.015|M17	35.3	63.7	88.7	317	7.41e-53	179
WP_011933847.1	MER0003919|M17.005|M17	35.3	75.5	97.6	377	3.41e-51	175
WP_011933847.1	MER0001910|M17.009|M17	34.2	74.8	79.1	392	4.33e-50	175
WP_011933847.1	MER0105906|M17.014|M17	34.4	61.7	66.3	314	5.33e-40	147
WP_011933847.1	MER0013416|M17.006|M17	32.1	75.3	96.3	380	1.92e-37	138
WP_011933847.1	MER0001240|M17.A05|M17	33.0	59.6	61.3	303	2.51e-33	129
WP_011933847.1	MER0011357|M17.A04|M17	29.6	65.1	60.3	328	7.92e-32	125
WP_011933847.1	MER0081108|M17.012|M17	29.8	45.4	52.9	262	9.80e-21	91.7
WP_011933847.1	MER0079520|M17.011|M17	31.6	37.3	36.4	193	4.76e-18	83.6
WP_011934030.1	MER0015682|S09.074|S09C	48.4	41.4	86.9	273	2.40e-77	246
WP_011934030.1	MER0126485|S09.072|S09X	50.0	34.4	94.1	222	6.12e-63	205
WP_011934030.1	MER0140224|S09.B03|S09X	43.2	34.0	94.1	227	1.56e-52	177
WP_011934030.1	MER0003558|S09.A83|S09C	39.1	39.1	98.1	258	5.65e-50	171
WP_011934030.1	MER0018170|S09.057|S09C	39.1	34.0	91.3	230	4.24e-47	163
WP_011934030.1	MER0001920|S09.A77|S09C	33.9	34.3	92.3	227	2.52e-28	110
WP_011934030.1	MER0005807|S09.070|S09C	26.6	39.7	93.5	263	3.20e-12	64.3
WP_011934030.1	MER0017401|S09.071|S09C	24.5	33.3	89.5	216	3.70e-12	63.5
WP_011934030.1	MER0000408|S09.004|S09C	24.9	32.7	86.1	221	1.07e-11	62.4
WP_011934030.1	MER0000401|S09.003|S09B	23.9	37.5	92.4	251	6.21e-06	45.1
WP_011934030.1	MER0000399|S09.007|S09B	25.0	33.3	83.1	224	8.14e-06	44.7
WP_011934030.1	MER0000263|S09.012|S09C	35.0	12.0	33.2	80	5.44e-05	42.0
WP_011934075.1	MER0003290|S01.482|S01C	64.3	39.5	100	157	2.27e-63	197
WP_011934075.1	MER0004673|S01.494|S01C	40.4	63.3	97.4	272	3.08e-50	167
WP_011934075.1	MER0000268|S01.480|S01C	54.4	39.5	100	158	1.12e-49	162
WP_011934075.1	MER0005468|S01.491|S01C	50.6	39.5	100	158	3.55e-49	160
WP_011934075.1	MER0004111|S01.442|S01C	50.0	39.5	100	158	2.96e-46	153
WP_011934075.1	MER0002577|S01.277|S01C	47.4	39.5	100	156	3.75e-42	142
WP_011934075.1	MER0028330|S01.329|S01C	47.4	39.5	100	156	7.38e-42	141
WP_011934075.1	MER0000266|S01.273|S01C	48.8	39.5	100	160	8.08e-42	141
WP_011934075.1	MER0003850|S01.500|S01C	45.1	43.5	97.2	175	1.05e-41	142
WP_011934075.1	MER0001372|S01.274|S01C	48.4	39.5	100	159	2.23e-41	140
WP_011934075.1	MER0013623|S01.453|S01C	48.1	39.5	100	158	2.86e-41	140
WP_011934075.1	MER0004093|S01.278|S01C	45.5	39.5	100	156	8.39e-40	136
WP_011934075.1	MER0004086|S01.B81|S01C	47.5	39.2	100	162	1.10e-39	136
WP_011934075.1	MER0001945|S01.472|S01C	45.9	39.5	100	159	1.97e-39	135
WP_011934075.1	MER0016351|S01.285|S01C	44.9	39.5	100	156	6.35e-39	134
WP_011934075.1	MER0001373|S01.275|S01C	45.7	39.5	100	162	1.03e-38	133
WP_011934075.1	MER0014795|S01.284|S01C	45.1	39.5	100	162	2.92e-38	132
WP_011934075.1	MER0006096|S01.A08|S01C	52.3	33.4	100	132	4.87e-38	130
WP_011934075.1	MER0011375|S01.476|S01C	43.7	39.5	100	158	3.71e-37	129
WP_011934075.1	MER0022668|S01.447|S01C	43.3	39.5	100	171	2.33e-36	127
WP_011934075.1	MER0004149|S01.525|S01C	45.5	39.5	100	165	9.88e-36	125
WP_011934075.1	MER0003293|S01.477|S01C	47.1	38.7	100	153	1.80e-35	124
WP_011934075.1	MER0016031|S01.364|S01C	42.2	39.5	100	166	1.62e-33	120
WP_011934075.1	MER0005093|S01.441|S01C	42.9	39.2	100	168	8.89e-31	112
WP_011934075.1	MER0010944|S01.474|S01C	40.2	39.5	100	174	1.42e-30	112
WP_011934134.1	MER0014135|S16.A04|S16	52.5	51.3	88.6	240	2.62e-72	226
WP_011934149.1	MER0036065|S33.A03|S33	35.6	82.2	98.8	267	2.43e-49	162
WP_011934149.1	MER0036053|S33.A01|S33	34.2	83.5	98.5	275	1.21e-39	137
WP_011934149.1	MER0036054|S33.A02|S33	31.7	82.2	93.8	278	2.08e-34	124
WP_011934149.1	MER0036074|S33.A34|S33	24.9	83.2	71.9	293	3.93e-14	69.3
WP_011934149.1	MER0011785|S33.009|S33	27.3	37.1	34.5	121	4.76e-10	56.6
WP_011934149.1	MER0031617|S33.978|S33	23.9	86.6	92.3	284	5.18e-10	56.2
WP_011934149.1	MER0014065|S33.974|S33	31.4	32.7	28.7	105	1.58e-08	52.0
WP_011934149.1	MER0011509|S33.A84|S33	22.8	86.9	88.3	294	1.53e-07	48.9
WP_011934149.1	MER0017177|S33.973|S33	29.5	37.4	33.4	122	1.57e-07	48.9
WP_011934149.1	MER0036075|S33.A73|S33	32.9	21.8	22.5	76	1.62e-05	42.7
WP_011934149.1	MER0044633|S33.A26|S33	28.0	34.6	30.4	118	2.21e-05	42.4
WP_011934149.1	MER0017123|S33.972|S33	45.2	12.8	14.1	42	3.44e-04	38.5
WP_011934149.1	MER0210990|S33.A66|S33	24.6	34.6	34.9	130	8.83e-04	37.4
WP_011934192.1	MER0033184|M38.979|M38	34.0	78.4	83.7	312	3.85e-40	143
WP_011934192.1	MER0066192|M38.983|M38	34.1	70.3	78.3	276	6.69e-37	134
WP_011934207.1	MER0001920|S09.A77|S09C	44.3	33.3	93.5	230	8.51e-68	219
WP_011934207.1	MER0005807|S09.070|S09C	35.0	35.2	83.6	237	1.45e-34	129
WP_011934207.1	MER0018170|S09.057|S09C	32.3	33.6	90.9	232	1.71e-28	111
WP_011934207.1	MER0140224|S09.B03|S09X	32.1	31.1	89.9	215	1.24e-26	105
WP_011934207.1	MER0034615|S09.075|S09C	29.9	33.4	94.7	241	1.08e-24	100
WP_011934207.1	MER0000408|S09.004|S09C	32.9	31.2	85.7	219	1.66e-24	100
WP_011934207.1	MER0003558|S09.A83|S09C	31.3	30.5	78.8	217	6.65e-24	98.6
WP_011934207.1	MER0015682|S09.074|S09C	33.0	30.9	66.3	209	3.19e-22	94.7
WP_011934207.1	MER0011583|S09.079|S09D	33.8	32.5	89.2	225	1.72e-21	91.3
WP_011934207.1	MER0126485|S09.072|S09X	28.8	33.9	95.3	240	4.27e-19	84.0
WP_011934207.1	MER0016096|S09.056|S09C	26.1	31.9	91.0	226	3.07e-18	81.6
WP_011934207.1	MER0011413|S09.016|S09B	33.9	30.5	86.6	218	4.26e-17	78.2
WP_011934207.1	MER0005994|S09.A03|S09B	28.6	35.5	91.6	255	1.15e-16	77.4
WP_011934207.1	MER0017401|S09.071|S09C	30.3	30.3	84.9	208	2.16e-15	73.2
WP_011934207.1	MER0000399|S09.007|S09B	31.2	30.3	77.8	215	1.01e-14	71.6
WP_011934207.1	MER0058228|S09.009|S09B	29.0	30.2	83.9	214	2.06e-13	67.4
WP_011934207.1	MER0004923|S09.019|S09B	28.4	35.5	83.1	257	7.17e-12	63.5
WP_011934207.1	MER0004925|S09.021|S09D	30.0	29.6	72.1	213	1.29e-11	62.4
WP_011934207.1	MER0013484|S09.018|S09B	28.4	30.9	87.9	232	4.27e-11	60.5
WP_011934207.1	MER0014827|S09.021|S09D	27.2	32.4	79.4	232	5.63e-11	60.5
WP_011934207.1	MER0004193|S09.A74|S09B	27.1	30.5	86.1	221	6.05e-10	57.0
WP_011934207.1	MER0195666|S09.073|S09B	25.4	34.3	97.1	236	8.44e-10	56.6
WP_011934207.1	MER0192427|S09.A96|S09C	26.6	30.2	71.7	214	9.30e-10	57.0
WP_011934207.1	MER0004199|S09.A76|S09B	24.5	30.5	89.7	212	9.33e-10	56.2
WP_011934207.1	MER0006027|S09.A66|S09C	26.0	30.6	82.1	215	1.83e-09	55.8
WP_011934216.1	MER0043394|C26.955|C26	62.0	80.7	98.8	163	2.01e-71	211
WP_011934216.1	MER0045094|C26.959|C26	45.8	94.6	76.8	192	3.30e-60	185
WP_011934216.1	MER0044622|C26.A25|C26	43.8	94.6	72.8	192	1.26e-55	174
WP_011934216.1	MER0044882|C26.A09|C26	44.9	84.7	96.7	176	1.70e-49	156
WP_011934216.1	MER0043392|C26.960|C26	46.6	72.3	84.0	146	1.84e-40	132
WP_011934216.1	MER0045095|C26.958|C26	31.3	94.6	77.9	208	6.89e-26	97.8
WP_011934216.1	MER0044619|C26.A26|C26	32.2	99.5	82.3	202	4.49e-23	89.7
WP_011934216.1	MER0044812|C26.A04|C26	34.1	66.8	53.7	138	1.51e-18	77.8
WP_011934216.1	MER0043537|C26.A31|C26	28.2	94.6	96.3	195	3.06e-17	73.2
WP_011934216.1	MER0043195|C26.A30|C26	29.7	93.6	79.6	202	6.06e-17	73.6
WP_011934216.1	MER0115185|C26.954|C26	34.6	64.9	88.1	133	1.73e-16	70.1
WP_011934216.1	MER0045945|C26.963|C26	35.0	66.8	58.3	137	4.06e-16	70.9
WP_011934216.1	MER0043540|C26.A33|C26	28.7	63.4	53.5	129	1.77e-08	49.7
WP_011934216.1	MER0060647|C26.952|C26	30.2	66.3	37.3	139	2.71e-08	49.7
WP_011934216.1	MER0044889|C26.A21|C26	27.8	56.9	46.3	115	8.35e-06	42.0
WP_011934216.1	MER0046161|C26.956|C26	26.7	63.9	45.6	135	1.67e-05	41.2
WP_011934216.1	MER0436691|C26.A27|C26	26.0	62.9	48.6	131	2.88e-05	40.4
WP_011934270.1	MER0011830|T05.002|T05	40.7	50.0	100	221	9.36e-41	141
WP_011934270.1	MER0011829|T05.001|T05	35.1	50.0	99.1	239	1.75e-27	106
WP_011934312.1	MER0167725|M100.001|M100	33.3	85.7	33.2	162	7.48e-10	53.9
WP_011934335.1	MER0005196|S09.017|S09B	29.5	35.4	42.0	105	8.13e-04	36.6
WP_011934346.1	MER0437468|C26.A36|C26	41.3	61.5	99.7	349	2.14e-82	258
WP_011934346.1	MER0065554|C26.964|C26	44.5	46.6	97.4	263	1.28e-79	248
WP_011934346.1	MER0436717|C26.A29|C26	31.0	61.9	100	400	1.08e-53	184
WP_011934348.1	MER0069741|M23.009|M23B	41.6	51.8	58.1	101	8.68e-20	79.3
WP_011934348.1	MER0015415|M23.951|M23B	36.2	52.3	61.8	105	3.80e-15	67.0
WP_011934348.1	MER0003380|M23.011|M23B	40.0	43.6	35.3	85	6.03e-15	67.8
WP_011934348.1	MER0387040|M23.A03|M23B	36.4	44.6	85.4	88	3.64e-13	60.1
WP_011934348.1	MER0013541|M23.014|M23B	37.6	43.6	96.6	85	1.35e-12	58.2
WP_011934348.1	MER0066182|M23.A04|M23B	34.7	50.3	50.8	101	1.64e-12	60.5
WP_011934348.1	MER0025070|M23.010|M23B	29.2	53.3	95.8	113	3.08e-05	38.9
WP_011934348.1	MER0388771|M23.A06|M23B	28.6	52.8	98.2	112	1.40e-04	37.0
WP_041428306.1	MER0011806|C44.A03|C44	41.4	44.1	91.1	222	6.81e-47	160
WP_041428306.1	MER0011781|C44.A02|C44	40.3	44.1	90.7	221	3.61e-46	158
WP_041428306.1	MER0004101|C44.A01|C44	41.0	44.1	91.1	222	1.37e-45	156
WP_041428306.1	MER0003314|C44.001|C44	41.5	44.1	92.1	246	2.30e-41	146
WP_041428306.1	MER0003327|C44.971|C44	30.7	36.9	77.4	189	9.03e-14	67.8
WP_041428312.1	MER0045886|C26.957|C26	44.0	42.4	94.5	225	2.12e-60	196
WP_041428312.1	MER0044889|C26.A21|C26	42.0	43.8	95.0	231	3.42e-55	182
WP_041428312.1	MER0042974|C26.A07|C26	41.9	35.0	97.9	191	1.19e-45	155
WP_041428312.1	MER0043387|C26.950|C26	41.6	33.7	100	178	1.01e-38	136
WP_041428312.1	MER0436735|C26.A34|C26	30.8	42.4	98.9	260	7.72e-38	137
WP_041428312.1	MER0038086|C26.962|C26	36.9	40.0	88.9	225	2.19e-37	135
WP_041428312.1	MER0043537|C26.A31|C26	35.8	35.4	98.4	187	1.63e-32	120
WP_041428312.1	MER0044882|C26.A09|C26	28.0	30.1	91.2	168	7.18e-14	67.0
WP_041428312.1	MER0044622|C26.A25|C26	28.6	28.4	59.1	154	3.30e-13	66.6
WP_041428312.1	MER0043394|C26.955|C26	30.7	28.6	92.7	153	7.85e-13	63.5
WP_041428312.1	MER0044812|C26.A04|C26	26.4	31.6	66.0	174	4.25e-06	45.1
WP_041428312.1	MER0044619|C26.A26|C26	20.7	26.1	57.8	140	3.10e-05	42.4
WP_041428365.1	MER0001297|S41.008|S41A	51.5	38.0	97.6	165	5.71e-50	164
WP_041428365.1	MER0003413|S41.002|S41A	52.4	38.5	98.2	168	3.96e-46	154
WP_041428365.1	MER0003514|S41.010|S41A	48.1	36.4	93.5	158	1.06e-45	153
WP_041428365.1	MER0005714|S41.A01|S41A	48.2	36.2	93.3	166	1.29e-40	140
WP_041428365.1	MER0003065|S41.009|S41A	45.7	37.3	95.9	162	7.69e-39	135
WP_041428365.1	MER0001425|S41.004|S41A	43.0	38.2	98.3	172	1.36e-36	129
WP_041428365.1	MER0015684|S41.A02|S41A	42.2	36.6	94.2	161	8.89e-36	127
WP_041428365.1	MER0004196|S41.013|S41A	38.5	38.0	97.7	169	1.77e-30	112
WP_041428365.1	MER0004195|S41.007|S41A	35.1	38.5	98.8	168	1.61e-27	104
WP_041428365.1	MER0001295|S41.001|S41A	32.6	37.1	95.6	175	3.34e-23	93.2
WP_041428365.1	MER0195376|S41.012|S41A	30.1	27.6	79.8	146	1.23e-07	48.5
WP_041428764.1	MER0107804|C82.A02|C82A	26.7	91.3	100	135	2.62e-07	43.5
WP_041428764.1	MER0107808|C82.A03|C82A	29.2	91.3	100	137	1.39e-05	38.9
WP_041428764.1	MER0107820|C82.A05|C82A	24.4	91.3	100	135	6.86e-04	34.3
WP_041428773.1	MER0004466|M50.006|M50B	36.2	46.4	62.9	196	4.89e-21	89.4
WP_041428773.1	MER0002454|M50.002|M50B	30.7	46.9	58.3	199	2.89e-07	48.5
WP_041428945.1	MER0003290|S01.482|S01C	60.1	41.8	100	158	3.78e-56	178
WP_041428945.1	MER0000268|S01.480|S01C	48.4	41.8	100	159	6.72e-46	151
WP_041428945.1	MER0004673|S01.494|S01C	37.8	66.2	92.3	270	1.39e-44	152
WP_041428945.1	MER0004111|S01.442|S01C	46.2	41.8	100	158	1.35e-41	140
WP_041428945.1	MER0005468|S01.491|S01C	46.8	41.8	100	158	1.48e-41	140
WP_041428945.1	MER0013623|S01.453|S01C	44.9	41.8	100	158	3.78e-40	136
WP_041428945.1	MER0000266|S01.273|S01C	47.5	41.8	100	160	1.60e-39	135
WP_041428945.1	MER0028330|S01.329|S01C	46.8	41.8	100	156	1.12e-38	132
WP_041428945.1	MER0002577|S01.277|S01C	45.5	41.8	100	156	6.06e-38	130
WP_041428945.1	MER0004093|S01.278|S01C	45.5	41.8	100	156	8.50e-38	130
WP_041428945.1	MER0003850|S01.500|S01C	39.2	46.4	97.7	176	2.33e-37	130
WP_041428945.1	MER0016351|S01.285|S01C	43.6	41.8	100	156	2.48e-36	126
WP_041428945.1	MER0001372|S01.274|S01C	45.0	41.8	100	160	3.79e-36	126
WP_041428945.1	MER0014795|S01.284|S01C	43.8	41.8	100	162	1.14e-35	125
WP_041428945.1	MER0001945|S01.472|S01C	45.6	41.8	100	160	1.59e-35	124
WP_041428945.1	MER0004086|S01.B81|S01C	42.0	41.6	100	162	2.43e-35	124
WP_041428945.1	MER0011375|S01.476|S01C	44.3	41.8	100	158	2.83e-34	121
WP_041428945.1	MER0004149|S01.525|S01C	46.1	41.8	100	165	7.17e-34	120
WP_041428945.1	MER0006096|S01.A08|S01C	47.7	35.4	100	132	4.16e-33	117
WP_041428945.1	MER0016031|S01.364|S01C	41.0	41.8	100	166	4.32e-32	115
WP_041428945.1	MER0001373|S01.275|S01C	39.5	41.8	100	162	1.83e-31	114
WP_041428945.1	MER0022668|S01.447|S01C	39.8	41.8	100	171	3.67e-31	113
WP_041428945.1	MER0003293|S01.477|S01C	41.2	41.0	100	153	1.10e-28	106
WP_041428945.1	MER0010944|S01.474|S01C	37.7	41.8	100	175	7.50e-28	104
WP_041428945.1	MER0005093|S01.441|S01C	39.6	41.6	100	169	1.77e-26	100
WP_050815889.1	MER0066189|S09.946|S09C	28.2	91.3	98.3	245	1.94e-26	100
WP_050815905.1	MER0018254|I11.001|I11	30.0	82.8	96.5	150	6.12e-14	62.8
WP_050815905.1	MER0138267|I11.004|I11	34.1	72.2	93.0	132	4.99e-08	46.6
WP_050815905.1	MER0019950|I11.002|I11	38.3	26.1	31.5	47	2.48e-04	36.6
WP_050815905.1	MER0019949|I11.003|I11	29.0	74.4	82.2	138	9.04e-04	35.0
WP_083833646.1	MER0001097|M10.056|M10B	29.3	7.1	42.6	75	8.13e-04	38.1
WP_083833653.1	MER0001244|M24.004|M24B	48.2	59.1	99.2	274	2.96e-78	241
WP_083833653.1	MER0028601|M24.033|M24B	46.4	41.8	71.1	196	2.28e-51	172
WP_083833653.1	MER0013463|M24.026|M24B	35.1	59.5	100	276	1.15e-48	164
WP_083833653.1	MER0001733|M24.A09|M24B	33.8	52.4	90.8	266	1.23e-36	133
WP_083833653.1	MER0001248|M24.007|M24B	35.0	44.0	91.3	234	4.69e-35	128
WP_083833653.1	MER0004931|M24.008|M24B	30.9	53.7	92.6	249	2.03e-28	109
WP_083833653.1	MER0005462|M24.031|M24B	29.9	54.1	93.4	251	9.36e-27	104
WP_083833653.1	MER0004532|M24.034|M24B	31.7	53.7	92.5	249	1.99e-24	98.2
WP_083833653.1	MER0002038|M24.006|M24B	30.0	47.2	86.5	220	7.33e-24	96.7
WP_083833653.1	MER0005715|M24.A11|M24B	28.6	52.4	89.4	245	1.68e-17	78.6
WP_083833653.1	MER0001250|M24.003|M24B	28.1	52.4	92.3	274	2.25e-16	76.3
WP_083833653.1	MER0001243|M24.001|M24A	26.5	45.5	75.8	223	8.65e-10	56.2
WP_083833653.1	MER0005690|M24.A06|M24A	26.5	29.7	58.5	147	1.06e-08	52.8
WP_083833653.1	MER0015127|M24.A05|M24A	26.7	27.2	50.4	131	1.48e-07	49.3
WP_083833653.1	MER0027437|M24.038|M24B	28.4	36.4	59.6	176	8.97e-07	47.0
WP_083833653.1	MER0015128|M24.A07|M24A	24.4	27.2	51.6	131	3.71e-06	45.1
