Gene id,baseMean,baseMeanA,baseMeanB,foldChange,log2FoldChange,pval,padj
A9601_00011,11.77,12.93,10.61,0.82,-0.29,0.4,0.65
A9601_00021,59.53,59.99,59.07,0.98,-0.02,0.86,0.97
A9601_00041,44.53,48.65,40.4,0.83,-0.27,0.17,0.36
A9601_00051,4.36,5,3.72,0.74,-0.43,0.43,0.67
A9601_00061,9.47,11.48,7.46,0.65,-0.62,0.09,0.24
A9601_00071,186.34,225.59,147.08,0.65,-0.62,0,0
A9601_00121,171.56,171.94,171.19,1,-0.01,0.89,0.99
A9601_00131,16.97,10.73,23.21,2.16,1.11,0,0
A9601_00141,27.04,24.08,29.99,1.25,0.32,0.11,0.27
A9601_00171,2.28,1.75,2.81,1.61,0.69,0.46,0.7
A9601_00181,13.99,14.26,13.73,0.96,-0.05,0.95,1
A9601_00191,42.26,44.48,40.04,0.9,-0.15,0.39,0.64
A9601_00241,104.45,98.11,110.8,1.13,0.18,0.29,0.53
A9601_00281,7.04,4.92,9.16,1.86,0.9,0.01,0.06
A9601_00291,3.33,3.4,3.25,0.96,-0.06,0.77,0.93
A9601_00301,8.32,10.03,6.6,0.66,-0.6,0.1,0.25
A9601_00311,7.76,10.56,4.96,0.47,-1.09,0.02,0.06
A9601_00321,15.91,18.31,13.52,0.74,-0.44,0.12,0.29
A9601_00331,36.95,36.85,37.05,1.01,0.01,0.76,0.92
A9601_00371,12.2,10.58,13.82,1.31,0.39,0.18,0.38
A9601_00381,3.94,3.91,3.97,1.02,0.02,0.95,1
A9601_00391,14.47,16.52,12.42,0.75,-0.41,0.12,0.29
A9601_00401,0.18,0,0.36,Inf,Inf,0.52,0.74
A9601_00411,20.78,15.93,25.63,1.61,0.69,0,0.01
A9601_00421,20.76,21.98,19.54,0.89,-0.17,0.42,0.67
A9601_00431,25.38,16.2,34.56,2.13,1.09,0,0
A9601_00441,90.99,70.6,111.37,1.58,0.66,0,0
A9601_00521,21.15,21.19,21.12,1,0,0.93,1
A9601_00531,32.81,41.39,24.22,0.59,-0.77,0,0.01
A9601_00541,5.3,7.14,3.45,0.48,-1.05,0.04,0.12
A9601_00551,13.63,17.32,9.94,0.57,-0.8,0,0.02
A9601_00561,5.83,5.27,6.39,1.21,0.28,0.51,0.73
A9601_00571,1.64,1.18,2.1,1.77,0.82,0.28,0.52
A9601_00581,0.59,0.52,0.66,1.27,0.34,1,1
A9601_00591,0.54,0.29,0.79,2.72,1.44,0.62,0.82
A9601_00601,107.15,127.72,86.57,0.68,-0.56,0,0
A9601_00611,131.73,185.1,78.35,0.42,-1.24,0,0
A9601_00631,0.06,0.12,0,0,#NAME?,1,1
A9601_00641,6.89,6.82,6.95,1.02,0.03,0.93,1
A9601_00651,6.61,8.21,5.01,0.61,-0.71,0.04,0.13
A9601_00661,17.26,22.68,11.85,0.52,-0.94,0,0
A9601_00671,54.19,56.99,51.39,0.9,-0.15,0.41,0.65
A9601_00681,48.73,52.55,44.9,0.85,-0.23,0.17,0.37
A9601_00701,32.97,32.73,33.21,1.01,0.02,0.89,0.99
A9601_00711,16.42,14.57,18.26,1.25,0.33,0.19,0.39
A9601_00731,10.25,10.88,9.62,0.88,-0.18,0.88,0.98
A9601_00741,45.13,51.96,38.31,0.74,-0.44,0.01,0.03
A9601_00751,283,271.71,294.28,1.08,0.12,0.4,0.65
A9601_00761,6.87,7.06,6.69,0.95,-0.08,0.97,1
A9601_00771,32.64,25.81,39.47,1.53,0.61,0,0.01
A9601_00781,5.67,4.47,6.87,1.54,0.62,0.28,0.52
A9601_00821,23.61,22.88,24.34,1.06,0.09,0.96,1
A9601_00831,14.45,9.94,18.96,1.91,0.93,0,0.02
A9601_00851,103.85,87.69,120,1.37,0.45,0,0
A9601_00861,1.22,1.17,1.28,1.09,0.13,1,1
A9601_00871,153.91,142.53,165.29,1.16,0.21,0.09,0.24
A9601_00881,4.29,3.93,4.65,1.18,0.24,0.95,1
A9601_00911,4.23,4.67,3.8,0.81,-0.3,0.53,0.75
A9601_00921,22.37,27.94,16.8,0.6,-0.73,0,0.01
A9601_00931,7.2,6.86,7.55,1.1,0.14,0.71,0.89
A9601_00951,8.82,8.57,9.07,1.06,0.08,0.93,1
A9601_00981,23.8,22.89,24.71,1.08,0.11,0.67,0.85
A9601_00991,12.97,9.44,16.5,1.75,0.81,0.02,0.08
A9601_01001,58.12,42.66,73.58,1.72,0.79,0,0
A9601_01011,40.14,40.12,40.17,1,0,1,1
A9601_01021,16.01,18.41,13.62,0.74,-0.43,0.26,0.49
A9601_01031,2.84,3.59,2.1,0.58,-0.78,0.36,0.61
A9601_01041,11.73,10.19,13.27,1.3,0.38,0.31,0.55
A9601_01051,2.38,4.25,0.52,0.12,-3.03,0,0
A9601_01061,14.85,16,13.7,0.86,-0.22,0.3,0.54
A9601_01071,59.88,66.79,52.98,0.79,-0.33,0.04,0.12
A9601_01081,48.13,55.47,40.8,0.74,-0.44,0.01,0.05
A9601_01091,17.95,21.37,14.53,0.68,-0.56,0.13,0.3
A9601_01101,25.83,29.5,22.16,0.75,-0.41,0.03,0.1
A9601_01121,12.98,11.5,14.45,1.26,0.33,0.42,0.67
A9601_01131,10.6,7.93,13.26,1.67,0.74,0.02,0.07
A9601_01141,24.58,21.33,27.82,1.3,0.38,0.13,0.3
A9601_01151,10.77,8.65,12.9,1.49,0.58,0.1,0.26
A9601_01171,35.95,37.6,34.29,0.91,-0.13,0.4,0.65
A9601_01181,35.69,34.88,36.5,1.05,0.07,0.74,0.91
A9601_01191,1.66,1.63,1.69,1.04,0.05,1,1
A9601_01201,6.74,7.49,5.99,0.8,-0.32,0.65,0.84
A9601_01211,7.41,5.71,9.11,1.59,0.67,0.47,0.7
A9601_01221,10.54,7.47,13.61,1.82,0.87,0.02,0.07
A9601_01231,204.18,183.13,225.24,1.23,0.3,0.01,0.06
A9601_01251,1.96,1.57,2.35,1.49,0.58,0.7,0.88
A9601_01261,9.29,9.2,9.37,1.02,0.03,0.85,0.97
A9601_01271,9.1,6.92,11.28,1.63,0.71,0.11,0.26
A9601_01281,1.88,1.96,1.79,0.91,-0.13,0.89,0.99
A9601_01291,1.58,1.76,1.39,0.79,-0.34,0.87,0.98
A9601_01321,11.15,9.61,12.69,1.32,0.4,0.17,0.36
A9601_01341,34.6,36.99,32.22,0.87,-0.2,0.48,0.71
A9601_01351,19.62,23.97,15.28,0.64,-0.65,0.01,0.06
A9601_01361,17.99,20.96,15.03,0.72,-0.48,0.05,0.16
A9601_01371,2.41,1.82,3,1.65,0.73,0.3,0.54
A9601_01381,18.51,9.83,27.19,2.77,1.47,0,0
A9601_01391,14.79,14.72,14.86,1.01,0.01,1,1
A9601_01401,7.56,8.19,6.92,0.84,-0.24,0.73,0.9
A9601_01411,17.07,17.62,16.52,0.94,-0.09,0.74,0.91
A9601_01421,14,16.05,11.95,0.74,-0.43,0.15,0.33
A9601_01431,17.57,20.57,14.57,0.71,-0.5,0.05,0.16
A9601_01441,8.16,11.11,5.21,0.47,-1.09,0,0.02
A9601_01491,20.68,17.7,23.66,1.34,0.42,0.06,0.16
A9601_01511,56.47,65.37,47.56,0.73,-0.46,0.01,0.05
A9601_01551,14.47,15.79,13.14,0.83,-0.26,0.35,0.6
A9601_01561,6.94,4.98,8.89,1.79,0.84,0.06,0.16
A9601_01581,9.82,9.39,10.24,1.09,0.12,0.98,1
A9601_01591,63.46,82.25,44.67,0.54,-0.88,0,0
A9601_01621,35.06,39.19,30.93,0.79,-0.34,0.03,0.11
A9601_01631,39.36,51,27.72,0.54,-0.88,0,0
A9601_01651,14.04,12.9,15.19,1.18,0.24,0.58,0.8
A9601_01671,288.61,312.34,264.88,0.85,-0.24,0.05,0.16
A9601_01681,24.43,24.11,24.74,1.03,0.04,0.75,0.91
A9601_01691,41.28,46.21,36.35,0.79,-0.35,0.15,0.34
A9601_01721,12.28,15.2,9.36,0.62,-0.7,0.05,0.14
A9601_01731,3.21,1.07,5.35,4.98,2.31,0.01,0.05
A9601_01801,1.28,1.91,0.66,0.34,-1.54,0.17,0.37
A9601_01871,14.53,15.33,13.74,0.9,-0.16,0.48,0.71
A9601_01881,7.8,7,8.61,1.23,0.3,0.64,0.84
A9601_01911,8.95,8.53,9.37,1.1,0.14,0.97,1
A9601_01991,3.03,1.86,4.2,2.25,1.17,0.09,0.24
A9601_02001,1.34,0.44,2.24,5.11,2.35,0.04,0.13
A9601_02031,17.46,19.8,15.11,0.76,-0.39,0.09,0.23
A9601_02041,6.12,6.99,5.24,0.75,-0.41,0.26,0.49
A9601_02081,1.78,1.27,2.28,1.8,0.85,0.38,0.63
A9601_02101,6.3,4.63,7.97,1.72,0.78,0.09,0.24
A9601_02141,12.31,12.77,11.86,0.93,-0.11,0.85,0.97
A9601_02161,8.17,6.8,9.55,1.41,0.49,0.24,0.46
A9601_02271,73.24,85.14,61.34,0.72,-0.47,0,0.02
A9601_02281,2.4,1.7,3.1,1.82,0.87,0.24,0.46
A9601_02291,120.29,140.35,100.24,0.71,-0.49,0,0.01
A9601_02301,13.07,14.68,11.45,0.78,-0.36,0.63,0.83
A9601_02311,64.67,69.32,60.02,0.87,-0.21,0.48,0.71
A9601_02321,0.81,1.15,0.47,0.41,-1.28,0.61,0.82
A9601_02331,408.1,473.36,342.84,0.72,-0.47,0,0.01
A9601_02341,0.36,0.15,0.58,4.02,2.01,0.58,0.79
A9601_02361,8.83,8.96,8.69,0.97,-0.04,0.95,1
A9601_02371,21.53,13.04,30.02,2.3,1.2,0,0
A9601_02391,36.42,41.28,31.55,0.76,-0.39,0.05,0.15
A9601_02401,613.5,503.91,723.09,1.43,0.52,0,0
A9601_02431,3.85,4.36,3.34,0.76,-0.39,0.54,0.76
A9601_02471,204.75,184.86,224.64,1.22,0.28,0.03,0.1
A9601_02511,7.01,5.06,8.97,1.77,0.83,0.04,0.13
A9601_02521,13.95,8.46,19.44,2.3,1.2,0,0
A9601_02531,11.04,7.04,15.04,2.14,1.1,0,0.01
A9601_02551,11.09,10.93,11.25,1.03,0.04,0.87,0.98
A9601_02581,1.15,0.75,1.55,2.05,1.04,0.6,0.81
A9601_02601,3.14,3.7,2.59,0.7,-0.51,0.37,0.61
A9601_02611,11.24,13.07,9.4,0.72,-0.48,0.37,0.61
A9601_02631,11.53,9.98,13.08,1.31,0.39,0.31,0.55
A9601_02641,4.58,4.23,4.93,1.16,0.22,0.72,0.9
A9601_02671,18.65,15.53,21.77,1.4,0.49,0.09,0.23
A9601_02691,22.19,21.91,22.47,1.03,0.04,1,1
A9601_02701,1.81,1.12,2.5,2.24,1.16,0.4,0.65
A9601_02711,2.69,2.34,3.04,1.3,0.38,0.64,0.84
A9601_02761,30.96,32.79,29.13,0.89,-0.17,0.35,0.59
A9601_02811,6.16,6.74,5.57,0.83,-0.28,0.65,0.84
A9601_02821,6.73,7.33,6.13,0.84,-0.26,0.47,0.7
A9601_02871,94.57,97.21,91.92,0.95,-0.08,0.46,0.7
A9601_02891,79.6,63.93,95.27,1.49,0.58,0,0
A9601_02901,267.12,240.49,293.75,1.22,0.29,0.01,0.05
A9601_02911,21.45,21.94,20.95,0.95,-0.07,0.93,1
A9601_02951,164.56,202.32,126.81,0.63,-0.67,0,0
A9601_02961,0.75,0.81,0.69,0.85,-0.24,0.77,0.93
A9601_02971,29.62,29.57,29.67,1,0,1,1
A9601_02991,4.07,5.23,2.9,0.55,-0.85,0.09,0.24
A9601_03001,4.81,5,4.62,0.93,-0.11,0.89,0.99
A9601_03011,9.47,9.74,9.19,0.94,-0.08,0.88,0.99
A9601_03021,9.88,7.21,12.54,1.74,0.8,0.03,0.09
A9601_03031,50.04,25.21,74.86,2.97,1.57,0,0
A9601_03061,5.6,5.99,5.2,0.87,-0.2,0.69,0.87
A9601_03091,8.6,7.66,9.54,1.24,0.32,0.46,0.7
A9601_03121,33.93,42,25.87,0.62,-0.7,0,0
A9601_03131,18.92,21.9,15.93,0.73,-0.46,0.07,0.19
A9601_03141,33.62,26.58,40.67,1.53,0.61,0,0.02
A9601_03191,61.76,65.25,58.27,0.89,-0.16,0.37,0.62
A9601_03241,52.14,51.64,52.64,1.02,0.03,0.99,1
A9601_03251,24.37,21.05,27.68,1.32,0.4,0.09,0.24
A9601_03261,10.59,11.17,10.01,0.9,-0.16,0.76,0.92
A9601_03281,1.85,2.47,1.23,0.5,-1,0.33,0.58
A9601_03311,13.58,17.6,9.57,0.54,-0.88,0,0.02
A9601_03321,22.08,20.02,24.14,1.21,0.27,0.27,0.51
A9601_03331,12.69,11.7,13.68,1.17,0.23,0.42,0.67
A9601_03461,6.7,5.54,7.86,1.42,0.5,0.21,0.43
A9601_03471,11.2,11.46,10.95,0.96,-0.07,0.81,0.95
A9601_03481,80.92,90.88,70.96,0.78,-0.36,0.02,0.08
A9601_03511,193.15,188.89,197.41,1.05,0.06,0.54,0.76
A9601_03521,4469.81,3856.2,5083.42,1.32,0.4,0.01,0.03
A9601_03531,17717.57,14797.9,20637.23,1.39,0.48,0,0
A9601_03561,2.8,3.66,1.93,0.53,-0.92,0.36,0.61
A9601_03571,13.29,9.75,16.83,1.73,0.79,0,0.02
A9601_03581,21.74,15.87,27.61,1.74,0.8,0.04,0.12
A9601_03591,9.45,5.67,13.23,2.33,1.22,0,0.01
A9601_03601,1.05,1.72,0.38,0.22,-2.17,0.11,0.28
A9601_03611,3.63,4.4,2.86,0.65,-0.62,0.4,0.65
A9601_03621,29.12,45.17,13.07,0.29,-1.79,0,0
A9601_03631,4.82,8.43,1.2,0.14,-2.81,0,0
A9601_03641,4.67,3.51,5.83,1.66,0.73,0.18,0.38
A9601_03651,19.09,9.55,28.63,3,1.58,0,0
A9601_03661,7.68,9.14,6.22,0.68,-0.56,0.13,0.3
A9601_03671,22.68,13.94,31.42,2.25,1.17,0,0
A9601_03681,8.8,7.32,10.27,1.4,0.49,0.26,0.49
A9601_03691,130.95,158.07,103.83,0.66,-0.61,0,0
A9601_03701,104.3,131.92,76.68,0.58,-0.78,0,0
A9601_03711,51.12,16.38,85.86,5.24,2.39,0,0
A9601_03721,11.69,3.08,20.3,6.6,2.72,0,0
A9601_03731,2.78,1.77,3.78,2.13,1.09,0.11,0.28
A9601_03741,4.26,5.64,2.88,0.51,-0.97,0.09,0.23
A9601_03751,2.96,2.82,3.1,1.1,0.14,0.62,0.82
A9601_03761,10.41,9.88,10.94,1.11,0.15,0.69,0.88
A9601_03781,0.07,0.15,0,0,#NAME?,1,1
A9601_03791,1.27,0.94,1.59,1.68,0.75,0.34,0.59
A9601_03801,0.06,0.12,0,0,#NAME?,1,1
A9601_03811,6.89,4.43,9.34,2.11,1.07,0.02,0.06
A9601_03821,6.98,8.08,5.87,0.73,-0.46,0.2,0.41
A9601_03831,9.55,4.38,14.72,3.36,1.75,0,0
A9601_03841,162.71,124.56,200.86,1.61,0.69,0,0
A9601_03851,1.35,1.05,1.65,1.57,0.65,0.6,0.81
A9601_03861,0.39,0.12,0.67,5.72,2.52,0.38,0.62
A9601_03871,0,0,0,NA,NA,NA,NA
A9601_03881,6.1,7.58,4.61,0.61,-0.72,0.09,0.24
A9601_03891,3.54,3.15,3.93,1.25,0.32,0.75,0.91
A9601_03901,5.14,4.6,5.68,1.23,0.3,0.57,0.79
A9601_03911,15.99,20.03,11.95,0.6,-0.75,0.01,0.05
A9601_03921,0.9,0.5,1.3,2.63,1.4,0.45,0.69
A9601_03931,4.39,4.23,4.55,1.07,0.1,1,1
A9601_03941,4.29,3.74,4.84,1.29,0.37,0.69,0.88
A9601_03961,2.5,3.72,1.27,0.34,-1.55,0.03,0.09
A9601_03971,1.16,2.32,0,0,#NAME?,0,0.01
A9601_03981,3.34,3.69,2.99,0.81,-0.31,0.77,0.93
A9601_03991,2.83,3.1,2.57,0.83,-0.27,0.78,0.93
A9601_04001,1.82,1.33,2.31,1.73,0.79,0.3,0.54
A9601_04011,11.43,15.28,7.58,0.5,-1.01,0,0.01
A9601_04021,4.36,6.06,2.67,0.44,-1.18,0.06,0.18
A9601_04031,4.81,5.27,4.36,0.83,-0.27,0.7,0.88
A9601_04041,2.99,2.37,3.61,1.52,0.61,0.31,0.55
A9601_04051,0.86,0.53,1.19,2.24,1.16,0.61,0.81
A9601_04061,10.11,10.96,9.26,0.84,-0.24,0.4,0.65
A9601_04071,3.36,2.48,4.23,1.71,0.77,0.17,0.36
A9601_04081,0.62,0.37,0.88,2.35,1.23,0.61,0.81
A9601_04091,0.96,0.14,1.78,13.04,3.71,0.03,0.1
A9601_04101,0.79,0.27,1.32,4.96,2.31,0.12,0.29
A9601_04111,4.02,5.01,3.04,0.61,-0.72,0.19,0.4
A9601_04121,2.56,1.62,3.5,2.16,1.11,0.13,0.3
A9601_04131,0.46,0.14,0.78,5.69,2.51,0.37,0.61
A9601_04141,0.8,0.52,1.08,2.07,1.05,0.31,0.55
A9601_04151,0.4,0,0.8,Inf,Inf,0.47,0.7
A9601_04161,8.11,5.91,10.31,1.74,0.8,0.05,0.15
A9601_04171,17.51,5.44,29.57,5.43,2.44,0,0
A9601_04181,19.12,11.8,26.43,2.24,1.16,0,0
A9601_04191,16.58,4.26,28.89,6.78,2.76,0,0
A9601_04201,17.54,3.8,31.28,8.24,3.04,0,0
A9601_04211,10.71,1.17,20.25,17.27,4.11,0,0
A9601_04221,0.94,0.43,1.45,3.39,1.76,0.21,0.43
A9601_04231,3.69,3.84,3.55,0.93,-0.11,0.65,0.84
A9601_04241,1.7,1.83,1.58,0.86,-0.21,1,1
A9601_04251,176.15,158.93,193.36,1.22,0.28,0.5,0.72
A9601_04261,18.58,14.31,22.86,1.6,0.68,0.02,0.08
A9601_04281,27.37,24.7,30.05,1.22,0.28,0.26,0.49
A9601_04291,4.12,5.27,2.96,0.56,-0.83,0.23,0.45
A9601_04301,15.54,15.14,15.93,1.05,0.07,0.99,1
A9601_04311,1.61,1.64,1.57,0.96,-0.06,0.99,1
A9601_04321,2.4,1.84,2.96,1.6,0.68,0.37,0.62
A9601_04341,11.03,8.55,13.52,1.58,0.66,0.04,0.13
A9601_04351,19.32,17.21,21.42,1.24,0.32,0.17,0.37
A9601_04361,38.86,38.95,38.78,1,-0.01,0.89,0.99
A9601_04371,12.27,12.71,11.84,0.93,-0.1,1,1
A9601_04411,7.28,6.88,7.68,1.12,0.16,0.45,0.69
A9601_04441,21.13,23.97,18.29,0.76,-0.39,0.12,0.29
A9601_04451,4.44,5,3.88,0.78,-0.36,0.64,0.83
A9601_04461,252.58,295.39,209.78,0.71,-0.49,0,0
A9601_04481,15.16,15.99,14.32,0.9,-0.16,0.74,0.91
A9601_04541,57.92,59.63,56.21,0.94,-0.09,0.57,0.79
A9601_04571,811.92,877.69,746.14,0.85,-0.23,0.09,0.24
A9601_04581,8,3.18,12.83,4.04,2.01,0,0
A9601_04611,5.06,5.93,4.19,0.71,-0.5,0.4,0.65
A9601_04621,3.57,3.79,3.36,0.89,-0.17,0.72,0.89
A9601_04641,6.07,5.15,6.99,1.36,0.44,0.22,0.43
A9601_04651,7.23,7.53,6.94,0.92,-0.12,0.63,0.83
A9601_04661,24.69,28.44,20.95,0.74,-0.44,0.07,0.19
A9601_04671,2069.88,1730.69,2409.08,1.39,0.48,0,0
A9601_04681,27.96,35.91,20.02,0.56,-0.84,0,0.01
A9601_04691,57.87,71.7,44.04,0.61,-0.7,0,0
A9601_04731,12.65,10.4,14.91,1.43,0.52,0.24,0.47
A9601_04741,10.25,11.73,8.78,0.75,-0.42,0.27,0.5
A9601_04751,2.77,2.17,3.36,1.55,0.63,0.31,0.55
A9601_04761,1.69,1.2,2.18,1.82,0.86,0.2,0.42
A9601_04771,1.06,0.5,1.61,3.21,1.68,0.14,0.33
A9601_04781,2.58,1.84,3.32,1.81,0.85,0.24,0.47
A9601_04791,13.56,20.64,6.48,0.31,-1.67,0,0
A9601_04801,2.04,3.36,0.71,0.21,-2.24,0.01,0.04
A9601_04841,34.04,44.47,23.61,0.53,-0.91,0,0
A9601_04871,4.91,5.72,4.11,0.72,-0.48,0.3,0.54
A9601_04921,2.57,2.11,3.03,1.44,0.52,0.64,0.83
A9601_04931,9.26,8.63,9.89,1.15,0.2,0.76,0.92
A9601_04951,3.68,2.24,5.11,2.29,1.19,0.17,0.37
A9601_04961,15.56,12.48,18.63,1.49,0.58,0.06,0.17
A9601_04981,4.66,4.35,4.96,1.14,0.19,1,1
A9601_05051,36.59,35.34,37.84,1.07,0.1,0.67,0.86
A9601_05061,57.53,51.78,63.29,1.22,0.29,0.27,0.5
A9601_05081,19.51,18.37,20.64,1.12,0.17,0.81,0.95
A9601_05091,38.28,42.71,33.84,0.79,-0.34,0.1,0.25
A9601_05111,11.95,8.62,15.28,1.77,0.83,0.01,0.04
A9601_05141,7.12,5.98,8.27,1.38,0.47,0.13,0.31
A9601_05191,4.1,4.32,3.88,0.9,-0.15,1,1
A9601_05211,74.92,95.53,54.3,0.57,-0.82,0,0
A9601_05221,18.77,18.75,18.8,1,0,0.91,1
A9601_05261,12.59,17.88,7.31,0.41,-1.29,0,0
A9601_05291,115.93,113.25,118.6,1.05,0.07,0.38,0.63
A9601_05311,9.21,9.78,8.64,0.88,-0.18,0.59,0.8
A9601_05331,8.24,6.63,9.85,1.49,0.57,0.18,0.38
A9601_05351,35.48,37.03,33.93,0.92,-0.13,0.72,0.89
A9601_05361,13.2,12.2,14.2,1.16,0.22,0.46,0.7
A9601_05371,5.49,5.07,5.91,1.17,0.22,0.69,0.88
A9601_05411,7.77,7.58,7.95,1.05,0.07,0.86,0.97
A9601_05421,11.11,7.99,14.23,1.78,0.83,0.01,0.06
A9601_05431,22.08,15.54,28.63,1.84,0.88,0.01,0.04
A9601_05441,6.3,5.05,7.54,1.49,0.58,0.21,0.43
A9601_05461,24.81,28.67,20.94,0.73,-0.45,0.04,0.14
A9601_05481,7.69,7.69,7.7,1,0,1,1
A9601_05491,20.61,14.57,26.65,1.83,0.87,0,0
A9601_05511,78.98,102.24,55.72,0.55,-0.88,0,0
A9601_05531,554.11,536.9,571.32,1.06,0.09,0.57,0.79
A9601_05551,12.48,12.37,12.58,1.02,0.02,0.86,0.97
A9601_05571,39.91,42.06,37.76,0.9,-0.16,0.43,0.67
A9601_05581,25.92,32.5,19.33,0.59,-0.75,0.01,0.03
A9601_05591,81.18,104.88,57.47,0.55,-0.87,0,0
A9601_05621,13.92,9.24,18.6,2.01,1.01,0,0.01
A9601_05661,9.66,8.38,10.95,1.31,0.39,0.29,0.52
A9601_05671,56.51,55.2,57.82,1.05,0.07,0.79,0.94
A9601_05681,18.41,16.95,19.86,1.17,0.23,0.34,0.59
A9601_05701,20.16,17.28,23.04,1.33,0.41,0.11,0.26
A9601_05721,9.88,9.42,10.34,1.1,0.13,0.91,1
A9601_05731,0.74,0.8,0.68,0.85,-0.24,1,1
A9601_05741,19.98,17.21,22.75,1.32,0.4,0.07,0.19
A9601_05801,12.84,10.23,15.46,1.51,0.6,0.1,0.25
A9601_05831,3.17,2.97,3.37,1.13,0.18,0.53,0.75
A9601_05841,4.6,3.12,6.08,1.95,0.96,0.06,0.17
A9601_05851,24.06,23.99,24.14,1.01,0.01,1,1
A9601_05871,22.26,21.04,23.48,1.12,0.16,0.5,0.73
A9601_05881,172.87,190.39,155.34,0.82,-0.29,0.02,0.07
A9601_05891,59.51,61.19,57.83,0.95,-0.08,0.67,0.86
A9601_05911,17.02,13.63,20.4,1.5,0.58,0.02,0.09
A9601_05941,9.39,10.38,8.4,0.81,-0.3,0.45,0.69
A9601_05971,17.12,22.59,11.65,0.52,-0.96,0,0
A9601_05981,114.18,133.6,94.77,0.71,-0.5,0,0
A9601_06021,66.72,84.83,48.6,0.57,-0.8,0,0.01
A9601_06031,38.31,20.54,56.08,2.73,1.45,0,0
A9601_06041,25.76,14.65,36.87,2.52,1.33,0,0
A9601_06101,24.22,23.19,25.26,1.09,0.12,0.66,0.85
A9601_06111,18.3,19.7,16.9,0.86,-0.22,0.34,0.59
A9601_06121,7.66,8.19,7.12,0.87,-0.2,0.56,0.78
A9601_06131,24.61,25.25,23.97,0.95,-0.07,1,1
A9601_06151,8.7,5.82,11.58,1.99,0.99,0,0.02
A9601_06171,30.97,25.12,36.82,1.47,0.55,0.01,0.05
A9601_06181,6.57,6.85,6.29,0.92,-0.12,1,1
A9601_06191,0.97,0.69,1.24,1.79,0.84,0.61,0.81
A9601_06201,2.96,2.81,3.11,1.11,0.15,0.81,0.95
A9601_06221,17.42,12.79,22.06,1.73,0.79,0.01,0.05
A9601_06251,7.9,5.79,10.01,1.73,0.79,0.05,0.16
A9601_06261,15.06,14.62,15.51,1.06,0.09,0.81,0.95
A9601_06271,3.02,2.71,3.32,1.22,0.29,0.71,0.88
A9601_06291,34.13,44.06,24.21,0.55,-0.86,0,0
A9601_06301,1.25,1.39,1.1,0.79,-0.33,0.97,1
A9601_06311,2.75,2.97,2.52,0.85,-0.24,0.67,0.85
A9601_06321,10.83,14.24,7.43,0.52,-0.94,0.01,0.03
A9601_06331,92.28,122.42,62.14,0.51,-0.98,0,0
A9601_06351,9.37,7.99,10.75,1.35,0.43,0.2,0.41
A9601_06381,13.01,13.9,12.11,0.87,-0.2,0.66,0.85
A9601_06411,25.12,19.25,30.99,1.61,0.69,0,0.01
A9601_06421,2.67,2.8,2.54,0.91,-0.14,0.96,1
A9601_06431,10.75,12.15,9.36,0.77,-0.38,0.23,0.45
A9601_06441,0.4,0.35,0.45,1.28,0.35,1,1
A9601_06451,24.65,24.33,24.98,1.03,0.04,0.86,0.98
A9601_06481,6.04,4.45,7.63,1.71,0.78,0.06,0.17
A9601_06501,57.63,42.29,72.98,1.73,0.79,0,0
A9601_06551,24.43,25.85,23,0.89,-0.17,0.46,0.7
A9601_06561,86.44,111.51,61.36,0.55,-0.86,0,0
A9601_06571,35.49,37.34,33.65,0.9,-0.15,0.41,0.66
A9601_06581,17.78,18.55,17.01,0.92,-0.13,0.81,0.95
A9601_06591,14.83,13.35,16.31,1.22,0.29,0.29,0.53
A9601_06601,35.42,22.64,48.19,2.13,1.09,0,0
A9601_06611,28.79,28.1,29.49,1.05,0.07,0.87,0.98
A9601_06621,10.6,10.5,10.7,1.02,0.03,1,1
A9601_06681,6.74,5.49,7.99,1.46,0.54,0.28,0.52
A9601_06701,31.83,28.51,35.14,1.23,0.3,0.08,0.22
A9601_06711,47.87,33.72,62.03,1.84,0.88,0,0
A9601_06761,5.37,5.38,5.36,1,-0.01,0.96,1
A9601_06781,20.94,26.79,15.09,0.56,-0.83,0,0.01
A9601_06801,0.19,0.24,0.14,0.58,-0.79,1,1
A9601_06811,0.38,0.12,0.64,5.48,2.45,0.6,0.81
A9601_06821,11.29,14.82,7.75,0.52,-0.94,0,0.02
A9601_06831,12268.41,12792.01,11744.81,0.92,-0.12,0.46,0.69
A9601_06841,14.08,13.19,14.98,1.14,0.18,0.59,0.8
A9601_06851,7.88,8.13,7.62,0.94,-0.09,0.71,0.88
A9601_06861,5.41,5.38,5.43,1.01,0.01,1,1
A9601_06871,6.6,7.01,6.19,0.88,-0.18,0.86,0.98
A9601_06881,2.98,2.16,3.81,1.76,0.82,0.16,0.35
A9601_06891,16.27,21.03,11.5,0.55,-0.87,0,0.01
A9601_06901,4.56,4.77,4.35,0.91,-0.13,1,1
A9601_06931,33.69,34.51,32.87,0.95,-0.07,0.87,0.98
A9601_06941,13.41,11.69,15.12,1.29,0.37,0.13,0.3
A9601_06961,10.6,12.36,8.83,0.71,-0.49,0.08,0.22
A9601_06971,60.78,61.82,59.74,0.97,-0.05,0.59,0.8
A9601_07001,75.19,90.63,59.75,0.66,-0.6,0,0
A9601_07011,8.92,5.19,12.65,2.44,1.28,0,0.01
A9601_07021,15.92,11.98,19.86,1.66,0.73,0,0.02
A9601_07031,135.08,87.43,182.72,2.09,1.06,0,0
A9601_07041,118.97,83.83,154.1,1.84,0.88,0,0
A9601_07051,21.52,16.63,26.41,1.59,0.67,0.01,0.03
A9601_07061,6.89,5.42,8.36,1.54,0.63,0.25,0.47
A9601_07071,13.78,9.35,18.22,1.95,0.96,0.01,0.04
A9601_07091,2.86,2.48,3.24,1.31,0.39,0.7,0.88
A9601_07101,5.88,5.84,5.93,1.02,0.02,0.81,0.95
A9601_07111,2.78,1.34,4.22,3.15,1.66,0.02,0.07
A9601_07121,7.39,4.77,10.01,2.1,1.07,0.01,0.04
A9601_07131,10.47,10.37,10.57,1.02,0.03,0.89,0.99
A9601_07141,80.43,100.92,59.95,0.59,-0.75,0,0
A9601_07151,47.63,57.09,38.17,0.67,-0.58,0,0.01
A9601_07171,3.48,3.68,3.27,0.89,-0.17,0.87,0.98
A9601_07191,9.11,9.07,9.15,1.01,0.01,0.87,0.98
A9601_07211,6.12,4.96,7.28,1.47,0.55,0.18,0.39
A9601_07221,5.52,7.51,3.53,0.47,-1.09,0.02,0.07
A9601_07231,3.67,3.05,4.3,1.41,0.49,0.61,0.82
A9601_07241,6.94,5.62,8.25,1.47,0.55,0.16,0.35
A9601_07261,3.99,3.87,4.11,1.06,0.09,1,1
A9601_07271,3.43,2.36,4.5,1.91,0.93,0.16,0.36
A9601_07301,4.25,3.18,5.32,1.67,0.74,0.26,0.49
A9601_07321,21.95,19.4,24.49,1.26,0.34,0.29,0.53
A9601_07341,9.88,7.05,12.71,1.8,0.85,0.01,0.05
A9601_07351,14.04,11.68,16.4,1.4,0.49,0.08,0.21
A9601_07361,8.38,8.54,8.21,0.96,-0.06,1,1
A9601_07391,16.2,16.06,16.34,1.02,0.03,0.81,0.95
A9601_07401,4.05,3.39,4.7,1.39,0.47,0.31,0.55
A9601_07411,8.63,6.88,10.38,1.51,0.59,0.34,0.58
A9601_07421,4.01,4.5,3.52,0.78,-0.35,0.45,0.69
A9601_07431,7.81,5.01,10.62,2.12,1.09,0.01,0.06
A9601_07441,1.29,1.36,1.22,0.89,-0.16,1,1
A9601_07451,11,13.55,8.45,0.62,-0.68,0.02,0.07
A9601_07461,1.63,0.62,2.65,4.28,2.1,0.02,0.08
A9601_07471,31.1,28.34,33.86,1.19,0.26,0.18,0.39
A9601_07481,3.41,3.89,2.92,0.75,-0.41,0.41,0.66
A9601_07491,5.19,2.96,7.41,2.51,1.33,0.01,0.05
A9601_07501,4.84,0.94,8.74,9.31,3.22,0,0
A9601_07511,0.53,0.4,0.66,1.63,0.7,0.82,0.96
A9601_07521,0.65,0.9,0.4,0.45,-1.16,0.42,0.66
A9601_07531,4.28,3.99,4.58,1.15,0.2,0.78,0.93
A9601_07541,0.95,0.76,1.13,1.5,0.58,0.95,1
A9601_07551,0.98,1.28,0.68,0.53,-0.91,0.56,0.78
A9601_07561,2.21,1.68,2.74,1.63,0.7,0.56,0.78
A9601_07571,6.26,6.65,5.88,0.88,-0.18,0.55,0.77
A9601_07581,34.91,39.34,30.48,0.77,-0.37,0.19,0.39
A9601_07591,6.94,5.43,8.45,1.56,0.64,0.24,0.47
A9601_07601,7.8,7.83,7.78,0.99,-0.01,0.84,0.96
A9601_07611,3.62,3.62,3.62,1,0,0.95,1
A9601_07621,2.41,2.26,2.56,1.13,0.18,0.86,0.98
A9601_07631,0.53,0.26,0.79,2.99,1.58,0.62,0.82
A9601_07641,8.16,6.42,9.9,1.54,0.62,0.23,0.45
A9601_07651,6.16,4.38,7.93,1.81,0.86,0.05,0.15
A9601_07661,2.36,1.67,3.05,1.82,0.86,0.19,0.39
A9601_07671,20.44,17.94,22.94,1.28,0.35,0.19,0.39
A9601_07681,1.87,1.32,2.42,1.84,0.88,0.37,0.62
A9601_07691,0.32,0.26,0.37,1.41,0.5,1,1
A9601_07701,0.14,0,0.29,Inf,Inf,0.53,0.76
A9601_07711,3.86,2.87,4.86,1.69,0.76,0.36,0.61
A9601_07721,3.05,3.78,2.32,0.61,-0.7,0.16,0.36
A9601_07731,32.89,31.82,33.95,1.07,0.09,1,1
A9601_07741,35.8,49.69,21.91,0.44,-1.18,0,0
A9601_07781,12.61,7.48,17.74,2.37,1.24,0,0.02
A9601_07791,71.24,51.66,90.82,1.76,0.81,0,0
A9601_07801,14.52,14.67,14.38,0.98,-0.03,0.93,1
A9601_07811,2.26,0.53,4,7.59,2.92,0,0.01
A9601_07821,5.84,4.44,7.24,1.63,0.7,0.15,0.35
A9601_07831,2.13,1.12,3.14,2.8,1.49,0.07,0.19
A9601_07841,3.36,2.62,4.1,1.56,0.65,0.51,0.74
A9601_07851,2.69,3.37,2,0.59,-0.76,0.21,0.43
A9601_07861,9.73,14.2,5.27,0.37,-1.43,0,0
A9601_07871,41.33,52.99,29.68,0.56,-0.84,0,0
A9601_07881,9.24,8.85,9.64,1.09,0.12,0.57,0.79
A9601_07891,4.78,3.81,5.75,1.51,0.59,0.35,0.6
A9601_07901,0.63,0.41,0.85,2.07,1.05,0.41,0.66
A9601_07911,8.65,8.83,8.48,0.96,-0.06,1,1
A9601_07921,3.45,3.89,3.01,0.77,-0.37,0.69,0.87
A9601_07931,0.51,0.65,0.38,0.59,-0.76,0.71,0.89
A9601_07941,1.02,1.34,0.71,0.53,-0.92,0.55,0.77
A9601_07951,9.55,8.19,10.91,1.33,0.41,0.31,0.55
A9601_07961,1.22,1.54,0.89,0.58,-0.78,0.5,0.73
A9601_07971,3.44,2.33,4.55,1.96,0.97,0.17,0.36
A9601_07981,3.47,3.16,3.78,1.2,0.26,0.76,0.92
A9601_07991,1.22,0.94,1.51,1.61,0.69,0.75,0.91
A9601_08001,2.62,2.07,3.18,1.54,0.62,0.45,0.69
A9601_08021,29.07,30.75,27.38,0.89,-0.17,0.54,0.76
A9601_08031,73.44,63.67,83.22,1.31,0.39,0.02,0.08
A9601_08041,281.74,219.76,343.73,1.56,0.65,0,0
A9601_08051,6.11,6.37,5.84,0.92,-0.13,1,1
A9601_08061,7.28,4.71,9.86,2.09,1.07,0.02,0.07
A9601_08071,53.03,47.02,59.05,1.26,0.33,0.04,0.13
A9601_08091,10.87,10.8,10.94,1.01,0.02,0.82,0.95
A9601_08101,11.89,7.15,16.63,2.32,1.22,0,0
A9601_08111,5.7,4.93,6.48,1.31,0.39,0.31,0.55
A9601_08121,22.06,24.68,19.44,0.79,-0.34,0.25,0.47
A9601_08131,23.17,19.56,26.78,1.37,0.45,0.06,0.16
A9601_08161,11.7,15.46,7.95,0.51,-0.96,0.01,0.03
A9601_08181,7.51,5.16,9.86,1.91,0.93,0.01,0.05
A9601_08251,4.49,3.76,5.23,1.39,0.48,0.38,0.62
A9601_08261,10.71,10.27,11.15,1.09,0.12,0.76,0.92
A9601_08331,16.09,14.1,18.08,1.28,0.36,0.35,0.59
A9601_08341,7.99,4.74,11.24,2.37,1.25,0,0.01
A9601_08351,3.15,1.3,5.01,3.85,1.95,0,0.02
A9601_08371,24.67,23.99,25.35,1.06,0.08,0.86,0.97
A9601_08391,456.51,479.97,433.05,0.9,-0.15,0.17,0.37
A9601_08411,17.38,16.26,18.49,1.14,0.19,0.59,0.8
A9601_08431,31.03,23.65,38.41,1.62,0.7,0,0
A9601_08451,64.65,59.34,69.97,1.18,0.24,0.29,0.52
A9601_08461,10.04,10.29,9.78,0.95,-0.07,0.69,0.87
A9601_08471,5.39,8.34,2.44,0.29,-1.77,0,0.01
A9601_08531,4.06,3.89,4.23,1.09,0.12,1,1
A9601_08541,39.91,40.74,39.08,0.96,-0.06,0.82,0.95
A9601_08551,3.85,4.26,3.45,0.81,-0.31,0.77,0.92
A9601_08561,5.33,6.65,4,0.6,-0.73,0.13,0.31
A9601_08571,5.76,6.03,5.48,0.91,-0.14,0.82,0.95
A9601_08581,18.34,21.32,15.35,0.72,-0.47,0.12,0.29
A9601_08591,23.15,24.14,22.16,0.92,-0.12,0.73,0.9
A9601_08611,33.23,33.45,33.02,0.99,-0.02,0.66,0.85
A9601_08631,16.67,18.25,15.09,0.83,-0.27,0.34,0.59
A9601_08641,7.77,9.45,6.09,0.64,-0.63,0.06,0.16
A9601_08651,9.22,10.77,7.67,0.71,-0.49,0.47,0.7
A9601_08681,218.46,248.53,188.39,0.76,-0.4,0,0.01
A9601_08691,22,23.76,20.23,0.85,-0.23,0.47,0.7
A9601_08701,37.79,36.53,39.05,1.07,0.1,0.61,0.82
A9601_08711,1.97,1.83,2.12,1.16,0.21,1,1
A9601_08721,53.26,64.38,42.15,0.65,-0.61,0,0
A9601_08731,1.59,1.2,1.98,1.65,0.72,0.47,0.7
A9601_08741,17.2,21.31,13.1,0.61,-0.7,0.01,0.06
A9601_08751,10.1,12.59,7.6,0.6,-0.73,0.03,0.09
A9601_08761,5.84,6.01,5.66,0.94,-0.09,1,1
A9601_08771,4.97,3.45,6.49,1.88,0.91,0.1,0.26
A9601_08781,69.96,52.68,87.24,1.66,0.73,0,0
A9601_08791,2.86,3.85,1.87,0.49,-1.04,0.17,0.37
A9601_08801,1.58,0.88,2.28,2.61,1.38,0.27,0.51
A9601_08811,4.92,6.58,3.26,0.5,-1.01,0.09,0.23
A9601_08821,0.87,1.04,0.7,0.67,-0.57,0.65,0.84
A9601_08831,0.54,0.95,0.14,0.14,-2.79,0.23,0.45
A9601_08881,475.07,484.66,465.48,0.96,-0.06,0.63,0.83
A9601_08961,115.02,89.1,140.93,1.58,0.66,0,0
A9601_08971,44.35,37.84,50.85,1.34,0.43,0.02,0.07
A9601_08981,9.81,7.36,12.25,1.66,0.73,0.05,0.16
A9601_08991,7.23,7.16,7.29,1.02,0.03,0.8,0.94
A9601_09001,4.39,5.49,3.3,0.6,-0.74,0.1,0.25
A9601_09011,21.59,16.68,26.5,1.59,0.67,0.01,0.03
A9601_09021,20.31,18.89,21.73,1.15,0.2,0.54,0.76
A9601_09031,25.6,22.86,28.33,1.24,0.31,0.24,0.46
A9601_09051,18.11,17.41,18.82,1.08,0.11,0.59,0.8
A9601_09061,12.2,9.13,15.28,1.67,0.74,0.02,0.07
A9601_09071,7.62,8.74,6.5,0.74,-0.43,0.18,0.37
A9601_09111,21.1,28.1,14.1,0.5,-1,0,0
A9601_09121,58.36,56.74,59.97,1.06,0.08,0.8,0.94
A9601_09131,34.4,36.85,31.96,0.87,-0.21,0.28,0.51
A9601_09161,82.27,80.78,83.77,1.04,0.05,0.72,0.89
A9601_09191,72.63,79.83,65.44,0.82,-0.29,0.13,0.3
A9601_09201,4.39,3.62,5.16,1.42,0.51,0.48,0.71
A9601_09221,1.68,1.3,2.06,1.58,0.66,0.58,0.79
A9601_09251,1.33,1.35,1.31,0.97,-0.04,0.95,1
A9601_09261,0.39,0.26,0.51,1.95,0.96,0.85,0.97
A9601_09291,0.34,0.15,0.53,3.59,1.84,0.58,0.8
A9601_09331,7.26,6.63,7.89,1.19,0.25,0.75,0.91
A9601_09351,10.41,11.09,9.73,0.88,-0.19,0.39,0.64
A9601_09361,17.75,14.14,21.36,1.51,0.6,0.04,0.12
A9601_09381,4.02,5.23,2.81,0.54,-0.89,0.09,0.24
A9601_09391,9.65,6.87,12.43,1.81,0.85,0.01,0.04
A9601_09441,0.49,0.49,0.49,1,0,1,1
A9601_09451,9.75,6.79,12.71,1.87,0.9,0.02,0.06
A9601_09471,1.52,1.12,1.91,1.7,0.77,0.72,0.89
A9601_09501,12.17,10.72,13.62,1.27,0.34,0.35,0.6
A9601_09511,11.32,14.12,8.52,0.6,-0.73,0.03,0.1
A9601_09521,5.39,5.51,5.27,0.96,-0.06,0.92,1
A9601_09561,2.7,2.75,2.64,0.96,-0.06,1,1
A9601_09571,1.75,0.53,2.98,5.67,2.5,0.02,0.06
A9601_09581,14.4,9.68,19.12,1.98,0.98,0,0.01
A9601_09631,22.93,20.27,25.59,1.26,0.34,0.12,0.29
A9601_09641,42.21,43.32,41.11,0.95,-0.08,0.94,1
A9601_09651,33.9,35.49,32.31,0.91,-0.14,0.7,0.88
A9601_09661,12.66,14.15,11.18,0.79,-0.34,0.61,0.81
A9601_09671,72.45,79.67,65.23,0.82,-0.29,0.1,0.25
A9601_09741,6.13,5.08,7.18,1.41,0.5,0.29,0.53
A9601_09751,3.47,2.32,4.62,1.99,1,0.43,0.67
A9601_09781,63.48,68.95,58,0.84,-0.25,0.17,0.36
A9601_09801,8.23,9.34,7.13,0.76,-0.39,0.28,0.52
A9601_09811,3.26,2.53,3.98,1.57,0.65,0.5,0.73
A9601_09851,15.55,17.03,14.08,0.83,-0.27,0.48,0.71
A9601_09861,7.98,6.51,9.45,1.45,0.54,0.07,0.19
A9601_09881,1.85,1.46,2.23,1.53,0.61,0.43,0.68
A9601_09891,11.76,9.61,13.91,1.45,0.53,0.15,0.33
A9601_09901,7.71,5.43,9.99,1.84,0.88,0.03,0.09
A9601_09941,11.11,11.19,11.04,0.99,-0.02,0.8,0.95
A9601_09961,1.55,1.04,2.05,1.98,0.99,0.47,0.7
A9601_09971,5.06,3.51,6.6,1.88,0.91,0.05,0.16
A9601_09981,20.26,27.35,13.17,0.48,-1.05,0,0
A9601_10021,13.03,11.29,14.78,1.31,0.39,0.29,0.53
A9601_10031,2.63,2.4,2.86,1.19,0.25,1,1
A9601_10041,7.51,6.59,8.42,1.28,0.35,0.44,0.68
A9601_10051,1.39,0.54,2.23,4.17,2.06,0.05,0.16
A9601_10061,12.19,5.59,18.79,3.36,1.75,0,0
A9601_10071,3.55,5.55,1.56,0.28,-1.83,0,0.02
A9601_10081,4.28,6.49,2.06,0.32,-1.65,0.02,0.07
A9601_10091,0.42,0.41,0.44,1.06,0.08,1,1
A9601_10101,2.24,1.94,2.54,1.31,0.39,0.56,0.78
A9601_10111,7.35,6.53,8.17,1.25,0.32,0.47,0.7
A9601_10121,4.16,5.17,3.15,0.61,-0.71,0.17,0.37
A9601_10141,4.98,5.02,4.94,0.98,-0.02,0.97,1
A9601_10151,37.06,33.61,40.5,1.2,0.27,0.19,0.39
A9601_10171,9.04,9.59,8.49,0.88,-0.18,0.81,0.95
A9601_10181,76.3,114.16,38.45,0.34,-1.57,0,0
A9601_10191,3.94,3.05,4.84,1.59,0.67,0.26,0.49
A9601_10201,1.78,1.55,2.01,1.3,0.37,0.83,0.96
A9601_10211,8.2,9.36,7.04,0.75,-0.41,0.28,0.51
A9601_10231,3.15,3.75,2.55,0.68,-0.55,0.33,0.58
A9601_10241,13.69,12.63,14.74,1.17,0.22,0.46,0.7
A9601_10311,2.16,1.63,2.69,1.65,0.72,0.57,0.79
A9601_10321,2.04,1.58,2.51,1.59,0.67,0.57,0.79
A9601_10331,1.89,1.34,2.43,1.81,0.86,0.42,0.67
A9601_10341,0.54,0.36,0.73,2.04,1.03,0.83,0.96
A9601_10351,0.6,0.52,0.67,1.28,0.35,1,1
A9601_10371,12.43,10.06,14.8,1.47,0.56,0.25,0.48
A9601_10421,0.93,0.75,1.12,1.49,0.57,0.95,1
A9601_10431,38.34,35.22,41.45,1.18,0.23,0.38,0.63
A9601_10441,8.24,10.17,6.31,0.62,-0.69,0.05,0.15
A9601_10461,60.71,63.53,57.9,0.91,-0.13,0.46,0.7
A9601_10471,10.94,10,11.89,1.19,0.25,0.36,0.61
A9601_10481,5.41,4.44,6.38,1.44,0.52,0.46,0.69
A9601_10501,0.75,0.66,0.84,1.26,0.34,0.99,1
A9601_10511,2.12,2.42,1.82,0.75,-0.41,0.85,0.97
A9601_10521,6.33,1.66,11.01,6.65,2.73,0,0
A9601_10531,7.38,4.29,10.46,2.44,1.29,0,0.01
A9601_10541,3.74,2.46,5.02,2.04,1.03,0.13,0.31
A9601_10551,2.84,2.39,3.29,1.38,0.46,0.62,0.82
A9601_10561,4.34,4.29,4.39,1.02,0.03,0.93,1
A9601_10571,5.8,5.58,6.02,1.08,0.11,1,1
A9601_10581,3.98,4.13,3.83,0.93,-0.11,0.94,1
A9601_10591,0.74,0.91,0.57,0.63,-0.66,1,1
A9601_10601,5.74,5.95,5.53,0.93,-0.11,0.95,1
A9601_10611,59.82,86.04,33.61,0.39,-1.36,0,0
A9601_10621,3.47,5.4,1.53,0.28,-1.82,0,0.02
A9601_10631,0.54,0.72,0.36,0.51,-0.98,0.71,0.88
A9601_10641,1.95,0.77,3.13,4.08,2.03,0.03,0.09
A9601_10651,1.78,1.8,1.77,0.99,-0.02,1,1
A9601_10661,3.87,3.23,4.51,1.4,0.48,0.58,0.8
A9601_10671,3.64,2.35,4.93,2.1,1.07,0.14,0.32
A9601_10691,168.93,146.36,191.49,1.31,0.39,0.01,0.03
A9601_10701,2.34,1.91,2.77,1.45,0.54,0.65,0.84
A9601_10711,2.12,1.93,2.31,1.19,0.26,0.79,0.94
A9601_10721,0.35,0.4,0.3,0.75,-0.41,1,1
A9601_10731,1.14,0.4,1.88,4.69,2.23,0.1,0.25
A9601_10741,35.32,35.82,34.82,0.97,-0.04,0.77,0.93
A9601_10751,24.2,25.85,22.56,0.87,-0.2,0.39,0.64
A9601_10761,10.39,7.61,13.17,1.73,0.79,0.02,0.06
A9601_10771,1.83,3.23,0.43,0.13,-2.9,0,0.01
A9601_10781,2.43,4.2,0.66,0.16,-2.67,0,0.01
A9601_10791,77.44,57.9,96.98,1.67,0.74,0,0
A9601_10801,8.86,6.25,11.48,1.84,0.88,0.02,0.07
A9601_10811,21.95,26.57,17.33,0.65,-0.62,0.02,0.06
A9601_10821,25.82,28.99,22.64,0.78,-0.36,0.14,0.32
A9601_10831,0,0,0,NA,NA,NA,NA
A9601_10841,16.46,16.13,16.79,1.04,0.06,0.81,0.95
A9601_10851,14.99,13.94,16.03,1.15,0.2,0.42,0.67
A9601_10861,36.86,44.69,29.04,0.65,-0.62,0,0
A9601_10871,8.73,8.65,8.82,1.02,0.03,0.96,1
A9601_10881,5.39,3.73,7.06,1.89,0.92,0.06,0.17
A9601_10891,1.99,1.82,2.15,1.18,0.24,0.93,1
A9601_10911,8.81,10.57,7.04,0.67,-0.59,0.09,0.23
A9601_10921,10.7,14.03,7.38,0.53,-0.93,0,0.02
A9601_10941,8.01,10.54,5.47,0.52,-0.95,0.02,0.06
A9601_10961,16.43,20.19,12.68,0.63,-0.67,0.01,0.05
A9601_10971,1.47,1.96,0.99,0.5,-0.99,0.43,0.68
A9601_10981,12.28,11.56,12.99,1.12,0.17,0.81,0.95
A9601_10991,0.63,1.06,0.2,0.19,-2.4,0.16,0.36
A9601_11001,4.14,5.41,2.87,0.53,-0.91,0.12,0.29
A9601_11011,11.62,16.62,6.63,0.4,-1.33,0,0
A9601_11021,0.94,0.74,1.14,1.54,0.63,0.79,0.93
A9601_11031,1.37,0.93,1.81,1.95,0.96,0.47,0.7
A9601_11041,0.17,0,0.34,Inf,Inf,0.52,0.75
A9601_11051,1.79,1.41,2.17,1.54,0.62,0.71,0.89
A9601_11061,4.24,2.52,5.97,2.37,1.24,0.04,0.14
A9601_11071,3.72,1.98,5.45,2.74,1.46,0.03,0.09
A9601_11081,0.14,0.14,0.14,1,0,1,1
A9601_11091,0.07,0.15,0,0,#NAME?,1,1
A9601_11101,3.22,1.83,4.61,2.52,1.34,0.14,0.32
A9601_11111,3.53,2.7,4.36,1.61,0.69,0.33,0.57
A9601_11121,2.24,3.33,1.15,0.35,-1.53,0.05,0.16
A9601_11131,4.62,6.76,2.47,0.37,-1.45,0.01,0.04
A9601_11141,1.95,2.15,1.76,0.82,-0.29,0.78,0.93
A9601_11151,3.65,2.53,4.78,1.89,0.92,0.19,0.39
A9601_11161,3.33,2.31,4.34,1.88,0.91,0.1,0.26
A9601_11171,1.9,1.97,1.83,0.93,-0.11,1,1
A9601_11181,0.59,0.75,0.42,0.56,-0.84,0.55,0.77
A9601_11191,3.7,3.21,4.19,1.31,0.39,0.5,0.73
A9601_11201,17.03,14.45,19.61,1.36,0.44,0.14,0.32
A9601_11211,2.44,3.22,1.67,0.52,-0.94,0.16,0.36
A9601_11221,10.5,14.21,6.79,0.48,-1.07,0,0.01
A9601_11231,0.87,1.32,0.42,0.32,-1.65,0.17,0.37
A9601_11241,0.22,0,0.43,Inf,Inf,0.51,0.73
A9601_11251,4.37,3.12,5.62,1.8,0.85,0.33,0.58
A9601_11261,7.19,4.87,9.51,1.95,0.97,0.02,0.08
A9601_11271,0.79,0.82,0.75,0.92,-0.12,1,1
A9601_11281,2.96,5.16,0.77,0.15,-2.75,0,0
A9601_11291,15.8,25.39,6.21,0.24,-2.03,0,0
A9601_11301,1.78,2.9,0.66,0.23,-2.15,0.04,0.13
A9601_11311,12.79,13.9,11.69,0.84,-0.25,0.7,0.88
A9601_11321,18.23,19.34,17.12,0.89,-0.18,0.63,0.83
A9601_11331,24.36,18.5,30.22,1.63,0.71,0,0.01
A9601_11341,6.03,4.39,7.66,1.74,0.8,0.09,0.23
A9601_11351,13.09,13.68,12.51,0.91,-0.13,0.84,0.96
A9601_11361,160.43,293.09,27.77,0.09,-3.4,0,0
A9601_11371,1432.78,2600.3,265.26,0.1,-3.29,0,0
A9601_11381,5.53,8.02,3.03,0.38,-1.4,0,0.01
A9601_11391,0.83,1.46,0.2,0.14,-2.87,0.18,0.38
A9601_11401,0.96,1.44,0.47,0.33,-1.6,0.24,0.46
A9601_11411,0,0,0,NA,NA,NA,NA
A9601_11421,7.4,6.5,8.29,1.28,0.35,0.54,0.76
A9601_11431,3.68,4.36,3.01,0.69,-0.53,0.45,0.69
A9601_11441,6.39,6.45,6.34,0.98,-0.03,0.88,0.99
A9601_11451,3.21,3.48,2.95,0.85,-0.24,0.67,0.86
A9601_11461,51.57,61.36,41.77,0.68,-0.55,0,0.01
A9601_11471,2.99,3.34,2.63,0.79,-0.34,0.69,0.87
A9601_11481,0.07,0.14,0,0,#NAME?,1,1
A9601_11491,5.01,3.1,6.93,2.23,1.16,0.11,0.26
A9601_11501,2.97,3.97,1.97,0.5,-1.01,0.17,0.36
A9601_11511,10.83,10.59,11.08,1.05,0.07,0.81,0.95
A9601_11521,7.99,6.81,9.17,1.35,0.43,0.31,0.55
A9601_11551,1.41,1.18,1.63,1.38,0.46,0.87,0.98
A9601_11571,2.5,1.24,3.77,3.05,1.61,0.03,0.09
A9601_11581,8.05,8.08,8.02,0.99,-0.01,0.91,1
A9601_11621,7.97,10.12,5.81,0.57,-0.8,0.08,0.23
A9601_11641,20.77,21.28,20.26,0.95,-0.07,0.65,0.84
A9601_11661,207.8,241.34,174.26,0.72,-0.47,0,0
A9601_11681,295.96,316.79,275.13,0.87,-0.2,0.07,0.2
A9601_11691,47.1,41.71,52.5,1.26,0.33,0.11,0.26
A9601_11701,26.93,25.27,28.59,1.13,0.18,0.38,0.63
A9601_11721,12.19,14.87,9.5,0.64,-0.65,0.05,0.16
A9601_11731,19.58,15.53,23.64,1.52,0.61,0.01,0.06
A9601_11761,8.74,8.21,9.26,1.13,0.17,0.56,0.79
A9601_11781,0,0,0,NA,NA,NA,NA
A9601_11791,36.25,28.64,43.87,1.53,0.62,0,0.02
A9601_11821,12.7,10.42,14.98,1.44,0.52,0.1,0.25
A9601_11831,18.3,16.36,20.23,1.24,0.31,0.31,0.55
A9601_11841,27.83,29.91,25.75,0.86,-0.22,0.26,0.49
A9601_11851,43.52,40.28,46.76,1.16,0.22,0.21,0.42
A9601_11881,0.82,0.78,0.85,1.08,0.12,1,1
A9601_11891,17.26,17.95,16.57,0.92,-0.12,0.58,0.8
A9601_11951,0.22,0.12,0.32,2.78,1.47,0.89,0.99
A9601_11971,22.71,22.08,23.34,1.06,0.08,1,1
A9601_12001,8.81,9.09,8.53,0.94,-0.09,0.75,0.91
A9601_12011,5.98,5.32,6.63,1.25,0.32,0.4,0.65
A9601_12021,15.79,13.39,18.19,1.36,0.44,0.13,0.3
A9601_12051,22.78,19.06,26.5,1.39,0.48,0.03,0.11
A9601_12061,2.91,1.81,4.02,2.22,1.15,0.12,0.29
A9601_12101,0.14,0.28,0,0,#NAME?,0.7,0.88
A9601_12121,7.62,8.4,6.83,0.81,-0.3,0.66,0.85
A9601_12141,7.54,6.38,8.69,1.36,0.45,0.4,0.65
A9601_12151,26.87,28.78,24.95,0.87,-0.21,0.22,0.44
A9601_12161,12.42,14.44,10.4,0.72,-0.47,0.27,0.51
A9601_12171,41.48,37.64,45.32,1.2,0.27,0.25,0.48
A9601_12181,10.06,7.76,12.35,1.59,0.67,0.02,0.07
A9601_12191,160.87,155.05,166.69,1.08,0.1,0.38,0.63
A9601_12201,8.38,8.67,8.1,0.93,-0.1,0.87,0.98
A9601_12241,160.87,83.41,238.32,2.86,1.51,0,0
A9601_12251,6032.78,4740.9,7324.65,1.54,0.63,0,0
A9601_12261,11.33,9.39,13.27,1.41,0.5,0.14,0.33
A9601_12271,6931.06,5188.5,8673.62,1.67,0.74,0,0
A9601_12281,5.26,6.74,3.78,0.56,-0.83,0.08,0.21
A9601_12291,1.17,0.4,1.94,4.82,2.27,0.02,0.07
A9601_12311,19.34,18.05,20.62,1.14,0.19,0.52,0.74
A9601_12321,13.35,13.69,13.01,0.95,-0.07,0.87,0.98
A9601_12331,1.91,1.79,2.04,1.14,0.19,0.92,1
A9601_12351,14.75,11.49,18,1.57,0.65,0.21,0.43
A9601_12361,3.79,3.18,4.39,1.38,0.47,0.65,0.84
A9601_12371,0.96,0.68,1.25,1.84,0.88,0.45,0.69
A9601_12381,0.5,0.85,0.15,0.18,-2.5,0.52,0.74
A9601_12391,2.14,2.25,2.03,0.9,-0.15,1,1
A9601_12401,0.9,0.56,1.25,2.24,1.16,0.3,0.54
A9601_12411,0.29,0.12,0.45,3.88,1.96,0.89,0.99
A9601_12421,0.07,0.15,0,0,#NAME?,1,1
A9601_12431,0.68,0.68,0.67,1,0,1,1
A9601_12441,1.28,1.73,0.84,0.48,-1.05,0.25,0.47
A9601_12451,5.99,6.39,5.59,0.88,-0.19,0.72,0.89
A9601_12461,4.27,7.56,0.98,0.13,-2.95,0,0
A9601_12471,8.79,12.86,4.72,0.37,-1.45,0,0
A9601_12481,6.19,5.48,6.9,1.26,0.33,0.38,0.62
A9601_12491,13.84,15.69,11.99,0.76,-0.39,0.2,0.41
A9601_12501,9.24,0.91,17.58,19.38,4.28,0,0
A9601_12511,9.88,1.37,18.4,13.43,3.75,0,0
A9601_12521,10326.39,6617.31,14035.47,2.12,1.08,0,0
A9601_12531,6.45,3.94,8.96,2.27,1.18,0,0.01
A9601_12541,0.42,0.4,0.44,1.09,0.13,1,1
A9601_12561,2.78,3.54,2.01,0.57,-0.82,0.15,0.34
A9601_12571,7.07,9.14,4.99,0.55,-0.87,0.02,0.07
A9601_12581,39.6,39,40.2,1.03,0.04,0.9,1
A9601_12601,7.64,6.65,8.63,1.3,0.38,0.59,0.8
A9601_12621,0.95,1.12,0.78,0.7,-0.52,0.91,1
A9601_12631,4.67,4.08,5.26,1.29,0.37,0.6,0.81
A9601_12641,0.72,0.64,0.8,1.24,0.31,0.8,0.95
A9601_12651,3.43,3.24,3.61,1.11,0.16,0.96,1
A9601_12661,4.58,4.07,5.09,1.25,0.32,0.81,0.95
A9601_12671,32.69,27.38,37.99,1.39,0.47,0.04,0.12
A9601_12681,3.2,1.59,4.81,3.04,1.6,0.01,0.04
A9601_12691,3.88,4.22,3.53,0.84,-0.26,0.77,0.92
A9601_12701,8.85,9.42,8.28,0.88,-0.19,0.75,0.91
A9601_12711,0.13,0.12,0.15,1.28,0.35,1,1
A9601_12721,3.89,6.41,1.37,0.21,-2.23,0,0
A9601_12731,2.8,4.72,0.88,0.19,-2.42,0,0.01
A9601_12741,2.67,4.2,1.15,0.27,-1.87,0.02,0.06
A9601_12751,2.59,2.27,2.92,1.29,0.37,0.87,0.98
A9601_12761,7.91,9.43,6.39,0.68,-0.56,0.1,0.25
A9601_12771,0.74,0.53,0.95,1.8,0.85,0.44,0.68
A9601_12781,1.75,2.11,1.38,0.65,-0.61,0.47,0.7
A9601_12791,5.8,5.71,5.89,1.03,0.04,0.93,1
A9601_12801,6.03,8.2,3.85,0.47,-1.09,0.01,0.05
A9601_12811,5.59,7.94,3.23,0.41,-1.3,0.01,0.04
A9601_12821,4.06,7.39,0.73,0.1,-3.33,0,0
A9601_12831,0.14,0.12,0.16,1.39,0.47,1,1
A9601_12841,2.01,3.29,0.73,0.22,-2.17,0.01,0.04
A9601_12851,2.12,3.21,1.04,0.32,-1.63,0.05,0.14
A9601_12861,2.77,2.65,2.89,1.09,0.13,1,1
A9601_12871,1.25,1.07,1.43,1.34,0.42,0.75,0.91
A9601_12881,22.81,23.18,22.44,0.97,-0.05,0.63,0.83
A9601_12901,1.04,1.17,0.91,0.78,-0.36,0.75,0.91
A9601_12911,0.72,1.29,0.15,0.12,-3.11,0.09,0.23
A9601_12921,2.81,3.48,2.13,0.61,-0.71,0.33,0.57
A9601_12931,10.71,13.13,8.3,0.63,-0.66,0.04,0.13
A9601_12941,14.16,17.69,10.63,0.6,-0.73,0.03,0.09
A9601_12951,174.7,232.52,116.88,0.5,-0.99,0,0
A9601_12961,38.61,38.95,38.27,0.98,-0.03,0.73,0.9
A9601_12971,20.1,26.19,14.01,0.53,-0.9,0,0.01
A9601_12981,0.86,0.88,0.83,0.94,-0.09,1,1
A9601_12991,1.82,3.29,0.36,0.11,-3.2,0,0.01
A9601_13001,5.41,4.37,6.46,1.48,0.56,0.27,0.51
A9601_13011,2.16,1.92,2.39,1.25,0.32,1,1
A9601_13021,3.32,2.93,3.71,1.27,0.34,0.51,0.74
A9601_13031,0.55,0.64,0.45,0.71,-0.5,0.7,0.88
A9601_13041,37.41,9.62,65.2,6.78,2.76,0,0
A9601_13051,79.85,18.21,141.49,7.77,2.96,0,0
A9601_13061,31.46,8.18,54.75,6.69,2.74,0,0
A9601_13071,26.01,4.91,47.12,9.6,3.26,0,0
A9601_13081,2.38,2.75,2.02,0.73,-0.45,0.78,0.93
A9601_13091,0.36,0.12,0.6,5.06,2.34,0.63,0.83
A9601_13101,0.1,0,0.2,Inf,Inf,0.93,1
A9601_13111,1.32,1.33,1.31,0.99,-0.02,1,1
A9601_13121,2.37,2.81,1.93,0.69,-0.54,0.33,0.57
A9601_13181,2.83,2.77,2.88,1.04,0.06,1,1
A9601_13191,16.08,12.34,19.82,1.61,0.68,0.02,0.07
A9601_13231,219.15,268.8,169.51,0.63,-0.67,0,0
A9601_13241,19.98,27.2,12.76,0.47,-1.09,0,0
A9601_13251,91.65,84.22,99.07,1.18,0.23,0.18,0.38
A9601_13271,7.29,7.57,7.02,0.93,-0.11,0.65,0.84
A9601_13281,71.11,97.29,44.92,0.46,-1.11,0,0
A9601_13301,8.25,10.42,6.08,0.58,-0.78,0.04,0.12
A9601_13321,9.15,9.7,8.61,0.89,-0.17,0.42,0.67
A9601_13331,14.95,18.33,11.57,0.63,-0.66,0.04,0.12
A9601_13381,2.38,2.04,2.72,1.33,0.41,0.72,0.89
A9601_13391,16.71,16.94,16.48,0.97,-0.04,0.85,0.97
A9601_13401,9.68,10.51,8.84,0.84,-0.25,0.41,0.66
A9601_13411,22.95,28.58,17.33,0.61,-0.72,0,0.02
A9601_13421,18.32,19.09,17.55,0.92,-0.12,0.57,0.79
A9601_13431,24.05,26.26,21.85,0.83,-0.27,0.29,0.53
A9601_13441,0.85,0.77,0.92,1.2,0.26,0.95,1
A9601_13451,11.82,13.77,9.87,0.72,-0.48,0.17,0.37
A9601_13461,8.14,8.84,7.45,0.84,-0.25,0.54,0.77
A9601_13471,7.92,11.82,4.02,0.34,-1.56,0,0
A9601_13481,27.9,45.45,10.36,0.23,-2.13,0,0
A9601_13491,2.24,3.8,0.68,0.18,-2.48,0,0.02
A9601_13501,23.04,23.19,22.89,0.99,-0.02,0.8,0.94
A9601_13511,25.62,30.44,20.8,0.68,-0.55,0.03,0.11
A9601_13541,67.58,71.5,63.67,0.89,-0.17,0.25,0.47
A9601_13551,7308.64,5744.6,8872.68,1.54,0.63,0,0
A9601_13571,5.69,6.29,5.1,0.81,-0.3,0.48,0.7
A9601_13581,6.05,7.44,4.65,0.63,-0.68,0.17,0.37
A9601_13591,8.03,9.1,6.96,0.77,-0.39,0.25,0.47
A9601_13601,4.62,2.97,6.26,2.11,1.08,0.08,0.21
A9601_13611,33.32,36.14,30.5,0.84,-0.24,0.22,0.43
A9601_13621,15.28,15.76,14.79,0.94,-0.09,0.65,0.84
A9601_13631,1400.76,1440.26,1361.26,0.95,-0.08,0.85,0.97
A9601_13651,1.83,2.41,1.26,0.52,-0.94,0.28,0.52
A9601_13661,0.92,0.53,1.32,2.49,1.32,0.3,0.54
A9601_13671,1.51,1.49,1.52,1.02,0.02,1,1
A9601_13681,5.93,5.45,6.42,1.18,0.24,0.68,0.86
A9601_13691,2.67,2.92,2.42,0.83,-0.27,0.71,0.89
A9601_13701,23.82,24.66,22.98,0.93,-0.1,0.74,0.91
A9601_13711,13.17,12.89,13.45,1.04,0.06,1,1
A9601_13721,17.1,15.68,18.52,1.18,0.24,0.46,0.7
A9601_13751,53.29,56.27,50.31,0.89,-0.16,0.26,0.49
A9601_13781,43.83,30.61,57.04,1.86,0.9,0,0
A9601_13801,23.43,17.33,29.53,1.7,0.77,0,0.02
A9601_13821,28.57,29.88,27.25,0.91,-0.13,0.69,0.87
A9601_13841,732.34,822.97,641.7,0.78,-0.36,0,0.02
A9601_13861,6.56,7.59,5.52,0.73,-0.46,0.34,0.58
A9601_13871,0.75,0.81,0.68,0.84,-0.25,1,1
A9601_13881,4.76,5.7,3.82,0.67,-0.58,0.16,0.35
A9601_13891,16.5,13.25,19.76,1.49,0.58,0.02,0.08
A9601_13911,3.81,4.49,3.12,0.7,-0.52,0.29,0.53
A9601_13921,2.28,2.03,2.54,1.25,0.32,0.98,1
A9601_13931,2.78,2.97,2.59,0.87,-0.2,0.59,0.8
A9601_13941,4.65,5.8,3.51,0.61,-0.72,0.2,0.42
A9601_13951,3.64,4.1,3.19,0.78,-0.36,0.75,0.91
A9601_13961,17.17,17.19,17.16,1,0,0.94,1
A9601_13971,8.85,7.19,10.5,1.46,0.55,0.2,0.41
A9601_14001,9.93,11.62,8.24,0.71,-0.5,0.19,0.4
A9601_14021,3.63,4.78,2.47,0.52,-0.95,0.1,0.26
A9601_14031,8,9.31,6.69,0.72,-0.48,0.29,0.53
A9601_14041,2,2.16,1.85,0.86,-0.22,0.87,0.98
A9601_14051,28.37,30.68,26.07,0.85,-0.24,0.25,0.48
A9601_14071,16.66,17.03,16.28,0.96,-0.07,0.87,0.98
A9601_14081,7.65,6.01,9.28,1.54,0.63,0.16,0.35
A9601_14091,13.65,14,13.3,0.95,-0.07,0.63,0.83
A9601_14101,38.56,39.32,37.8,0.96,-0.06,0.8,0.94
A9601_14111,11.37,9.14,13.6,1.49,0.57,0.13,0.31
A9601_14121,7.21,7.24,7.19,0.99,-0.01,0.99,1
A9601_14131,18.17,17.16,19.19,1.12,0.16,0.53,0.75
A9601_14141,4.04,3.93,4.15,1.06,0.08,0.98,1
A9601_14151,3.69,4.4,2.99,0.68,-0.56,0.45,0.69
A9601_14161,5.13,5.14,5.12,1,0,1,1
A9601_14171,5.1,6.45,3.75,0.58,-0.78,0.11,0.27
A9601_14181,14.26,12.4,16.12,1.3,0.38,0.25,0.48
A9601_14191,12.01,12.56,11.46,0.91,-0.13,0.57,0.79
A9601_14201,15.45,20.47,10.42,0.51,-0.97,0,0
A9601_14211,2.64,2.35,2.93,1.25,0.32,0.54,0.76
A9601_14221,3.28,4.78,1.78,0.37,-1.43,0.02,0.08
A9601_14231,11.84,16.91,6.76,0.4,-1.32,0,0
A9601_14251,8.93,12.29,5.56,0.45,-1.14,0,0.01
A9601_14291,4.13,6.01,2.25,0.37,-1.42,0.01,0.03
A9601_14301,2.6,4.13,1.06,0.26,-1.97,0.01,0.04
A9601_14311,8.55,9.13,7.98,0.87,-0.19,0.57,0.79
A9601_14321,3.87,4.88,2.86,0.59,-0.77,0.47,0.7
A9601_14331,3.4,3.27,3.54,1.08,0.11,1,1
A9601_14341,0.58,0.47,0.69,1.47,0.55,1,1
A9601_14351,0.84,0.42,1.26,3.01,1.59,0.31,0.55
A9601_14361,150.51,154.33,146.68,0.95,-0.07,0.85,0.97
A9601_14371,0,0,0,NA,NA,NA,NA
A9601_14381,2.44,1.83,3.05,1.67,0.74,0.38,0.62
A9601_14391,8.21,12.1,4.33,0.36,-1.48,0,0.01
A9601_14401,2.54,3.68,1.4,0.38,-1.39,0.06,0.17
A9601_14431,12.13,12.28,11.98,0.98,-0.04,0.91,1
A9601_14441,5.3,4.12,6.48,1.57,0.65,0.3,0.54
A9601_14451,8.43,7.98,8.89,1.11,0.15,0.66,0.85
A9601_14461,30.31,38.52,22.1,0.57,-0.8,0,0
A9601_14471,8.48,11.16,5.81,0.52,-0.94,0.01,0.03
A9601_14481,0.42,0.5,0.34,0.68,-0.56,0.92,1
A9601_14491,4.71,7.36,2.06,0.28,-1.83,0,0
A9601_14501,4.41,5,3.82,0.76,-0.39,0.44,0.68
A9601_14511,0.99,1.15,0.84,0.73,-0.46,1,1
A9601_14541,13,15.54,10.46,0.67,-0.57,0.06,0.18
A9601_14551,14.11,13.18,15.04,1.14,0.19,0.57,0.79
A9601_14561,3.65,3.84,3.45,0.9,-0.15,0.61,0.82
A9601_14571,1.31,1.81,0.82,0.45,-1.15,0.21,0.43
A9601_14581,3.18,2.5,3.86,1.54,0.63,0.7,0.88
A9601_14601,8.96,10.62,7.3,0.69,-0.54,0.21,0.42
A9601_14631,393.32,406.71,379.93,0.93,-0.1,0.35,0.6
A9601_14641,16.34,14.59,18.08,1.24,0.31,0.32,0.57
A9601_14651,14.19,13.25,15.12,1.14,0.19,0.56,0.78
A9601_14661,2.98,3.37,2.6,0.77,-0.38,0.53,0.75
A9601_14711,41.66,50.66,32.65,0.64,-0.63,0,0.01
A9601_14751,13.01,18.08,7.95,0.44,-1.19,0,0
A9601_14761,7.44,10.89,3.98,0.37,-1.45,0,0
A9601_14771,8.44,9.34,7.55,0.81,-0.31,0.44,0.68
A9601_14781,9.92,8.89,10.95,1.23,0.3,0.63,0.83
A9601_14811,7.2,6.63,7.77,1.17,0.23,0.6,0.81
A9601_14821,592.79,603.1,582.48,0.97,-0.05,0.62,0.82
A9601_14861,88.46,94.73,82.19,0.87,-0.2,0.11,0.26
A9601_14881,134.66,142.78,126.54,0.89,-0.17,0.15,0.34
A9601_14891,62.1,58.54,65.66,1.12,0.17,0.37,0.62
A9601_14921,134.9,147.67,122.13,0.83,-0.27,0.22,0.44
A9601_14931,253.84,290.18,217.5,0.75,-0.42,0,0
A9601_14941,15.05,15.85,14.26,0.9,-0.15,0.67,0.85
A9601_14951,16.03,15.67,16.4,1.05,0.07,0.81,0.95
A9601_14981,18.98,18.11,19.85,1.1,0.13,0.42,0.67
A9601_15021,12.75,8.59,16.92,1.97,0.98,0.04,0.14
A9601_15041,48.15,42.66,53.64,1.26,0.33,0.11,0.27
A9601_15061,22.32,26.15,18.48,0.71,-0.5,0.04,0.14
A9601_15111,57.94,52.76,63.12,1.2,0.26,0.11,0.27
A9601_15121,218.91,192.26,245.57,1.28,0.35,0,0.02
A9601_15161,25.91,28.38,23.45,0.83,-0.27,0.34,0.58
A9601_15171,8.88,10.02,7.74,0.77,-0.37,0.34,0.58
A9601_15181,1.59,2.09,1.08,0.52,-0.96,0.3,0.54
A9601_15191,2.41,2.28,2.53,1.11,0.15,1,1
A9601_15211,0.22,0,0.44,Inf,Inf,0.3,0.54
A9601_15241,69.09,68.69,69.48,1.01,0.02,0.98,1
A9601_15251,8.26,10.03,6.5,0.65,-0.63,0.1,0.25
A9601_15261,26.77,27.96,25.57,0.91,-0.13,0.63,0.83
A9601_15271,16.2,15.57,16.84,1.08,0.11,0.79,0.94
A9601_15301,13.15,14.28,12.02,0.84,-0.25,0.52,0.74
A9601_15311,5.29,3.78,6.8,1.8,0.85,0.1,0.26
A9601_15331,15.73,17.99,13.46,0.75,-0.42,0.13,0.3
A9601_15381,51.39,54.9,47.89,0.87,-0.2,0.45,0.69
A9601_15391,10.06,11.07,9.04,0.82,-0.29,0.48,0.71
A9601_15401,0.95,0.65,1.25,1.92,0.94,0.61,0.81
A9601_15471,22.62,14.22,31.03,2.18,1.13,0,0
A9601_15511,392.26,466.92,317.59,0.68,-0.56,0,0
A9601_15521,25.82,22.8,28.84,1.26,0.34,0.07,0.19
A9601_15531,439.22,439,439.43,1,0,0.98,1
A9601_15561,21.6,27.45,15.76,0.57,-0.8,0,0
A9601_15571,7.61,8.8,6.42,0.73,-0.46,0.28,0.51
A9601_15581,4.08,3.05,5.11,1.68,0.75,0.21,0.43
A9601_15591,2.73,1.28,4.18,3.27,1.71,0.02,0.08
A9601_15601,45.36,60.51,30.21,0.5,-1,0,0
A9601_15611,87.84,108.09,67.6,0.63,-0.68,0,0
A9601_15621,2.53,2.37,2.68,1.13,0.18,0.94,1
A9601_15631,39.14,42.72,35.55,0.83,-0.27,0.24,0.46
A9601_15641,16.64,15.14,18.14,1.2,0.26,0.39,0.64
A9601_15651,2.37,3.46,1.29,0.37,-1.42,0.06,0.18
A9601_15671,42.38,42.6,42.16,0.99,-0.02,0.77,0.92
A9601_15681,9.34,9.67,9.01,0.93,-0.1,1,1
A9601_15691,0.63,0.4,0.86,2.16,1.11,0.61,0.81
A9601_15701,0.98,0.67,1.3,1.92,0.94,0.33,0.58
A9601_15711,3.84,3.99,3.69,0.92,-0.11,1,1
A9601_15721,17.44,25.75,9.14,0.35,-1.49,0,0
A9601_15731,9.4,9.72,9.08,0.93,-0.1,0.82,0.96
A9601_15741,1.09,1.32,0.87,0.66,-0.6,0.62,0.82
A9601_15751,2.85,2.1,3.6,1.71,0.77,0.36,0.61
A9601_15761,2.97,5.58,0.36,0.06,-3.97,0,0
A9601_15771,2.99,4.79,1.19,0.25,-2.01,0.01,0.03
A9601_15781,5.61,4.86,6.36,1.31,0.39,0.82,0.95
A9601_15791,4.14,4.55,3.74,0.82,-0.28,0.5,0.73
A9601_15801,12.32,14.19,10.44,0.74,-0.44,0.15,0.33
A9601_15811,4.58,4.84,4.33,0.89,-0.16,0.87,0.98
A9601_15821,5.21,6.72,3.69,0.55,-0.86,0.04,0.14
A9601_15831,11.39,17.95,4.83,0.27,-1.89,0,0
A9601_15841,11.9,21.38,2.41,0.11,-3.15,0,0
A9601_15851,0.58,0.81,0.35,0.43,-1.21,0.55,0.77
A9601_15861,0.97,0.89,1.05,1.18,0.24,1,1
A9601_15871,53.98,76.44,31.51,0.41,-1.28,0,0
A9601_15881,34.39,57.84,10.94,0.19,-2.4,0,0
A9601_15891,7.53,14.54,0.53,0.04,-4.77,0,0
A9601_15901,13.94,24.87,3.02,0.12,-3.04,0,0
A9601_15911,1.44,2.88,0,0,#NAME?,0,0
A9601_15921,54.22,60.49,47.96,0.79,-0.33,0.06,0.18
A9601_15931,10.64,17.78,3.5,0.2,-2.34,0,0
A9601_15941,49.19,50.65,47.72,0.94,-0.09,0.53,0.75
A9601_15951,6.41,3.16,9.67,3.06,1.61,0,0
A9601_15961,15.47,8.91,22.03,2.47,1.31,0,0
A9601_15971,7.86,4.17,11.55,2.77,1.47,0,0.01
A9601_15981,33.3,20.57,46.02,2.24,1.16,0,0
A9601_15991,3.04,2.71,3.37,1.24,0.32,0.71,0.89
A9601_16001,23.07,16.87,29.28,1.74,0.8,0,0.01
A9601_16011,6.04,5.8,6.28,1.08,0.11,0.75,0.91
A9601_16021,4.84,3.28,6.41,1.95,0.97,0.05,0.14
A9601_16031,1.26,1.12,1.4,1.25,0.32,0.75,0.91
A9601_16041,0.06,0.12,0,0,#NAME?,1,1
A9601_16051,1.16,0.81,1.5,1.84,0.88,0.6,0.81
A9601_16061,2.68,1.24,4.12,3.33,1.73,0.01,0.05
A9601_16071,0.33,0.15,0.51,3.49,1.8,0.58,0.8
A9601_16081,26.29,25.4,27.18,1.07,0.1,0.75,0.91
A9601_16091,1,1.32,0.67,0.5,-0.99,0.46,0.69
A9601_16101,2.52,3.66,1.37,0.38,-1.41,0.09,0.23
A9601_16111,5.13,5.89,4.36,0.74,-0.43,0.34,0.59
A9601_16121,0.3,0.14,0.46,3.38,1.76,0.58,0.8
A9601_16131,1.83,2.37,1.28,0.54,-0.88,0.23,0.45
A9601_16141,2.68,3.64,1.72,0.47,-1.08,0.15,0.34
A9601_16151,0.65,0.68,0.62,0.9,-0.15,0.96,1
A9601_16161,0.26,0.29,0.22,0.76,-0.4,1,1
A9601_16171,0.53,0.57,0.49,0.85,-0.24,1,1
A9601_16181,58.55,54.84,62.26,1.14,0.18,0.72,0.89
A9601_16191,21.36,26.69,16.03,0.6,-0.74,0.08,0.22
A9601_16201,27.25,35.07,19.44,0.55,-0.85,0,0
A9601_16211,21.96,24.74,19.19,0.78,-0.37,0.13,0.3
A9601_16221,1.31,1.67,0.96,0.58,-0.79,0.56,0.78
A9601_16231,4.4,6.6,2.19,0.33,-1.59,0,0.02
A9601_16241,1.22,2.29,0.15,0.07,-3.94,0.01,0.04
A9601_16251,7.56,9.31,5.81,0.62,-0.68,0.08,0.21
A9601_16261,12.26,14.75,9.78,0.66,-0.59,0.12,0.29
A9601_16271,6.41,5.14,7.69,1.5,0.58,0.25,0.48
A9601_16281,8.16,9.23,7.1,0.77,-0.38,0.33,0.58
A9601_16291,0.5,0.57,0.42,0.73,-0.45,0.9,1
A9601_16301,15.83,17.22,14.44,0.84,-0.25,0.57,0.79
A9601_16311,35.39,37.56,33.23,0.88,-0.18,0.29,0.53
A9601_16321,22.79,24.24,21.34,0.88,-0.18,0.59,0.8
A9601_16341,22.52,21.58,23.46,1.09,0.12,0.61,0.81
A9601_16421,103.89,120.06,87.73,0.73,-0.45,0,0.02
A9601_16431,6.49,6.43,6.55,1.02,0.03,1,1
A9601_16451,9.07,10.85,7.3,0.67,-0.57,0.12,0.29
A9601_16461,9.14,11.74,6.55,0.56,-0.84,0.01,0.04
A9601_16491,11.97,11.49,12.45,1.08,0.12,0.8,0.95
A9601_16501,0.58,0.5,0.66,1.34,0.42,1,1
A9601_16511,15.6,16.53,14.66,0.89,-0.17,0.55,0.77
A9601_16521,282.68,270.28,295.07,1.09,0.13,0.27,0.5
A9601_16551,692.98,431.43,954.52,2.21,1.15,0,0
A9601_16561,742.37,480.6,1004.15,2.09,1.06,0,0
A9601_16601,8.92,9.57,8.26,0.86,-0.21,0.79,0.94
A9601_16631,6.33,6.28,6.38,1.02,0.02,0.97,1
A9601_16641,8.08,10.14,6.03,0.59,-0.75,0.09,0.23
A9601_16661,16.58,15.26,17.91,1.17,0.23,0.49,0.72
A9601_16691,20.73,22.47,19,0.85,-0.24,0.41,0.66
A9601_16711,0.38,0.37,0.4,1.07,0.1,1,1
A9601_16721,4.05,3.81,4.28,1.12,0.17,1,1
A9601_16751,2.26,1.21,3.31,2.73,1.45,0.07,0.2
A9601_16761,3.31,4.53,2.09,0.46,-1.12,0.11,0.27
A9601_16781,9.5,6.38,12.61,1.98,0.98,0.01,0.03
A9601_16801,48.19,46.32,50.06,1.08,0.11,0.44,0.68
A9601_16811,46.37,35.65,57.08,1.6,0.68,0,0
A9601_16821,32.59,33.73,31.45,0.93,-0.1,0.74,0.91
A9601_16831,1.81,1.71,1.92,1.13,0.17,0.69,0.88
A9601_16841,0,0,0,NA,NA,NA,NA
A9601_16851,19.4,14.09,24.72,1.75,0.81,0,0.02
A9601_16941,77.61,44.05,111.17,2.52,1.34,0,0
A9601_16951,22.42,26.43,18.41,0.7,-0.52,0.08,0.23
A9601_16971,97.82,108.51,87.12,0.8,-0.32,0.02,0.07
A9601_16991,13.62,14.46,12.79,0.88,-0.18,0.68,0.87
A9601_17001,1.21,1.08,1.35,1.25,0.32,0.81,0.95
A9601_17011,54.1,45.3,62.91,1.39,0.47,0,0.02
A9601_17031,60.48,62.11,58.85,0.95,-0.08,0.73,0.9
A9601_17061,14.75,13.15,16.35,1.24,0.31,0.29,0.53
A9601_17081,59.51,49.53,69.48,1.4,0.49,0.01,0.04
A9601_17091,45.58,32.93,58.24,1.77,0.82,0,0
A9601_17151,0.28,0.42,0.14,0.33,-1.62,0.84,0.96
A9601_17171,3.54,3.43,3.64,1.06,0.08,1,1
A9601_17181,32.54,27.93,37.15,1.33,0.41,0.05,0.15
A9601_17191,1.36,1.92,0.79,0.41,-1.28,0.22,0.44
A9601_17201,0.43,0.53,0.34,0.64,-0.65,1,1
A9601_17211,6.32,6.96,5.68,0.82,-0.29,0.53,0.75
A9601_17221,70.91,95.77,46.04,0.48,-1.06,0,0
A9601_17251,1.99,2.2,1.77,0.8,-0.31,0.82,0.95
A9601_17261,18.58,19.32,17.84,0.92,-0.11,0.6,0.81
A9601_17301,12.76,11.26,14.25,1.26,0.34,0.64,0.83
A9601_17311,12.64,10.89,14.4,1.32,0.4,0.13,0.3
A9601_17321,1.52,1.67,1.38,0.82,-0.28,0.76,0.92
A9601_17331,3.41,3.76,3.06,0.81,-0.3,0.64,0.83
A9601_17341,23.56,23.85,23.27,0.98,-0.04,0.65,0.84
A9601_17661,21.95,23.17,20.72,0.89,-0.16,0.65,0.84
A9601_17681,10,6.53,13.47,2.06,1.05,0.03,0.11
A9601_17701,23.59,24.98,22.2,0.89,-0.17,0.45,0.69
A9601_17731,11.25,8.01,14.5,1.81,0.86,0.02,0.06
A9601_17741,33.11,40.24,25.98,0.65,-0.63,0,0.01
A9601_17751,358.71,422.85,294.58,0.7,-0.52,0,0
A9601_17771,32.97,36.74,29.2,0.79,-0.33,0.07,0.2
A9601_17781,21.7,20.84,22.56,1.08,0.11,0.44,0.68
A9601_17791,17.15,18.19,16.12,0.89,-0.17,0.35,0.6
A9601_17811,11.83,12.48,11.18,0.9,-0.16,0.72,0.89
A9601_17831,9.95,7.79,12.1,1.55,0.64,0.06,0.18
A9601_17841,66.74,87.77,45.71,0.52,-0.94,0,0
A9601_17861,8.36,11.2,5.52,0.49,-1.02,0.01,0.04
A9601_17871,13.28,12.43,14.14,1.14,0.19,0.58,0.8
A9601_17901,19.07,13.59,24.54,1.81,0.85,0,0.01
A9601_17911,1.27,1.14,1.41,1.23,0.3,0.95,1
A9601_17931,5.39,5.43,5.34,0.98,-0.02,0.93,1
A9601_17941,10.95,11.4,10.49,0.92,-0.12,0.51,0.73
A9601_17961,5.3,6.69,3.91,0.58,-0.77,0.16,0.35
A9601_17971,48.91,57.22,40.59,0.71,-0.5,0.01,0.03
A9601_18041,13.39,18.39,8.39,0.46,-1.13,0,0.02
A9601_18061,8.02,6.79,9.25,1.36,0.45,0.2,0.42
A9601_18081,42.76,46.57,38.95,0.84,-0.26,0.12,0.29
A9601_18111,54.75,59.11,50.38,0.85,-0.23,0.17,0.36
A9601_18121,137.64,141.33,133.95,0.95,-0.08,0.67,0.86
A9601_18141,22.23,21.24,23.23,1.09,0.13,0.46,0.69
A9601_18221,1.69,1.05,2.33,2.21,1.15,0.2,0.42
A9601_18231,15.21,14.3,16.12,1.13,0.17,0.59,0.8
A9601_18241,11.3,11.23,11.37,1.01,0.02,0.98,1
A9601_18271,96.25,80.62,111.87,1.39,0.47,0,0.01
A9601_18291,230.84,204.14,257.53,1.26,0.34,0.01,0.04
A9601_18301,2.24,2.24,2.25,1,0,1,1
A9601_18331,21.7,23.45,19.95,0.85,-0.23,0.32,0.56
A9601_18361,12.21,8.26,16.16,1.96,0.97,0.01,0.03
A9601_18371,19.32,22.58,16.05,0.71,-0.49,0.06,0.18
A9601_18381,23.89,20.65,27.12,1.31,0.39,0.13,0.31
A9601_18391,115.13,141.16,89.1,0.63,-0.66,0,0
A9601_18411,0.51,0.12,0.9,7.72,2.95,0.23,0.45
A9601_18421,0.95,1.6,0.29,0.18,-2.49,0.12,0.29
A9601_18431,19.32,25.97,12.67,0.49,-1.04,0,0
A9601_18471,39.46,36.38,42.54,1.17,0.23,0.27,0.5
A9601_18501,3.37,2.68,4.06,1.51,0.6,0.3,0.53
A9601_18511,5.23,2.51,7.96,3.18,1.67,0,0
A9601_18531,85.65,108,63.29,0.59,-0.77,0,0
A9601_18541,25.25,28.84,21.66,0.75,-0.41,0.15,0.34
A9601_18591,191.72,259.63,123.8,0.48,-1.07,0,0
A9601_18611,367.71,340.8,394.61,1.16,0.21,0.04,0.12
A9601_18651,31.8,36.97,26.63,0.72,-0.47,0.02,0.08
A9601_18681,24.62,24.26,24.99,1.03,0.04,0.84,0.96
A9601_18691,6.58,8.14,5.01,0.62,-0.7,0.14,0.33
A9601_18721,14.59,13.17,16,1.21,0.28,0.5,0.73
A9601_18751,44.37,49.37,39.36,0.8,-0.33,0.11,0.26
A9601_18761,76.9,77.25,76.55,0.99,-0.01,0.72,0.9
A9601_18791,24.18,15.69,32.67,2.08,1.06,0,0
A9601_18801,13.09,6.9,19.28,2.79,1.48,0,0
A9601_18861,23.13,28.06,18.19,0.65,-0.62,0.02,0.06
A9601_18871,1.64,1.4,1.89,1.35,0.43,0.85,0.97
A9601_18881,22.42,26.44,18.39,0.7,-0.52,0.07,0.19
A9601_18891,11.83,13.06,10.59,0.81,-0.3,0.41,0.65
A9601_18901,2.9,4.03,1.77,0.44,-1.19,0.14,0.33
A9601_18911,4.35,5.2,3.5,0.67,-0.57,0.47,0.7
A9601_18931,26.83,27.72,25.93,0.94,-0.1,0.86,0.97
A9601_19011,3.8,3.8,3.79,1,-0.01,0.99,1
A9601_19021,5.87,5.25,6.5,1.24,0.31,0.48,0.71
A9601_19031,4.56,4.5,4.61,1.03,0.04,0.99,1
A9601_19051,13.55,12.31,14.78,1.2,0.26,0.37,0.61
A9601_19071,311.35,409.13,213.58,0.52,-0.94,0,0
A9601_19131,33.62,35.24,31.99,0.91,-0.14,0.33,0.58
A9601_19181,52.89,56.88,48.9,0.86,-0.22,0.22,0.44
A9601_19201,238.1,280.53,195.66,0.7,-0.52,0,0
A9601_19231,44.3,48.47,40.14,0.83,-0.27,0.08,0.22
A9601_19241,9.75,10.43,9.07,0.87,-0.2,0.51,0.73
A9601_rrlVIMSS1365720,10265886.18,8569963.98,11961808.37,1.4,0.48,0,0
A9601_rrsVIMSS1309386,5962366.94,5299709.2,6625024.68,1.25,0.32,0.01,0.06
A9601_tRNAAlaVIMSS1309073,34.76,30.26,39.27,1.3,0.38,0.02,0.09
A9601_tRNAAlaVIMSS1309089,119.03,73.65,164.42,2.23,1.16,0,0
A9601_tRNAArgVIMSS1309070,1.78,0.81,2.76,3.41,1.77,0.03,0.1
A9601_tRNAArgVIMSS1309086,1,1.33,0.67,0.5,-0.99,0.56,0.78
A9601_tRNAArgVIMSS1309097,9.4,7.93,10.87,1.37,0.45,0.17,0.37
A9601_tRNAArgVIMSS1309103,3.6,4.09,3.1,0.76,-0.4,0.84,0.96
A9601_tRNAAsnVIMSS1309105,2.54,1.51,3.57,2.35,1.24,0.08,0.21
A9601_tRNAAspVIMSS1309079,9.32,7.77,10.87,1.4,0.49,0.1,0.25
A9601_tRNACysVIMSS1309104,0,0,0,NA,NA,NA,NA
A9601_tRNAGlnVIMSS1309102,3.61,3.03,4.19,1.38,0.47,0.5,0.73
A9601_tRNAGluVIMSS1309075,4.9,6.65,3.14,0.47,-1.08,0.06,0.18
A9601_tRNAGlyVIMSS1309069,4.12,2.68,5.57,2.08,1.05,0.09,0.24
A9601_tRNAGlyVIMSS1309072,3.78,1.39,6.16,4.43,2.15,0,0.01
A9601_tRNAHisVIMSS1309099,3.35,2.47,4.23,1.71,0.78,0.21,0.42
A9601_tRNAIleVIMSS1309088,227.96,175.87,280.05,1.59,0.67,0,0
A9601_tRNALeuVIMSS1309067,0,0,0,NA,NA,NA,NA
A9601_tRNALeuVIMSS1309087,2.89,2.86,2.91,1.02,0.03,1,1
A9601_tRNALeuVIMSS1309090,14.11,14.11,14.12,1,0,0.87,0.98
A9601_tRNALeuVIMSS1309098,13.29,9.34,17.24,1.85,0.88,0,0.01
A9601_tRNALysVIMSS1309093,10.69,8.11,13.26,1.63,0.71,0.02,0.08
A9601_tRNAMetVIMSS1309085,3.47,3.7,3.24,0.88,-0.19,1,1
A9601_tRNAMetVIMSS1309092,1.99,1.59,2.4,1.5,0.59,0.37,0.62
A9601_tRNAPheVIMSS1309084,6.09,6.6,5.59,0.85,-0.24,0.8,0.95
A9601_tRNAProVIMSS1309076,3.23,2.47,3.99,1.61,0.69,0.46,0.7
A9601_tRNAProVIMSS1309094,2.23,1.86,2.59,1.39,0.48,0.57,0.79
A9601_tRNAProVIMSS1309096,7.11,7.81,6.42,0.82,-0.28,0.73,0.9
A9601_tRNASerVIMSS1309071,6.27,6.22,6.33,1.02,0.03,1,1
A9601_tRNASerVIMSS1309074,9.97,13.02,6.93,0.53,-0.91,0.01,0.04
A9601_tRNASerVIMSS1309077,10.07,7.4,12.75,1.72,0.79,0.05,0.14
A9601_tRNASerVIMSS1309091,11.22,7.51,14.93,1.99,0.99,0,0.01
A9601_tRNAThrVIMSS1309081,24.48,20.37,28.6,1.4,0.49,0.02,0.07
A9601_tRNAThrVIMSS1309082,5.99,4.73,7.24,1.53,0.61,0.26,0.49
A9601_tRNAThrVIMSS1309083,3.9,3.71,4.08,1.1,0.14,0.9,0.99
A9601_tRNAThrVIMSS1309101,0.98,1.2,0.75,0.63,-0.67,0.83,0.96
A9601_tRNATrpVIMSS1309078,68.64,64.25,73.04,1.14,0.19,0.26,0.49
A9601_tRNATyrVIMSS1309080,20.51,14.84,26.18,1.76,0.82,0,0
A9601_tRNAValVIMSS1309068,16.71,12.95,20.46,1.58,0.66,0.01,0.06
A9601_tRNAValVIMSS1309100,3.46,1.34,5.58,4.17,2.06,0,0.01
accA,42.89,45.88,39.91,0.87,-0.2,0.28,0.52
accB,66.61,64.14,69.09,1.08,0.11,0.44,0.68
accC,93.93,103.22,84.65,0.82,-0.29,0.08,0.23
accD,50.2,66.66,33.74,0.51,-0.98,0,0
acnB,76.86,90.61,63.11,0.7,-0.52,0,0.01
acoA,87.14,89.82,84.45,0.94,-0.09,0.5,0.73
acpP,147.89,158.14,137.65,0.87,-0.2,0.15,0.34
acrA,9.31,9.16,9.46,1.03,0.05,0.99,1
acs,104.9,137.2,72.59,0.53,-0.92,0,0
adhC,19.1,25.16,13.05,0.52,-0.95,0,0
adk,11.71,13.24,10.17,0.77,-0.38,0.35,0.6
afuA,150.43,181.82,119.03,0.65,-0.61,0,0
ahpC,371.37,378.34,364.4,0.96,-0.05,0.85,0.97
alaS,29.24,22.26,36.21,1.63,0.7,0,0.02
alr,39.11,38.75,39.48,1.02,0.03,0.79,0.93
amiC,16.45,11.58,21.32,1.84,0.88,0,0.01
amtB,19000.17,15408.66,22591.69,1.47,0.55,0,0
ansA,22.16,15.92,28.4,1.78,0.84,0,0.01
apa2,6.93,6.04,7.81,1.29,0.37,0.36,0.61
apt,9.13,8.57,9.69,1.13,0.18,0.77,0.92
argB,24.06,23.64,24.48,1.04,0.05,1,1
argC,32.98,36.76,29.2,0.79,-0.33,0.06,0.18
argD,20.8,15.7,25.91,1.65,0.72,0,0.02
argF,34.49,31.33,37.66,1.2,0.27,0.14,0.33
argG,92.19,94.47,89.92,0.95,-0.07,0.62,0.82
argH,70.94,86.11,55.78,0.65,-0.63,0,0
argJ,17.28,17.99,16.57,0.92,-0.12,0.64,0.84
argS,8.68,9.62,7.75,0.81,-0.31,0.57,0.79
aroA,34.28,34.76,33.8,0.97,-0.04,0.79,0.93
aroB,7.27,7.85,6.68,0.85,-0.23,0.47,0.7
aroC,48.28,51.46,45.11,0.88,-0.19,0.43,0.68
aroE,22.35,23.45,21.25,0.91,-0.14,0.35,0.59
aroG,40.66,39.49,41.83,1.06,0.08,0.7,0.88
aroH,31.95,26.61,37.29,1.4,0.49,0.01,0.06
aroK,4.6,4.59,4.62,1.01,0.01,0.87,0.98
aroQ,4.91,5.14,4.68,0.91,-0.13,0.93,1
arsC,3.48,2.78,4.17,1.5,0.58,0.31,0.55
asd,23.99,25.02,22.96,0.92,-0.12,0.39,0.63
aspA,5.47,5.2,5.74,1.1,0.14,0.58,0.8
aspC,22.1,24.25,19.95,0.82,-0.28,0.3,0.54
aspS,35.15,41.17,29.12,0.71,-0.5,0.02,0.06
atp1,93.96,85.91,102,1.19,0.25,0.43,0.68
atpA,911.92,799.35,1024.48,1.28,0.36,0,0.01
atpB,122.48,101.53,143.44,1.41,0.5,0,0
atpC,117.94,102,133.89,1.31,0.39,0.01,0.04
atpD,728.84,705.72,751.96,1.07,0.09,0.3,0.53
atpE,541.05,366.31,715.79,1.95,0.97,0,0
atpH,403.56,270.28,536.83,1.99,0.99,0,0
bacA,14.53,10.44,18.63,1.78,0.83,0.01,0.05
bioA,17.43,18.17,16.69,0.92,-0.12,0.72,0.89
bioB,43.36,45.97,40.75,0.89,-0.17,0.29,0.53
bioD,7.48,7.48,7.49,1,0,0.92,1
bioF,5.8,5.85,5.75,0.98,-0.03,1,1
birA,7.11,6.58,7.63,1.16,0.21,0.74,0.91
btuE,10.34,7.99,12.7,1.59,0.67,0.03,0.1
cad,14.81,11.25,18.36,1.63,0.71,0.01,0.05
carA,20.2,17.87,22.52,1.26,0.33,0.27,0.51
carB,160.32,151.95,168.69,1.11,0.15,0.3,0.54
cbbA,767.12,710.28,823.97,1.16,0.21,0.07,0.19
cbiB,17.06,15.81,18.31,1.16,0.21,0.49,0.72
cbiD,11.75,14.97,8.53,0.57,-0.81,0.01,0.06
cbiQ,10.48,9.99,10.97,1.1,0.14,0.81,0.95
ccdA,22.43,24.09,20.78,0.86,-0.21,0.48,0.7
ccmA,19.41,19.83,19,0.96,-0.06,0.96,1
ccmC,30.23,26.74,33.72,1.26,0.33,0.15,0.33
ccmK,402.71,265.65,539.78,2.03,1.02,0,0
cdsA,14.15,11.79,16.51,1.4,0.49,0.1,0.25
chlB,205.69,249.1,162.28,0.65,-0.62,0,0
chlD,67.98,73.97,61.99,0.84,-0.25,0.16,0.35
chlG,104.9,140.1,69.7,0.5,-1.01,0,0
chlH,435.62,451.06,420.19,0.93,-0.1,0.39,0.63
chlI,45.71,50.83,40.59,0.8,-0.32,0.08,0.22
chlL,206.99,267.06,146.92,0.55,-0.86,0,0
chlM,20.48,21.96,19.01,0.87,-0.21,0.56,0.78
chlN,272.09,290.97,253.21,0.87,-0.2,0.18,0.38
chlP,365.38,450.34,280.42,0.62,-0.68,0,0
cinA,25.82,27.49,24.16,0.88,-0.19,0.49,0.71
citT,31.95,26.21,37.68,1.44,0.52,0.03,0.1
clpB,57.25,54.05,60.45,1.12,0.16,0.43,0.68
clpB2,93.03,116.64,69.42,0.6,-0.75,0,0
clpC,861.82,915.42,808.22,0.88,-0.18,0.17,0.36
clpP,117.03,116.66,117.4,1.01,0.01,0.87,0.98
clpS,22.35,18.94,25.75,1.36,0.44,0.21,0.42
clpX,195.93,233.46,158.39,0.68,-0.56,0,0
cmk,11.43,10,12.85,1.29,0.36,0.19,0.39
coaD,5.01,5.53,4.49,0.81,-0.3,0.43,0.68
coaE,2.33,1.51,3.16,2.09,1.07,0.34,0.59
cobB,12.76,8.38,17.14,2.05,1.03,0,0.01
cobH,5.74,5.14,6.34,1.23,0.3,0.57,0.79
cobI,2.98,1.79,4.18,2.33,1.22,0.05,0.15
cobJ,15.99,15.19,16.79,1.11,0.14,0.59,0.8
cobK,5.34,3.58,7.09,1.98,0.99,0.02,0.07
cobL,11.97,11.24,12.69,1.13,0.18,0.83,0.96
cobM,7.34,9.63,5.05,0.52,-0.93,0.04,0.13
cobN,19.78,13.85,25.71,1.86,0.89,0,0.01
cobO,13.1,13.01,13.19,1.01,0.02,1,1
cobQ,10.16,8.61,11.72,1.36,0.44,0.22,0.43
cobS,6.26,6.37,6.14,0.96,-0.05,0.83,0.96
cobT,6.47,4.27,8.67,2.03,1.02,0.11,0.26
cobU,12.45,11.29,13.61,1.21,0.27,0.34,0.58
cobW,136.73,150.68,122.78,0.81,-0.3,0.02,0.06
codA,9.75,8.77,10.72,1.22,0.29,0.48,0.71
cpeB,22.76,24.71,20.81,0.84,-0.25,0.29,0.53
cpeS,12.66,13.84,11.47,0.83,-0.27,0.33,0.58
crtB,42.34,43.7,40.99,0.94,-0.09,0.75,0.91
crtH,30.77,27.83,33.71,1.21,0.28,0.16,0.36
crtQ,56.6,44.68,68.52,1.53,0.62,0,0
crtR,28.11,25.54,30.68,1.2,0.26,0.23,0.45
csgD,44.23,55.11,33.34,0.6,-0.72,0,0
csoS2,461.58,172.29,750.87,4.36,2.12,0,0
csoS3,26.63,15.89,37.37,2.35,1.23,0,0
cspR,2.66,1.12,4.19,3.73,1.9,0.01,0.06
ctaA,21.59,24.28,18.9,0.78,-0.36,0.14,0.32
ctaC,23.87,26.21,21.53,0.82,-0.28,0.23,0.45
ctaE,11.97,9.94,14,1.41,0.49,0.32,0.56
cumB,13.21,12.61,13.81,1.09,0.13,0.8,0.94
cutA,1.05,1.47,0.62,0.42,-1.26,0.22,0.44
cyoB,109.79,110.84,108.74,0.98,-0.03,0.91,1
cyoE,36.19,40.77,31.61,0.78,-0.37,0.07,0.2
cysC,17.49,16.55,18.42,1.11,0.15,0.92,1
cysE,16.05,11.44,20.66,1.81,0.85,0,0.01
cysG,14.76,13.29,16.24,1.22,0.29,0.37,0.62
cysH,9.97,9.09,10.85,1.19,0.26,0.65,0.84
cysQ,20.13,18.4,21.86,1.19,0.25,0.33,0.58
cysS,9.92,10.06,9.79,0.97,-0.04,0.99,1
dacB,3.63,2.77,4.49,1.62,0.7,0.37,0.61
dadA,31.25,23.82,38.67,1.62,0.7,0,0.01
dap2,5,4.36,5.64,1.29,0.37,0.71,0.89
dapA,122.23,129.89,114.58,0.88,-0.18,0.54,0.76
dapB,24.65,20.32,28.97,1.43,0.51,0.08,0.21
dapF,8.28,8.28,8.28,1,0,0.99,1
dcd,39.29,33.2,45.39,1.37,0.45,0.02,0.06
dcm,19.13,15.41,22.86,1.48,0.57,0.02,0.06
ddl,7.65,7.75,7.56,0.98,-0.04,1,1
ddpA,10.55,9.82,11.27,1.15,0.2,0.64,0.84
dedA,27.45,26.66,28.23,1.06,0.08,0.63,0.83
def,40.75,37.75,43.74,1.16,0.21,0.34,0.59
degT,25.42,29.38,21.46,0.73,-0.45,0.05,0.16
deoC,13.92,16.42,11.41,0.7,-0.52,0.11,0.27
dfp,24.21,24.53,23.89,0.97,-0.04,0.87,0.98
dgkA,0.49,0.41,0.58,1.41,0.49,1,1
dhsS,117.91,127.28,108.54,0.85,-0.23,0.08,0.23
dinG,10.96,8.31,13.61,1.64,0.71,0.05,0.15
dnaA,119.96,141.51,98.42,0.7,-0.52,0,0
dnaB,94,113.72,74.28,0.65,-0.61,0,0
dnaE,108.64,115.97,101.31,0.87,-0.2,0.15,0.33
dnaG,20.15,21.7,18.6,0.86,-0.22,0.23,0.46
dnaJ,57.83,44.56,71.09,1.6,0.67,0,0
dnaK,627.33,772.19,482.47,0.62,-0.68,0.01,0.04
dnaN,0,0,0,NA,NA,NA,NA
dnaQ,16.08,21.63,10.52,0.49,-1.04,0,0
dnaX,29.04,28.45,29.64,1.04,0.06,1,1
dppB,7.91,5.87,9.95,1.7,0.76,0.1,0.26
dppC,12.71,12.57,12.84,1.02,0.03,0.78,0.93
dxr,26.18,32.63,19.72,0.6,-0.73,0.01,0.05
dxs,396.91,449.9,343.93,0.76,-0.39,0,0
ecm27,14.6,10.91,18.29,1.68,0.74,0.01,0.03
ecm4,3.59,2.9,4.28,1.48,0.56,0.43,0.68
eda,1.93,1.03,2.83,2.74,1.45,0.12,0.29
efp,146.07,125.29,166.84,1.33,0.41,0,0.01
elaC,10.19,11.93,8.46,0.71,-0.5,0.37,0.62
engA,68.01,59.69,76.33,1.28,0.35,0.02,0.06
eno,257.9,349.13,166.66,0.48,-1.07,0,0
era,4.36,4.89,3.83,0.78,-0.35,0.47,0.7
eriC,15.92,11.29,20.55,1.82,0.86,0.03,0.1
fabD,30.98,28.89,33.07,1.14,0.19,0.34,0.58
fabF,500.36,602.65,398.06,0.66,-0.6,0,0.01
fabH,24.59,26.54,22.64,0.85,-0.23,0.32,0.56
fabI,159.19,190.66,127.73,0.67,-0.58,0,0
fabZ,53.06,48.88,57.23,1.17,0.23,0.12,0.29
fadD,58.27,81.01,35.53,0.44,-1.19,0,0
fdx,28.67,25.28,32.06,1.27,0.34,0.2,0.41
fer,12.17,8.72,15.62,1.79,0.84,0.03,0.09
ffh,63.91,69.18,58.64,0.85,-0.24,0.14,0.32
ffs,261.74,200.88,322.59,1.61,0.68,0.02,0.06
fixC,24.52,28.09,20.94,0.75,-0.42,0.08,0.21
fmt,6.03,4.4,7.66,1.74,0.8,0.13,0.31
folB,4.01,3.78,4.24,1.12,0.17,0.89,0.99
folC,5.81,4.06,7.57,1.86,0.9,0.04,0.12
folD,20.1,21.7,18.5,0.85,-0.23,0.38,0.62
folE,55.64,43.49,67.78,1.56,0.64,0,0
folK,3.71,3.25,4.18,1.29,0.36,0.43,0.68
folP,11.99,9.19,14.79,1.61,0.69,0.01,0.06
frr,23.55,24.4,22.7,0.93,-0.1,0.7,0.88
ftsQ,2.02,1.82,2.23,1.22,0.29,0.77,0.92
ftsY,16.72,19.02,14.43,0.76,-0.4,0.14,0.33
ftsZ,339,410.57,267.42,0.65,-0.62,0,0
fumC,36.26,33.88,38.64,1.14,0.19,0.35,0.59
fusA,1264.8,1202.27,1327.33,1.1,0.14,0.1,0.26
gadB,14,14.08,13.91,0.99,-0.02,1,1
galE,13.87,15.56,12.19,0.78,-0.35,0.21,0.43
galM,11.2,10.63,11.78,1.11,0.15,0.7,0.88
gap2,157.16,111,203.32,1.83,0.87,0,0
gatA,58.92,53.09,64.74,1.22,0.29,0.07,0.19
gatB,52.7,64.1,41.31,0.64,-0.63,0,0
gatC,13,10.23,15.77,1.54,0.62,0.09,0.23
gcvH,17.41,14.93,19.89,1.33,0.41,0.33,0.58
gcvP,168.7,170.02,167.38,0.98,-0.02,0.73,0.9
gcvT,22.38,25.69,19.07,0.74,-0.43,0.07,0.2
gid,122.24,142.06,102.42,0.72,-0.47,0,0.01
gidA,47.04,48.68,45.41,0.93,-0.1,0.55,0.77
gidB,3.02,3.05,2.99,0.98,-0.03,0.92,1
gldA,30.79,28.47,33.11,1.16,0.22,0.39,0.64
glf,50.85,67.16,34.53,0.51,-0.96,0,0
glgA,90.24,82.8,97.67,1.18,0.24,0.05,0.16
glgB,93.23,109.24,77.22,0.71,-0.5,0,0.01
glgC,139.14,160.97,117.32,0.73,-0.46,0,0.01
glgP,706.91,472,941.82,2,1,0,0
glgX,25.06,18.04,32.08,1.78,0.83,0,0
glk,7.44,6.65,8.24,1.24,0.31,0.36,0.61
glmS,109.57,115.59,103.55,0.9,-0.16,0.32,0.56
glmU,27.48,33.4,21.57,0.65,-0.63,0.01,0.04
glnA,231.24,287.33,175.14,0.61,-0.71,0,0
glnB,69.86,77.52,62.2,0.8,-0.32,0.03,0.1
gloA,13.9,11.81,16,1.36,0.44,0.25,0.48
glpX,391.92,399.55,384.28,0.96,-0.06,0.99,1
gltA,47.63,56.5,38.76,0.69,-0.54,0,0.02
gltB,212.27,201.62,222.92,1.11,0.14,0.19,0.4
gltX,28.85,26.31,31.38,1.19,0.25,0.27,0.51
glyA,204.15,238.14,170.17,0.71,-0.48,0,0
glyQ,22.25,16.03,28.47,1.78,0.83,0,0
glyS,55.11,64.1,46.12,0.72,-0.47,0,0.02
gmd,41.94,60.71,23.17,0.38,-1.39,0,0
gmhA,2.33,2.12,2.55,1.2,0.26,0.64,0.84
gmk,47.38,64.02,30.75,0.48,-1.06,0,0
gnd,166.77,144.8,188.73,1.3,0.38,0.01,0.03
gor,18.08,12.76,23.39,1.83,0.87,0,0.01
gpmB,51.76,52.28,51.24,0.98,-0.03,0.8,0.94
gpmI,97.35,79.89,114.81,1.44,0.52,0,0
groEL,3100.12,3778.18,2422.05,0.64,-0.64,0,0
groES,748.16,870.25,626.08,0.72,-0.48,0,0.01
grpE,45.48,37.32,53.64,1.44,0.52,0.04,0.14
grxC,7.64,9.24,6.05,0.65,-0.61,0.16,0.36
gshB,15.81,19.45,12.17,0.63,-0.68,0.01,0.05
guaA,77.97,100.02,55.91,0.56,-0.84,0,0
guaB,103.44,101.75,105.13,1.03,0.05,0.63,0.83
gumC,23.72,25.02,22.41,0.9,-0.16,0.45,0.69
gyrB,195.73,215.41,176.06,0.82,-0.29,0.02,0.06
hemA,50.88,50.47,51.29,1.02,0.02,0.76,0.92
hemB,34.58,46.69,22.47,0.48,-1.06,0,0
hemC,66.83,77.52,56.15,0.72,-0.47,0.01,0.05
hemD,8.99,5.31,12.66,2.38,1.25,0,0
hemE,63.96,84.99,42.92,0.51,-0.99,0,0
hemF,58.92,70.91,46.93,0.66,-0.6,0,0
hemH,29.1,28.31,29.88,1.06,0.08,0.88,0.99
hemK,65.1,92.92,37.28,0.4,-1.32,0,0
hemL,161.3,192.36,130.24,0.68,-0.56,0,0
hemN,13.95,11.75,16.15,1.38,0.46,0.22,0.44
hflC,239.36,299.22,179.5,0.6,-0.74,0,0
himA,1365.95,910.22,1821.68,2,1,0,0
hisA,15.56,18.11,13.01,0.72,-0.48,0.09,0.24
hisB,51.08,63.59,38.57,0.61,-0.72,0,0
hisD,25.97,25.56,26.37,1.03,0.05,0.91,1
hisF,13.82,13.14,14.5,1.1,0.14,0.89,0.99
hisG,10.04,8.6,11.47,1.33,0.42,0.39,0.63
hisH,58.52,66.09,50.95,0.77,-0.38,0.01,0.06
hisI,14.71,17.58,11.83,0.67,-0.57,0.04,0.13
hisS,14.25,16.62,11.88,0.71,-0.48,0.17,0.36
hisZ,5.4,5.15,5.65,1.1,0.13,0.92,1
hit,4.99,5.16,4.82,0.93,-0.1,0.85,0.97
hli3,24.82,22.94,26.71,1.16,0.22,0.37,0.61
ho1,16.33,22.43,10.23,0.46,-1.13,0,0
holA,3.76,5.07,2.45,0.48,-1.05,0.17,0.36
holB,5.56,6.44,4.68,0.73,-0.46,0.5,0.73
hslO,21.19,21.79,20.59,0.94,-0.08,0.64,0.84
htpG,99.89,95.69,104.1,1.09,0.12,0.72,0.9
hycB,9.87,9.06,10.68,1.18,0.24,0.46,0.7
icd,134.68,161.59,107.78,0.67,-0.58,0,0
ileS,98.66,97.23,100.09,1.03,0.04,0.47,0.7
ilvA,31.92,31.21,32.63,1.05,0.06,0.96,1
ilvB,204.73,238.79,170.67,0.71,-0.48,0,0
ilvC,209.19,237.89,180.48,0.76,-0.4,0,0.02
ilvD,97.67,83.27,112.06,1.35,0.43,0,0.01
ilvE,60.3,65.76,54.84,0.83,-0.26,0.1,0.26
ilvH,39.48,41.99,36.97,0.88,-0.18,0.48,0.71
infA,22.21,23.37,21.06,0.9,-0.15,0.45,0.69
infB,372.87,408.2,337.54,0.83,-0.27,0.02,0.06
infC,104.11,110.56,97.66,0.88,-0.18,0.25,0.47
isiB,169.27,211.08,127.46,0.6,-0.73,0,0
ispA,32.28,31.94,32.62,1.02,0.03,0.95,1
ispD,7.65,6.4,8.9,1.39,0.48,0.38,0.63
ispE,5.18,4.72,5.64,1.2,0.26,0.81,0.95
ispG,26.3,29.02,23.58,0.81,-0.3,0.19,0.39
kaiB,29.09,16.65,41.52,2.49,1.32,0,0
kaiC,58.6,55.48,61.73,1.11,0.15,0.29,0.53
kefB,296.28,317.47,275.08,0.87,-0.21,0.11,0.27
ksgA,2.1,2.37,1.84,0.77,-0.37,0.54,0.76
lasT,3.53,2.29,4.77,2.08,1.06,0.2,0.41
lepA,46.35,40.41,52.29,1.29,0.37,0.04,0.12
leuA,136.45,122.42,150.49,1.23,0.3,0.02,0.09
leuB,16.24,16.63,15.86,0.95,-0.07,0.81,0.95
leuC,90.9,112.11,69.68,0.62,-0.69,0,0
leuD,14.85,17.56,12.13,0.69,-0.53,0.08,0.21
leuS,43.67,38.92,48.41,1.24,0.31,0.09,0.25
lexA,82.95,85.25,80.65,0.95,-0.08,0.48,0.71
lgt,19.3,22.34,16.26,0.73,-0.46,0.12,0.29
lipB,2.72,1.91,3.53,1.85,0.89,0.31,0.55
livF,7.69,4.98,10.4,2.09,1.06,0.01,0.04
livH,22.94,23.35,22.54,0.97,-0.05,0.91,1
lnt,10.91,9.32,12.5,1.34,0.42,0.33,0.58
lpd,100.01,104.46,95.56,0.91,-0.13,0.58,0.8
lplA,17.7,20.66,14.74,0.71,-0.49,0.07,0.19
lpxA,28.86,35.68,22.04,0.62,-0.7,0.01,0.02
lpxB,11.04,10.32,11.76,1.14,0.19,0.87,0.98
lpxC,18.44,15.71,21.16,1.35,0.43,0.07,0.2
lpxD,12.68,11.67,13.69,1.17,0.23,0.45,0.69
lrtA,114.3,117.19,111.42,0.95,-0.07,0.37,0.62
lspA,0.22,0.24,0.2,0.85,-0.24,1,1
lysA,59.19,58.78,59.61,1.01,0.02,0.83,0.96
lysC,31.66,31.26,32.07,1.03,0.04,0.78,0.93
lysS,44.37,45.94,42.81,0.93,-0.1,0.59,0.8
lytB,66.63,64.99,68.27,1.05,0.07,0.51,0.74
maf,16.49,18.87,14.12,0.75,-0.42,0.12,0.29
malQ,24.05,21.55,26.55,1.23,0.3,0.11,0.27
manC,24.75,32.63,16.86,0.52,-0.95,0,0
map,70.14,73.33,66.94,0.91,-0.13,0.51,0.74
mazG,4.42,5.59,3.25,0.58,-0.78,0.07,0.2
mcrA,19.9,17.54,22.27,1.27,0.34,0.2,0.41
melB,26.11,27.34,24.87,0.91,-0.14,0.83,0.96
menA,4.05,5.74,2.36,0.41,-1.28,0.02,0.08
menB,34.81,32.68,36.94,1.13,0.18,0.24,0.47
menC,1.92,3.34,0.5,0.15,-2.74,0,0.02
menD,20.67,18.47,22.87,1.24,0.31,0.2,0.42
menE,5.11,2.97,7.24,2.44,1.28,0,0.01
menF,4.96,5.73,4.2,0.73,-0.45,0.45,0.69
mesJ,18.16,17.13,19.19,1.12,0.16,0.72,0.9
met17,419.24,582.64,255.83,0.44,-1.19,0,0
met3,95.21,82.7,107.73,1.3,0.38,0,0.02
metA,50.17,64.06,36.28,0.57,-0.82,0,0
metB,49.61,45.72,53.49,1.17,0.23,0.13,0.3
metF,42.29,46.32,38.26,0.83,-0.28,0.19,0.39
metG,21.96,18.85,25.08,1.33,0.41,0.07,0.19
metH,51.61,47.45,55.76,1.18,0.23,0.23,0.46
metK,110.1,147.9,72.3,0.49,-1.03,0,0
mfd,14.86,10.62,19.1,1.8,0.85,0,0.01
mgs1,21.3,25.83,16.77,0.65,-0.62,0.02,0.08
mgtE,90.72,71.67,109.77,1.53,0.62,0,0
miaA,7.24,6.75,7.72,1.14,0.19,0.54,0.76
miaE,5.6,6.75,4.46,0.66,-0.6,0.19,0.39
minD,68.01,100.3,35.72,0.36,-1.49,0,0
minE,17.91,27.16,8.66,0.32,-1.65,0,0
mnmA,38.64,37.17,40.11,1.08,0.11,0.75,0.91
mntH,24.56,33.16,15.96,0.48,-1.05,0,0
mqo,11.17,7.52,14.83,1.97,0.98,0,0.02
mraW,11.17,11.97,10.36,0.87,-0.21,0.74,0.91
mraY,10.56,6.55,14.57,2.22,1.15,0,0.01
mrcB,6.37,5.49,7.24,1.32,0.4,0.25,0.48
mreB,97.27,105.52,89.03,0.84,-0.25,0.15,0.33
mreC,12.1,10.46,13.74,1.31,0.39,0.15,0.33
mrp,41.5,46.2,36.8,0.8,-0.33,0.1,0.25
mscS,14.79,16.14,13.43,0.83,-0.27,0.28,0.51
murA,69.36,46.19,92.53,2,1,0,0
murB,3,1.78,4.21,2.37,1.24,0.07,0.19
murC,5.85,6.13,5.56,0.91,-0.14,0.78,0.93
murD,5.07,5.31,4.84,0.91,-0.14,0.86,0.97
murE,6.32,4.42,8.23,1.86,0.9,0.04,0.14
murF,8.19,5.55,10.84,1.95,0.97,0.05,0.15
murG,4.84,3.54,6.14,1.73,0.79,0.18,0.38
murI,4.72,1.68,7.75,4.61,2.2,0,0.01
mutM,75.39,95.41,55.37,0.58,-0.79,0,0
mviN,14.91,13.82,15.99,1.16,0.21,0.39,0.64
nadA,28.09,29.94,26.24,0.88,-0.19,0.51,0.74
nadB,17.85,16.68,19.01,1.14,0.19,0.45,0.69
nadC,4.06,3.63,4.49,1.24,0.31,0.66,0.85
nadD,14.97,17.29,12.65,0.73,-0.45,0.06,0.17
nadE,16.8,16.7,16.9,1.01,0.02,0.97,1
nblS,73.04,65.71,80.36,1.22,0.29,0.03,0.09
ndhA,103.71,97.18,110.24,1.13,0.18,0.15,0.35
ndhB,97.76,79.07,116.45,1.47,0.56,0,0
ndhC,69.01,64.02,74,1.16,0.21,0.17,0.37
ndhE,7.9,8.5,7.29,0.86,-0.22,0.44,0.68
ndhF,168.16,137.27,199.05,1.45,0.54,0,0
ndhG,28.93,26.41,31.44,1.19,0.25,0.2,0.41
ndhH,98.1,102.17,94.03,0.92,-0.12,0.36,0.61
ndhI,49.59,37.49,61.7,1.65,0.72,0,0
ndhJ,21.69,19.52,23.86,1.22,0.29,0.46,0.69
ndhK,88.18,77.64,98.72,1.27,0.35,0.01,0.06
ndk,39.5,36.36,42.63,1.17,0.23,0.23,0.45
nhaP,19.23,20.26,18.19,0.9,-0.16,0.93,1
nrdG,6.59,4.7,8.47,1.8,0.85,0.07,0.19
nrdJ,564.49,500.29,628.69,1.26,0.33,0,0.02
nrdR,65.37,63.29,67.45,1.07,0.09,0.5,0.73
ntcA,13,14.97,11.04,0.74,-0.44,0.46,0.7
nth,5.24,3.63,6.86,1.89,0.92,0.1,0.26
nusA,177.18,189.3,165.06,0.87,-0.2,0.12,0.29
nusB,11.79,13.89,9.69,0.7,-0.52,0.06,0.17
nusG,114.01,95.15,132.87,1.4,0.48,0,0
obgE,20.67,20.36,20.98,1.03,0.04,0.87,0.98
ole1,61.58,40.65,82.51,2.03,1.02,0,0
pabA,4.86,4.29,5.44,1.27,0.35,0.59,0.8
panB,27.88,25.39,30.37,1.2,0.26,0.18,0.38
pbsY,35.22,44.07,26.38,0.6,-0.74,0,0
pcyA,17.48,14.4,20.57,1.43,0.51,0.04,0.13
pdhB,91.49,79.98,103,1.29,0.36,0,0.02
pdhC,275.38,282.09,268.68,0.95,-0.07,0.47,0.7
pds,107.47,104.98,109.97,1.05,0.07,0.75,0.91
pdxA,22.46,17.07,27.86,1.63,0.71,0.01,0.03
pdxJ,16.17,15.65,16.69,1.07,0.09,0.6,0.81
pebA,4.95,6.15,3.74,0.61,-0.72,0.11,0.28
pebB,4.58,4.28,4.87,1.14,0.19,0.67,0.86
pepB,61.44,64.01,58.88,0.92,-0.12,0.76,0.92
pepN,16.5,14.19,18.81,1.33,0.41,0.19,0.4
pepP,44.38,42.06,46.69,1.11,0.15,0.45,0.69
petA,227.96,276.72,179.2,0.65,-0.63,0,0
petB,487.63,568.48,406.79,0.72,-0.48,0,0
petC,146.44,191.42,101.45,0.53,-0.92,0,0
petD,397.53,456.75,338.3,0.74,-0.43,0,0
petE,608.31,717.7,498.92,0.7,-0.52,0,0
petG,19.72,22.3,17.13,0.77,-0.38,0.22,0.43
petH,301.23,326.15,276.32,0.85,-0.24,0.07,0.2
petM,23.64,33.25,14.04,0.42,-1.24,0,0
petN,15.48,19.66,11.3,0.57,-0.8,0,0.02
pgi,52.12,46.83,57.4,1.23,0.29,0.06,0.16
pgk,87.72,90.39,85.06,0.94,-0.09,0.86,0.98
pgm,27.3,23.37,31.23,1.34,0.42,0.07,0.19
pgsA,5.03,4.32,5.73,1.33,0.41,0.48,0.71
pheA,21.01,19.79,22.24,1.12,0.17,0.43,0.67
pheS,36.45,39.53,33.37,0.84,-0.24,0.19,0.4
pheT,41,33.23,48.78,1.47,0.55,0,0.02
phhB,11.37,13.84,8.91,0.64,-0.64,0.04,0.13
phnD,8.24,9.11,7.37,0.81,-0.3,0.5,0.73
phoH,24.4,14.43,34.37,2.38,1.25,0,0
phrB,7.7,6.69,8.71,1.3,0.38,0.47,0.7
piuC,5.41,5.28,5.54,1.05,0.07,0.98,1
plsX,61.25,66.3,56.2,0.85,-0.24,0.22,0.43
pmbA,21.67,16.76,26.58,1.59,0.67,0.01,0.06
pncA,5.39,5.2,5.59,1.07,0.1,1,1
pniL34,178.09,215.3,140.88,0.65,-0.61,0,0
pntA,113.76,129.76,97.76,0.75,-0.41,0,0.01
pntA-2,47.97,51.46,44.47,0.86,-0.21,0.43,0.68
pntB,283.1,292.25,273.95,0.94,-0.09,0.43,0.67
polA,14.75,11.26,18.24,1.62,0.7,0.01,0.06
potA,10.29,9.34,11.24,1.2,0.27,0.61,0.82
ppc,87.03,69.11,104.94,1.52,0.6,0,0
ppk,14.03,13.53,14.52,1.07,0.1,0.89,0.99
ppnK,43.29,40.36,46.21,1.15,0.2,0.35,0.6
ppx,29.36,26.57,32.15,1.21,0.28,0.17,0.37
prfA,42.43,38.88,45.97,1.18,0.24,0.17,0.37
prfB,58.79,62.85,54.72,0.87,-0.2,0.22,0.44
prfC,21.73,22.45,21.01,0.94,-0.1,0.78,0.93
priA,27.17,22.36,31.99,1.43,0.52,0.04,0.13
prkB,206.44,270.25,142.63,0.53,-0.92,0,0
prlC,44.11,30.32,57.91,1.91,0.93,0,0
prmA,39.04,33.7,44.38,1.32,0.4,0.08,0.21
proA,45.35,50.7,39.99,0.79,-0.34,0.12,0.29
proB,6.28,5.15,7.42,1.44,0.53,0.38,0.62
proC,22.86,25.79,19.93,0.77,-0.37,0.21,0.42
proS,51.41,46.87,55.95,1.19,0.26,0.28,0.51
prsA,157.56,152.47,162.65,1.07,0.09,0.47,0.7
psaA,8688.4,10428.56,6948.25,0.67,-0.59,0,0
psaB,8256.31,9083.99,7428.64,0.82,-0.29,0.03,0.11
psaC,285.2,342.12,228.28,0.67,-0.58,0,0
psaD,495.04,670.49,319.58,0.48,-1.07,0,0
psaE,67.38,83.04,51.73,0.62,-0.68,0,0
psaF,1125.18,1428.07,822.29,0.58,-0.8,0,0
psaI,73.06,87.86,58.26,0.66,-0.59,0,0
psaK,404.55,468.88,340.21,0.73,-0.46,0,0
psaL,868.73,1012.59,724.87,0.72,-0.48,0,0
psaM,15.16,22.34,7.98,0.36,-1.49,0,0
psb27,120.46,116.79,124.12,1.06,0.09,0.55,0.77
psb28,16.05,13.66,18.43,1.35,0.43,0.05,0.16
psbA,10733.21,6926.51,14539.91,2.1,1.07,0,0
psbB,3042.85,3515.15,2570.54,0.73,-0.45,0.02,0.08
psbC,7536.53,6841.03,8232.03,1.2,0.27,0.03,0.09
psbD,5092.13,4660.16,5524.09,1.19,0.25,0.01,0.04
psbE,582.25,712.41,452.1,0.63,-0.66,0,0
psbF,256.29,319.83,192.75,0.6,-0.73,0,0
psbH,50.77,68.25,33.29,0.49,-1.04,0,0
psbI,58.93,76.34,41.52,0.54,-0.88,0,0
psbJ,336.27,432.77,239.78,0.55,-0.85,0,0
psbK,51.66,69.09,34.23,0.5,-1.01,0,0
psbL,184.95,238.24,131.66,0.55,-0.86,0,0
psbM,67.16,93.01,41.31,0.44,-1.17,0,0
psbN,20.42,24.61,16.22,0.66,-0.6,0.04,0.14
psbO,621.57,757.92,485.21,0.64,-0.64,0,0
psbP,55.89,56.66,55.11,0.97,-0.04,1,1
psbT,134.84,149.77,119.92,0.8,-0.32,0.01,0.05
pspE,10.22,11.91,8.54,0.72,-0.48,0.17,0.37
pstA,12.35,13.26,11.43,0.86,-0.21,0.6,0.81
pstB,6.94,7.64,6.24,0.82,-0.29,0.49,0.71
pstC,16.95,18.51,15.39,0.83,-0.27,0.38,0.62
pta,54.31,61.46,47.17,0.77,-0.38,0.03,0.1
pth,5.23,5.03,5.43,1.08,0.11,0.84,0.97
purA,63.23,65.48,60.98,0.93,-0.1,0.83,0.96
purB,88.32,79.89,96.75,1.21,0.28,0.12,0.28
purD,33.67,34.42,32.91,0.96,-0.06,0.97,1
purE,11.18,13.22,9.13,0.69,-0.53,0.11,0.27
purF,24.84,25.33,24.35,0.96,-0.06,0.75,0.91
purH,81.6,58.53,104.67,1.79,0.84,0,0
purK,22.46,25.93,18.99,0.73,-0.45,0.1,0.25
purM,23.18,26.85,19.5,0.73,-0.46,0.15,0.33
purN,8.22,6.98,9.46,1.36,0.44,0.34,0.58
purS,10.91,11.79,10.02,0.85,-0.23,0.46,0.7
purT,20.75,24.7,16.81,0.68,-0.56,0.07,0.19
purU,12.09,10.13,14.05,1.39,0.47,0.29,0.52
pykF,95.81,92.88,98.74,1.06,0.09,0.6,0.81
pyrB,33.55,31.1,36.01,1.16,0.21,0.26,0.49
pyrD,12.21,8.79,15.64,1.78,0.83,0.01,0.05
pyrE,14.26,17.56,10.96,0.62,-0.68,0.02,0.08
pyrF,7.1,6.33,7.87,1.24,0.31,0.49,0.72
pyrG,38.19,38.63,37.75,0.98,-0.03,0.88,0.98
pyrH,35.72,33.84,37.61,1.11,0.15,0.41,0.65
pyrR,11.53,13.73,9.33,0.68,-0.56,0.08,0.22
qri7,41.58,43.57,39.59,0.91,-0.14,0.36,0.61
queA,32.89,33.31,32.47,0.97,-0.04,0.58,0.8
rbcL,2496.25,1260.14,3732.37,2.96,1.57,0,0
rbcR,24.99,21.61,28.37,1.31,0.39,0.06,0.17
rbcS,613.51,265.4,961.62,3.62,1.86,0,0
rbfA,6.09,4.52,7.67,1.7,0.76,0.13,0.31
rbgA,7.68,5.65,9.7,1.72,0.78,0.05,0.14
rbn,25.47,20.4,30.54,1.5,0.58,0.02,0.08
recA,354.85,317.97,391.74,1.23,0.3,0,0.02
recB,4.23,3.8,4.66,1.22,0.29,0.41,0.66
recC,9.01,8.14,9.88,1.21,0.28,0.66,0.85
recD,2.66,2.19,3.14,1.44,0.52,0.55,0.77
recF,5.37,4.49,6.26,1.39,0.48,0.25,0.48
recG,9.89,9.94,9.85,0.99,-0.01,0.88,0.98
recN,7.1,6.69,7.51,1.12,0.17,0.65,0.84
recO,5.78,6.57,4.99,0.76,-0.4,0.5,0.73
recR,31.88,32.39,31.37,0.97,-0.05,0.9,0.99
resB,8.61,7.35,9.87,1.34,0.43,0.45,0.69
rfaE,17.21,22.22,12.2,0.55,-0.86,0,0.01
rfbB,12.58,11.27,13.88,1.23,0.3,0.39,0.64
rfbC,4.66,4.79,4.53,0.95,-0.08,1,1
ribB,33.81,33.69,33.94,1.01,0.01,0.83,0.96
ribE,7.96,10.01,5.92,0.59,-0.76,0.05,0.16
ribF,11.53,13.87,9.19,0.66,-0.59,0.16,0.36
ribH,61.1,61.69,60.5,0.98,-0.03,0.92,1
rimM,5.07,4.22,5.93,1.4,0.49,0.4,0.64
rluD,12.43,10.63,14.23,1.34,0.42,0.12,0.29
rnc,29.58,31.47,27.69,0.88,-0.18,0.4,0.65
rnd,8.13,8.95,7.31,0.82,-0.29,0.45,0.69
rne,109.88,79.49,140.27,1.76,0.82,0,0
rnhA,78.55,69.15,87.95,1.27,0.35,0.02,0.07
rnhB,8.94,6.71,11.16,1.66,0.73,0.02,0.07
rnpA,18.34,18.29,18.38,1,0.01,0.85,0.97
rnpB,44068.45,35758.95,52377.95,1.46,0.55,0,0
rpaA,40.59,56.23,24.95,0.44,-1.17,0,0
rpe,61.29,72.45,50.13,0.69,-0.53,0,0.01
rpiA,64.11,66.06,62.17,0.94,-0.09,0.43,0.68
rplA,159.91,148.39,171.44,1.16,0.21,0.09,0.24
rplB,238.45,205.93,270.98,1.32,0.4,0,0.02
rplC,137.67,132.47,142.87,1.08,0.11,0.23,0.45
rplD,158.45,145.01,171.89,1.19,0.25,0.03,0.1
rplE,386.04,341.89,430.18,1.26,0.33,0,0.02
rplF,169.64,182.98,156.29,0.85,-0.23,0.08,0.21
rplI,149.61,170.48,128.73,0.76,-0.41,0,0.02
rplJ,802.77,705.25,900.29,1.28,0.35,0,0
rplK,154.56,158.1,151.01,0.96,-0.07,0.76,0.92
rplL,512.96,485.73,540.19,1.11,0.15,0.1,0.25
rplM,59.73,70.32,49.14,0.7,-0.52,0,0.02
rplN,163.94,146.49,181.39,1.24,0.31,0.02,0.06
rplO,105.58,113.38,97.78,0.86,-0.21,0.18,0.38
rplP,185.85,154.98,216.72,1.4,0.48,0,0
rplQ,94.3,87.6,101,1.15,0.21,0.15,0.34
rplR,113.68,125.18,102.18,0.82,-0.29,0.05,0.14
rplS,154.2,144.59,163.8,1.13,0.18,0.19,0.39
rplT,123.77,135.78,111.77,0.82,-0.28,0.06,0.17
rplU,69.21,84.73,53.7,0.63,-0.66,0,0
rplV,151.46,119.89,183.03,1.53,0.61,0,0
rplW,67.91,57.76,78.06,1.35,0.43,0.01,0.03
rplX,158.76,138.79,178.73,1.29,0.36,0.01,0.03
rpmA,56.71,60.45,52.98,0.88,-0.19,0.38,0.63
rpmB,44.63,42.5,46.76,1.1,0.14,0.53,0.75
rpmC,83.48,68.37,98.6,1.44,0.53,0,0
rpmE,66.97,70.18,63.76,0.91,-0.14,0.6,0.81
rpmF,23.47,21.82,25.12,1.15,0.2,0.42,0.67
rpmG,38.28,43.4,33.16,0.76,-0.39,0.07,0.19
rpmH,20.34,22.12,18.55,0.84,-0.25,0.38,0.63
rpmI,66.82,73.98,59.66,0.81,-0.31,0.05,0.16
rpoA,452.44,418,486.88,1.16,0.22,0.02,0.06
rpoB,759.08,802.84,715.32,0.89,-0.17,0.14,0.32
rpoC1,430.87,380.25,481.5,1.27,0.34,0,0.01
rpoC2,1146.53,1044.27,1248.79,1.2,0.26,0.01,0.06
rpoE,17.02,13.36,20.69,1.55,0.63,0.31,0.55
rpoZ,35.52,39.69,31.34,0.79,-0.34,0.14,0.32
rps1a,252.1,292.87,211.33,0.72,-0.47,0,0
rps1b,50.26,60.98,39.55,0.65,-0.62,0,0
rpsB,172.06,193.08,151.04,0.78,-0.35,0,0.02
rpsC,325.39,249.42,401.36,1.61,0.69,0,0
rpsD,349.04,379.74,318.34,0.84,-0.25,0.14,0.31
rpsE,169.44,181.42,157.47,0.87,-0.2,0.16,0.36
rpsF,181.89,182.24,181.54,1,-0.01,0.98,1
rpsG,184.3,191.8,176.79,0.92,-0.12,0.62,0.82
rpsH,153.14,152.23,154.05,1.01,0.02,0.98,1
rpsI,90.6,104.09,77.11,0.74,-0.43,0.01,0.04
rpsJ,223.48,242.71,204.26,0.84,-0.25,0.06,0.16
rpsK,115.21,114,116.42,1.02,0.03,0.63,0.83
rpsL,124.25,147.03,101.48,0.69,-0.53,0,0
rpsM,249.96,253.39,246.54,0.97,-0.04,0.97,1
rpsN,80.05,90.45,69.65,0.77,-0.38,0.02,0.08
rpsO,63.85,64.28,63.42,0.99,-0.02,0.79,0.93
rpsP,111.08,120.52,101.64,0.84,-0.25,0.16,0.35
rpsQ,86.4,65.37,107.43,1.64,0.72,0,0
rpsR,41.67,48.8,34.55,0.71,-0.5,0.01,0.04
rpsS,122.81,95.69,149.93,1.57,0.65,0,0
rpsT,11.15,12.87,9.44,0.73,-0.45,0.2,0.41
rpsU,32.99,38.27,27.71,0.72,-0.47,0.04,0.13
rrf,5011.31,3493.37,6529.25,1.87,0.9,0,0
rsbU,15.24,16.35,14.13,0.86,-0.21,0.53,0.76
rsbW,7.2,6.91,7.48,1.08,0.11,0.88,0.98
rsuA,3.77,4.23,3.32,0.78,-0.35,0.52,0.74
rub,21.29,21.55,21.03,0.98,-0.04,0.99,1
ruvA,20.86,26.07,15.65,0.6,-0.74,0,0.02
ruvB,20.88,16.28,25.47,1.56,0.65,0.01,0.06
ruvC,8.52,7.44,9.61,1.29,0.37,0.37,0.61
salX,15.01,11.07,18.95,1.71,0.78,0.01,0.03
salY,33.91,31.54,36.28,1.15,0.2,0.52,0.75
sam1,291.4,297.68,285.12,0.96,-0.06,0.58,0.8
sdhA,33.88,36.95,30.82,0.83,-0.26,0.16,0.36
sds,39.21,27.98,50.44,1.8,0.85,0,0
sec59,6.15,8.86,3.44,0.39,-1.37,0,0.01
secA,164.56,148.22,180.91,1.22,0.29,0.02,0.07
secD,27.71,25.45,29.97,1.18,0.24,0.22,0.43
secE,38.67,37.25,40.1,1.08,0.11,0.49,0.72
secF,7.24,6.19,8.29,1.34,0.42,0.24,0.47
secG,25.06,22.74,27.37,1.2,0.27,0.24,0.46
secY,97.41,102.84,91.99,0.89,-0.16,0.38,0.62
serA,164.72,175.19,154.25,0.88,-0.18,0.19,0.39
serS,32.97,31.36,34.58,1.1,0.14,0.67,0.86
sfsA,9.75,10.68,8.83,0.83,-0.27,0.66,0.85
sir,42.79,40.97,44.61,1.09,0.12,0.44,0.68
smc,19.43,18.03,20.83,1.16,0.21,0.67,0.85
smpB,15.99,12.78,19.2,1.5,0.59,0.09,0.23
sms,32.78,24.59,40.96,1.67,0.74,0,0.01
speA,13.86,10.84,16.88,1.56,0.64,0.12,0.29
speB,11.85,12.07,11.62,0.96,-0.05,0.7,0.88
speE,4.62,4.91,4.34,0.88,-0.18,0.68,0.87
spoIID,8.04,6.95,9.13,1.31,0.39,0.33,0.58
spoT,37.81,38.44,37.19,0.97,-0.05,0.69,0.88
sppA,128.14,98.47,157.81,1.6,0.68,0,0
spsE,9.43,10.39,8.47,0.82,-0.29,0.5,0.73
spsF,4.63,4.61,4.65,1.01,0.01,0.84,0.97
spt,128.67,153.91,103.43,0.67,-0.57,0,0
sqdB,201.76,239.97,163.55,0.68,-0.55,0,0
srmB,58.37,40.91,75.83,1.85,0.89,0,0
stpA,9.69,7.9,11.49,1.45,0.54,0.22,0.43
sua5,12.16,11.16,13.17,1.18,0.24,0.77,0.92
sufC,36.61,26.98,46.23,1.71,0.78,0,0
suhB,15.48,12.18,18.78,1.54,0.63,0.01,0.06
sui1,1.9,0.97,2.82,2.92,1.54,0.05,0.15
sun,4.1,3.56,4.65,1.31,0.39,0.62,0.82
surE,18.55,18.46,18.64,1.01,0.01,0.85,0.97
tal,455,567.91,342.1,0.6,-0.73,0,0
tas,3.48,2.92,4.05,1.39,0.47,0.44,0.68
tatA,14.39,18.3,10.48,0.57,-0.8,0.04,0.12
tatC,29.46,39.38,19.53,0.5,-1.01,0,0
tatD,18.45,12.36,24.54,1.99,0.99,0,0
tdcF,21.29,25.3,17.28,0.68,-0.55,0.08,0.23
terC,2.08,2.72,1.43,0.53,-0.92,0.26,0.49
tesA,3.52,2.45,4.59,1.87,0.9,0.22,0.44
tgt,15.25,15.2,15.31,1.01,0.01,0.86,0.97
thiC,517.83,537.47,498.19,0.93,-0.11,0.38,0.62
thiD,13.61,16.19,11.03,0.68,-0.55,0.05,0.15
thiE,9.76,9.54,9.97,1.04,0.06,1,1
thiF,8.18,8.16,8.2,1,0.01,0.91,1
thiG,11.69,9.34,14.04,1.5,0.59,0.06,0.18
thiL,28.09,21.54,34.64,1.61,0.69,0,0.01
thiP,38.33,25.56,51.11,2,1,0,0
thiS,6.61,6.94,6.29,0.91,-0.14,0.73,0.9
thrA,33.27,34.98,31.57,0.9,-0.15,0.78,0.93
thrB,45.12,42.64,47.61,1.12,0.16,0.44,0.68
thrC,38.76,36.94,40.58,1.1,0.14,0.4,0.65
thrS,27.97,28.89,27.05,0.94,-0.1,0.82,0.95
thyX,26.13,22.82,29.44,1.29,0.37,0.13,0.3
tig,86.69,88.25,85.14,0.96,-0.05,0.75,0.91
tktA,663.03,627.16,698.91,1.11,0.16,0.1,0.25
tldD,45.93,47.01,44.85,0.95,-0.07,0.94,1
tmk,6.58,5.05,8.12,1.61,0.69,0.13,0.31
todF,11.63,9.46,13.79,1.46,0.54,0.19,0.39
topA,139.7,150.02,129.38,0.86,-0.21,0.08,0.22
tpiA,19.02,22.62,15.42,0.68,-0.55,0.05,0.15
trkG,26.88,22.09,31.66,1.43,0.52,0.04,0.14
trmB,1.76,1.65,1.88,1.14,0.19,0.95,1
trmD,15.67,14.85,16.48,1.11,0.15,0.86,0.97
trmE,5.83,5.39,6.27,1.16,0.22,0.66,0.85
trpA,16.42,17.32,15.51,0.9,-0.16,0.72,0.89
trpB,102.26,110.84,93.68,0.85,-0.24,0.14,0.33
trpC,13.61,14.81,12.4,0.84,-0.26,0.58,0.8
trpD,38.03,40.16,35.9,0.89,-0.16,0.44,0.68
trpF,15.47,11.73,19.21,1.64,0.71,0.03,0.09
trpS,30.37,28.97,31.77,1.1,0.13,0.48,0.7
truA,32.13,26.22,38.05,1.45,0.54,0.01,0.03
truB,11.25,8.05,14.46,1.8,0.85,0.01,0.05
tsf,86.02,98,74.03,0.76,-0.4,0.01,0.05
tufA,2399.29,2462.42,2336.16,0.95,-0.08,0.69,0.87
typA,92.9,93.4,92.39,0.99,-0.02,0.91,1
tyrA,23.75,22.52,24.98,1.11,0.15,0.41,0.66
tyrS,14.91,13.64,16.18,1.19,0.25,0.44,0.69
ubiA,20.03,20.71,19.35,0.93,-0.1,0.46,0.7
ubiC,6.3,4.61,8,1.73,0.79,0.05,0.15
ubiE,3.58,2.93,4.22,1.44,0.53,0.5,0.73
ubiH,4.3,2.97,5.62,1.89,0.92,0.15,0.33
ugd,50.31,59.48,41.13,0.69,-0.53,0,0.01
umuC,8.88,7.36,10.4,1.41,0.5,0.23,0.45
umuD,3.34,2.22,4.46,2.01,1.01,0.08,0.22
upp,9.44,10.03,8.85,0.88,-0.18,0.73,0.9
uppS,8.55,5.63,11.46,2.04,1.03,0.01,0.05
ureA,31.11,19.99,42.24,2.11,1.08,0,0
ureB,22.62,15.42,29.81,1.93,0.95,0,0
ureC,68.66,64.01,73.3,1.15,0.2,0.2,0.41
ureD,8.67,9.18,8.16,0.89,-0.17,0.65,0.84
ureE,5.63,6.15,5.1,0.83,-0.27,0.85,0.97
ureF,7.78,4.68,10.87,2.32,1.22,0,0.01
ureG,18.98,20.09,17.87,0.89,-0.17,0.83,0.96
urtC,15.02,11.12,18.92,1.7,0.77,0.01,0.06
urtD,5.8,3.59,8.01,2.23,1.16,0.01,0.04
uvrA,41.86,28.14,55.58,1.98,0.98,0,0
uvrB,75.85,87.89,63.82,0.73,-0.46,0,0.01
uvrC,24.63,24.15,25.12,1.04,0.06,0.79,0.94
uvrD,23,19.91,26.09,1.31,0.39,0.19,0.39
vacB,52.75,52.3,53.19,1.02,0.02,0.93,1
valS,58.74,55.33,62.14,1.12,0.17,0.25,0.47
vanY,6.7,6.81,6.6,0.97,-0.04,1,1
vsr,2.93,1.42,4.44,3.12,1.64,0.03,0.09
wza,18.01,15.76,20.27,1.29,0.36,0.16,0.36
wzb,15.73,16.44,15.02,0.91,-0.13,0.59,0.8
xthA,19.36,20.68,18.04,0.87,-0.2,0.52,0.74
xylB,19.87,22.32,17.42,0.78,-0.36,0.22,0.44
ycf34,13.25,13.94,12.56,0.9,-0.15,0.58,0.79
ychF,24.87,31.97,17.78,0.56,-0.85,0,0
yidC,205.72,188.66,222.78,1.18,0.24,0.05,0.16
zntA,69.51,65.98,73.04,1.11,0.15,0.42,0.66
zwf,78.99,67.05,90.94,1.36,0.44,0.01,0.04
