cyanorak_locus_tag,locus_tag
ProMIT1327_00002,PMIT1327_00341
ProMIT1327_00003,PMIT1327_00003
ProMIT1327_00004,PMIT1327_RS12940
ProMIT1327_00005,PMIT1327_RS00020
ProMIT1327_00007,PMIT1327_00007
ProMIT1327_00008,PMIT1327_00008
ProMIT1327_00009,PMIT1327_00009
ProMIT1327_00010,PMIT1327_00010
ProMIT1327_00011,PMIT1327_00354
ProMIT1327_00013,PMIT1327_00013
ProMIT1327_00014,PMIT1327_00014
ProMIT1327_00016,PMIT1327_00016
ProMIT1327_00017,PMIT1327_00017
ProMIT1327_00019,PMIT1327_00019
ProMIT1327_00020,PMIT1327_00020
ProMIT1327_00023,PMIT1327_00023
ProMIT1327_00025,PMIT1327_00025
ProMIT1327_00026,PMIT1327_00026
ProMIT1327_00027,PMIT1327_00027
ProMIT1327_00030,PMIT1327_00030
ProMIT1327_00031,PMIT1327_00031
ProMIT1327_00033,PMIT1327_00033
ProMIT1327_00034,PMIT1327_00034
ProMIT1327_00035,PMIT1327_00467
ProMIT1327_00036,PMIT1327_00036
ProMIT1327_00037,PMIT1327_00037
ProMIT1327_00038,PMIT1327_00038
ProMIT1327_00039,PMIT1327_00039
ProMIT1327_00040,PMIT1327_00040
ProMIT1327_00042,PMIT1327_00042
ProMIT1327_00049,PMIT1327_00049
ProMIT1327_00050,PMIT1327_00050
ProMIT1327_00051,PMIT1327_00051
ProMIT1327_00052,PMIT1327_00052
ProMIT1327_00053,PMIT1327_00051
ProMIT1327_00054,PMIT1327_00054
ProMIT1327_00055,PMIT1327_00055
ProMIT1327_00056,PMIT1327_00056
ProMIT1327_00057,PMIT1327_00057
ProMIT1327_00058,PMIT1327_00058
ProMIT1327_00059,PMIT1327_00059
ProMIT1327_00060,PMIT1327_00060
ProMIT1327_00061,PMIT1327_00061
ProMIT1327_00062,PMIT1327_00062
ProMIT1327_00063,PMIT1327_00063
ProMIT1327_00064,PMIT1327_00064
ProMIT1327_00065,PMIT1327_00065
ProMIT1327_00066,PMIT1327_00066
ProMIT1327_00067,PMIT1327_00067
ProMIT1327_00068,PMIT1327_00068
ProMIT1327_00069,PMIT1327_00069
ProMIT1327_00070,PMIT1327_00070
ProMIT1327_00071,PMIT1327_00071
ProMIT1327_00073,PMIT1327_00073
ProMIT1327_00074,PMIT1327_00074
ProMIT1327_00076,PMIT1327_00076
ProMIT1327_00079,PMIT1327_00079
ProMIT1327_00081,PMIT1327_00081
ProMIT1327_00083,PMIT1327_00083
ProMIT1327_00084,PMIT1327_00084
ProMIT1327_00086,PMIT1327_00086
ProMIT1327_00087,PMIT1327_00087
ProMIT1327_00089,PMIT1327_00089
ProMIT1327_00090,PMIT1327_00090
ProMIT1327_00091,PMIT1327_00091
ProMIT1327_00092,PMIT1327_00092
ProMIT1327_00094,PMIT1327_00094
ProMIT1327_00096,PMIT1327_00096
ProMIT1327_00097,PMIT1327_00097
ProMIT1327_00098,PMIT1327_00098
ProMIT1327_00100,PMIT1327_00100
ProMIT1327_00101,PMIT1327_00101
ProMIT1327_00102,PMIT1327_00102
ProMIT1327_00103,PMIT1327_00103
ProMIT1327_00104,PMIT1327_00104
ProMIT1327_00105,PMIT1327_00105
ProMIT1327_00106,PMIT1327_00106
ProMIT1327_00107,PMIT1327_00107
ProMIT1327_00108,PMIT1327_00108
ProMIT1327_00109,PMIT1327_00109
ProMIT1327_00111,PMIT1327_00111
ProMIT1327_00112,PMIT1327_00112
ProMIT1327_00113,PMIT1327_00113
ProMIT1327_00114,PMIT1327_00114
ProMIT1327_00115,PMIT1327_00115
ProMIT1327_00116,PMIT1327_00116
ProMIT1327_00117,PMIT1327_00117
ProMIT1327_00118,PMIT1327_00118
ProMIT1327_00120,PMIT1327_00120
ProMIT1327_00121,PMIT1327_00121
ProMIT1327_00122,PMIT1327_00122
ProMIT1327_00123,PMIT1327_00123
ProMIT1327_00124,PMIT1327_00124
ProMIT1327_00125,PMIT1327_00125
ProMIT1327_00126,PMIT1327_00126
ProMIT1327_00127,PMIT1327_00127
ProMIT1327_00128,PMIT1327_00128
ProMIT1327_00129,PMIT1327_00129
ProMIT1327_00130,PMIT1327_00130
ProMIT1327_00131,PMIT1327_00131
ProMIT1327_00132,PMIT1327_00132
ProMIT1327_00133,PMIT1327_00133
ProMIT1327_00134,PMIT1327_00134
ProMIT1327_00135,PMIT1327_00135
ProMIT1327_00136,PMIT1327_00136
ProMIT1327_00137,PMIT1327_00137
ProMIT1327_00138,PMIT1327_00138
ProMIT1327_00139,PMIT1327_00139
ProMIT1327_00142,PMIT1327_00142
ProMIT1327_00143,PMIT1327_00143
ProMIT1327_00144,PMIT1327_00144
ProMIT1327_00146,PMIT1327_00146
ProMIT1327_00148,PMIT1327_00148
ProMIT1327_00149,PMIT1327_00149
ProMIT1327_00150,PMIT1327_00150
ProMIT1327_00151,PMIT1327_00151
ProMIT1327_00152,PMIT1327_00152
ProMIT1327_00153,PMIT1327_00153
ProMIT1327_00155,PMIT1327_00155
ProMIT1327_00156,PMIT1327_00156
ProMIT1327_00157,PMIT1327_00157
ProMIT1327_00158,PMIT1327_00158
ProMIT1327_00159,PMIT1327_00159
ProMIT1327_00160,PMIT1327_00160
ProMIT1327_00161,PMIT1327_00161
ProMIT1327_00162,PMIT1327_00162
ProMIT1327_00164,PMIT1327_00164
ProMIT1327_00165,PMIT1327_00165
ProMIT1327_00166,PMIT1327_00166
ProMIT1327_00167,PMIT1327_00167
ProMIT1327_00168,PMIT1327_00168
ProMIT1327_00169,PMIT1327_00169
ProMIT1327_00170,PMIT1327_00170
ProMIT1327_00171,PMIT1327_00171
ProMIT1327_00172,PMIT1327_00172
ProMIT1327_00173,PMIT1327_00173
ProMIT1327_00174,PMIT1327_00174
ProMIT1327_00175,PMIT1327_00175
ProMIT1327_00176,PMIT1327_00176
ProMIT1327_00177,PMIT1327_00177
ProMIT1327_00178,PMIT1327_00178
ProMIT1327_00179,PMIT1327_00179
ProMIT1327_00180,PMIT1327_00180
ProMIT1327_00181,PMIT1327_00181
ProMIT1327_00182,PMIT1327_00182
ProMIT1327_00183,PMIT1327_00183
ProMIT1327_00184,PMIT1327_00184
ProMIT1327_00185,PMIT1327_00185
ProMIT1327_00186,PMIT1327_00186
ProMIT1327_00187,PMIT1327_00187
ProMIT1327_00188,PMIT1327_00188
ProMIT1327_00189,PMIT1327_00189
ProMIT1327_00190,PMIT1327_00190
ProMIT1327_00192,PMIT1327_00192
ProMIT1327_00193,PMIT1327_00193
ProMIT1327_00194,PMIT1327_00194
ProMIT1327_00195,PMIT1327_00195
ProMIT1327_00196,PMIT1327_00196
ProMIT1327_00197,PMIT1327_RS00875
ProMIT1327_00198,PMIT1327_00198
ProMIT1327_00199,PMIT1327_00199
ProMIT1327_00200,PMIT1327_00200
ProMIT1327_00201,PMIT1327_00201
ProMIT1327_00202,PMIT1327_00202
ProMIT1327_00203,PMIT1327_00203
ProMIT1327_00204,PMIT1327_00204
ProMIT1327_00205,PMIT1327_00205
ProMIT1327_00206,PMIT1327_00206
ProMIT1327_00207,PMIT1327_00207
ProMIT1327_00208,PMIT1327_00208
ProMIT1327_00209,PMIT1327_00209
ProMIT1327_00210,PMIT1327_00210
ProMIT1327_00211,PMIT1327_00211
ProMIT1327_00212,PMIT1327_00212
ProMIT1327_00213,PMIT1327_00213
ProMIT1327_00214,PMIT1327_00214
ProMIT1327_00215,PMIT1327_00215
ProMIT1327_00216,PMIT1327_00216
ProMIT1327_00217,PMIT1327_00217
ProMIT1327_00218,PMIT1327_00218
ProMIT1327_00219,PMIT1327_00219
ProMIT1327_00220,PMIT1327_00220
ProMIT1327_00221,PMIT1327_00221
ProMIT1327_00222,PMIT1327_00222
ProMIT1327_00223,PMIT1327_00223
ProMIT1327_00224,PMIT1327_00224
ProMIT1327_00225,PMIT1327_00225
ProMIT1327_00226,PMIT1327_00226
ProMIT1327_00227,PMIT1327_00227
ProMIT1327_00228,PMIT1327_00228
ProMIT1327_00229,PMIT1327_00229
ProMIT1327_00230,PMIT1327_00230
ProMIT1327_00232,PMIT1327_00232
ProMIT1327_00233,PMIT1327_00233
ProMIT1327_00234,PMIT1327_00234
ProMIT1327_00235,PMIT1327_00235
ProMIT1327_00236,PMIT1327_00236
ProMIT1327_00237,PMIT1327_00237
ProMIT1327_00238,PMIT1327_00238
ProMIT1327_00239,PMIT1327_00239
ProMIT1327_00240,PMIT1327_00240
ProMIT1327_00241,PMIT1327_00241
ProMIT1327_00242,PMIT1327_00242
ProMIT1327_00243,PMIT1327_00243
ProMIT1327_00244,PMIT1327_00244
ProMIT1327_00245,PMIT1327_00245
ProMIT1327_00246,PMIT1327_00246
ProMIT1327_00247,PMIT1327_00247
ProMIT1327_00248,PMIT1327_00248
ProMIT1327_00249,PMIT1327_00249
ProMIT1327_00250,PMIT1327_00250
ProMIT1327_00251,PMIT1327_00251
ProMIT1327_00252,PMIT1327_00252
ProMIT1327_00253,PMIT1327_00253
ProMIT1327_00254,PMIT1327_00254
ProMIT1327_00255,PMIT1327_00255
ProMIT1327_00256,PMIT1327_00256
ProMIT1327_00257,PMIT1327_00257
ProMIT1327_00258,PMIT1327_00258
ProMIT1327_00259,PMIT1327_00259
ProMIT1327_00260,PMIT1327_00260
ProMIT1327_00261,PMIT1327_00261
ProMIT1327_00262,PMIT1327_00262
ProMIT1327_00264,PMIT1327_00264
ProMIT1327_00265,PMIT1327_00265
ProMIT1327_00266,PMIT1327_00266
ProMIT1327_00267,PMIT1327_00267
ProMIT1327_00268,PMIT1327_00268
ProMIT1327_00269,PMIT1327_00269
ProMIT1327_00270,PMIT1327_00270
ProMIT1327_00272,PMIT1327_00272
ProMIT1327_00274,PMIT1327_00274
ProMIT1327_00276,PMIT1327_00276
ProMIT1327_00277,PMIT1327_00277
ProMIT1327_00278,PMIT1327_00278
ProMIT1327_00279,PMIT1327_00279
ProMIT1327_00280,PMIT1327_00280
ProMIT1327_00282,PMIT1327_00282
ProMIT1327_00283,PMIT1327_00283
ProMIT1327_00284,PMIT1327_00284
ProMIT1327_00285,PMIT1327_00285
ProMIT1327_00286,PMIT1327_00286
ProMIT1327_00287,PMIT1327_00287
ProMIT1327_00288,PMIT1327_00288
ProMIT1327_00289,PMIT1327_00289
ProMIT1327_00290,PMIT1327_00290
ProMIT1327_00291,PMIT1327_00291
ProMIT1327_00292,PMIT1327_00292
ProMIT1327_00293,PMIT1327_00293
ProMIT1327_00294,PMIT1327_00294
ProMIT1327_00295,PMIT1327_00295
ProMIT1327_00296,PMIT1327_00296
ProMIT1327_00297,PMIT1327_00297
ProMIT1327_00298,PMIT1327_00298
ProMIT1327_00299,PMIT1327_RS13050
ProMIT1327_00300,PMIT1327_00300
ProMIT1327_00301,PMIT1327_00301
ProMIT1327_00302,PMIT1327_00302
ProMIT1327_00303,PMIT1327_00303
ProMIT1327_00304,PMIT1327_RS13055
ProMIT1327_00306,PMIT1327_00306
ProMIT1327_00307,PMIT1327_00307
ProMIT1327_00309,PMIT1327_00309
ProMIT1327_00310,PMIT1327_00310
ProMIT1327_00311,PMIT1327_00311
ProMIT1327_00313,PMIT1327_00313
ProMIT1327_00314,PMIT1327_00314
ProMIT1327_00315,PMIT1327_00315
ProMIT1327_00316,PMIT1327_00316
ProMIT1327_00318,PMIT1327_00318
ProMIT1327_00319,PMIT1327_00319
ProMIT1327_00320,PMIT1327_00320
ProMIT1327_00321,PMIT1327_00321
ProMIT1327_00323,PMIT1327_00323
ProMIT1327_00325,PMIT1327_00325
ProMIT1327_00326,PMIT1327_00326
ProMIT1327_00327,PMIT1327_00327
ProMIT1327_00329,PMIT1327_00329
ProMIT1327_00330,PMIT1327_00330
ProMIT1327_00331,PMIT1327_00331
ProMIT1327_00332,PMIT1327_00332
ProMIT1327_00333,PMIT1327_00333
ProMIT1327_00334,PMIT1327_00334
ProMIT1327_00335,PMIT1327_00335
ProMIT1327_00336,PMIT1327_00336
ProMIT1327_00337,PMIT1327_00337
ProMIT1327_00338,PMIT1327_00338
ProMIT1327_00339,PMIT1327_00339
ProMIT1327_00340,PMIT1327_00340
ProMIT1327_00341,PMIT1327_00341
ProMIT1327_00342,PMIT1327_00342
ProMIT1327_00343,PMIT1327_00343
ProMIT1327_00345,PMIT1327_00345
ProMIT1327_00346,PMIT1327_00346
ProMIT1327_00347,PMIT1327_00347
ProMIT1327_00348,PMIT1327_00348
ProMIT1327_00349,PMIT1327_00349
ProMIT1327_00350,PMIT1327_00350
ProMIT1327_00351,PMIT1327_00351
ProMIT1327_00352,PMIT1327_00352
ProMIT1327_00353,PMIT1327_00353
ProMIT1327_00354,PMIT1327_00354
ProMIT1327_00357,PMIT1327_00357
ProMIT1327_00358,PMIT1327_00358
ProMIT1327_00359,PMIT1327_00359
ProMIT1327_00361,PMIT1327_00361
ProMIT1327_00362,PMIT1327_00362
ProMIT1327_00363,PMIT1327_00363
ProMIT1327_00364,PMIT1327_00364
ProMIT1327_00365,PMIT1327_00365
ProMIT1327_00367,PMIT1327_00367
ProMIT1327_00368,PMIT1327_00368
ProMIT1327_00369,PMIT1327_00369
ProMIT1327_00370,PMIT1327_00370
ProMIT1327_00371,PMIT1327_00371
ProMIT1327_00374,PMIT1327_00374
ProMIT1327_00375,PMIT1327_00375
ProMIT1327_00376,PMIT1327_00376
ProMIT1327_00377,PMIT1327_00377
ProMIT1327_00379,PMIT1327_00379
ProMIT1327_00380,PMIT1327_00380
ProMIT1327_00381,PMIT1327_00381
ProMIT1327_00382,PMIT1327_00382
ProMIT1327_00383,PMIT1327_00383
ProMIT1327_00384,PMIT1327_00384
ProMIT1327_00386,PMIT1327_00386
ProMIT1327_00388,PMIT1327_00388
ProMIT1327_00389,PMIT1327_00389
ProMIT1327_00390,PMIT1327_00390
ProMIT1327_00391,PMIT1327_00391
ProMIT1327_00392,PMIT1327_00392
ProMIT1327_00394,PMIT1327_00394
ProMIT1327_00395,PMIT1327_00395
ProMIT1327_00396,PMIT1327_00396
ProMIT1327_00397,PMIT1327_00397
ProMIT1327_00399,PMIT1327_00399
ProMIT1327_00401,PMIT1327_00401
ProMIT1327_00402,PMIT1327_00402
ProMIT1327_00403,PMIT1327_00403
ProMIT1327_00404,PMIT1327_00404
ProMIT1327_00405,PMIT1327_00405
ProMIT1327_00406,PMIT1327_00406
ProMIT1327_00407,PMIT1327_00407
ProMIT1327_00408,PMIT1327_00408
ProMIT1327_00410,PMIT1327_00410
ProMIT1327_00411,PMIT1327_00411
ProMIT1327_00412,PMIT1327_00412
ProMIT1327_00413,PMIT1327_00413
ProMIT1327_00414,PMIT1327_00414
ProMIT1327_00415,PMIT1327_00415
ProMIT1327_00417,PMIT1327_00417
ProMIT1327_00418,PMIT1327_00418
ProMIT1327_00419,PMIT1327_00419
ProMIT1327_00420,PMIT1327_00420
ProMIT1327_00421,PMIT1327_00421
ProMIT1327_00422,PMIT1327_00422
ProMIT1327_00423,PMIT1327_00423
ProMIT1327_00424,PMIT1327_00424
ProMIT1327_00425,PMIT1327_00425
ProMIT1327_00426,PMIT1327_00426
ProMIT1327_00427,PMIT1327_00427
ProMIT1327_00428,PMIT1327_00428
ProMIT1327_00429,PMIT1327_00429
ProMIT1327_00430,PMIT1327_00430
ProMIT1327_00431,PMIT1327_00431
ProMIT1327_00432,PMIT1327_00432
ProMIT1327_00433,PMIT1327_00433
ProMIT1327_00435,PMIT1327_00435
ProMIT1327_00436,PMIT1327_00436
ProMIT1327_00437,PMIT1327_00437
ProMIT1327_00438,PMIT1327_00438
ProMIT1327_00439,PMIT1327_00439
ProMIT1327_00442,PMIT1327_00442
ProMIT1327_00443,PMIT1327_00443
ProMIT1327_00447,PMIT1327_00447
ProMIT1327_00448,PMIT1327_00448
ProMIT1327_00449,PMIT1327_00449
ProMIT1327_00451,PMIT1327_00451
ProMIT1327_00452,PMIT1327_00452
ProMIT1327_00453,PMIT1327_00453
ProMIT1327_00454,PMIT1327_00454
ProMIT1327_00455,PMIT1327_00455
ProMIT1327_00456,PMIT1327_00456
ProMIT1327_00457,PMIT1327_00457
ProMIT1327_00458,PMIT1327_00458
ProMIT1327_00459,PMIT1327_00459
ProMIT1327_00461,PMIT1327_00461
ProMIT1327_00462,PMIT1327_00462
ProMIT1327_00463,PMIT1327_00463
ProMIT1327_00464,PMIT1327_00464
ProMIT1327_00466,PMIT1327_00466
ProMIT1327_00467,PMIT1327_00467
ProMIT1327_00468,PMIT1327_00468
ProMIT1327_00470,PMIT1327_00470
ProMIT1327_00471,PMIT1327_00471
ProMIT1327_00472,PMIT1327_00472
ProMIT1327_00474,PMIT1327_00474
ProMIT1327_00475,PMIT1327_00475
ProMIT1327_00476,PMIT1327_00476
ProMIT1327_00477,PMIT1327_00477
ProMIT1327_00479,PMIT1327_00479
ProMIT1327_00480,PMIT1327_00480
ProMIT1327_00484,PMIT1327_00484
ProMIT1327_00485,PMIT1327_00485
ProMIT1327_00487,PMIT1327_00487
ProMIT1327_00488,PMIT1327_00488
ProMIT1327_00489,PMIT1327_00489
ProMIT1327_00491,PMIT1327_00491
ProMIT1327_00494,PMIT1327_00494
ProMIT1327_00495,PMIT1327_00495
ProMIT1327_00496,PMIT1327_00496
ProMIT1327_00497,PMIT1327_00497
ProMIT1327_00498,PMIT1327_00498
ProMIT1327_00499,PMIT1327_00499
ProMIT1327_00501,PMIT1327_00501
ProMIT1327_00503,PMIT1327_00503
ProMIT1327_00504,PMIT1327_00504
ProMIT1327_00505,PMIT1327_00505
ProMIT1327_00506,PMIT1327_00506
ProMIT1327_00508,PMIT1327_00508
ProMIT1327_00509,PMIT1327_00509
ProMIT1327_00510,PMIT1327_00510
ProMIT1327_00512,PMIT1327_00512
ProMIT1327_00513,PMIT1327_00513
ProMIT1327_00515,PMIT1327_00515
ProMIT1327_00516,PMIT1327_00516
ProMIT1327_00518,PMIT1327_00518
ProMIT1327_00519,PMIT1327_00519
ProMIT1327_00520,PMIT1327_00520
ProMIT1327_00521,PMIT1327_00521
ProMIT1327_00522,PMIT1327_00522
ProMIT1327_00523,PMIT1327_00523
ProMIT1327_00524,PMIT1327_00524
ProMIT1327_00526,PMIT1327_00526
ProMIT1327_00527,PMIT1327_00527
ProMIT1327_00528,PMIT1327_00528
ProMIT1327_00529,PMIT1327_00529
ProMIT1327_00530,PMIT1327_00530
ProMIT1327_00531,PMIT1327_00531
ProMIT1327_00533,PMIT1327_00533
ProMIT1327_00534,PMIT1327_00534
ProMIT1327_00538,PMIT1327_00538
ProMIT1327_00539,PMIT1327_00539
ProMIT1327_00540,PMIT1327_00540
ProMIT1327_00541,PMIT1327_00541
ProMIT1327_00542,PMIT1327_00542
ProMIT1327_00543,PMIT1327_00543
ProMIT1327_00544,PMIT1327_00544
ProMIT1327_00545,PMIT1327_00545
ProMIT1327_00546,PMIT1327_00546
ProMIT1327_00547,PMIT1327_00547
ProMIT1327_00548,PMIT1327_00548
ProMIT1327_00549,PMIT1327_00549
ProMIT1327_00550,PMIT1327_00550
ProMIT1327_00551,PMIT1327_00551
ProMIT1327_00553,PMIT1327_00553
ProMIT1327_00554,PMIT1327_00554
ProMIT1327_00555,PMIT1327_00555
ProMIT1327_00556,PMIT1327_00556
ProMIT1327_00557,PMIT1327_00557
ProMIT1327_00558,PMIT1327_00558
ProMIT1327_00559,PMIT1327_00559
ProMIT1327_00560,PMIT1327_00560
ProMIT1327_00561,PMIT1327_00561
ProMIT1327_00562,PMIT1327_00562
ProMIT1327_00563,PMIT1327_00563
ProMIT1327_00564,PMIT1327_00564
ProMIT1327_00565,PMIT1327_00565
ProMIT1327_00567,PMIT1327_00567
ProMIT1327_00571,PMIT1327_00571
ProMIT1327_00572,PMIT1327_00572
ProMIT1327_00573,PMIT1327_00573
ProMIT1327_00574,PMIT1327_00574
ProMIT1327_00575,PMIT1327_00575
ProMIT1327_00576,PMIT1327_00576
ProMIT1327_00577,PMIT1327_00577
ProMIT1327_00578,PMIT1327_00578
ProMIT1327_00579,PMIT1327_00579
ProMIT1327_00580,PMIT1327_00580
ProMIT1327_00581,PMIT1327_00581
ProMIT1327_00583,PMIT1327_00583
ProMIT1327_00584,PMIT1327_00584
ProMIT1327_00585,PMIT1327_00585
ProMIT1327_00586,PMIT1327_00586
ProMIT1327_00587,PMIT1327_00587
ProMIT1327_00588,PMIT1327_00588
ProMIT1327_00591,PMIT1327_00591
ProMIT1327_00592,PMIT1327_00592
ProMIT1327_00593,PMIT1327_00593
ProMIT1327_00594,PMIT1327_00594
ProMIT1327_00595,PMIT1327_00595
ProMIT1327_00596,PMIT1327_00596
ProMIT1327_00597,PMIT1327_00597
ProMIT1327_00600,PMIT1327_00600
ProMIT1327_00601,PMIT1327_00601
ProMIT1327_00602,PMIT1327_00602
ProMIT1327_00603,PMIT1327_00603
ProMIT1327_00604,PMIT1327_00604
ProMIT1327_00605,PMIT1327_00605
ProMIT1327_00606,PMIT1327_00606
ProMIT1327_00607,PMIT1327_00607
ProMIT1327_00608,PMIT1327_00608
ProMIT1327_00609,PMIT1327_00609
ProMIT1327_00610,PMIT1327_00610
ProMIT1327_00611,PMIT1327_00611
ProMIT1327_00612,PMIT1327_00612
ProMIT1327_00613,PMIT1327_00613
ProMIT1327_00615,PMIT1327_00615
ProMIT1327_00617,PMIT1327_00617
ProMIT1327_00618,PMIT1327_00618
ProMIT1327_00620,PMIT1327_00620
ProMIT1327_00621,PMIT1327_00621
ProMIT1327_00622,PMIT1327_00622
ProMIT1327_00623,PMIT1327_00623
ProMIT1327_00624,PMIT1327_00624
ProMIT1327_00625,PMIT1327_00625
ProMIT1327_00626,PMIT1327_00626
ProMIT1327_00627,PMIT1327_00627
ProMIT1327_00629,PMIT1327_00629
ProMIT1327_00630,PMIT1327_00630
ProMIT1327_00631,PMIT1327_00631
ProMIT1327_00632,PMIT1327_00632
ProMIT1327_00634,PMIT1327_00634
ProMIT1327_00635,PMIT1327_00635
ProMIT1327_00636,PMIT1327_00636
ProMIT1327_00637,PMIT1327_00637
ProMIT1327_00638,PMIT1327_00638
ProMIT1327_00639,PMIT1327_00639
ProMIT1327_00640,PMIT1327_00640
ProMIT1327_00641,PMIT1327_00641
ProMIT1327_00642,PMIT1327_00642
ProMIT1327_00643,PMIT1327_00643
ProMIT1327_00644,PMIT1327_00644
ProMIT1327_00645,PMIT1327_00645
ProMIT1327_00646,PMIT1327_00646
ProMIT1327_00647,PMIT1327_00647
ProMIT1327_00648,PMIT1327_00648
ProMIT1327_00649,PMIT1327_00649
ProMIT1327_00650,PMIT1327_00650
ProMIT1327_00651,PMIT1327_00651
ProMIT1327_00652,PMIT1327_00652
ProMIT1327_00653,PMIT1327_00653
ProMIT1327_00654,PMIT1327_00654
ProMIT1327_00655,PMIT1327_00655
ProMIT1327_00658,PMIT1327_00658
ProMIT1327_00659,PMIT1327_00659
ProMIT1327_00660,PMIT1327_00660
ProMIT1327_00661,PMIT1327_00661
ProMIT1327_00662,PMIT1327_00662
ProMIT1327_00663,PMIT1327_00663
ProMIT1327_00664,PMIT1327_00664
ProMIT1327_00665,PMIT1327_00665
ProMIT1327_00666,PMIT1327_00666
ProMIT1327_00667,PMIT1327_00667
ProMIT1327_00668,PMIT1327_00668
ProMIT1327_00669,PMIT1327_00669
ProMIT1327_00670,PMIT1327_00670
ProMIT1327_00671,PMIT1327_00668
ProMIT1327_00672,PMIT1327_00672
ProMIT1327_00673,PMIT1327_00673
ProMIT1327_00674,PMIT1327_00674
ProMIT1327_00675,PMIT1327_00675
ProMIT1327_00676,PMIT1327_00676
ProMIT1327_00677,PMIT1327_00677
ProMIT1327_00678,PMIT1327_00678
ProMIT1327_00679,PMIT1327_00679
ProMIT1327_00680,PMIT1327_00680
ProMIT1327_00681,PMIT1327_00681
ProMIT1327_00682,PMIT1327_00682
ProMIT1327_00683,PMIT1327_00683
ProMIT1327_00684,PMIT1327_00684
ProMIT1327_00685,PMIT1327_00685
ProMIT1327_00686,PMIT1327_00686
ProMIT1327_00687,PMIT1327_00687
ProMIT1327_00688,PMIT1327_00688
ProMIT1327_00689,PMIT1327_00689
ProMIT1327_00690,PMIT1327_00690
ProMIT1327_00691,PMIT1327_00691
ProMIT1327_00692,PMIT1327_00692
ProMIT1327_00693,PMIT1327_00693
ProMIT1327_00694,PMIT1327_00694
ProMIT1327_00695,PMIT1327_00695
ProMIT1327_00697,PMIT1327_00697
ProMIT1327_00698,PMIT1327_00698
ProMIT1327_00699,PMIT1327_00699
ProMIT1327_00700,PMIT1327_00700
ProMIT1327_00701,PMIT1327_00701
ProMIT1327_00702,PMIT1327_00702
ProMIT1327_00703,PMIT1327_00703
ProMIT1327_00704,PMIT1327_00704
ProMIT1327_00705,PMIT1327_00705
ProMIT1327_00706,PMIT1327_00706
ProMIT1327_00707,PMIT1327_00707
ProMIT1327_00708,PMIT1327_00708
ProMIT1327_00709,PMIT1327_00709
ProMIT1327_00710,PMIT1327_00710
ProMIT1327_00711,PMIT1327_00711
ProMIT1327_00712,PMIT1327_00712
ProMIT1327_00713,PMIT1327_00713
ProMIT1327_00714,PMIT1327_00714
ProMIT1327_00715,PMIT1327_00715
ProMIT1327_00716,PMIT1327_00716
ProMIT1327_00717,PMIT1327_00717
ProMIT1327_00718,PMIT1327_00718
ProMIT1327_00719,PMIT1327_00719
ProMIT1327_00720,PMIT1327_00720
ProMIT1327_00721,PMIT1327_00721
ProMIT1327_00722,PMIT1327_00722
ProMIT1327_00723,PMIT1327_00723
ProMIT1327_00724,PMIT1327_00724
ProMIT1327_00725,PMIT1327_00725
ProMIT1327_00726,PMIT1327_00726
ProMIT1327_00727,PMIT1327_00727
ProMIT1327_00728,PMIT1327_00728
ProMIT1327_00729,PMIT1327_00729
ProMIT1327_00730,PMIT1327_00730
ProMIT1327_00731,PMIT1327_00731
ProMIT1327_00732,PMIT1327_00732
ProMIT1327_00734,PMIT1327_00734
ProMIT1327_00735,PMIT1327_00735
ProMIT1327_00736,PMIT1327_00736
ProMIT1327_00737,PMIT1327_00737
ProMIT1327_00738,PMIT1327_00738
ProMIT1327_00739,PMIT1327_00739
ProMIT1327_00741,PMIT1327_00741
ProMIT1327_00742,PMIT1327_00742
ProMIT1327_00743,PMIT1327_00743
ProMIT1327_00744,PMIT1327_00744
ProMIT1327_00745,PMIT1327_00745
ProMIT1327_00746,PMIT1327_00746
ProMIT1327_00747,PMIT1327_00747
ProMIT1327_00748,PMIT1327_00748
ProMIT1327_00749,PMIT1327_00749
ProMIT1327_00750,PMIT1327_00750
ProMIT1327_00751,PMIT1327_00751
ProMIT1327_00752,PMIT1327_00752
ProMIT1327_00753,PMIT1327_00753
ProMIT1327_00754,PMIT1327_00754
ProMIT1327_00755,PMIT1327_00755
ProMIT1327_00756,PMIT1327_00756
ProMIT1327_00759,PMIT1327_00759
ProMIT1327_00760,PMIT1327_00760
ProMIT1327_00762,PMIT1327_00762
ProMIT1327_00763,PMIT1327_00763
ProMIT1327_00765,PMIT1327_00765
ProMIT1327_00767,PMIT1327_00767
ProMIT1327_00768,PMIT1327_00768
ProMIT1327_00769,PMIT1327_00769
ProMIT1327_00770,PMIT1327_00770
ProMIT1327_00771,PMIT1327_00771
ProMIT1327_00772,PMIT1327_00772
ProMIT1327_00773,PMIT1327_00773
ProMIT1327_00775,PMIT1327_00775
ProMIT1327_00776,PMIT1327_00776
ProMIT1327_00777,PMIT1327_00777
ProMIT1327_00779,PMIT1327_00779
ProMIT1327_00780,PMIT1327_00780
ProMIT1327_00781,PMIT1327_00781
ProMIT1327_00782,PMIT1327_00782
ProMIT1327_00787,PMIT1327_00787
ProMIT1327_00790,PMIT1327_00790
ProMIT1327_00791,PMIT1327_00791
ProMIT1327_00793,PMIT1327_00793
ProMIT1327_00794,PMIT1327_00794
ProMIT1327_00797,PMIT1327_00797
ProMIT1327_00802,PMIT1327_00802
ProMIT1327_00803,PMIT1327_00803
ProMIT1327_00804,PMIT1327_00804
ProMIT1327_00807,PMIT1327_00807
ProMIT1327_00809,PMIT1327_00809
ProMIT1327_00813,PMIT1327_00813
ProMIT1327_00814,PMIT1327_00814
ProMIT1327_00815,PMIT1327_00815
ProMIT1327_00816,PMIT1327_00816
ProMIT1327_00817,PMIT1327_00817
ProMIT1327_00820,PMIT1327_00820
ProMIT1327_00823,PMIT1327_00823
ProMIT1327_00824,PMIT1327_00824
ProMIT1327_00825,PMIT1327_00825
ProMIT1327_00826,PMIT1327_00826
ProMIT1327_00828,PMIT1327_00828
ProMIT1327_00829,PMIT1327_00829
ProMIT1327_00830,PMIT1327_00830
ProMIT1327_00831,PMIT1327_00831
ProMIT1327_00832,PMIT1327_00832
ProMIT1327_00833,PMIT1327_00833
ProMIT1327_00834,PMIT1327_00834
ProMIT1327_00835,PMIT1327_00835
ProMIT1327_00837,PMIT1327_00837
ProMIT1327_00838,PMIT1327_00838
ProMIT1327_00840,PMIT1327_00840
ProMIT1327_00841,PMIT1327_00841
ProMIT1327_00842,PMIT1327_00842
ProMIT1327_00843,PMIT1327_00843
ProMIT1327_00844,PMIT1327_00844
ProMIT1327_00845,PMIT1327_00845
ProMIT1327_00846,PMIT1327_00846
ProMIT1327_00847,PMIT1327_00847
ProMIT1327_00848,PMIT1327_00848
ProMIT1327_00849,PMIT1327_00849
ProMIT1327_00850,PMIT1327_00850
ProMIT1327_00851,PMIT1327_00851
ProMIT1327_00853,PMIT1327_00853
ProMIT1327_00854,PMIT1327_00854
ProMIT1327_00855,PMIT1327_00855
ProMIT1327_00856,PMIT1327_00856
ProMIT1327_00857,PMIT1327_00857
ProMIT1327_00858,PMIT1327_00858
ProMIT1327_00859,PMIT1327_00859
ProMIT1327_00861,PMIT1327_00861
ProMIT1327_00862,PMIT1327_00862
ProMIT1327_00863,PMIT1327_00863
ProMIT1327_00864,PMIT1327_00864
ProMIT1327_00865,PMIT1327_00865
ProMIT1327_00866,PMIT1327_00866
ProMIT1327_00867,PMIT1327_00867
ProMIT1327_00868,PMIT1327_00868
ProMIT1327_00869,PMIT1327_00869
ProMIT1327_00870,PMIT1327_00870
ProMIT1327_00871,PMIT1327_00871
ProMIT1327_00872,PMIT1327_00872
ProMIT1327_00873,PMIT1327_00873
ProMIT1327_00874,PMIT1327_00874
ProMIT1327_00875,PMIT1327_00875
ProMIT1327_00876,PMIT1327_00876
ProMIT1327_00877,PMIT1327_00877
ProMIT1327_00878,PMIT1327_00878
ProMIT1327_00879,PMIT1327_00879
ProMIT1327_00880,PMIT1327_00880
ProMIT1327_00881,PMIT1327_00881
ProMIT1327_00882,PMIT1327_00882
ProMIT1327_00883,PMIT1327_00883
ProMIT1327_00884,PMIT1327_00884
ProMIT1327_00885,PMIT1327_00885
ProMIT1327_00886,PMIT1327_00886
ProMIT1327_00887,PMIT1327_00887
ProMIT1327_00888,PMIT1327_00888
ProMIT1327_00889,PMIT1327_00889
ProMIT1327_00890,PMIT1327_00890
ProMIT1327_00891,PMIT1327_00891
ProMIT1327_00892,PMIT1327_00892
ProMIT1327_00893,PMIT1327_00893
ProMIT1327_00894,PMIT1327_00894
ProMIT1327_00895,PMIT1327_00895
ProMIT1327_00896,PMIT1327_00896
ProMIT1327_00897,PMIT1327_00897
ProMIT1327_00898,PMIT1327_00898
ProMIT1327_00899,PMIT1327_00899
ProMIT1327_00901,PMIT1327_00901
ProMIT1327_00903,PMIT1327_00903
ProMIT1327_00904,PMIT1327_00904
ProMIT1327_00906,PMIT1327_00906
ProMIT1327_00907,PMIT1327_00907
ProMIT1327_00908,PMIT1327_00908
ProMIT1327_00909,PMIT1327_00909
ProMIT1327_00910,PMIT1327_00910
ProMIT1327_00911,PMIT1327_00911
ProMIT1327_00912,PMIT1327_00912
ProMIT1327_00913,PMIT1327_00913
ProMIT1327_00914,PMIT1327_00914
ProMIT1327_00915,PMIT1327_00915
ProMIT1327_00916,PMIT1327_00916
ProMIT1327_00917,PMIT1327_00917
ProMIT1327_00918,PMIT1327_00918
ProMIT1327_00919,PMIT1327_00919
ProMIT1327_00920,PMIT1327_00920
ProMIT1327_00921,PMIT1327_00921
ProMIT1327_00922,PMIT1327_00922
ProMIT1327_00923,PMIT1327_00923
ProMIT1327_00924,PMIT1327_00924
ProMIT1327_00925,PMIT1327_00925
ProMIT1327_00926,PMIT1327_00926
ProMIT1327_00927,PMIT1327_00927
ProMIT1327_00928,PMIT1327_00928
ProMIT1327_00929,PMIT1327_00929
ProMIT1327_00930,PMIT1327_00930
ProMIT1327_00931,PMIT1327_00931
ProMIT1327_00932,PMIT1327_00932
ProMIT1327_00933,PMIT1327_00933
ProMIT1327_00934,PMIT1327_00934
ProMIT1327_00935,PMIT1327_00935
ProMIT1327_00936,PMIT1327_00936
ProMIT1327_00937,PMIT1327_00937
ProMIT1327_00938,PMIT1327_00938
ProMIT1327_00939,PMIT1327_00939
ProMIT1327_00940,PMIT1327_00940
ProMIT1327_00941,PMIT1327_00941
ProMIT1327_00942,PMIT1327_00942
ProMIT1327_00943,PMIT1327_00943
ProMIT1327_00944,PMIT1327_00944
ProMIT1327_00945,PMIT1327_00945
ProMIT1327_00946,PMIT1327_00946
ProMIT1327_00948,PMIT1327_00948
ProMIT1327_00949,PMIT1327_00949
ProMIT1327_00950,PMIT1327_00950
ProMIT1327_00951,PMIT1327_00951
ProMIT1327_00952,PMIT1327_00952
ProMIT1327_00953,PMIT1327_00953
ProMIT1327_00954,PMIT1327_00954
ProMIT1327_00955,PMIT1327_00955
ProMIT1327_00956,PMIT1327_00956
ProMIT1327_00957,PMIT1327_00957
ProMIT1327_00958,PMIT1327_00958
ProMIT1327_00959,PMIT1327_00959
ProMIT1327_00960,PMIT1327_00960
ProMIT1327_00961,PMIT1327_00961
ProMIT1327_00962,PMIT1327_00962
ProMIT1327_00963,PMIT1327_00963
ProMIT1327_00964,PMIT1327_00964
ProMIT1327_00965,PMIT1327_00965
ProMIT1327_00966,PMIT1327_00966
ProMIT1327_00967,PMIT1327_00967
ProMIT1327_00968,PMIT1327_00968
ProMIT1327_00969,PMIT1327_00969
ProMIT1327_00970,PMIT1327_00970
ProMIT1327_00972,PMIT1327_00972
ProMIT1327_00973,PMIT1327_00973
ProMIT1327_00974,PMIT1327_00974
ProMIT1327_00975,PMIT1327_00975
ProMIT1327_00976,PMIT1327_00976
ProMIT1327_00977,PMIT1327_00977
ProMIT1327_00978,PMIT1327_00978
ProMIT1327_00979,PMIT1327_00979
ProMIT1327_00980,PMIT1327_00980
ProMIT1327_00981,PMIT1327_00981
ProMIT1327_00982,PMIT1327_00982
ProMIT1327_00984,PMIT1327_00984
ProMIT1327_00985,PMIT1327_00985
ProMIT1327_00986,PMIT1327_00986
ProMIT1327_00987,PMIT1327_00987
ProMIT1327_00988,PMIT1327_00988
ProMIT1327_00989,PMIT1327_00989
ProMIT1327_00990,PMIT1327_00990
ProMIT1327_00991,PMIT1327_00991
ProMIT1327_00992,PMIT1327_00992
ProMIT1327_00993,PMIT1327_00993
ProMIT1327_00994,PMIT1327_00994
ProMIT1327_00998,PMIT1327_00998
ProMIT1327_00999,PMIT1327_00999
ProMIT1327_01000,PMIT1327_01000
ProMIT1327_01001,PMIT1327_01001
ProMIT1327_01002,PMIT1327_01002
ProMIT1327_01004,PMIT1327_01004
ProMIT1327_01005,PMIT1327_01005
ProMIT1327_01006,PMIT1327_01006
ProMIT1327_01007,PMIT1327_01007
ProMIT1327_01008,PMIT1327_01008
ProMIT1327_01010,PMIT1327_01010
ProMIT1327_01011,PMIT1327_01011
ProMIT1327_01012,PMIT1327_01012
ProMIT1327_01013,PMIT1327_01013
ProMIT1327_01014,PMIT1327_01014
ProMIT1327_01015,PMIT1327_01015
ProMIT1327_01017,PMIT1327_01017
ProMIT1327_01018,PMIT1327_01018
ProMIT1327_01019,PMIT1327_01019
ProMIT1327_01020,PMIT1327_01020
ProMIT1327_01021,PMIT1327_01021
ProMIT1327_01022,PMIT1327_01022
ProMIT1327_01023,PMIT1327_01023
ProMIT1327_01024,PMIT1327_01024
ProMIT1327_01025,PMIT1327_01025
ProMIT1327_01026,PMIT1327_01026
ProMIT1327_01027,PMIT1327_01027
ProMIT1327_01028,PMIT1327_01028
ProMIT1327_01030,PMIT1327_01030
ProMIT1327_01032,PMIT1327_01032
ProMIT1327_01033,PMIT1327_01033
ProMIT1327_01036,PMIT1327_01036
ProMIT1327_01037,PMIT1327_01037
ProMIT1327_01040,PMIT1327_01040
ProMIT1327_01042,PMIT1327_01042
ProMIT1327_01043,PMIT1327_01043
ProMIT1327_01044,PMIT1327_01044
ProMIT1327_01045,PMIT1327_01045
ProMIT1327_01046,PMIT1327_01046
ProMIT1327_01048,PMIT1327_01048
ProMIT1327_01049,PMIT1327_01049
ProMIT1327_01051,PMIT1327_01051
ProMIT1327_01052,PMIT1327_01052
ProMIT1327_01053,PMIT1327_01053
ProMIT1327_01054,PMIT1327_01054
ProMIT1327_01055,PMIT1327_01055
ProMIT1327_01056,PMIT1327_01056
ProMIT1327_01057,PMIT1327_01057
ProMIT1327_01058,PMIT1327_01058
ProMIT1327_01059,PMIT1327_01059
ProMIT1327_01060,PMIT1327_01060
ProMIT1327_01061,PMIT1327_01061
ProMIT1327_01062,PMIT1327_01062
ProMIT1327_01063,PMIT1327_01063
ProMIT1327_01064,PMIT1327_01064
ProMIT1327_01065,PMIT1327_01065
ProMIT1327_01066,PMIT1327_01066
ProMIT1327_01067,PMIT1327_01067
ProMIT1327_01068,PMIT1327_01068
ProMIT1327_01069,PMIT1327_01069
ProMIT1327_01070,PMIT1327_01070
ProMIT1327_01071,PMIT1327_01071
ProMIT1327_01073,PMIT1327_01073
ProMIT1327_01074,PMIT1327_01074
ProMIT1327_01076,PMIT1327_01076
ProMIT1327_01077,PMIT1327_01077
ProMIT1327_01078,PMIT1327_01078
ProMIT1327_01080,PMIT1327_01080
ProMIT1327_01083,PMIT1327_01083
ProMIT1327_01084,PMIT1327_01084
ProMIT1327_01085,PMIT1327_01085
ProMIT1327_01086,PMIT1327_01086
ProMIT1327_01088,PMIT1327_01088
ProMIT1327_01089,PMIT1327_01089
ProMIT1327_01090,PMIT1327_01090
ProMIT1327_01091,PMIT1327_01091
ProMIT1327_01092,PMIT1327_01092
ProMIT1327_01093,PMIT1327_01093
ProMIT1327_01094,PMIT1327_01094
ProMIT1327_01095,PMIT1327_01095
ProMIT1327_01096,PMIT1327_01096
ProMIT1327_01097,PMIT1327_01097
ProMIT1327_01098,PMIT1327_01098
ProMIT1327_01099,PMIT1327_01099
ProMIT1327_01100,PMIT1327_01100
ProMIT1327_01101,PMIT1327_01101
ProMIT1327_01102,PMIT1327_01102
ProMIT1327_01103,PMIT1327_01103
ProMIT1327_01104,PMIT1327_01104
ProMIT1327_01108,PMIT1327_01108
ProMIT1327_01109,PMIT1327_01109
ProMIT1327_01110,PMIT1327_01110
ProMIT1327_01111,PMIT1327_01111
ProMIT1327_01112,PMIT1327_01112
ProMIT1327_01113,PMIT1327_01113
ProMIT1327_01114,PMIT1327_01114
ProMIT1327_01115,PMIT1327_01115
ProMIT1327_01116,PMIT1327_01116
ProMIT1327_01117,PMIT1327_01117
ProMIT1327_01118,PMIT1327_01118
ProMIT1327_01119,PMIT1327_01119
ProMIT1327_01120,PMIT1327_01120
ProMIT1327_01121,PMIT1327_01121
ProMIT1327_01122,PMIT1327_01122
ProMIT1327_01123,PMIT1327_01123
ProMIT1327_01124,PMIT1327_01124
ProMIT1327_01125,PMIT1327_01125
ProMIT1327_01127,PMIT1327_01127
ProMIT1327_01129,PMIT1327_01129
ProMIT1327_01130,PMIT1327_01130
ProMIT1327_01131,PMIT1327_01131
ProMIT1327_01132,PMIT1327_01132
ProMIT1327_01133,PMIT1327_01133
ProMIT1327_01134,PMIT1327_01134
ProMIT1327_01135,PMIT1327_01135
ProMIT1327_01138,PMIT1327_01138
ProMIT1327_01139,PMIT1327_01139
ProMIT1327_01140,PMIT1327_01140
ProMIT1327_01141,PMIT1327_01141
ProMIT1327_01142,PMIT1327_01142
ProMIT1327_01143,PMIT1327_01143
ProMIT1327_01144,PMIT1327_01144
ProMIT1327_01145,PMIT1327_01145
ProMIT1327_01146,PMIT1327_01146
ProMIT1327_01147,PMIT1327_01147
ProMIT1327_01148,PMIT1327_01148
ProMIT1327_01149,PMIT1327_01149
ProMIT1327_01150,PMIT1327_01150
ProMIT1327_01151,PMIT1327_01151
ProMIT1327_01152,PMIT1327_01152
ProMIT1327_01155,PMIT1327_01155
ProMIT1327_01156,PMIT1327_01156
ProMIT1327_01157,PMIT1327_01157
ProMIT1327_01159,PMIT1327_01159
ProMIT1327_01160,PMIT1327_01160
ProMIT1327_01162,PMIT1327_01162
ProMIT1327_01163,PMIT1327_01163
ProMIT1327_01164,PMIT1327_01164
ProMIT1327_01165,PMIT1327_01165
ProMIT1327_01166,PMIT1327_01166
ProMIT1327_01167,PMIT1327_01167
ProMIT1327_01168,PMIT1327_01168
ProMIT1327_01169,PMIT1327_01169
ProMIT1327_01170,PMIT1327_01170
ProMIT1327_01171,PMIT1327_01171
ProMIT1327_01172,PMIT1327_01172
ProMIT1327_01173,PMIT1327_01173
ProMIT1327_01174,PMIT1327_01174
ProMIT1327_01175,PMIT1327_01175
ProMIT1327_01176,PMIT1327_01176
ProMIT1327_01177,PMIT1327_01177
ProMIT1327_01178,PMIT1327_01178
ProMIT1327_01179,PMIT1327_01179
ProMIT1327_01180,PMIT1327_01180
ProMIT1327_01181,PMIT1327_01181
ProMIT1327_01182,PMIT1327_01182
ProMIT1327_01183,PMIT1327_01183
ProMIT1327_01184,PMIT1327_01184
ProMIT1327_01185,PMIT1327_01185
ProMIT1327_01186,PMIT1327_01186
ProMIT1327_01187,PMIT1327_01187
ProMIT1327_01188,PMIT1327_01188
ProMIT1327_01189,PMIT1327_01189
ProMIT1327_01190,PMIT1327_01190
ProMIT1327_01191,PMIT1327_01191
ProMIT1327_01192,PMIT1327_01192
ProMIT1327_01193,PMIT1327_01193
ProMIT1327_01194,PMIT1327_01194
ProMIT1327_01195,PMIT1327_01195
ProMIT1327_01196,PMIT1327_01196
ProMIT1327_01197,PMIT1327_01197
ProMIT1327_01200,PMIT1327_01200
ProMIT1327_01201,PMIT1327_01201
ProMIT1327_01202,PMIT1327_01202
ProMIT1327_01203,PMIT1327_01203
ProMIT1327_01204,PMIT1327_01204
ProMIT1327_01205,PMIT1327_01205
ProMIT1327_01206,PMIT1327_01206
ProMIT1327_01207,PMIT1327_01207
ProMIT1327_01208,PMIT1327_01208
ProMIT1327_01209,PMIT1327_01209
ProMIT1327_01210,PMIT1327_01210
ProMIT1327_01211,PMIT1327_01211
ProMIT1327_01212,PMIT1327_01212
ProMIT1327_01213,PMIT1327_01213
ProMIT1327_01214,PMIT1327_01214
ProMIT1327_01216,PMIT1327_01216
ProMIT1327_01217,PMIT1327_01217
ProMIT1327_01218,PMIT1327_01218
ProMIT1327_01219,PMIT1327_01219
ProMIT1327_01220,PMIT1327_01220
ProMIT1327_01222,PMIT1327_01222
ProMIT1327_01223,PMIT1327_01223
ProMIT1327_01224,PMIT1327_01224
ProMIT1327_01225,PMIT1327_01225
ProMIT1327_01226,PMIT1327_01226
ProMIT1327_01227,PMIT1327_01227
ProMIT1327_01228,PMIT1327_01228
ProMIT1327_01230,PMIT1327_01230
ProMIT1327_01231,PMIT1327_01231
ProMIT1327_01232,PMIT1327_01232
ProMIT1327_01233,PMIT1327_01233
ProMIT1327_01234,PMIT1327_01234
ProMIT1327_01235,PMIT1327_01235
ProMIT1327_01236,PMIT1327_01236
ProMIT1327_01237,PMIT1327_01237
ProMIT1327_01238,PMIT1327_01238
ProMIT1327_01240,PMIT1327_01240
ProMIT1327_01242,PMIT1327_01242
ProMIT1327_01243,PMIT1327_01243
ProMIT1327_01244,PMIT1327_01244
ProMIT1327_01245,PMIT1327_01245
ProMIT1327_01246,PMIT1327_01246
ProMIT1327_01247,PMIT1327_01247
ProMIT1327_01248,PMIT1327_01248
ProMIT1327_01249,PMIT1327_01249
ProMIT1327_01252,PMIT1327_01252
ProMIT1327_01253,PMIT1327_01253
ProMIT1327_01254,PMIT1327_01254
ProMIT1327_01255,PMIT1327_01255
ProMIT1327_01256,PMIT1327_01256
ProMIT1327_01257,PMIT1327_01257
ProMIT1327_01258,PMIT1327_01258
ProMIT1327_01259,PMIT1327_01259
ProMIT1327_01260,PMIT1327_01260
ProMIT1327_01261,PMIT1327_01261
ProMIT1327_01262,PMIT1327_01262
ProMIT1327_01263,PMIT1327_01263
ProMIT1327_01264,PMIT1327_01264
ProMIT1327_01267,PMIT1327_01267
ProMIT1327_01269,PMIT1327_01269
ProMIT1327_01270,PMIT1327_01270
ProMIT1327_01271,PMIT1327_01271
ProMIT1327_01272,PMIT1327_01272
ProMIT1327_01274,PMIT1327_01274
ProMIT1327_01275,PMIT1327_01275
ProMIT1327_01276,PMIT1327_01276
ProMIT1327_01278,PMIT1327_01278
ProMIT1327_01279,PMIT1327_01279
ProMIT1327_01280,PMIT1327_01280
ProMIT1327_01281,PMIT1327_01281
ProMIT1327_01282,PMIT1327_01282
ProMIT1327_01283,PMIT1327_01283
ProMIT1327_01284,PMIT1327_01284
ProMIT1327_01286,PMIT1327_01286
ProMIT1327_01287,PMIT1327_01287
ProMIT1327_01288,PMIT1327_01288
ProMIT1327_01289,PMIT1327_01289
ProMIT1327_01290,PMIT1327_01290
ProMIT1327_01291,PMIT1327_01291
ProMIT1327_01292,PMIT1327_01292
ProMIT1327_01293,PMIT1327_01293
ProMIT1327_01294,PMIT1327_01294
ProMIT1327_01295,PMIT1327_01295
ProMIT1327_01296,PMIT1327_01296
ProMIT1327_01297,PMIT1327_01297
ProMIT1327_01299,PMIT1327_01299
ProMIT1327_01300,PMIT1327_01300
ProMIT1327_01302,PMIT1327_01302
ProMIT1327_01303,PMIT1327_01303
ProMIT1327_01304,PMIT1327_01304
ProMIT1327_01305,PMIT1327_01305
ProMIT1327_01306,PMIT1327_01306
ProMIT1327_01307,PMIT1327_01307
ProMIT1327_01308,PMIT1327_01308
ProMIT1327_01309,PMIT1327_01309
ProMIT1327_01310,PMIT1327_01310
ProMIT1327_01311,PMIT1327_01311
ProMIT1327_01312,PMIT1327_01312
ProMIT1327_01313,PMIT1327_01313
ProMIT1327_01314,PMIT1327_01314
ProMIT1327_01315,PMIT1327_01315
ProMIT1327_01316,PMIT1327_01316
ProMIT1327_01317,PMIT1327_01317
ProMIT1327_01318,PMIT1327_01318
ProMIT1327_01319,PMIT1327_01319
ProMIT1327_01321,PMIT1327_01321
ProMIT1327_01322,PMIT1327_01322
ProMIT1327_01323,PMIT1327_01323
ProMIT1327_01324,PMIT1327_01324
ProMIT1327_01325,PMIT1327_01325
ProMIT1327_01326,PMIT1327_01326
ProMIT1327_01327,PMIT1327_01327
ProMIT1327_01328,PMIT1327_01328
ProMIT1327_01329,PMIT1327_01329
ProMIT1327_01330,PMIT1327_01330
ProMIT1327_01331,PMIT1327_01331
ProMIT1327_01333,PMIT1327_01333
ProMIT1327_01334,PMIT1327_01334
ProMIT1327_01335,PMIT1327_01335
ProMIT1327_01336,PMIT1327_01336
ProMIT1327_01337,PMIT1327_01337
ProMIT1327_01338,PMIT1327_01338
ProMIT1327_01339,PMIT1327_01339
ProMIT1327_01340,PMIT1327_01340
ProMIT1327_01341,PMIT1327_01341
ProMIT1327_01342,PMIT1327_01342
ProMIT1327_01343,PMIT1327_01343
ProMIT1327_01344,PMIT1327_01344
ProMIT1327_01345,PMIT1327_01345
ProMIT1327_01346,PMIT1327_01346
ProMIT1327_01347,PMIT1327_01347
ProMIT1327_01349,PMIT1327_01349
ProMIT1327_01350,PMIT1327_01350
ProMIT1327_01351,PMIT1327_01351
ProMIT1327_01352,PMIT1327_01352
ProMIT1327_01353,PMIT1327_01353
ProMIT1327_01354,PMIT1327_01354
ProMIT1327_01355,PMIT1327_01355
ProMIT1327_01356,PMIT1327_01356
ProMIT1327_01357,PMIT1327_01357
ProMIT1327_01358,PMIT1327_01358
ProMIT1327_01359,PMIT1327_01359
ProMIT1327_01361,PMIT1327_RS13800
ProMIT1327_01362,PMIT1327_01362
ProMIT1327_01363,PMIT1327_01363
ProMIT1327_01364,PMIT1327_01364
ProMIT1327_01365,PMIT1327_01365
ProMIT1327_01366,PMIT1327_01366
ProMIT1327_01367,PMIT1327_01367
ProMIT1327_01368,PMIT1327_01368
ProMIT1327_01369,PMIT1327_01369
ProMIT1327_01370,PMIT1327_01370
ProMIT1327_01371,PMIT1327_01371
ProMIT1327_01372,PMIT1327_01372
ProMIT1327_01373,PMIT1327_01373
ProMIT1327_01374,PMIT1327_01374
ProMIT1327_01375,PMIT1327_01375
ProMIT1327_01376,PMIT1327_01376
ProMIT1327_01377,PMIT1327_01377
ProMIT1327_01379,PMIT1327_01379
ProMIT1327_01380,PMIT1327_01380
ProMIT1327_01381,PMIT1327_01381
ProMIT1327_01382,PMIT1327_RS13400
ProMIT1327_01384,PMIT1327_01384
ProMIT1327_01385,PMIT1327_01385
ProMIT1327_01387,PMIT1327_01387
ProMIT1327_01388,PMIT1327_01388
ProMIT1327_01389,PMIT1327_01389
ProMIT1327_01390,PMIT1327_01390
ProMIT1327_01391,PMIT1327_01391
ProMIT1327_01392,PMIT1327_RS13405
ProMIT1327_01393,PMIT1327_01393
ProMIT1327_01394,PMIT1327_01394
ProMIT1327_01395,PMIT1327_01395
ProMIT1327_01396,PMIT1327_01396
ProMIT1327_01397,PMIT1327_01397
ProMIT1327_01398,PMIT1327_01398
ProMIT1327_01399,PMIT1327_01399
ProMIT1327_01400,PMIT1327_01400
ProMIT1327_01401,PMIT1327_01401
ProMIT1327_01402,PMIT1327_01402
ProMIT1327_01403,PMIT1327_01403
ProMIT1327_01404,PMIT1327_01404
ProMIT1327_01405,PMIT1327_01405
ProMIT1327_01406,PMIT1327_01406
ProMIT1327_01407,PMIT1327_01407
ProMIT1327_01408,PMIT1327_01408
ProMIT1327_01409,PMIT1327_01409
ProMIT1327_01410,PMIT1327_01410
ProMIT1327_01411,PMIT1327_01411
ProMIT1327_01412,PMIT1327_01412
ProMIT1327_01413,PMIT1327_01413
ProMIT1327_01414,PMIT1327_01414
ProMIT1327_01415,PMIT1327_01415
ProMIT1327_01416,PMIT1327_01416
ProMIT1327_01417,PMIT1327_01417
ProMIT1327_01418,PMIT1327_01418
ProMIT1327_01419,PMIT1327_01419
ProMIT1327_01420,PMIT1327_01420
ProMIT1327_01421,PMIT1327_01421
ProMIT1327_01422,PMIT1327_01422
ProMIT1327_01423,PMIT1327_01423
ProMIT1327_01424,PMIT1327_01424
ProMIT1327_01425,PMIT1327_01425
ProMIT1327_01426,PMIT1327_01426
ProMIT1327_01427,PMIT1327_01427
ProMIT1327_01429,PMIT1327_01429
ProMIT1327_01430,PMIT1327_01430
ProMIT1327_01431,PMIT1327_01044
ProMIT1327_01432,PMIT1327_01432
ProMIT1327_01433,PMIT1327_01433
ProMIT1327_01434,PMIT1327_01434
ProMIT1327_01435,PMIT1327_01435
ProMIT1327_01436,PMIT1327_01436
ProMIT1327_01437,PMIT1327_01437
ProMIT1327_01438,PMIT1327_01438
ProMIT1327_01439,PMIT1327_01439
ProMIT1327_01440,PMIT1327_01440
ProMIT1327_01441,PMIT1327_01441
ProMIT1327_01442,PMIT1327_01442
ProMIT1327_01443,PMIT1327_01443
ProMIT1327_01444,PMIT1327_01444
ProMIT1327_01445,PMIT1327_01445
ProMIT1327_01446,PMIT1327_01446
ProMIT1327_01447,PMIT1327_01447
ProMIT1327_01448,PMIT1327_01448
ProMIT1327_01449,PMIT1327_01449
ProMIT1327_01451,PMIT1327_01451
ProMIT1327_01452,PMIT1327_01452
ProMIT1327_01453,PMIT1327_01453
ProMIT1327_01454,PMIT1327_01454
ProMIT1327_01455,PMIT1327_01455
ProMIT1327_01456,PMIT1327_01456
ProMIT1327_01457,PMIT1327_01457
ProMIT1327_01458,PMIT1327_01458
ProMIT1327_01459,PMIT1327_01459
ProMIT1327_01460,PMIT1327_01460
ProMIT1327_01461,PMIT1327_01461
ProMIT1327_01462,PMIT1327_01462
ProMIT1327_01463,PMIT1327_01463
ProMIT1327_01466,PMIT1327_01466
ProMIT1327_01467,PMIT1327_01467
ProMIT1327_01468,PMIT1327_01468
ProMIT1327_01469,PMIT1327_01469
ProMIT1327_01471,PMIT1327_01471
ProMIT1327_01472,PMIT1327_01472
ProMIT1327_01473,PMIT1327_01473
ProMIT1327_01474,PMIT1327_01474
ProMIT1327_01475,PMIT1327_01475
ProMIT1327_01476,PMIT1327_01476
ProMIT1327_01477,PMIT1327_01477
ProMIT1327_01478,PMIT1327_01478
ProMIT1327_01479,PMIT1327_01479
ProMIT1327_01480,PMIT1327_01480
ProMIT1327_01481,PMIT1327_01481
ProMIT1327_01483,PMIT1327_01483
ProMIT1327_01484,PMIT1327_01484
ProMIT1327_01485,PMIT1327_01485
ProMIT1327_01487,PMIT1327_01487
ProMIT1327_01488,PMIT1327_01488
ProMIT1327_01490,PMIT1327_01490
ProMIT1327_01491,PMIT1327_01491
ProMIT1327_01492,PMIT1327_01492
ProMIT1327_01493,PMIT1327_01493
ProMIT1327_01494,PMIT1327_01494
ProMIT1327_01495,PMIT1327_01495
ProMIT1327_01496,PMIT1327_01496
ProMIT1327_01497,PMIT1327_01497
ProMIT1327_01498,PMIT1327_01498
ProMIT1327_01499,PMIT1327_01499
ProMIT1327_01501,PMIT1327_01501
ProMIT1327_01502,PMIT1327_01502
ProMIT1327_01503,PMIT1327_01503
ProMIT1327_01504,PMIT1327_01504
ProMIT1327_01505,PMIT1327_01505
ProMIT1327_01506,PMIT1327_01506
ProMIT1327_01507,PMIT1327_01507
ProMIT1327_01509,PMIT1327_01509
ProMIT1327_01510,PMIT1327_01510
ProMIT1327_01511,PMIT1327_01511
ProMIT1327_01512,PMIT1327_01512
ProMIT1327_01513,PMIT1327_01513
ProMIT1327_01514,PMIT1327_01514
ProMIT1327_01515,PMIT1327_01515
ProMIT1327_01516,PMIT1327_01516
ProMIT1327_01517,PMIT1327_01517
ProMIT1327_01518,PMIT1327_01518
ProMIT1327_01519,PMIT1327_01519
ProMIT1327_01520,PMIT1327_01520
ProMIT1327_01521,PMIT1327_01521
ProMIT1327_01522,PMIT1327_01522
ProMIT1327_01523,PMIT1327_RS07100
ProMIT1327_01524,PMIT1327_01524
ProMIT1327_01525,PMIT1327_01525
ProMIT1327_01526,PMIT1327_01526
ProMIT1327_01528,PMIT1327_01528
ProMIT1327_01529,PMIT1327_01529
ProMIT1327_01530,PMIT1327_01530
ProMIT1327_01531,PMIT1327_01531
ProMIT1327_01532,PMIT1327_01532
ProMIT1327_01533,PMIT1327_01533
ProMIT1327_01534,PMIT1327_01534
ProMIT1327_01535,PMIT1327_01535
ProMIT1327_01536,PMIT1327_01536
ProMIT1327_01537,PMIT1327_01537
ProMIT1327_01538,PMIT1327_01538
ProMIT1327_01539,PMIT1327_01539
ProMIT1327_01540,PMIT1327_01540
ProMIT1327_01541,PMIT1327_01541
ProMIT1327_01542,PMIT1327_01542
ProMIT1327_01543,PMIT1327_01543
ProMIT1327_01544,PMIT1327_01544
ProMIT1327_01545,PMIT1327_01545
ProMIT1327_01546,PMIT1327_01546
ProMIT1327_01547,PMIT1327_01547
ProMIT1327_01548,PMIT1327_01548
ProMIT1327_01549,PMIT1327_01549
ProMIT1327_01550,PMIT1327_01550
ProMIT1327_01551,PMIT1327_01551
ProMIT1327_01552,PMIT1327_01552
ProMIT1327_01553,PMIT1327_01553
ProMIT1327_01554,PMIT1327_01554
ProMIT1327_01555,PMIT1327_01555
ProMIT1327_01556,PMIT1327_01556
ProMIT1327_01557,PMIT1327_01557
ProMIT1327_01558,PMIT1327_01558
ProMIT1327_01559,PMIT1327_01559
ProMIT1327_01560,PMIT1327_01560
ProMIT1327_01561,PMIT1327_01561
ProMIT1327_01562,PMIT1327_01562
ProMIT1327_01563,PMIT1327_01563
ProMIT1327_01564,PMIT1327_01564
ProMIT1327_01565,PMIT1327_01565
ProMIT1327_01566,PMIT1327_01566
ProMIT1327_01567,PMIT1327_01567
ProMIT1327_01570,PMIT1327_01570
ProMIT1327_01571,PMIT1327_01571
ProMIT1327_01573,PMIT1327_01573
ProMIT1327_01574,PMIT1327_01574
ProMIT1327_01576,PMIT1327_01576
ProMIT1327_01577,PMIT1327_01577
ProMIT1327_01578,PMIT1327_01578
ProMIT1327_01579,PMIT1327_01579
ProMIT1327_01580,PMIT1327_01580
ProMIT1327_01581,PMIT1327_01581
ProMIT1327_01582,PMIT1327_01582
ProMIT1327_01583,PMIT1327_01583
ProMIT1327_01584,PMIT1327_01584
ProMIT1327_01585,PMIT1327_01585
ProMIT1327_01586,PMIT1327_01586
ProMIT1327_01587,PMIT1327_01587
ProMIT1327_01588,PMIT1327_01588
ProMIT1327_01589,PMIT1327_01589
ProMIT1327_01592,PMIT1327_01592
ProMIT1327_01593,PMIT1327_01593
ProMIT1327_01594,PMIT1327_01594
ProMIT1327_01595,PMIT1327_01595
ProMIT1327_01596,PMIT1327_01596
ProMIT1327_01597,PMIT1327_01597
ProMIT1327_01598,PMIT1327_01598
ProMIT1327_01599,PMIT1327_01599
ProMIT1327_01600,PMIT1327_01600
ProMIT1327_01601,PMIT1327_01601
ProMIT1327_01602,PMIT1327_01602
ProMIT1327_01603,PMIT1327_01603
ProMIT1327_01604,PMIT1327_01604
ProMIT1327_01605,PMIT1327_01605
ProMIT1327_01606,PMIT1327_01606
ProMIT1327_01607,PMIT1327_01607
ProMIT1327_01608,PMIT1327_01608
ProMIT1327_01609,PMIT1327_01609
ProMIT1327_01610,PMIT1327_01610
ProMIT1327_01611,PMIT1327_01611
ProMIT1327_01612,PMIT1327_01612
ProMIT1327_01613,PMIT1327_01613
ProMIT1327_01614,PMIT1327_01614
ProMIT1327_01615,PMIT1327_01615
ProMIT1327_01616,PMIT1327_01616
ProMIT1327_01617,PMIT1327_01617
ProMIT1327_01618,PMIT1327_01618
ProMIT1327_01619,PMIT1327_01619
ProMIT1327_01620,PMIT1327_01620
ProMIT1327_01621,PMIT1327_01621
ProMIT1327_01622,PMIT1327_01622
ProMIT1327_01623,PMIT1327_01623
ProMIT1327_01624,PMIT1327_01624
ProMIT1327_01625,PMIT1327_01625
ProMIT1327_01626,PMIT1327_01626
ProMIT1327_01627,PMIT1327_01627
ProMIT1327_01628,PMIT1327_01628
ProMIT1327_01629,PMIT1327_01629
ProMIT1327_01630,PMIT1327_01630
ProMIT1327_01631,PMIT1327_01631
ProMIT1327_01632,PMIT1327_01632
ProMIT1327_01633,PMIT1327_01633
ProMIT1327_01634,PMIT1327_01634
ProMIT1327_01635,PMIT1327_01635
ProMIT1327_01636,PMIT1327_01636
ProMIT1327_01637,PMIT1327_01637
ProMIT1327_01638,PMIT1327_01638
ProMIT1327_01639,PMIT1327_01639
ProMIT1327_01640,PMIT1327_01640
ProMIT1327_01641,PMIT1327_01641
ProMIT1327_01642,PMIT1327_01642
ProMIT1327_01643,PMIT1327_01643
ProMIT1327_01644,PMIT1327_01644
ProMIT1327_01645,PMIT1327_01645
ProMIT1327_01646,PMIT1327_01646
ProMIT1327_01647,PMIT1327_01647
ProMIT1327_01648,PMIT1327_01648
ProMIT1327_01649,PMIT1327_01649
ProMIT1327_01650,PMIT1327_01650
ProMIT1327_01651,PMIT1327_01651
ProMIT1327_01652,PMIT1327_01652
ProMIT1327_01653,PMIT1327_01653
ProMIT1327_01654,PMIT1327_01654
ProMIT1327_01657,PMIT1327_01657
ProMIT1327_01658,PMIT1327_01658
ProMIT1327_01659,PMIT1327_01659
ProMIT1327_01661,PMIT1327_01661
ProMIT1327_01663,PMIT1327_01663
ProMIT1327_01664,PMIT1327_01664
ProMIT1327_01665,PMIT1327_01665
ProMIT1327_01666,PMIT1327_01666
ProMIT1327_01667,PMIT1327_01667
ProMIT1327_01668,PMIT1327_01668
ProMIT1327_01669,PMIT1327_01669
ProMIT1327_01670,PMIT1327_01670
ProMIT1327_01671,PMIT1327_01671
ProMIT1327_01672,PMIT1327_01672
ProMIT1327_01673,PMIT1327_01673
ProMIT1327_01674,PMIT1327_01674
ProMIT1327_01675,PMIT1327_01675
ProMIT1327_01677,PMIT1327_01677
ProMIT1327_01678,PMIT1327_01678
ProMIT1327_01679,PMIT1327_01679
ProMIT1327_01680,PMIT1327_01680
ProMIT1327_01681,PMIT1327_01681
ProMIT1327_01682,PMIT1327_01682
ProMIT1327_01683,PMIT1327_01683
ProMIT1327_01684,PMIT1327_01684
ProMIT1327_01685,PMIT1327_01685
ProMIT1327_01686,PMIT1327_01686
ProMIT1327_01687,PMIT1327_01687
ProMIT1327_01688,PMIT1327_01688
ProMIT1327_01689,PMIT1327_01689
ProMIT1327_01690,PMIT1327_01690
ProMIT1327_01691,PMIT1327_01691
ProMIT1327_01692,PMIT1327_01692
ProMIT1327_01693,PMIT1327_01693
ProMIT1327_01694,PMIT1327_01694
ProMIT1327_01695,PMIT1327_01695
ProMIT1327_01696,PMIT1327_01696
ProMIT1327_01697,PMIT1327_01697
ProMIT1327_01698,PMIT1327_01698
ProMIT1327_01699,PMIT1327_01699
ProMIT1327_01700,PMIT1327_01700
ProMIT1327_01701,PMIT1327_01701
ProMIT1327_01702,PMIT1327_01702
ProMIT1327_01703,PMIT1327_01703
ProMIT1327_01705,PMIT1327_01705
ProMIT1327_01706,PMIT1327_01706
ProMIT1327_01707,PMIT1327_01707
ProMIT1327_01708,PMIT1327_01708
ProMIT1327_01709,PMIT1327_01709
ProMIT1327_01710,PMIT1327_01710
ProMIT1327_01711,PMIT1327_01711
ProMIT1327_01712,PMIT1327_01712
ProMIT1327_01713,PMIT1327_01713
ProMIT1327_01714,PMIT1327_01714
ProMIT1327_01715,PMIT1327_01715
ProMIT1327_01716,PMIT1327_01716
ProMIT1327_01717,PMIT1327_01717
ProMIT1327_01718,PMIT1327_01718
ProMIT1327_01719,PMIT1327_01719
ProMIT1327_01720,PMIT1327_01720
ProMIT1327_01721,PMIT1327_RS08045
ProMIT1327_01723,PMIT1327_01723
ProMIT1327_01724,PMIT1327_01724
ProMIT1327_01725,PMIT1327_01725
ProMIT1327_01726,PMIT1327_01726
ProMIT1327_01727,PMIT1327_01727
ProMIT1327_01729,PMIT1327_01729
ProMIT1327_01730,PMIT1327_01730
ProMIT1327_01731,PMIT1327_01731
ProMIT1327_01732,PMIT1327_01732
ProMIT1327_01733,PMIT1327_01733
ProMIT1327_01735,PMIT1327_01735
ProMIT1327_01736,PMIT1327_01736
ProMIT1327_01737,PMIT1327_01737
ProMIT1327_01738,PMIT1327_01738
ProMIT1327_01739,PMIT1327_01739
ProMIT1327_01740,PMIT1327_01740
ProMIT1327_01741,PMIT1327_01741
ProMIT1327_01742,PMIT1327_01742
ProMIT1327_01743,PMIT1327_01743
ProMIT1327_01744,PMIT1327_01744
ProMIT1327_01745,PMIT1327_01745
ProMIT1327_01746,PMIT1327_01746
ProMIT1327_01747,PMIT1327_01747
ProMIT1327_01748,PMIT1327_01748
ProMIT1327_01749,PMIT1327_01749
ProMIT1327_01750,PMIT1327_01750
ProMIT1327_01751,PMIT1327_01751
ProMIT1327_01752,PMIT1327_01752
ProMIT1327_01753,PMIT1327_01753
ProMIT1327_01754,PMIT1327_01754
ProMIT1327_01755,PMIT1327_01755
ProMIT1327_01756,PMIT1327_01756
ProMIT1327_01757,PMIT1327_01757
ProMIT1327_01758,PMIT1327_01758
ProMIT1327_01759,PMIT1327_01759
ProMIT1327_01760,PMIT1327_01760
ProMIT1327_01761,PMIT1327_01761
ProMIT1327_01762,PMIT1327_01762
ProMIT1327_01763,PMIT1327_01763
ProMIT1327_01764,PMIT1327_01764
ProMIT1327_01765,PMIT1327_01765
ProMIT1327_01766,PMIT1327_01766
ProMIT1327_01768,PMIT1327_01768
ProMIT1327_01769,PMIT1327_01769
ProMIT1327_01770,PMIT1327_01770
ProMIT1327_01772,PMIT1327_01772
ProMIT1327_01773,PMIT1327_01773
ProMIT1327_01774,PMIT1327_01774
ProMIT1327_01775,PMIT1327_01775
ProMIT1327_01776,PMIT1327_01776
ProMIT1327_01777,PMIT1327_01777
ProMIT1327_01778,PMIT1327_01778
ProMIT1327_01780,PMIT1327_01780
ProMIT1327_01781,PMIT1327_01781
ProMIT1327_01782,PMIT1327_01782
ProMIT1327_01783,PMIT1327_01783
ProMIT1327_01784,PMIT1327_01784
ProMIT1327_01785,PMIT1327_01785
ProMIT1327_01786,PMIT1327_01786
ProMIT1327_01787,PMIT1327_01787
ProMIT1327_01788,PMIT1327_01788
ProMIT1327_01790,PMIT1327_01790
ProMIT1327_01791,PMIT1327_01791
ProMIT1327_01792,PMIT1327_01792
ProMIT1327_01793,PMIT1327_01793
ProMIT1327_01794,PMIT1327_01794
ProMIT1327_01795,PMIT1327_01795
ProMIT1327_01796,PMIT1327_01796
ProMIT1327_01797,PMIT1327_01797
ProMIT1327_01798,PMIT1327_01798
ProMIT1327_01799,PMIT1327_01799
ProMIT1327_01800,PMIT1327_01800
ProMIT1327_01801,PMIT1327_01801
ProMIT1327_01802,PMIT1327_01802
ProMIT1327_01803,PMIT1327_01803
ProMIT1327_01804,PMIT1327_01804
ProMIT1327_01805,PMIT1327_01805
ProMIT1327_01806,PMIT1327_01806
ProMIT1327_01807,PMIT1327_01807
ProMIT1327_01808,PMIT1327_01808
ProMIT1327_01809,PMIT1327_01809
ProMIT1327_01810,PMIT1327_01810
ProMIT1327_01811,PMIT1327_01811
ProMIT1327_01812,PMIT1327_01812
ProMIT1327_01813,PMIT1327_01813
ProMIT1327_01814,PMIT1327_01814
ProMIT1327_01815,PMIT1327_01815
ProMIT1327_01816,PMIT1327_01816
ProMIT1327_01817,PMIT1327_01817
ProMIT1327_01818,PMIT1327_01818
ProMIT1327_01819,PMIT1327_01819
ProMIT1327_01820,PMIT1327_01820
ProMIT1327_01821,PMIT1327_01821
ProMIT1327_01822,PMIT1327_01822
ProMIT1327_01823,PMIT1327_01823
ProMIT1327_01824,PMIT1327_01824
ProMIT1327_01825,PMIT1327_01825
ProMIT1327_01826,PMIT1327_01826
ProMIT1327_01827,PMIT1327_01827
ProMIT1327_01828,PMIT1327_01828
ProMIT1327_01829,PMIT1327_01829
ProMIT1327_01830,PMIT1327_01830
ProMIT1327_01831,PMIT1327_01831
ProMIT1327_01832,PMIT1327_01832
ProMIT1327_01833,PMIT1327_01833
ProMIT1327_01834,PMIT1327_01834
ProMIT1327_01835,PMIT1327_01835
ProMIT1327_01837,PMIT1327_01837
ProMIT1327_01838,PMIT1327_01838
ProMIT1327_01840,PMIT1327_01840
ProMIT1327_01842,PMIT1327_01842
ProMIT1327_01845,PMIT1327_01845
ProMIT1327_01846,PMIT1327_01846
ProMIT1327_01847,PMIT1327_01847
ProMIT1327_01848,PMIT1327_01848
ProMIT1327_01849,PMIT1327_01849
ProMIT1327_01850,PMIT1327_01850
ProMIT1327_01851,PMIT1327_01851
ProMIT1327_01852,PMIT1327_01852
ProMIT1327_01853,PMIT1327_01853
ProMIT1327_01854,PMIT1327_01854
ProMIT1327_01855,PMIT1327_01855
ProMIT1327_01856,PMIT1327_01856
ProMIT1327_01857,PMIT1327_01857
ProMIT1327_01858,PMIT1327_01858
ProMIT1327_01859,PMIT1327_01859
ProMIT1327_01860,PMIT1327_01860
ProMIT1327_01861,PMIT1327_01861
ProMIT1327_01862,PMIT1327_01862
ProMIT1327_01863,PMIT1327_01863
ProMIT1327_01864,PMIT1327_01864
ProMIT1327_01865,PMIT1327_01865
ProMIT1327_01866,PMIT1327_01866
ProMIT1327_01867,PMIT1327_01867
ProMIT1327_01869,PMIT1327_01869
ProMIT1327_01870,PMIT1327_01870
ProMIT1327_01871,PMIT1327_01871
ProMIT1327_01872,PMIT1327_01872
ProMIT1327_01873,PMIT1327_01873
ProMIT1327_01874,PMIT1327_01874
ProMIT1327_01875,PMIT1327_01875
ProMIT1327_01876,PMIT1327_01876
ProMIT1327_01877,PMIT1327_01877
ProMIT1327_01879,PMIT1327_01879
ProMIT1327_01881,PMIT1327_01881
ProMIT1327_01884,PMIT1327_01884
ProMIT1327_01885,PMIT1327_01885
ProMIT1327_01888,PMIT1327_01888
ProMIT1327_01891,PMIT1327_01891
ProMIT1327_01892,PMIT1327_01892
ProMIT1327_01894,PMIT1327_01894
ProMIT1327_01895,PMIT1327_01895
ProMIT1327_01896,PMIT1327_01896
ProMIT1327_01897,PMIT1327_01897
ProMIT1327_01898,PMIT1327_01898
ProMIT1327_01899,PMIT1327_01899
ProMIT1327_01900,PMIT1327_01900
ProMIT1327_01901,PMIT1327_01901
ProMIT1327_01902,PMIT1327_01902
ProMIT1327_01903,PMIT1327_01903
ProMIT1327_01904,PMIT1327_01904
ProMIT1327_01905,PMIT1327_01905
ProMIT1327_01906,PMIT1327_01906
ProMIT1327_01907,PMIT1327_01907
ProMIT1327_01908,PMIT1327_01908
ProMIT1327_01909,PMIT1327_01909
ProMIT1327_01910,PMIT1327_01910
ProMIT1327_01911,PMIT1327_01911
ProMIT1327_01912,PMIT1327_01912
ProMIT1327_01914,PMIT1327_01914
ProMIT1327_01915,PMIT1327_01915
ProMIT1327_01917,PMIT1327_01917
ProMIT1327_01919,PMIT1327_01919
ProMIT1327_01920,PMIT1327_01920
ProMIT1327_01921,PMIT1327_01921
ProMIT1327_01922,PMIT1327_01922
ProMIT1327_01923,PMIT1327_01923
ProMIT1327_01924,PMIT1327_01924
ProMIT1327_01925,PMIT1327_01925
ProMIT1327_01926,PMIT1327_01926
ProMIT1327_01930,PMIT1327_01930
ProMIT1327_01931,PMIT1327_01931
ProMIT1327_01932,PMIT1327_01932
ProMIT1327_01934,PMIT1327_01934
ProMIT1327_01936,PMIT1327_01936
ProMIT1327_01938,PMIT1327_01938
ProMIT1327_01939,PMIT1327_01939
ProMIT1327_01940,PMIT1327_01940
ProMIT1327_01941,PMIT1327_01941
ProMIT1327_01942,PMIT1327_01942
ProMIT1327_01943,PMIT1327_01943
ProMIT1327_01944,PMIT1327_01944
ProMIT1327_01945,PMIT1327_01945
ProMIT1327_01948,PMIT1327_01948
ProMIT1327_01950,PMIT1327_01950
ProMIT1327_01952,PMIT1327_01952
ProMIT1327_01953,PMIT1327_01953
ProMIT1327_01954,PMIT1327_01954
ProMIT1327_01957,PMIT1327_01957
ProMIT1327_01958,PMIT1327_01958
ProMIT1327_01959,PMIT1327_01959
ProMIT1327_01960,PMIT1327_01960
ProMIT1327_01961,PMIT1327_01961
ProMIT1327_01962,PMIT1327_01962
ProMIT1327_01963,PMIT1327_01963
ProMIT1327_01964,PMIT1327_01964
ProMIT1327_01965,PMIT1327_01965
ProMIT1327_01967,PMIT1327_01967
ProMIT1327_01968,PMIT1327_01968
ProMIT1327_01969,PMIT1327_01969
ProMIT1327_01970,PMIT1327_01970
ProMIT1327_01971,PMIT1327_01971
ProMIT1327_01972,PMIT1327_01972
ProMIT1327_01973,PMIT1327_01973
ProMIT1327_01974,PMIT1327_01974
ProMIT1327_01975,PMIT1327_01975
ProMIT1327_01976,PMIT1327_01976
ProMIT1327_01977,PMIT1327_01977
ProMIT1327_01978,PMIT1327_01978
ProMIT1327_01979,PMIT1327_01979
ProMIT1327_01980,PMIT1327_01980
ProMIT1327_01981,PMIT1327_01981
ProMIT1327_01982,PMIT1327_01982
ProMIT1327_01983,PMIT1327_01983
ProMIT1327_01984,PMIT1327_01984
ProMIT1327_01985,PMIT1327_01985
ProMIT1327_01986,PMIT1327_01986
ProMIT1327_01987,PMIT1327_01987
ProMIT1327_01988,PMIT1327_01988
ProMIT1327_01989,PMIT1327_01989
ProMIT1327_01990,PMIT1327_01990
ProMIT1327_01991,PMIT1327_01991
ProMIT1327_01992,PMIT1327_01992
ProMIT1327_01993,PMIT1327_01993
ProMIT1327_01994,PMIT1327_01994
ProMIT1327_01995,PMIT1327_01995
ProMIT1327_01996,PMIT1327_01996
ProMIT1327_01997,PMIT1327_01997
ProMIT1327_01998,PMIT1327_01998
ProMIT1327_01999,PMIT1327_01999
ProMIT1327_02000,PMIT1327_02000
ProMIT1327_02004,PMIT1327_02004
ProMIT1327_02005,PMIT1327_02005
ProMIT1327_02006,PMIT1327_02006
ProMIT1327_02007,PMIT1327_02007
ProMIT1327_02008,PMIT1327_02008
ProMIT1327_02009,PMIT1327_02009
ProMIT1327_02010,PMIT1327_02010
ProMIT1327_02011,PMIT1327_02011
ProMIT1327_02012,PMIT1327_02012
ProMIT1327_02013,PMIT1327_02013
ProMIT1327_02014,PMIT1327_02014
ProMIT1327_02015,PMIT1327_02015
ProMIT1327_02017,PMIT1327_02017
ProMIT1327_02018,PMIT1327_02018
ProMIT1327_02019,PMIT1327_02019
ProMIT1327_02020,PMIT1327_02020
ProMIT1327_02021,PMIT1327_02021
ProMIT1327_02022,PMIT1327_02022
ProMIT1327_02023,PMIT1327_02023
ProMIT1327_02024,PMIT1327_02024
ProMIT1327_02025,PMIT1327_02025
ProMIT1327_02026,PMIT1327_02026
ProMIT1327_02027,PMIT1327_02027
ProMIT1327_02028,PMIT1327_02028
ProMIT1327_02029,PMIT1327_02029
ProMIT1327_02030,PMIT1327_02030
ProMIT1327_02031,PMIT1327_02031
ProMIT1327_02032,PMIT1327_02032
ProMIT1327_02033,PMIT1327_02033
ProMIT1327_02034,PMIT1327_02034
ProMIT1327_02035,PMIT1327_02035
ProMIT1327_02036,PMIT1327_02036
ProMIT1327_02037,PMIT1327_02037
ProMIT1327_02038,PMIT1327_02038
ProMIT1327_02039,PMIT1327_02039
ProMIT1327_02040,PMIT1327_02040
ProMIT1327_02041,PMIT1327_02041
ProMIT1327_02042,PMIT1327_02042
ProMIT1327_02043,PMIT1327_02043
ProMIT1327_02044,PMIT1327_02044
ProMIT1327_02045,PMIT1327_02045
ProMIT1327_02048,PMIT1327_02048
ProMIT1327_02049,PMIT1327_02049
ProMIT1327_02053,PMIT1327_02053
ProMIT1327_02054,PMIT1327_02054
ProMIT1327_02055,PMIT1327_02055
ProMIT1327_02056,PMIT1327_02056
ProMIT1327_02058,PMIT1327_02058
ProMIT1327_02060,PMIT1327_02060
ProMIT1327_02061,PMIT1327_02061
ProMIT1327_02062,PMIT1327_02062
ProMIT1327_02063,PMIT1327_02063
ProMIT1327_02064,PMIT1327_02064
ProMIT1327_02065,PMIT1327_02065
ProMIT1327_02067,PMIT1327_02067
ProMIT1327_02068,PMIT1327_02068
ProMIT1327_02069,PMIT1327_02069
ProMIT1327_02070,PMIT1327_02070
ProMIT1327_02071,PMIT1327_02071
ProMIT1327_02072,PMIT1327_02072
ProMIT1327_02073,PMIT1327_02073
ProMIT1327_02074,PMIT1327_02074
ProMIT1327_02075,PMIT1327_02075
ProMIT1327_02076,PMIT1327_02076
ProMIT1327_02077,PMIT1327_02077
ProMIT1327_02078,PMIT1327_02078
ProMIT1327_02079,PMIT1327_02079
ProMIT1327_02080,PMIT1327_02080
ProMIT1327_02081,PMIT1327_02081
ProMIT1327_02082,PMIT1327_02082
ProMIT1327_02083,PMIT1327_02083
ProMIT1327_02084,PMIT1327_02084
ProMIT1327_02085,PMIT1327_02085
ProMIT1327_02086,PMIT1327_02086
ProMIT1327_02087,PMIT1327_02087
ProMIT1327_02088,PMIT1327_02088
ProMIT1327_02089,PMIT1327_02089
ProMIT1327_02090,PMIT1327_02090
ProMIT1327_02091,PMIT1327_02091
ProMIT1327_02092,PMIT1327_02092
ProMIT1327_02093,PMIT1327_02093
ProMIT1327_02094,PMIT1327_02094
ProMIT1327_02095,PMIT1327_02095
ProMIT1327_02096,PMIT1327_02096
ProMIT1327_02097,PMIT1327_02097
ProMIT1327_02098,PMIT1327_02098
ProMIT1327_02100,PMIT1327_02100
ProMIT1327_02101,PMIT1327_02101
ProMIT1327_02102,PMIT1327_02102
ProMIT1327_02103,PMIT1327_02103
ProMIT1327_02104,PMIT1327_02104
ProMIT1327_02105,PMIT1327_02105
ProMIT1327_02106,PMIT1327_02106
ProMIT1327_02107,PMIT1327_02107
ProMIT1327_02108,PMIT1327_02108
ProMIT1327_02109,PMIT1327_02109
ProMIT1327_02110,PMIT1327_02110
ProMIT1327_02111,PMIT1327_02111
ProMIT1327_02112,PMIT1327_02112
ProMIT1327_02113,PMIT1327_02113
ProMIT1327_02114,PMIT1327_02114
ProMIT1327_02115,PMIT1327_02115
ProMIT1327_02116,PMIT1327_02116
ProMIT1327_02117,PMIT1327_02117
ProMIT1327_02118,PMIT1327_02118
ProMIT1327_02120,PMIT1327_02120
ProMIT1327_02121,PMIT1327_02121
ProMIT1327_02122,PMIT1327_02122
ProMIT1327_02123,PMIT1327_02123
ProMIT1327_02124,PMIT1327_02124
ProMIT1327_02125,PMIT1327_02125
ProMIT1327_02126,PMIT1327_02126
ProMIT1327_02127,PMIT1327_02127
ProMIT1327_02129,PMIT1327_02129
ProMIT1327_02130,PMIT1327_02130
ProMIT1327_02131,PMIT1327_02131
ProMIT1327_02132,PMIT1327_02132
ProMIT1327_02133,PMIT1327_02133
ProMIT1327_02134,PMIT1327_02134
ProMIT1327_02135,PMIT1327_02135
ProMIT1327_02136,PMIT1327_02136
ProMIT1327_02137,PMIT1327_02137
ProMIT1327_02138,PMIT1327_02138
ProMIT1327_02139,PMIT1327_02139
ProMIT1327_02140,PMIT1327_02140
ProMIT1327_02141,PMIT1327_02141
ProMIT1327_02142,PMIT1327_02142
ProMIT1327_02143,PMIT1327_02143
ProMIT1327_02144,PMIT1327_02144
ProMIT1327_02145,PMIT1327_02145
ProMIT1327_02146,PMIT1327_02146
ProMIT1327_02147,PMIT1327_02147
ProMIT1327_02148,PMIT1327_02148
ProMIT1327_02149,PMIT1327_02149
ProMIT1327_02150,PMIT1327_02150
ProMIT1327_02151,PMIT1327_02151
ProMIT1327_02152,PMIT1327_02152
ProMIT1327_02153,PMIT1327_02153
ProMIT1327_02154,PMIT1327_02154
ProMIT1327_02155,PMIT1327_02155
ProMIT1327_02156,PMIT1327_02156
ProMIT1327_02157,PMIT1327_02157
ProMIT1327_02158,PMIT1327_02158
ProMIT1327_02159,PMIT1327_02159
ProMIT1327_02160,PMIT1327_02160
ProMIT1327_02161,PMIT1327_02161
ProMIT1327_02162,PMIT1327_02162
ProMIT1327_02163,PMIT1327_02163
ProMIT1327_02164,PMIT1327_02164
ProMIT1327_02166,PMIT1327_02166
ProMIT1327_02167,PMIT1327_02167
ProMIT1327_02168,PMIT1327_02168
ProMIT1327_02170,PMIT1327_02170
ProMIT1327_02171,PMIT1327_02171
ProMIT1327_02172,PMIT1327_02172
ProMIT1327_02173,PMIT1327_02173
ProMIT1327_02176,PMIT1327_02176
ProMIT1327_02178,PMIT1327_02178
ProMIT1327_02179,PMIT1327_02179
ProMIT1327_02180,PMIT1327_02180
ProMIT1327_02181,PMIT1327_02181
ProMIT1327_02182,PMIT1327_02182
ProMIT1327_02183,PMIT1327_02183
ProMIT1327_02184,PMIT1327_02184
ProMIT1327_02185,PMIT1327_02185
ProMIT1327_02186,PMIT1327_02186
ProMIT1327_02187,PMIT1327_02187
ProMIT1327_02188,PMIT1327_02188
ProMIT1327_02189,PMIT1327_02189
ProMIT1327_02190,PMIT1327_02190
ProMIT1327_02191,PMIT1327_02191
ProMIT1327_02192,PMIT1327_02192
ProMIT1327_02193,PMIT1327_02193
ProMIT1327_02194,PMIT1327_02194
ProMIT1327_02195,PMIT1327_02195
ProMIT1327_02196,PMIT1327_02196
ProMIT1327_02198,PMIT1327_02198
ProMIT1327_02199,PMIT1327_02199
ProMIT1327_02200,PMIT1327_02200
ProMIT1327_02203,PMIT1327_02203
ProMIT1327_02204,PMIT1327_02204
ProMIT1327_02205,PMIT1327_02205
ProMIT1327_02206,PMIT1327_02206
ProMIT1327_02207,PMIT1327_02207
ProMIT1327_02208,PMIT1327_02208
ProMIT1327_02209,PMIT1327_02209
ProMIT1327_02210,PMIT1327_02210
ProMIT1327_02211,PMIT1327_02211
ProMIT1327_02212,PMIT1327_02212
ProMIT1327_02213,PMIT1327_02213
ProMIT1327_02215,PMIT1327_02215
ProMIT1327_02216,PMIT1327_02216
ProMIT1327_02217,PMIT1327_02217
ProMIT1327_02218,PMIT1327_02218
ProMIT1327_02219,PMIT1327_02219
ProMIT1327_02220,PMIT1327_02220
ProMIT1327_02221,PMIT1327_02221
ProMIT1327_02222,PMIT1327_02222
ProMIT1327_02223,PMIT1327_02223
ProMIT1327_02224,PMIT1327_02224
ProMIT1327_02225,PMIT1327_02225
ProMIT1327_02226,PMIT1327_02226
ProMIT1327_02227,PMIT1327_02227
ProMIT1327_02228,PMIT1327_02228
ProMIT1327_02229,PMIT1327_02229
ProMIT1327_02230,PMIT1327_02230
ProMIT1327_02231,PMIT1327_02231
ProMIT1327_02232,PMIT1327_02232
ProMIT1327_02233,PMIT1327_02233
ProMIT1327_02234,PMIT1327_02234
ProMIT1327_02235,PMIT1327_02235
ProMIT1327_02236,PMIT1327_02236
ProMIT1327_02237,PMIT1327_02237
ProMIT1327_02238,PMIT1327_02238
ProMIT1327_02239,PMIT1327_02239
ProMIT1327_02240,PMIT1327_02240
ProMIT1327_02241,PMIT1327_02241
ProMIT1327_02242,PMIT1327_02242
ProMIT1327_02244,PMIT1327_02244
ProMIT1327_02245,PMIT1327_02245
ProMIT1327_02247,PMIT1327_02247
ProMIT1327_02248,PMIT1327_02248
ProMIT1327_02249,PMIT1327_02249
ProMIT1327_02250,PMIT1327_02250
ProMIT1327_02251,PMIT1327_02251
ProMIT1327_02252,PMIT1327_02252
ProMIT1327_02253,PMIT1327_02253
ProMIT1327_02254,PMIT1327_02254
ProMIT1327_02255,PMIT1327_02255
ProMIT1327_02256,PMIT1327_02256
ProMIT1327_02257,PMIT1327_02257
ProMIT1327_02258,PMIT1327_02258
ProMIT1327_02259,PMIT1327_02259
ProMIT1327_02260,PMIT1327_02260
ProMIT1327_02261,PMIT1327_02261
ProMIT1327_02262,PMIT1327_02262
ProMIT1327_02263,PMIT1327_02263
ProMIT1327_02264,PMIT1327_02264
ProMIT1327_02265,PMIT1327_02265
ProMIT1327_02266,PMIT1327_02266
ProMIT1327_02267,PMIT1327_02267
ProMIT1327_02268,PMIT1327_02268
ProMIT1327_02269,PMIT1327_02269
ProMIT1327_02270,PMIT1327_02270
ProMIT1327_02272,PMIT1327_02272
ProMIT1327_02273,PMIT1327_02273
ProMIT1327_02274,PMIT1327_02274
ProMIT1327_02275,PMIT1327_02275
ProMIT1327_02276,PMIT1327_02276
ProMIT1327_02277,PMIT1327_02277
ProMIT1327_02278,PMIT1327_02278
ProMIT1327_02279,PMIT1327_02279
ProMIT1327_02280,PMIT1327_02280
ProMIT1327_02281,PMIT1327_02281
ProMIT1327_02282,PMIT1327_02282
ProMIT1327_02283,PMIT1327_02283
ProMIT1327_02284,PMIT1327_02284
ProMIT1327_02285,PMIT1327_02285
ProMIT1327_02286,PMIT1327_02286
ProMIT1327_02287,PMIT1327_02287
ProMIT1327_02288,PMIT1327_02288
ProMIT1327_02289,PMIT1327_02289
ProMIT1327_02290,PMIT1327_02290
ProMIT1327_02291,PMIT1327_02291
ProMIT1327_02292,PMIT1327_02292
ProMIT1327_02293,PMIT1327_02293
ProMIT1327_02294,PMIT1327_02294
ProMIT1327_02295,PMIT1327_02295
ProMIT1327_02297,PMIT1327_02297
ProMIT1327_02298,PMIT1327_02298
ProMIT1327_02299,PMIT1327_02299
ProMIT1327_02300,PMIT1327_02300
ProMIT1327_02301,PMIT1327_02301
ProMIT1327_02302,PMIT1327_02302
ProMIT1327_02303,PMIT1327_02303
ProMIT1327_02304,PMIT1327_02304
ProMIT1327_02305,PMIT1327_02305
ProMIT1327_02306,PMIT1327_02306
ProMIT1327_02307,PMIT1327_02307
ProMIT1327_02308,PMIT1327_02308
ProMIT1327_02309,PMIT1327_02309
ProMIT1327_02312,PMIT1327_02312
ProMIT1327_02313,PMIT1327_02313
ProMIT1327_02314,PMIT1327_02314
ProMIT1327_02315,PMIT1327_02315
ProMIT1327_02316,PMIT1327_02316
ProMIT1327_02317,PMIT1327_02317
ProMIT1327_02318,PMIT1327_02318
ProMIT1327_02319,PMIT1327_02319
ProMIT1327_02320,PMIT1327_02320
ProMIT1327_02321,PMIT1327_02321
ProMIT1327_02323,PMIT1327_02323
ProMIT1327_02324,PMIT1327_02324
ProMIT1327_02325,PMIT1327_02325
ProMIT1327_02326,PMIT1327_02326
ProMIT1327_02327,PMIT1327_02327
ProMIT1327_02328,PMIT1327_02328
ProMIT1327_02329,PMIT1327_02329
ProMIT1327_02330,PMIT1327_02330
ProMIT1327_02331,PMIT1327_02331
ProMIT1327_02332,PMIT1327_02332
ProMIT1327_02333,PMIT1327_02333
ProMIT1327_02335,PMIT1327_02335
ProMIT1327_02337,PMIT1327_02337
ProMIT1327_02338,PMIT1327_02338
ProMIT1327_02340,PMIT1327_02340
ProMIT1327_02344,PMIT1327_02344
ProMIT1327_02346,PMIT1327_02346
ProMIT1327_02348,PMIT1327_02348
ProMIT1327_02349,PMIT1327_02349
ProMIT1327_02350,PMIT1327_02350
ProMIT1327_02351,PMIT1327_02351
ProMIT1327_02352,PMIT1327_02352
ProMIT1327_02353,PMIT1327_02353
ProMIT1327_02354,PMIT1327_02354
ProMIT1327_02355,PMIT1327_02355
ProMIT1327_02356,PMIT1327_02356
ProMIT1327_02357,PMIT1327_02357
ProMIT1327_02358,PMIT1327_02358
ProMIT1327_02359,PMIT1327_02359
ProMIT1327_02360,PMIT1327_02360
ProMIT1327_02361,PMIT1327_02361
ProMIT1327_02362,PMIT1327_02362
ProMIT1327_02363,PMIT1327_02363
ProMIT1327_02364,PMIT1327_02364
ProMIT1327_02365,PMIT1327_02365
ProMIT1327_02366,PMIT1327_02366
ProMIT1327_02367,PMIT1327_02367
ProMIT1327_02368,PMIT1327_02368
ProMIT1327_02369,PMIT1327_02369
ProMIT1327_02370,PMIT1327_02370
ProMIT1327_02371,PMIT1327_02371
ProMIT1327_02372,PMIT1327_02372
ProMIT1327_02374,PMIT1327_02374
ProMIT1327_02375,PMIT1327_02375
ProMIT1327_02376,PMIT1327_02376
ProMIT1327_02377,PMIT1327_02377
ProMIT1327_02378,PMIT1327_02378
ProMIT1327_02379,PMIT1327_02379
ProMIT1327_02380,PMIT1327_02380
ProMIT1327_02381,PMIT1327_02381
ProMIT1327_02384,PMIT1327_02384
ProMIT1327_02385,PMIT1327_02385
ProMIT1327_02386,PMIT1327_02386
ProMIT1327_02389,PMIT1327_02389
ProMIT1327_02392,PMIT1327_02392
ProMIT1327_02393,PMIT1327_02393
ProMIT1327_02396,PMIT1327_02396
ProMIT1327_02397,PMIT1327_02397
ProMIT1327_02400,PMIT1327_02416
ProMIT1327_02401,PMIT1327_02401
ProMIT1327_02402,PMIT1327_02402
ProMIT1327_02403,PMIT1327_02403
ProMIT1327_02404,PMIT1327_02404
ProMIT1327_02405,PMIT1327_02405
ProMIT1327_02406,PMIT1327_02406
ProMIT1327_02407,PMIT1327_02407
ProMIT1327_02408,PMIT1327_02408
ProMIT1327_02410,PMIT1327_02410
ProMIT1327_02411,PMIT1327_01092
ProMIT1327_02412,PMIT1327_00367
ProMIT1327_02413,PMIT1327_02413
ProMIT1327_02414,PMIT1327_02414
ProMIT1327_02416,PMIT1327_02416
ProMIT1327_02417,PMIT1327_02417
ProMIT1327_02418,PMIT1327_02418
ProMIT1327_02419,PMIT1327_02419
ProMIT1327_02420,PMIT1327_02420
ProMIT1327_02421,PMIT1327_02421
ProMIT1327_02422,PMIT1327_02422
ProMIT1327_02423,PMIT1327_02423
ProMIT1327_02424,PMIT1327_02424
ProMIT1327_02425,PMIT1327_02425
ProMIT1327_02427,PMIT1327_02427
ProMIT1327_02428,PMIT1327_02428
ProMIT1327_02429,PMIT1327_02429
ProMIT1327_02430,PMIT1327_02430
ProMIT1327_02431,PMIT1327_02431
ProMIT1327_02432,PMIT1327_02432
ProMIT1327_02433,PMIT1327_02433
ProMIT1327_02434,PMIT1327_02434
ProMIT1327_02435,PMIT1327_02435
ProMIT1327_02436,PMIT1327_02436
ProMIT1327_02437,PMIT1327_02437
ProMIT1327_02438,PMIT1327_02438
ProMIT1327_02439,PMIT1327_02439
ProMIT1327_02440,PMIT1327_02440
ProMIT1327_02442,PMIT1327_02442
ProMIT1327_02443,PMIT1327_02443
ProMIT1327_02444,PMIT1327_02444
ProMIT1327_02445,PMIT1327_02445
ProMIT1327_02446,PMIT1327_02446
ProMIT1327_02447,PMIT1327_02447
ProMIT1327_02448,PMIT1327_02448
ProMIT1327_02449,PMIT1327_02449
ProMIT1327_02450,PMIT1327_02450
ProMIT1327_02451,PMIT1327_02451
ProMIT1327_02452,PMIT1327_02452
ProMIT1327_02453,PMIT1327_02453
ProMIT1327_02454,PMIT1327_02454
ProMIT1327_02455,PMIT1327_02455
ProMIT1327_02456,PMIT1327_02456
ProMIT1327_02457,PMIT1327_02457
ProMIT1327_02458,PMIT1327_02458
ProMIT1327_02459,PMIT1327_02459
ProMIT1327_02462,PMIT1327_02462
ProMIT1327_02463,PMIT1327_02463
ProMIT1327_02464,PMIT1327_02464
ProMIT1327_02465,PMIT1327_02465
ProMIT1327_02466,PMIT1327_02466
ProMIT1327_02467,PMIT1327_02467
ProMIT1327_02468,PMIT1327_02468
ProMIT1327_02469,PMIT1327_02469
ProMIT1327_02470,PMIT1327_02470
ProMIT1327_02471,PMIT1327_02471
ProMIT1327_02472,PMIT1327_02472
ProMIT1327_02473,PMIT1327_02473
ProMIT1327_02474,PMIT1327_02474
ProMIT1327_02475,PMIT1327_02475
ProMIT1327_02476,PMIT1327_02476
ProMIT1327_02477,PMIT1327_02477
ProMIT1327_02478,PMIT1327_02478
ProMIT1327_02479,PMIT1327_02479
ProMIT1327_02480,PMIT1327_02480
ProMIT1327_02481,PMIT1327_02481
ProMIT1327_02482,PMIT1327_02482
ProMIT1327_02483,PMIT1327_02483
ProMIT1327_02484,PMIT1327_02484
ProMIT1327_02485,PMIT1327_02485
ProMIT1327_02487,PMIT1327_02487
ProMIT1327_02488,PMIT1327_02488
ProMIT1327_02489,PMIT1327_02489
ProMIT1327_02490,PMIT1327_02490
ProMIT1327_02491,PMIT1327_02491
ProMIT1327_02492,PMIT1327_02492
ProMIT1327_02493,PMIT1327_02493
ProMIT1327_02494,PMIT1327_02494
ProMIT1327_02495,PMIT1327_02495
ProMIT1327_02496,PMIT1327_02496
ProMIT1327_02497,PMIT1327_02497
ProMIT1327_02498,PMIT1327_02498
ProMIT1327_02499,PMIT1327_02499
ProMIT1327_02500,PMIT1327_02500
ProMIT1327_02501,PMIT1327_02501
ProMIT1327_02502,PMIT1327_02502
ProMIT1327_02503,PMIT1327_02503
ProMIT1327_02504,PMIT1327_02504
ProMIT1327_02505,PMIT1327_02505
ProMIT1327_02506,PMIT1327_02506
ProMIT1327_02507,PMIT1327_02507
ProMIT1327_02508,PMIT1327_02508
ProMIT1327_02509,PMIT1327_02509
ProMIT1327_02511,PMIT1327_02511
ProMIT1327_02512,PMIT1327_02512
ProMIT1327_02515,PMIT1327_02515
ProMIT1327_02517,PMIT1327_02517
ProMIT1327_02518,PMIT1327_02518
ProMIT1327_02519,PMIT1327_02519
ProMIT1327_02520,PMIT1327_02520
ProMIT1327_02521,PMIT1327_02521
ProMIT1327_02522,PMIT1327_02522
ProMIT1327_02523,PMIT1327_02523
ProMIT1327_02524,PMIT1327_02524
ProMIT1327_02525,PMIT1327_02525
ProMIT1327_02526,PMIT1327_02526
ProMIT1327_02527,PMIT1327_02527
ProMIT1327_02528,PMIT1327_02528
ProMIT1327_02529,PMIT1327_02529
ProMIT1327_02530,PMIT1327_02530
ProMIT1327_02531,PMIT1327_02531
ProMIT1327_02532,PMIT1327_02532
ProMIT1327_02533,PMIT1327_02533
ProMIT1327_02534,PMIT1327_02534
ProMIT1327_02535,PMIT1327_02535
ProMIT1327_02536,PMIT1327_02536
ProMIT1327_02537,PMIT1327_02537
ProMIT1327_02538,PMIT1327_02538
ProMIT1327_02539,PMIT1327_02539
ProMIT1327_02540,PMIT1327_02540
ProMIT1327_02541,PMIT1327_02541
ProMIT1327_02542,PMIT1327_02542
ProMIT1327_02543,PMIT1327_02543
ProMIT1327_02544,PMIT1327_02544
ProMIT1327_02545,PMIT1327_02545
ProMIT1327_02546,PMIT1327_02546
ProMIT1327_02547,PMIT1327_02547
ProMIT1327_02548,PMIT1327_02548
ProMIT1327_02549,PMIT1327_02549
ProMIT1327_02551,PMIT1327_02551
ProMIT1327_02552,PMIT1327_02552
ProMIT1327_02553,PMIT1327_02553
ProMIT1327_02554,PMIT1327_02554
ProMIT1327_02556,PMIT1327_02556
ProMIT1327_02557,PMIT1327_02557
ProMIT1327_02558,PMIT1327_02558
ProMIT1327_02559,PMIT1327_02559
ProMIT1327_02560,PMIT1327_02560
ProMIT1327_02561,PMIT1327_02561
ProMIT1327_02562,PMIT1327_02562
ProMIT1327_02563,PMIT1327_02563
ProMIT1327_02564,PMIT1327_02564
ProMIT1327_02566,PMIT1327_02566
ProMIT1327_02567,PMIT1327_02567
ProMIT1327_02568,PMIT1327_02568
ProMIT1327_02569,PMIT1327_02569
ProMIT1327_02571,PMIT1327_02571
ProMIT1327_02572,PMIT1327_02572
ProMIT1327_02573,PMIT1327_02573
ProMIT1327_02574,PMIT1327_02574
ProMIT1327_02575,PMIT1327_02575
ProMIT1327_02576,PMIT1327_02576
ProMIT1327_02577,PMIT1327_02577
ProMIT1327_02578,PMIT1327_02578
ProMIT1327_02579,PMIT1327_02579
ProMIT1327_02581,PMIT1327_02581
ProMIT1327_02582,PMIT1327_02582
ProMIT1327_02583,PMIT1327_02583
ProMIT1327_02584,PMIT1327_02584
ProMIT1327_02585,PMIT1327_02585
ProMIT1327_02586,PMIT1327_02586
ProMIT1327_02587,PMIT1327_02587
ProMIT1327_02588,PMIT1327_02588
ProMIT1327_02589,PMIT1327_02589
ProMIT1327_02590,PMIT1327_02590
ProMIT1327_02592,PMIT1327_02592
ProMIT1327_02593,PMIT1327_02593
ProMIT1327_02594,PMIT1327_02594
ProMIT1327_02595,PMIT1327_02595
ProMIT1327_02596,PMIT1327_02596
ProMIT1327_02597,PMIT1327_02597
ProMIT1327_02598,PMIT1327_02598
ProMIT1327_02599,PMIT1327_02599
ProMIT1327_02600,PMIT1327_02600
ProMIT1327_02601,PMIT1327_02601
ProMIT1327_02602,PMIT1327_02602
ProMIT1327_02603,PMIT1327_02603
ProMIT1327_02604,PMIT1327_02604
ProMIT1327_02605,PMIT1327_02605
ProMIT1327_02606,PMIT1327_02606
ProMIT1327_02607,PMIT1327_02607
ProMIT1327_02608,PMIT1327_02608
ProMIT1327_02609,PMIT1327_02609
ProMIT1327_02610,PMIT1327_02610
ProMIT1327_02611,PMIT1327_02611
ProMIT1327_02612,PMIT1327_02612
ProMIT1327_02613,PMIT1327_02613
ProMIT1327_02614,PMIT1327_02614
ProMIT1327_02615,PMIT1327_02615
ProMIT1327_02616,PMIT1327_02616
ProMIT1327_02617,PMIT1327_02617
ProMIT1327_02618,PMIT1327_02618
ProMIT1327_02619,PMIT1327_02619
ProMIT1327_02620,PMIT1327_02620
ProMIT1327_02621,PMIT1327_02621
ProMIT1327_02622,PMIT1327_02622
ProMIT1327_02623,PMIT1327_02623
ProMIT1327_02624,PMIT1327_02624
ProMIT1327_02625,PMIT1327_02625
ProMIT1327_02626,PMIT1327_02626
ProMIT1327_02627,PMIT1327_02627
ProMIT1327_02628,PMIT1327_02628
ProMIT1327_02629,PMIT1327_02629
ProMIT1327_02630,PMIT1327_02630
ProMIT1327_02631,PMIT1327_02631
ProMIT1327_02632,PMIT1327_02632
ProMIT1327_02633,PMIT1327_02633
ProMIT1327_02634,PMIT1327_02634
ProMIT1327_02635,PMIT1327_02635
ProMIT1327_02637,PMIT1327_02637
ProMIT1327_02638,PMIT1327_02638
ProMIT1327_02639,PMIT1327_02639
ProMIT1327_02640,PMIT1327_02640
ProMIT1327_02641,PMIT1327_02641
ProMIT1327_02642,PMIT1327_02642
ProMIT1327_02643,PMIT1327_02643
ProMIT1327_02644,PMIT1327_02644
ProMIT1327_02645,PMIT1327_02645
ProMIT1327_02646,PMIT1327_02646
ProMIT1327_02647,PMIT1327_02647
ProMIT1327_02648,PMIT1327_02648
ProMIT1327_02650,PMIT1327_02650
ProMIT1327_02651,PMIT1327_02651
ProMIT1327_02652,PMIT1327_02652
ProMIT1327_02653,PMIT1327_02653
ProMIT1327_02654,PMIT1327_02654
ProMIT1327_02655,PMIT1327_02655
ProMIT1327_02656,PMIT1327_02656
ProMIT1327_02657,PMIT1327_02657
ProMIT1327_02658,PMIT1327_02658
ProMIT1327_02659,PMIT1327_02659
ProMIT1327_02660,PMIT1327_02660
ProMIT1327_02661,PMIT1327_02661
ProMIT1327_02662,PMIT1327_02662
ProMIT1327_02663,PMIT1327_02663
ProMIT1327_02664,PMIT1327_02664
ProMIT1327_02665,PMIT1327_02665
ProMIT1327_02666,PMIT1327_02666
ProMIT1327_02668,PMIT1327_02668
ProMIT1327_02669,PMIT1327_02669
ProMIT1327_02670,PMIT1327_02670
ProMIT1327_02671,PMIT1327_02671
