WP_003247207.1	MER0011806|C44.A03|C44	40.3	46.7	93.7	236	1.06e-40	143
WP_003247207.1	MER0004101|C44.A01|C44	38.2	49.7	98.7	251	5.45e-38	136
WP_003247207.1	MER0011781|C44.A02|C44	36.8	45.9	91.6	231	3.69e-35	128
WP_003247207.1	MER0003314|C44.001|C44	32.0	46.1	93.2	256	4.30e-27	107
WP_003247207.1	MER0003327|C44.971|C44	30.2	34.1	68.8	172	3.01e-13	66.2
WP_003247609.1	MER0001313|A08.001|A08	41.3	90.6	93.3	155	5.47e-33	112
WP_003249260.1	MER0000431|S33.001|S33	48.3	96.9	100	315	2.71e-112	325
WP_003249260.1	MER0000436|S33.021|S33	27.5	79.9	84.8	276	4.52e-15	71.2
WP_003249260.1	MER0003537|S33.005|S33	25.9	80.8	85.7	263	3.41e-12	62.8
WP_003249260.1	MER0001380|S33.003|S33	23.6	80.5	85.2	275	2.26e-10	57.4
WP_003249260.1	MER0000437|S33.004|S33	22.3	80.2	82.2	278	8.35e-08	49.7
WP_003249260.1	MER0011785|S33.009|S33	32.1	31.6	32.6	112	2.85e-07	48.1
WP_003249260.1	MER0045883|S33.993|S33	23.7	79.9	78.4	278	3.54e-04	38.5
WP_003249260.1	MER0036076|S33.A33|S33	22.6	65.9	60.1	217	6.08e-04	37.7
WP_003249309.1	MER0001627|T01.006|T01B	77.6	96.6	97.1	170	5.63e-88	252
WP_003249309.1	MER0001626|T01.007|T01B	56.6	96.6	98.9	173	2.84e-62	187
WP_003249309.1	MER0030305|T01.018|T01B	55.2	87.5	95.0	154	3.81e-52	161
WP_003249309.1	MER0053121|T01.021|T01B	50.3	96.0	100	171	2.02e-46	147
WP_003249309.1	MER0000552|T01.013|T01A	37.3	38.1	33.2	67	3.01e-05	39.7
WP_003249350.1	MER0492485|S85.001|S85	58.0	87.5	100	169	1.72e-68	203
WP_003249484.1	MER0107796|S09.A40|S09C	40.9	82.7	100	171	2.99e-33	114
WP_003249536.1	MER0192051|I87.002|I87	44.9	91.1	87.1	372	1.06e-73	233
WP_003249538.1	MER0191412|I87.001|I87	35.2	97.6	97.3	327	1.96e-56	182
WP_003249538.1	MER0192051|I87.002|I87	28.8	71.6	48.9	212	8.46e-15	70.9
WP_003251491.1	MER0036115|S33.B18|S33	30.7	96.1	94.7	287	2.20e-40	139
WP_003251491.1	MER0035042|S33.A93|S33	28.5	98.6	97.4	302	1.39e-30	113
WP_003251491.1	MER0035035|S33.A94|S33	28.5	96.1	94.4	291	5.37e-28	106
WP_003251491.1	MER0031619|S33.012|S33	27.9	93.3	92.6	290	8.14e-28	106
WP_003251491.1	MER0044350|S33.A81|S33	31.3	83.1	94.0	252	2.70e-26	101
WP_003251491.1	MER0035038|S33.A98|S33	28.3	93.7	94.1	286	1.35e-24	97.4
WP_003251491.1	MER0035043|S33.A95|S33	28.7	96.5	94.2	296	5.28e-24	95.9
WP_003251491.1	MER0035032|S33.A96|S33	34.9	44.0	41.7	126	8.91e-23	92.4
WP_003251491.1	MER0035044|S33.A97|S33	36.0	43.7	40.6	125	2.38e-22	91.3
WP_003251491.1	MER0213280|S33.A87|S33	37.9	40.5	38.2	116	4.35e-21	87.8
WP_003251491.1	MER0026339|S33.992|S33	34.5	40.8	43.3	119	1.04e-10	57.8
WP_003251491.1	MER0210990|S33.A66|S33	34.7	26.4	21.8	75	5.17e-09	53.1
WP_003251491.1	MER0025512|S33.010|S33	33.3	38.0	31.8	108	1.93e-08	51.2
WP_003251491.1	MER0014065|S33.974|S33	28.1	41.5	39.0	128	2.19e-07	48.1
WP_003251491.1	MER0036069|S33.A38|S33	34.9	36.3	31.4	109	5.39e-07	47.0
WP_003251491.1	MER0017177|S33.973|S33	27.3	37.7	34.1	110	1.23e-06	45.8
WP_003251491.1	MER0031618|S33.979|S33	32.1	35.2	36.8	109	6.30e-06	43.5
WP_003251491.1	MER0036053|S33.A01|S33	25.5	35.6	38.0	102	1.86e-05	42.0
WP_003251491.1	MER0035041|S33.A92|S33	31.2	31.3	33.6	93	2.58e-04	38.5
WP_003251491.1	MER0044900|S33.A21|S33	31.8	28.5	23.2	85	9.86e-04	37.0
WP_003251626.1	MER0014135|S16.A04|S16	67.5	58.1	97.8	265	1.09e-125	363
WP_003251626.1	MER0003359|S16.008|S16	27.7	20.4	40.2	94	5.60e-07	47.4
WP_003251626.1	MER0005837|S16.A06|S16	32.5	17.3	31.3	80	2.10e-06	45.8
WP_003252057.1	MER0000589|S26.001|S26A	42.9	73.2	100	259	1.46e-54	174
WP_003252057.1	MER0013626|S26.026|S26A	39.3	64.4	89.5	183	7.69e-35	120
WP_003252057.1	MER0015994|S26.019|S26A	31.9	65.1	95.6	185	7.08e-24	92.0
WP_003252057.1	MER0028421|S26.018|S26A	34.4	67.3	94.9	192	1.94e-21	85.5
WP_003252057.1	MER0002551|S26.024|S26A	32.0	65.5	95.1	228	3.96e-20	83.2
WP_003252057.1	MER0003269|S26.008|S26A	34.7	69.0	98.1	196	1.37e-19	80.5
WP_003252057.1	MER0055964|S26.A02|S26A	34.0	67.3	97.3	191	2.23e-19	79.7
WP_003252057.1	MER0015620|S26.A01|S26A	33.8	69.7	99.3	198	4.75e-19	79.0
WP_003252057.1	MER0002550|S26.004|S26A	30.7	67.6	96.8	192	7.09e-19	78.6
WP_003252057.1	MER0004537|S26.025|S26A	31.0	67.3	95.7	226	1.99e-18	78.2
WP_003252057.1	MER0003273|S26.016|S26A	29.1	68.7	97.5	196	2.18e-18	77.4
WP_003252057.1	MER0006313|S26.006|S26A	32.4	61.3	90.1	179	8.56e-17	72.8
WP_003252057.1	MER0015993|S26.021|S26A	30.4	67.3	94.8	191	3.36e-16	71.2
WP_003252057.1	MER0000592|S26.003|S26A	32.7	56.0	81.3	159	3.44e-16	71.2
WP_003252057.1	MER0001912|S26.005|S26A	31.3	67.6	96.8	192	4.76e-16	70.9
WP_003252057.1	MER0001510|S26.007|S26A	31.4	56.0	81.4	159	6.73e-16	70.5
WP_003252057.1	MER0016034|S26.020|S26A	31.7	56.0	87.7	161	1.18e-14	67.0
WP_003252057.1	MER0003268|S26.015|S26A	26.5	65.8	95.6	200	2.07e-11	58.5
WP_003252057.1	MER0015611|S26.A06|S26A	29.7	39.1	71.3	111	2.31e-07	45.1
WP_003252057.1	MER0006070|S26.A05|S26A	51.5	11.6	54.1	33	1.34e-06	42.0
WP_003252057.1	MER0000598|S26.012|S26A	32.5	25.0	49.3	77	5.17e-05	39.3
WP_003252057.1	MER0000597|S26.002|S26A	28.4	47.2	54.9	134	7.60e-05	39.3
WP_003252057.1	MER0017118|S26.A08|S26A	34.7	25.0	77.9	72	1.16e-04	37.0
WP_003252057.1	MER0011513|S26.A09|S26A	56.7	10.6	24.6	30	2.72e-04	37.0
WP_003252286.1	MER0001243|M24.001|M24A	67.3	98.5	97.3	257	4.29e-125	353
WP_003252286.1	MER0001342|M24.017|M24A	50.0	97.7	96.9	254	9.54e-90	263
WP_003252286.1	MER0015127|M24.A05|M24A	50.0	92.3	96.0	240	5.06e-79	236
WP_003252286.1	MER0005690|M24.A06|M24A	48.7	91.5	95.2	238	9.42e-77	230
WP_003252286.1	MER0013589|M24.A12|M24A	46.7	93.8	100	244	3.13e-76	228
WP_003252286.1	MER0013929|M24.028|M24A	44.5	95.0	97.2	247	3.68e-72	218
WP_003252286.1	MER0015128|M24.A07|M24A	44.6	91.9	95.2	240	2.35e-67	206
WP_003252286.1	MER0013450|M24.036|M24A	34.0	91.9	95.2	241	7.60e-46	151
WP_003252286.1	MER0010972|M24.950|M24A	34.1	95.8	94.7	249	8.37e-46	150
WP_003252286.1	MER0024896|M24.A13|M24A	34.1	49.6	27.9	135	1.09e-17	79.0
WP_003252286.1	MER0004532|M24.034|M24B	26.6	77.7	84.2	203	7.36e-13	63.2
WP_003252329.1	MER0065554|C26.964|C26	63.8	49.3	99.6	268	2.30e-119	350
WP_003252329.1	MER0437468|C26.A36|C26	40.7	63.3	99.7	359	7.92e-86	266
WP_003252329.1	MER0436717|C26.A29|C26	32.8	63.3	99.5	408	6.47e-60	200
WP_003252329.1	MER0031278|C26.961|C26	23.6	32.8	60.6	182	3.52e-04	39.3
WP_003252340.1	MER0061081|S09.A39|S09X	62.1	94.7	97.4	269	4.22e-124	352
WP_003252340.1	MER0043126|S09.990|S09X	56.0	99.3	100	284	1.03e-114	328
WP_003252340.1	MER0061059|S09.940|S09B	54.9	94.4	97.0	268	3.11e-104	301
WP_003255509.1	MER0003380|M23.011|M23B	37.0	49.5	94.2	235	2.68e-43	150
WP_003255509.1	MER0069741|M23.009|M23B	47.9	30.0	81.4	144	2.17e-39	137
WP_003255509.1	MER0003376|M23.005|M23B	40.2	25.4	69.9	127	9.34e-22	89.0
WP_003255509.1	MER0013541|M23.014|M23B	47.2	18.8	98.9	89	4.58e-20	81.6
WP_003255509.1	MER0387040|M23.A03|M23B	43.8	20.3	92.2	96	1.30e-19	80.9
WP_003255509.1	MER0066182|M23.A04|M23B	42.7	20.3	47.7	96	6.45e-18	79.0
WP_003255509.1	MER0003423|M23.012|M23B	40.2	19.0	62.9	92	7.79e-15	68.6
WP_003255509.1	MER0001419|M23.004|M23B	41.3	19.0	62.9	92	1.45e-14	67.8
WP_003255509.1	MER0005300|M23.950|M23B	40.0	20.1	57.1	95	5.72e-14	66.6
WP_003255509.1	MER0025070|M23.010|M23B	39.6	18.4	79.7	96	6.11e-13	62.4
WP_003255509.1	MER0388771|M23.A06|M23B	39.4	18.0	80.7	94	1.92e-12	60.8
WP_003255509.1	MER0015415|M23.951|M23B	35.6	18.2	50.0	87	1.94e-12	62.4
WP_003255509.1	MER0003906|M23.013|M23B	36.9	20.7	96.2	103	1.02e-11	58.5
WP_003255531.1	MER0043394|C26.955|C26	64.7	84.8	98.8	167	6.85e-78	227
WP_003255531.1	MER0045094|C26.959|C26	49.0	98.0	78.4	194	3.47e-66	200
WP_003255531.1	MER0044622|C26.A25|C26	51.8	98.5	74.7	197	3.70e-64	196
WP_003255531.1	MER0044882|C26.A09|C26	47.7	86.3	94.0	176	2.50e-50	158
WP_003255531.1	MER0043392|C26.960|C26	44.9	80.2	86.4	158	1.28e-36	122
WP_003255531.1	MER0045095|C26.958|C26	35.5	95.9	77.9	211	1.70e-24	94.0
WP_003255531.1	MER0043537|C26.A31|C26	30.8	98.5	98.9	195	2.96e-22	86.3
WP_003255531.1	MER0043195|C26.A30|C26	29.9	94.9	79.6	201	3.70e-22	87.4
WP_003255531.1	MER0044812|C26.A04|C26	31.9	82.7	62.3	166	4.91e-20	81.6
WP_003255531.1	MER0044619|C26.A26|C26	31.1	95.9	78.1	193	1.67e-16	72.0
WP_003255531.1	MER0045945|C26.963|C26	31.1	82.7	68.2	164	9.54e-15	67.0
WP_003255531.1	MER0044889|C26.A21|C26	30.3	73.1	56.6	145	7.33e-12	59.3
WP_003255531.1	MER0115185|C26.954|C26	30.9	68.5	88.1	136	1.26e-10	54.3
WP_003255531.1	MER0043540|C26.A33|C26	24.2	83.2	67.5	165	6.49e-09	50.8
WP_003255531.1	MER0043387|C26.950|C26	28.0	75.6	80.1	150	1.00e-08	49.7
WP_003255531.1	MER0436735|C26.A34|C26	27.2	78.2	69.8	191	9.10e-08	47.8
WP_003255531.1	MER0046161|C26.956|C26	27.1	83.2	55.5	170	1.29e-07	47.4
WP_003255531.1	MER0042974|C26.A07|C26	26.1	91.4	91.8	184	2.80e-07	45.8
WP_003255531.1	MER0045886|C26.957|C26	29.7	74.1	58.9	148	5.03e-07	45.4
WP_003255531.1	MER0031288|C26.A28|C26	27.3	82.2	74.3	183	1.04e-05	41.6
WP_003255700.1	MER0013479|M19.950|M19	92.2	98.5	100	320	1.66e-226	615
WP_003255700.1	MER0011422|M19.A01|M19	25.9	92.9	82.7	316	7.74e-29	110
WP_003255700.1	MER0032370|M19.013|M19	28.1	85.5	75.1	288	1.39e-28	110
WP_003255700.1	MER0013499|M19.002|M19	24.1	87.4	72.1	291	1.01e-24	99.8
WP_003255700.1	MER0011343|M19.A02|M19	24.8	92.9	78.4	315	1.08e-24	99.8
WP_003255700.1	MER0001260|M19.001|M19	23.7	87.4	72.4	291	1.45e-24	99.4
WP_003255700.1	MER0013425|M19.007|M19	28.4	83.1	79.2	271	4.27e-24	97.1
WP_003255700.1	MER0015155|M19.011|M19	25.3	73.2	60.5	245	1.58e-22	93.6
WP_003255700.1	MER0013496|M19.004|M19	24.1	73.2	62.4	245	2.49e-19	84.3
WP_003255700.1	MER0006319|M19.012|M19	23.1	66.2	67.7	260	4.46e-16	75.1
WP_003259400.1	MER0000474|S14.001|S14	80.1	89.7	92.3	191	1.90e-112	317
WP_003259400.1	MER0006046|S14.A02|S14	59.7	89.7	92.3	191	2.17e-83	243
WP_003259400.1	MER0002211|S14.003|S14	58.8	87.8	90.3	187	6.76e-80	234
WP_003259400.1	MER0005687|S14.A01|S14	65.1	82.2	82.9	175	7.26e-78	229
WP_003259400.1	MER0002299|S14.A04|S14	54.1	92.0	97.0	196	1.99e-75	223
WP_003259400.1	MER0004857|S14.008|S14	55.1	90.6	95.2	198	2.00e-69	208
WP_003259400.1	MER0004847|S14.009|S14	51.8	90.1	92.8	193	2.22e-66	200
WP_003259400.1	MER0004855|S14.A03|S14	54.3	81.2	82.8	173	5.29e-65	197
WP_003259400.1	MER0006063|S14.010|S14	47.5	85.9	87.5	183	1.79e-60	185
WP_003259400.1	MER0006308|S14.002|S14	43.6	80.3	87.8	172	1.33e-49	157
WP_003259400.1	MER0006056|S14.011|S14	44.0	82.2	82.5	175	9.40e-48	153
WP_003259400.1	MER0004182|S14.006|S14	42.8	81.2	85.2	173	2.98e-47	151
WP_003259400.1	MER0011666|S14.005|S14	41.3	79.8	91.0	172	2.93e-41	135
WP_003259400.1	MER0001369|S14.007|S14	41.3	37.6	59.5	80	4.89e-13	60.8
WP_004574734.1	MER0001272|M20.010|M20A	42.1	97.9	98.9	375	1.02e-85	258
WP_004574734.1	MER0003798|M20.A21|M20A	31.2	36.8	30.7	141	2.30e-14	70.9
WP_004574734.1	MER0003775|M20.A19|M20A	42.1	14.9	18.7	57	3.52e-08	51.2
WP_004574734.1	MER0003369|M20.A08|M20A	26.2	27.4	34.4	107	1.10e-06	46.6
WP_004574734.1	MER0025046|M20.975|M20A	33.6	29.2	36.9	113	2.85e-05	42.0
WP_004575476.1	MER0195774|M16.019|M16B	55.4	39.2	100	177	1.32e-66	208
WP_004575476.1	MER0003543|M16.973|M16B	30.4	45.5	89.8	207	2.36e-21	89.4
WP_004575476.1	MER0015090|M16.975|M16B	29.6	45.2	89.4	206	3.38e-19	83.2
WP_004575476.1	MER0390687|M16.A15|M16B	30.1	33.9	91.6	153	5.33e-18	78.2
WP_004575476.1	MER0001233|M16.A05|M16B	30.2	45.2	87.6	215	8.10e-17	76.6
WP_004575476.1	MER0001229|M16.003|M16B	24.9	46.3	96.3	209	3.28e-16	74.3
WP_004575476.1	MER0043985|M16.980|M16B	24.9	46.3	88.5	209	4.55e-16	74.3
WP_004575476.1	MER0003448|M16.016|M16B	24.1	45.0	88.6	203	1.01e-15	73.2
WP_004575476.1	MER0188967|M16.A18|M16C	27.1	39.5	42.3	192	1.18e-12	66.2
WP_004575476.1	MER0001222|M16.001|M16A	29.2	39.2	86.6	185	3.61e-12	62.4
WP_004575476.1	MER0015259|M16.017|M16A	26.3	41.2	91.0	194	1.04e-10	58.2
WP_004575476.1	MER0026957|M16.977|M16B	25.9	35.9	73.9	162	1.13e-10	58.2
WP_004575476.1	MER0001214|M16.002|M16A	34.7	20.8	49.5	95	2.60e-10	56.6
WP_004575476.1	MER0003823|M16.A09|M16A	33.0	23.3	50.0	106	4.69e-10	56.2
WP_004575476.1	MER0002008|M16.004|M16B	24.5	45.5	81.4	212	3.73e-09	53.9
WP_004575476.1	MER0002283|M16.A10|M16A	26.5	39.9	88.2	189	6.95e-09	52.8
WP_004575476.1	MER0002345|M16.A08|M16A	25.5	39.9	88.2	188	6.95e-09	52.8
WP_004575476.1	MER0092828|M16.015|M16B	27.3	25.9	73.9	121	4.74e-08	49.3
WP_004575476.1	MER0004423|M16.A20|M16B	23.9	39.0	75.6	176	9.64e-06	43.5
WP_004575710.1	MER0041647|S16.007|S16	46.0	29.2	94.4	237	2.04e-61	204
WP_004575710.1	MER0003018|S16.A10|S16	50.7	26.7	98.2	219	4.47e-61	202
WP_004575710.1	MER0017402|S16.A11|S16	32.4	24.8	84.1	216	4.29e-16	75.1
WP_004575710.1	MER0003359|S16.008|S16	39.1	15.8	45.7	128	6.94e-14	68.9
WP_004575710.1	MER0003859|S16.005|S16	31.9	21.7	67.9	191	6.51e-13	66.2
WP_004575710.1	MER0003017|S16.A05|S16	29.9	11.9	55.6	97	2.44e-05	42.4
WP_004576741.1	MER0001425|S41.004|S41A	57.6	38.6	97.1	170	3.58e-55	178
WP_004576741.1	MER0003514|S41.010|S41A	49.7	37.7	94.7	165	4.07e-40	138
WP_004576741.1	MER0004196|S41.013|S41A	41.8	38.6	97.1	170	9.47e-36	127
WP_004576741.1	MER0001297|S41.008|S41A	45.1	37.0	92.9	162	4.69e-35	125
WP_004576741.1	MER0003065|S41.009|S41A	44.2	37.7	94.7	165	1.27e-34	124
WP_004576741.1	MER0003413|S41.002|S41A	39.9	38.8	97.6	173	3.48e-30	112
WP_004576741.1	MER0004195|S41.007|S41A	39.2	37.9	95.3	166	4.59e-28	106
WP_004576741.1	MER0015684|S41.A02|S41A	37.5	38.1	95.9	168	1.08e-24	97.1
WP_004576741.1	MER0005714|S41.A01|S41A	36.0	37.4	94.4	172	1.65e-23	94.0
WP_004576741.1	MER0001295|S41.001|S41A	37.5	37.2	94.0	176	6.70e-20	84.0
WP_004577525.1	MER0013876|U32.003|U32	73.8	55.1	100	367	3.52e-191	541
WP_004577525.1	MER0003855|U32.002|U32	30.3	41.1	72.6	290	3.41e-31	122
WP_004577525.1	MER0004416|U32.A02|U32	28.1	36.0	88.0	249	1.03e-23	98.6
WP_004577525.1	MER0003242|U32.001|U32	29.6	33.6	76.9	240	6.00e-21	90.9
WP_010951538.1	MER0195774|M16.019|M16B	23.8	38.0	100	185	2.19e-12	62.4
WP_010951538.1	MER0001233|M16.A05|M16B	25.0	45.3	90.9	236	3.59e-11	60.1
WP_010951538.1	MER0015090|M16.975|M16B	24.6	40.6	82.7	195	3.53e-09	53.9
WP_010951538.1	MER0011096|M16.A01|M16A	26.3	40.4	92.0	198	7.32e-09	52.8
WP_010951538.1	MER0003543|M16.973|M16B	26.4	25.9	53.1	125	6.86e-08	50.1
WP_010951538.1	MER0390687|M16.A15|M16B	27.2	22.0	62.0	103	1.44e-07	48.1
WP_010951538.1	MER0015259|M16.017|M16A	25.9	32.1	73.6	158	3.52e-07	47.8
WP_010951538.1	MER0014333|M16.A03|M16B	24.0	39.7	79.0	200	3.59e-06	45.1
WP_010951538.1	MER0001223|M16.006|M16A	34.5	18.4	45.3	87	3.55e-04	38.5
WP_010951584.1	MER0042954|S49.005|S49C	41.0	37.1	96.3	166	1.55e-28	107
WP_010951587.1	MER0001361|M20.004|M20A	27.3	81.1	95.7	477	9.78e-38	142
WP_010951587.1	MER0369972|M20.A25|M20A	33.5	31.1	40.8	191	2.01e-16	78.6
WP_010951587.1	MER0026485|M20.A15|M20F	28.4	16.5	29.0	95	5.30e-09	54.7
WP_010951587.1	MER0057434|M20.013|M20F	30.0	15.6	28.3	90	6.65e-09	54.3
WP_010951587.1	MER0003397|M20.A14|M20F	24.6	26.4	51.1	167	7.10e-09	54.3
WP_010951587.1	MER0003369|M20.A08|M20A	27.4	27.6	50.0	164	1.52e-08	53.1
WP_010951587.1	MER0015142|M20.006|M20F	25.9	26.4	32.1	170	1.49e-07	50.8
WP_010951587.1	MER0052470|M20.A18|M20X	27.4	17.7	21.8	106	2.46e-07	50.1
WP_010951587.1	MER0033183|M20.011|M20A	31.6	13.7	23.9	79	2.09e-06	46.6
WP_010951587.1	MER0026494|M20.005|M20F	26.1	15.3	17.5	88	8.47e-05	42.0
WP_010951587.1	MER0001266|M20.001|M20A	30.6	20.3	27.5	121	9.39e-04	38.5
WP_010951658.1	MER0065588|C26.965|C26	37.4	95.8	98.0	203	5.48e-37	125
WP_010951716.1	MER0017142|S33.994|S33	30.8	92.2	93.1	234	2.73e-24	94.4
WP_010951726.1	MER0015682|S09.074|S09C	42.6	47.9	99.3	310	3.19e-73	234
WP_010951726.1	MER0140224|S09.B03|S09X	44.4	35.8	94.5	225	1.13e-60	199
WP_010951726.1	MER0126485|S09.072|S09X	44.3	35.1	91.5	219	5.04e-50	170
WP_010951726.1	MER0003558|S09.A83|S09C	38.3	40.7	98.5	256	5.23e-50	171
WP_010951726.1	MER0018170|S09.057|S09C	40.6	37.6	96.8	244	5.43e-45	157
WP_010951726.1	MER0001920|S09.A77|S09C	31.5	35.1	89.0	222	8.98e-29	112
WP_010951726.1	MER0017401|S09.071|S09C	27.5	37.7	97.1	236	8.72e-20	85.9
WP_010951726.1	MER0005807|S09.070|S09C	30.9	31.5	68.7	194	2.49e-18	82.4
WP_010951726.1	MER0000408|S09.004|S09C	25.8	34.8	86.5	225	1.25e-12	65.1
WP_010951726.1	MER0001423|S09.013|S09B	23.2	29.4	75.0	181	2.23e-09	55.1
WP_010951726.1	MER1137425|S09.032|S09C	26.6	35.8	83.4	248	2.73e-06	46.2
WP_010951730.1	MER0001223|M16.006|M16A	44.1	24.3	96.9	186	4.73e-36	131
WP_010951730.1	MER0001222|M16.001|M16A	35.9	23.4	86.1	181	2.51e-26	104
WP_010951730.1	MER0003823|M16.A09|M16A	34.7	23.6	87.3	190	1.25e-21	90.9
WP_010951730.1	MER0169735|M16.021|M16A	32.6	23.6	92.0	187	4.38e-21	89.0
WP_010951730.1	MER0001214|M16.002|M16A	35.0	21.1	84.4	163	6.69e-21	88.2
WP_010951730.1	MER0122186|M16.A14|M16A	28.6	23.6	89.0	185	2.36e-19	84.0
WP_010951730.1	MER0001218|M16.008|M16A	30.8	23.6	87.3	185	4.17e-19	83.6
WP_010951730.1	MER0011292|M16.A07|M16A	30.5	21.1	70.7	164	6.32e-19	83.6
WP_010951730.1	MER0002423|M16.A11|M16A	33.7	23.6	87.3	187	7.68e-19	82.8
WP_010951730.1	MER0003386|M16.020|M16A	38.9	14.1	50.9	108	7.68e-19	82.8
WP_010951730.1	MER0001220|M16.005|M16A	33.5	23.5	88.9	185	2.34e-18	81.3
WP_010951730.1	MER0002345|M16.A08|M16A	31.7	23.6	87.3	186	3.54e-18	80.9
WP_010951730.1	MER0011096|M16.A01|M16A	30.9	21.1	76.4	165	6.51e-18	80.1
WP_010951730.1	MER0015259|M16.017|M16A	32.0	16.3	59.0	125	6.51e-18	80.1
WP_010951730.1	MER0002283|M16.A10|M16A	37.0	16.6	59.9	127	2.20e-17	78.6
WP_010951730.1	MER0011192|M16.A06|M16A	30.2	20.5	97.0	159	3.49e-17	76.6
WP_010951730.1	MER0011744|M16.A02|M16A	32.8	16.3	59.0	125	1.37e-16	76.3
WP_010951730.1	MER0390687|M16.A15|M16B	25.8	19.7	90.4	151	9.08e-09	52.4
WP_010951730.1	MER0001229|M16.003|M16B	29.7	15.4	54.2	118	8.59e-08	50.4
WP_010951730.1	MER0170820|M16.022|M16A	39.0	10.7	40.5	82	9.47e-08	50.1
WP_010951730.1	MER0043985|M16.980|M16B	29.7	15.4	49.8	118	1.06e-07	50.4
WP_010951730.1	MER0195774|M16.019|M16B	29.1	19.1	82.5	148	1.39e-06	46.2
WP_010951730.1	MER0003448|M16.016|M16B	23.6	27.2	88.2	208	4.47e-06	45.4
WP_010951730.1	MER0002008|M16.004|M16B	23.9	27.4	86.0	226	4.91e-04	39.3
WP_010951730.1	MER0092828|M16.015|M16B	27.6	12.8	61.8	98	5.88e-04	38.1
WP_010951813.1	MER0043126|S09.990|S09X	33.3	17.2	18.1	51	6.85e-05	40.4
WP_010951819.1	MER0217243|M90.001|M90	39.8	87.8	89.1	241	7.88e-49	159
WP_010951828.1	MER0037236|S33.016|S33	30.0	64.1	96.6	260	1.82e-19	84.0
WP_010951828.1	MER0004146|S33.995|S33	28.0	65.2	99.2	268	5.60e-18	79.7
WP_010951828.1	MER0036053|S33.A01|S33	29.0	61.7	97.7	259	9.31e-17	76.3
WP_010951828.1	MER0030163|S33.975|S33	36.1	28.3	37.1	108	6.50e-12	62.4
WP_010951828.1	MER0031616|S33.013|S33	37.6	26.4	32.5	101	1.01e-11	62.0
WP_010951828.1	MER0036065|S33.A03|S33	30.2	60.9	98.8	258	3.82e-11	59.7
WP_010951828.1	MER0014065|S33.974|S33	35.4	29.9	34.5	113	6.52e-10	56.6
WP_010951828.1	MER0011785|S33.009|S33	35.9	29.3	34.8	117	4.87e-09	53.9
WP_010951828.1	MER0026339|S33.992|S33	29.5	56.5	82.5	227	8.58e-09	52.8
WP_010951828.1	MER0210990|S33.A66|S33	37.7	20.4	22.4	77	3.90e-08	51.2
WP_010951828.1	MER0036059|S33.A79|S33	34.2	26.9	32.4	114	3.99e-08	51.2
WP_010951828.1	MER0035973|S33.A14|S33	23.2	60.9	80.1	241	5.53e-08	50.4
WP_010951828.1	MER0017142|S33.994|S33	33.6	29.1	41.5	107	5.71e-08	50.1
WP_010951828.1	MER0035038|S33.A98|S33	33.3	24.5	30.3	93	1.07e-06	46.6
WP_010951828.1	MER0035044|S33.A97|S33	32.0	27.2	33.3	103	1.42e-06	46.2
WP_010951828.1	MER0035032|S33.A96|S33	30.1	27.2	33.4	103	4.45e-06	44.7
WP_010951828.1	MER0036069|S33.A38|S33	33.7	24.7	27.9	95	8.77e-06	43.9
WP_010951828.1	MER0036114|S33.980|S33	31.4	38.0	49.3	156	1.39e-05	43.1
WP_010951828.1	MER0036056|S33.A10|S33	24.0	60.9	75.2	250	2.62e-05	42.4
WP_010951828.1	MER0044350|S33.A81|S33	27.2	27.2	38.4	103	2.93e-05	42.0
WP_010951828.1	MER0036115|S33.B18|S33	29.0	27.7	34.3	107	3.31e-05	42.0
WP_010951828.1	MER0035043|S33.A95|S33	30.4	24.2	29.5	92	3.35e-05	42.0
WP_010951828.1	MER0033259|S33.982|S33	23.4	68.5	95.8	274	8.98e-05	40.4
WP_010951828.1	MER0031618|S33.979|S33	28.5	38.0	51.9	151	4.10e-04	38.5
WP_010951828.1	MER0025512|S33.010|S33	25.2	62.5	85.3	258	7.53e-04	37.7
WP_010951843.1	MER0034541|I39.008|I39	52.7	84.8	99.9	1404	0.0	1412
WP_010951880.1	MER0026469|M20.976|M20X	30.3	91.1	98.7	390	1.97e-47	164
WP_010951880.1	MER0026472|M20.A07|M20X	24.9	81.4	85.6	361	1.29e-20	88.6
WP_010951880.1	MER0369336|M20.A23|M20A	25.3	21.9	30.2	95	9.60e-04	37.7
WP_010951890.1	MER0000870|A24.001|A24A	68.3	79.5	99.1	230	2.97e-113	323
WP_010951890.1	MER0000876|A24.A10|A24A	51.4	47.6	64.9	138	5.46e-35	122
WP_010951890.1	MER0004658|A24.003|A24A	41.9	42.7	80.0	124	1.52e-27	101
WP_010951890.1	MER0002075|A24.A01|A24A	37.5	46.5	90.8	136	1.04e-19	80.5
WP_010951890.1	MER0000869|A24.019|A24A	36.0	34.7	62.9	100	1.41e-09	52.8
WP_010951972.1	MER0031288|C26.A28|C26	25.7	58.5	59.1	140	2.86e-12	60.5
WP_010951972.1	MER0031178|C26.A08|C26	30.4	55.5	48.4	148	3.44e-10	55.1
WP_010951972.1	MER0031278|C26.961|C26	24.7	88.5	85.0	219	1.26e-09	53.1
WP_010951972.1	MER0038086|C26.962|C26	26.4	47.0	43.7	110	1.46e-08	50.1
WP_010951972.1	MER0001021|C26.A10|C26	22.6	99.5	85.7	270	3.32e-08	49.3
WP_010951972.1	MER0043537|C26.A31|C26	23.7	78.5	83.5	169	5.80e-08	47.8
WP_010951972.1	MER0001429|C26.A06|C26	24.9	78.5	64.1	205	2.72e-07	46.6
WP_010951972.1	MER0042974|C26.A07|C26	23.1	73.5	78.9	160	3.97e-07	45.4
WP_010951972.1	MER0044889|C26.A21|C26	20.5	82.5	66.5	176	2.00e-05	40.8
WP_010951972.1	MER0044619|C26.A26|C26	23.9	52.5	49.4	117	1.59e-04	38.1
WP_010951972.1	MER0043394|C26.955|C26	26.4	68.0	85.4	148	1.95e-04	37.4
WP_010951972.1	MER0044622|C26.A25|C26	22.3	72.5	58.4	157	3.05e-04	37.4
WP_010951972.1	MER0065588|C26.965|C26	37.3	33.5	31.6	67	5.98e-04	36.2
WP_010952117.1	MER0042581|M75.001|M75	72.9	100	100	446	8.90e-223	615
WP_010952138.1	MER0016301|M103.001|M103	66.0	96.7	99.6	468	3.73e-218	606
WP_010952138.1	MER0028087|M103.002|M103	28.9	47.0	48.1	225	1.37e-18	84.7
WP_010952138.1	MER0016248|M103.003|M103	28.7	36.1	67.5	174	1.88e-16	75.9
WP_010952138.1	MER0016222|M103.950|M103	23.2	90.4	93.6	439	1.87e-14	72.0
WP_010952169.1	MER0001236|M17.003|M17	53.9	97.0	99.4	486	1.07e-177	505
WP_010952169.1	MER0001238|M17.A03|M17	36.2	94.4	95.5	475	1.09e-86	272
WP_010952169.1	MER0041673|M17.013|M17	36.8	94.4	98.3	476	5.01e-84	265
WP_010952169.1	MER0035089|M17.010|M17	43.5	65.4	93.7	329	1.19e-79	249
WP_010952169.1	MER0002271|M17.002|M17	35.2	94.4	96.3	477	5.36e-78	249
WP_010952169.1	MER0001235|M17.001|M17	40.1	74.0	75.4	379	4.86e-75	241
WP_010952169.1	MER0004597|M17.A01|M17	38.5	69.4	99.1	351	1.94e-74	236
WP_010952169.1	MER0014397|M17.015|M17	38.8	71.0	100	358	4.44e-73	232
WP_010952169.1	MER0024892|M17.008|M17	38.7	74.2	92.5	375	2.36e-72	232
WP_010952169.1	MER0004598|M17.A02|M17	38.6	66.0	94.9	334	4.81e-71	227
WP_010952169.1	MER0026959|M17.950|M17	44.1	52.5	98.9	270	7.98e-69	218
WP_010952169.1	MER0003825|M17.016|M17	37.5	71.4	83.7	373	1.03e-66	218
WP_010952169.1	MER0003919|M17.005|M17	42.9	53.7	72.7	275	5.54e-64	209
WP_010952169.1	MER0001910|M17.009|M17	35.3	82.3	86.4	431	1.66e-58	198
WP_010952169.1	MER0002497|M17.004|M17	39.8	61.8	74.2	322	3.96e-58	195
WP_010952169.1	MER0105906|M17.014|M17	37.5	62.8	67.4	325	5.46e-46	164
WP_010952169.1	MER0011357|M17.A04|M17	35.3	56.7	54.6	289	4.25e-42	154
WP_010952169.1	MER0001240|M17.A05|M17	34.2	61.6	63.1	316	5.10e-39	145
WP_010952169.1	MER0013416|M17.006|M17	35.1	61.6	80.2	313	2.14e-38	141
WP_010952169.1	MER0081108|M17.012|M17	28.3	62.4	70.7	346	1.00e-20	91.7
WP_010952169.1	MER0079520|M17.011|M17	27.3	65.8	68.4	363	4.94e-19	86.7
WP_010952205.1	MER0003380|M23.011|M23B	35.0	41.1	49.8	120	3.66e-22	89.4
WP_010952205.1	MER0013541|M23.014|M23B	41.2	30.9	96.6	85	5.11e-22	84.7
WP_010952205.1	MER0069741|M23.009|M23B	37.5	40.7	64.5	112	1.21e-20	83.6
WP_010952205.1	MER0066182|M23.A04|M23B	31.7	52.4	70.9	145	5.90e-20	82.4
WP_010952205.1	MER0003376|M23.005|M23B	35.9	30.9	55.4	92	1.07e-18	78.2
WP_010952205.1	MER0387040|M23.A03|M23B	37.9	34.2	92.2	95	8.66e-18	73.9
WP_010952205.1	MER0015415|M23.951|M23B	32.0	44.0	72.4	128	2.19e-16	72.0
WP_010952205.1	MER0005300|M23.950|M23B	28.7	52.4	93.9	157	4.85e-15	68.2
WP_010952205.1	MER0003423|M23.012|M23B	31.7	35.6	72.7	104	3.05e-14	65.5
WP_010952205.1	MER0001419|M23.004|M23B	31.7	35.6	72.7	104	5.81e-14	64.7
WP_010952205.1	MER0003906|M23.013|M23B	26.9	35.6	98.1	104	1.06e-10	54.7
WP_010952205.1	MER0127161|M23.008|M23B	40.5	13.5	23.0	37	3.18e-04	37.4
WP_010952209.1	MER0045886|C26.957|C26	42.5	44.0	94.5	233	1.51e-59	194
WP_010952209.1	MER0038086|C26.962|C26	37.3	41.5	88.9	228	1.60e-45	157
WP_010952209.1	MER0044889|C26.A21|C26	37.3	44.4	93.0	233	3.27e-45	156
WP_010952209.1	MER0436735|C26.A34|C26	31.5	44.2	99.2	260	2.14e-42	149
WP_010952209.1	MER0042974|C26.A07|C26	36.2	36.6	97.9	196	4.47e-41	143
WP_010952209.1	MER0043537|C26.A31|C26	35.1	37.0	98.4	194	3.62e-37	132
WP_010952209.1	MER0043387|C26.950|C26	37.8	35.2	100	185	6.23e-34	123
WP_010952209.1	MER0044882|C26.A09|C26	27.6	32.4	94.0	185	3.20e-11	59.3
WP_010952209.1	MER0044622|C26.A25|C26	21.2	40.2	80.2	217	5.40e-10	57.0
WP_010952209.1	MER0043394|C26.955|C26	25.5	29.1	89.6	153	4.74e-08	49.7
WP_010952209.1	MER0044812|C26.A04|C26	31.6	18.3	38.5	98	7.08e-08	50.4
WP_010952209.1	MER0044619|C26.A26|C26	24.8	29.5	61.2	157	1.29e-05	43.5
WP_010952209.1	MER0043195|C26.A30|C26	25.9	23.0	50.0	135	1.05e-04	40.8
WP_010952209.1	MER0043392|C26.960|C26	28.3	27.2	79.3	152	1.79e-04	39.3
WP_010952209.1	MER0115185|C26.954|C26	34.5	10.3	38.5	55	7.84e-04	37.0
WP_010952214.1	MER0042827|C56.972|C56	47.9	7.4	97.0	96	4.05e-25	97.8
WP_010952253.1	MER0061068|M38.A02|M38	55.9	84.8	99.0	295	6.32e-112	325
WP_010952271.1	MER0003306|S45.001|S45	28.1	25.5	37.2	210	6.97e-15	75.1
WP_010952271.1	MER0035254|S45.004|S45	28.4	19.2	30.8	169	4.81e-08	53.1
WP_010952271.1	MER0030255|S45.005|S45	28.9	15.1	22.5	128	1.56e-05	45.1
WP_010952288.1	MER0011726|S12.A11|S12	32.3	91.9	93.5	365	5.34e-55	182
WP_010952288.1	MER0017074|S12.A14|S12	33.0	92.1	93.8	367	1.23e-51	174
WP_010952288.1	MER0034963|S12.A10|S12	32.6	91.3	92.9	365	6.89e-49	166
WP_010952288.1	MER0011718|S12.A09|S12	29.2	92.1	93.8	367	9.04e-45	155
WP_010952288.1	MER0034964|S12.A17|S12	28.1	97.1	98.2	392	6.84e-43	150
WP_010952288.1	MER0015683|S12.A01|S12	29.2	69.0	91.7	274	4.88e-28	108
WP_010952288.1	MER0039166|S12.A15|S12	24.3	91.6	93.1	370	1.09e-18	83.6
WP_010952288.1	MER0005964|S12.951|S12	26.9	73.2	75.6	294	2.27e-14	70.5
WP_010952288.1	MER0006204|S12.950|S12	30.1	49.1	54.4	209	1.94e-13	67.8
WP_010952288.1	MER0000459|S12.001|S12	30.1	42.8	48.4	173	4.28e-10	57.4
WP_010952288.1	MER0026262|S12.008|S12	25.6	48.0	55.1	199	5.71e-09	53.9
WP_010952288.1	MER0005923|S12.004|S12	30.4	28.3	24.8	112	1.69e-08	52.8
WP_010952288.1	MER1143079|S12.013|S12	27.5	35.2	45.2	138	5.74e-08	50.4
WP_010952374.1	MER0031491|M48.023|M48C	45.0	39.5	98.4	189	7.21e-43	147
WP_010952374.1	MER0042387|M48.019|M48C	33.1	33.3	82.0	169	1.02e-14	69.3
WP_010952374.1	MER0026552|M48.A01|M48C	31.2	35.6	90.6	173	1.08e-12	63.2
WP_010952374.1	MER0026545|M48.018|M48C	29.8	31.4	52.6	161	5.78e-06	44.7
WP_010952374.1	MER0026496|M48.017|M48C	23.3	46.0	83.5	236	5.70e-04	38.5
WP_010952423.1	MER0200434|S09.941|S09X	38.4	44.5	85.2	99	9.67e-10	51.6
WP_010952423.1	MER0209507|S09.025|S09X	35.4	45.0	89.9	99	5.65e-08	46.6
WP_010952461.1	MER0011829|T05.001|T05	37.9	53.3	99.6	227	8.16e-46	154
WP_010952461.1	MER0011830|T05.002|T05	39.8	53.1	100	221	2.77e-42	145
WP_010952488.1	MER0043008|S33.A18|S33	24.6	86.3	86.5	240	2.91e-12	62.0
WP_010952488.1	MER0026339|S33.992|S33	24.8	82.5	85.4	234	1.03e-08	51.6
WP_010952488.1	MER0017193|S33.991|S33	26.9	77.9	78.3	223	1.45e-08	51.2
WP_010952488.1	MER0036084|S33.A29|S33	25.0	44.1	44.1	120	1.89e-08	50.8
WP_010952488.1	MER0025512|S33.010|S33	21.2	90.1	85.3	259	2.40e-05	41.6
WP_010952488.1	MER0037236|S33.016|S33	27.2	40.3	42.5	114	5.28e-04	37.4
WP_010952543.1	MER0000495|S16.002|S16	42.4	28.9	95.3	243	4.12e-60	201
WP_010952543.1	MER0011056|S16.A03|S16	50.0	25.3	92.4	208	1.07e-57	193
WP_010952543.1	MER0003442|S16.011|S16	49.8	25.0	89.9	205	4.28e-57	192
WP_010952543.1	MER0011057|S16.A02|S16	48.6	25.3	92.4	208	2.59e-55	187
WP_010952543.1	MER0000496|S16.010|S16	48.8	25.2	67.0	209	1.53e-52	182
WP_010952543.1	MER0000485|S16.001|S16	44.2	28.3	92.7	231	6.00e-52	178
WP_010952543.1	MER0000488|S16.004|S16	38.7	28.9	99.6	238	1.50e-44	157
WP_010952543.1	MER0004236|S16.009|S16	47.1	21.4	64.3	172	2.41e-44	157
WP_010952543.1	MER0014970|S16.006|S16	35.4	28.9	94.3	280	2.03e-43	156
WP_010952543.1	MER0108906|S16.A13|S16	36.9	28.9	100	236	7.89e-43	152
WP_010952543.1	MER0003443|S16.003|S16	41.2	23.2	85.0	194	3.61e-40	144
WP_010952543.1	MER0005837|S16.A06|S16	36.3	28.2	94.1	245	8.32e-38	139
WP_010952543.1	MER0026213|S16.A14|S16	31.6	18.8	57.1	155	1.07e-21	92.4
WP_010952543.1	MER0017402|S16.A11|S16	31.8	21.7	78.2	179	1.71e-16	76.3
WP_010952543.1	MER0003859|S16.005|S16	31.7	19.9	64.2	164	1.77e-14	70.9
WP_010952543.1	MER0003359|S16.008|S16	31.5	22.0	76.1	184	7.59e-13	65.9
WP_010952543.1	MER0003017|S16.A05|S16	23.8	17.8	84.0	143	1.99e-04	39.7
WP_010952551.1	MER0152590|C82.A01|C82A	30.3	68.5	100	132	7.85e-10	51.2
WP_010952592.1	MER0017248|S09.A36|S09X	29.6	82.7	89.4	260	8.33e-33	119
WP_010952592.1	MER0017246|S09.A24|S09C	27.7	87.9	94.9	300	4.93e-19	82.4
WP_010952592.1	MER0017239|S09.A68|S09C	27.6	87.3	87.4	286	6.23e-17	76.6
WP_010952592.1	MER0017240|S09.051|S09C	29.7	48.2	76.5	148	1.94e-14	67.4
WP_010952592.1	MER0017242|S09.A35|S09X	26.0	82.1	87.9	269	3.89e-12	62.4
WP_010952592.1	MER0017375|S09.A81|S09C	27.7	57.3	71.0	177	9.95e-12	60.5
WP_010952592.1	MER0044580|S33.A39|S33	33.1	36.8	34.8	118	3.34e-09	53.9
WP_010952592.1	MER0017353|S09.052|S09C	27.0	57.3	71.0	178	6.33e-08	49.3
WP_010952592.1	MER0017367|S09.053|S09C	25.2	48.2	58.0	155	8.53e-08	48.9
WP_010952592.1	MER0036060|S33.A08|S33	28.9	37.8	36.8	121	1.01e-07	49.3
WP_010952592.1	MER0036049|S33.A05|S33	32.7	31.3	36.1	101	2.13e-07	48.1
WP_010952592.1	MER0017355|S09.A67|S09C	30.2	30.6	55.6	96	2.16e-07	47.0
WP_010952592.1	MER0017243|S09.A78|S09C	28.5	50.2	49.2	165	2.54e-07	48.1
WP_010952592.1	MER0017256|S09.A34|S09C	25.2	68.1	73.4	214	3.62e-07	47.4
WP_010952592.1	MER0017371|S09.055|S09C	23.9	59.3	73.7	184	3.77e-07	47.0
WP_010952592.1	MER0033244|S09.061|S09C	26.5	50.2	61.9	162	6.12e-07	46.6
WP_010952592.1	MER0035185|S09.A95|S09C	31.0	27.7	38.6	87	6.78e-07	46.2
WP_010952592.1	MER0036047|S33.A20|S33	28.8	38.8	43.3	125	7.13e-07	46.6
WP_010952592.1	MER0035184|S09.B05|S09C	23.5	56.4	70.1	183	2.31e-05	41.6
WP_010952592.1	MER0045883|S33.993|S33	26.9	40.4	42.2	130	5.82e-05	40.8
WP_010952592.1	MER0034962|S09.A91|S09X	33.3	18.6	25.9	57	1.34e-04	39.3
WP_010952592.1	MER0036062|S33.A07|S33	29.3	23.1	27.0	75	1.71e-04	39.3
WP_010952592.1	MER0036081|S33.A31|S33	31.3	20.5	24.0	67	1.71e-04	39.3
WP_010952592.1	MER0034550|S09.A46|S09X	25.0	49.5	64.7	172	8.76e-04	37.0
WP_010952650.1	MER0001396|S78.001|S78	33.0	93.6	96.4	227	2.74e-24	93.6
WP_010952725.1	MER0004054|C40.013|C40	46.5	63.8	93.4	114	4.79e-37	121
WP_010952725.1	MER0003986|C40.005|C40	43.6	62.1	91.5	110	1.52e-26	94.7
WP_010952725.1	MER0003808|C40.008|C40	45.8	66.7	97.3	118	6.64e-24	87.8
WP_010952725.1	MER0002450|C40.003|C40	45.2	65.0	95.5	115	2.03e-22	84.0
WP_010952725.1	MER0002443|C40.A01|C40	41.4	62.7	92.3	111	3.27e-22	83.6
WP_010952725.1	MER0004035|C40.004|C40	41.8	62.1	94.6	110	5.54e-22	82.8
WP_010952725.1	MER0003805|C40.002|C40	41.2	67.2	98.2	119	8.25e-22	82.4
WP_010952725.1	MER0003807|C40.007|C40	38.7	62.1	90.7	111	7.39e-21	80.1
WP_010952725.1	MER0377178|C40.A10|C40	45.5	62.1	96.2	110	1.51e-20	79.0
WP_010952725.1	MER0377307|C40.A08|C40	43.6	62.1	96.2	110	4.23e-20	77.8
WP_010952725.1	MER0377310|C40.A09|C40	43.6	62.1	96.2	110	4.23e-20	77.8
WP_010952725.1	MER0014188|C40.006|C40	40.4	55.9	84.4	99	1.41e-18	73.9
WP_010952725.1	MER0376722|C40.A06|C40	45.4	54.8	95.8	97	3.86e-18	72.4
WP_010952725.1	MER0377450|C40.A07|C40	40.2	54.8	100	97	8.25e-16	66.2
WP_010952725.1	MER0001322|C40.001|C40	34.2	61.6	84.7	111	1.37e-12	58.5
WP_010952725.1	MER0014672|C40.012|C40	32.5	56.5	85.6	114	1.65e-11	55.8
WP_010952777.1	MER0003372|M18.A01|M18	42.0	98.6	97.1	462	1.67e-116	346
WP_010952777.1	MER0015303|M18.A02|M18	41.8	97.2	95.5	445	1.57e-114	340
WP_010952777.1	MER0003374|M18.002|M18	41.2	96.7	95.1	444	7.06e-107	321
WP_010952777.1	MER0001255|M18.001|M18	29.5	96.7	95.1	448	1.14e-55	188
WP_010952777.1	MER0024893|M18.003|M18	25.9	96.5	95.8	544	1.45e-52	182
WP_010952777.1	MER0005460|M18.004|M18	24.2	95.6	96.8	426	3.22e-22	95.1
WP_010952789.1	MER0025084|M42.A02|M42	37.0	85.5	98.5	338	2.21e-75	234
WP_010952789.1	MER0005160|M42.003|M42	28.2	41.4	46.8	163	1.01e-09	56.2
WP_010952790.1	MER0034539|C44.976|C44	36.5	24.7	68.4	148	5.23e-19	82.8
WP_010952790.1	MER0033254|C44.974|C44	30.2	20.5	49.6	126	2.41e-10	58.2
WP_010952790.1	MER0011806|C44.A03|C44	29.2	21.0	57.0	137	8.60e-05	41.2
WP_010952790.1	MER0003327|C44.971|C44	34.4	13.9	38.9	93	4.78e-04	38.9
WP_010952873.1	MER0043475|C26.A05|C26	33.7	68.9	69.2	175	2.03e-26	100
WP_010952873.1	MER0043537|C26.A31|C26	31.6	43.9	57.4	114	6.98e-08	48.1
WP_010952873.1	MER0060647|C26.952|C26	28.8	29.9	20.2	73	1.29e-04	39.3
WP_010952873.1	MER0042974|C26.A07|C26	30.1	41.0	52.6	103	2.57e-04	37.7
WP_010952899.1	MER0002637|M48.002|M48B	50.9	69.8	100	212	4.52e-61	190
WP_010952899.1	MER0006293|M48.004|M48B	30.8	68.5	94.1	211	2.34e-19	81.6
WP_010952899.1	MER0006292|M48.010|M48B	28.2	68.5	94.4	209	3.37e-12	60.8
WP_010952899.1	MER0003824|M48.008|M48A	24.0	74.2	77.5	229	9.99e-09	52.0
WP_010952899.1	MER0017394|M48.A10|M48B	25.7	68.8	93.9	206	1.00e-08	51.2
WP_010952899.1	MER0002635|M48.001|M48A	23.0	69.8	72.9	230	6.80e-07	46.6
WP_010952899.1	MER0002639|M48.022|M48C	38.0	16.9	26.1	50	1.65e-04	38.5
WP_010952899.1	MER0002646|M48.003|M48A	28.7	52.2	46.2	167	5.46e-04	37.7
WP_010952907.1	MER0187148|N04.001|N04	28.3	38.1	98.9	286	6.11e-18	81.6
WP_010952932.1	MER0321345|S49.A08|S49B	33.5	53.2	94.0	176	9.48e-29	106
WP_010952932.1	MER0003812|S49.008|S49X	33.5	53.2	89.6	176	1.67e-28	106
WP_010952932.1	MER0013957|S49.007|S49B	31.6	53.8	91.5	177	5.92e-24	94.0
WP_010952932.1	MER0011114|S49.004|S49B	31.4	55.9	48.3	185	3.01e-21	90.1
WP_010952932.1	MER0001299|S49.001|S49A	29.5	66.6	38.2	227	8.80e-18	80.9
WP_010952932.1	MER0044046|S49.006|S49B	29.9	53.8	92.4	177	6.27e-14	66.2
WP_010952932.1	MER0001303|S49.003|S49B	29.8	53.5	87.6	178	3.57e-11	58.5
WP_010952974.1	MER0006204|S12.950|S12	32.2	43.8	47.2	183	8.51e-14	68.9
WP_010952974.1	MER0122661|S12.A28|S12	22.9	87.9	93.5	353	1.32e-11	62.0
WP_010952974.1	MER0011726|S12.A11|S12	25.3	38.7	37.4	150	6.55e-09	53.9
WP_010952974.1	MER0000459|S12.001|S12	27.0	60.8	65.9	248	7.85e-09	53.5
WP_010952974.1	MER0011700|S12.A16|S12	24.2	48.2	53.8	207	1.47e-08	52.8
WP_010952974.1	MER0002489|S12.003|S12	25.4	50.5	56.1	201	1.02e-07	50.1
WP_010952974.1	MER0026262|S12.008|S12	23.7	66.5	71.1	270	1.37e-07	49.7
WP_010952974.1	MER1143079|S12.013|S12	25.5	48.2	61.5	192	1.07e-06	46.6
WP_010952974.1	MER0034964|S12.A17|S12	26.7	38.7	37.3	150	1.39e-05	43.5
WP_010952974.1	MER0219770|S12.011|S12	22.7	41.5	50.8	163	1.52e-04	40.0
WP_010953025.1	MER0035255|S54.028|S54	67.3	67.5	98.0	199	2.20e-98	285
WP_010953025.1	MER0015468|S54.016|S54	34.7	57.6	91.3	173	6.99e-28	103
WP_010953025.1	MER0015465|S54.024|S54	32.9	57.6	88.6	170	3.17e-22	88.6
WP_010953025.1	MER0015459|S54.014|S54	32.5	52.2	64.1	163	3.63e-16	73.2
WP_010953025.1	MER0094384|S54.A16|S54	27.3	57.3	80.6	172	1.23e-11	59.7
WP_010953025.1	MER0015631|S54.A01|S54	32.4	48.5	60.3	148	6.99e-10	55.1
WP_010953025.1	MER0017405|S54.A19|S54	24.0	50.5	74.3	150	7.58e-10	54.3
WP_010953025.1	MER0015667|S54.A03|S54	31.6	49.5	62.4	152	2.21e-09	53.5
WP_010953025.1	MER0015659|S54.A06|S54	32.9	48.1	60.5	146	9.66e-09	51.6
WP_010953025.1	MER0015462|S54.A18|S54	24.8	48.8	74.7	145	2.16e-08	50.1
WP_010953025.1	MER0015630|S54.015|S54	29.9	48.5	61.1	144	2.44e-08	50.4
WP_010953025.1	MER0047973|S54.019|S54	29.6	48.5	69.6	152	6.58e-08	48.9
WP_010953025.1	MER0047976|S54.021|S54	31.0	28.5	45.9	84	9.52e-08	48.1
WP_010953025.1	MER0015633|S54.A04|S54	31.7	46.4	58.4	139	3.57e-07	47.0
WP_010953025.1	MER0020201|S54.012|S54	29.9	46.1	57.5	144	3.94e-07	47.0
WP_010953025.1	MER0015686|S54.A02|S54	25.3	49.5	62.7	146	1.56e-06	45.1
WP_010953025.1	MER0026180|S54.A09|S54	30.7	25.4	52.1	75	4.00e-06	42.7
WP_010953025.1	MER0047974|S54.020|S54	25.8	21.0	43.1	62	9.72e-04	35.8
WP_010953026.1	MER0001001|M01.005|M01	69.5	23.7	100	210	1.60e-101	311
WP_010953026.1	MER0005037|M01.029|M01	54.4	20.6	98.9	182	4.21e-66	216
WP_010953026.1	MER0040779|M01.035|M01	40.7	23.6	100	209	1.69e-44	156
WP_010953026.1	MER0011438|M01.A08|M01	36.0	22.1	93.4	200	2.74e-29	113
WP_010953026.1	MER0011440|M01.A09|M01	33.8	24.3	98.6	219	3.37e-29	113
WP_010953026.1	MER0002060|M01.011|M01	30.5	23.5	95.4	210	6.09e-27	106
WP_010953026.1	MER0001012|M01.003|M01	31.8	23.8	98.2	220	1.46e-26	105
WP_010953026.1	MER0011371|M01.A10|M01	33.2	23.3	100	214	7.34e-26	103
WP_010953026.1	MER0002003|M01.015|M01	30.8	24.5	99.5	221	6.37e-25	100
WP_010953026.1	MER0005331|M01.018|M01	28.9	23.5	99.1	211	1.08e-23	97.1
WP_010953026.1	MER0011369|M01.A12|M01	30.1	24.9	98.7	226	5.09e-23	95.5
WP_010953026.1	MER0002355|M01.A19|M01	30.0	24.5	95.5	220	6.31e-23	95.1
WP_010953026.1	MER0011183|M01.A24|M01	30.5	22.4	90.1	213	1.19e-22	94.4
WP_010953026.1	MER0019759|M01.A25|M01	29.5	24.6	94.4	220	2.02e-22	94.0
WP_010953026.1	MER0091680|M01.A31|M01	32.6	22.8	96.3	215	2.05e-22	93.6
WP_010953026.1	MER0002078|M01.A28|M01	28.4	26.0	99.1	236	5.28e-22	92.8
WP_010953026.1	MER0002746|M01.010|M01	26.2	24.6	94.0	229	5.28e-22	92.8
WP_010953026.1	MER0011370|M01.A11|M01	29.8	23.5	100	218	5.66e-22	92.0
WP_010953026.1	MER0011720|M01.A23|M01	27.6	24.5	95.8	228	2.11e-21	90.5
WP_010953026.1	MER0003500|M01.030|M01	30.2	19.8	85.4	179	1.10e-20	88.2
WP_010953026.1	MER0002968|M01.024|M01	26.5	24.5	99.5	223	2.01e-20	87.8
WP_010953026.1	MER0001010|M01.007|M01	31.2	22.5	97.1	202	3.85e-20	86.7
WP_010953026.1	MER0028449|M01.A30|M01	29.7	23.8	96.9	219	1.43e-19	85.5
WP_010953026.1	MER0006264|M01.A29|M01	31.5	20.2	98.9	184	4.73e-19	82.8
WP_010953026.1	MER0005045|M01.020|M01	31.0	20.5	91.5	184	1.27e-18	82.0
WP_010953084.1	MER0208659|S33.A57|S33	38.0	19.1	24.9	71	3.48e-06	44.7
WP_010953084.1	MER0213803|S33.A64|S33	33.8	18.5	23.5	71	3.54e-05	41.6
WP_010953084.1	MER0210441|S33.017|S33	31.7	25.2	31.2	101	8.45e-05	40.4
WP_010953084.1	MER0209266|S33.A58|S33	28.1	43.6	43.2	153	1.10e-04	40.0
WP_010953084.1	MER0211204|S33.B10|S33	34.7	19.4	25.0	75	1.11e-04	40.0
WP_010953084.1	MER0212773|S33.B07|S33	35.0	20.6	26.7	80	1.11e-04	40.0
WP_010953084.1	MER0210758|S33.A83|S33	35.1	20.9	27.2	77	1.95e-04	39.3
WP_010953107.1	MER0001357|M15.001|M15A	43.6	37.8	39.3	55	1.58e-07	44.7
WP_010953131.1	MER0000569|S24.001|S24	65.5	55.9	95.8	113	5.42e-49	152
WP_010953131.1	MER0000576|S24.003|S24	35.1	55.9	97.4	114	1.39e-14	64.3
WP_010953131.1	MER0006172|S24.004|S24	43.9	32.7	83.5	66	3.44e-11	54.3
WP_010953165.1	MER0031278|C26.961|C26	44.1	96.9	97.2	254	5.00e-64	197
WP_010953165.1	MER0031288|C26.A28|C26	38.4	82.5	84.4	219	1.51e-32	116
WP_010953165.1	MER0031178|C26.A08|C26	34.7	60.3	53.9	167	1.59e-18	80.1
WP_010953165.1	MER0001429|C26.A06|C26	26.9	79.4	74.9	238	5.60e-17	75.9
WP_010953165.1	MER0001021|C26.A10|C26	32.2	62.6	57.3	183	1.94e-16	74.3
WP_010953165.1	MER0044889|C26.A21|C26	26.6	47.9	42.1	124	2.66e-04	38.1
WP_010953184.1	MER0017177|S33.973|S33	22.4	80.4	88.9	303	7.33e-14	68.2
WP_010953184.1	MER0011509|S33.A84|S33	30.6	35.5	38.1	121	1.02e-12	64.7
WP_010953184.1	MER0045809|S33.988|S33	27.8	65.1	69.4	230	3.90e-11	59.7
WP_010953184.1	MER0026339|S33.992|S33	25.6	79.2	93.3	281	6.24e-11	58.9
WP_010953184.1	MER0031616|S33.013|S33	33.7	30.4	33.1	104	2.01e-10	57.8
WP_010953184.1	MER0014065|S33.974|S33	30.6	32.2	32.6	108	2.17e-10	57.8
WP_010953184.1	MER0000437|S33.004|S33	21.1	84.6	93.4	303	1.12e-09	55.5
WP_010953184.1	MER0037236|S33.016|S33	30.3	31.9	41.8	109	1.15e-09	55.1
WP_010953184.1	MER0036054|S33.A02|S33	23.5	79.5	96.7	285	1.26e-09	55.1
WP_010953184.1	MER0210990|S33.A66|S33	38.0	23.5	23.0	79	4.21e-09	53.9
WP_010953184.1	MER0011785|S33.009|S33	32.4	30.4	32.0	105	9.41e-09	52.8
WP_010953184.1	MER0000436|S33.021|S33	23.6	79.2	90.7	280	4.62e-08	50.4
WP_010953184.1	MER0033249|S33.981|S33	30.1	35.8	57.4	123	4.66e-08	49.7
WP_010953184.1	MER0025512|S33.010|S33	25.7	64.8	70.2	230	6.46e-08	50.1
WP_010953184.1	MER0036115|S33.B18|S33	27.0	38.9	44.9	137	8.78e-08	49.7
WP_010953184.1	MER0036066|S33.A04|S33	23.0	73.2	93.8	248	2.12e-06	45.1
WP_010953184.1	MER0031653|S33.A43|S33	45.7	10.5	8.9	35	2.59e-06	45.4
WP_010953184.1	MER0031610|S33.976|S33	25.0	78.9	81.4	268	2.79e-06	45.1
WP_010953184.1	MER0077196|S33.989|S33	38.0	19.9	28.5	71	7.15e-06	43.5
WP_010953184.1	MER0031645|S33.A42|S33	34.4	18.1	15.3	64	8.36e-06	43.9
WP_010953184.1	MER0042914|S33.987|S33	23.9	64.2	68.6	230	4.73e-05	41.2
WP_010953184.1	MER0042913|S33.986|S33	35.0	22.6	30.5	80	5.64e-05	40.8
WP_010953184.1	MER0035973|S33.A14|S33	31.7	29.8	34.1	101	6.31e-05	40.8
WP_010953184.1	MER0001380|S33.003|S33	29.1	24.1	29.6	86	1.13e-04	40.0
WP_010953184.1	MER0017033|S33.A15|S33	23.3	73.8	74.3	258	2.06e-04	39.3
WP_010953272.1	MER0000485|S16.001|S16	68.2	29.8	96.4	239	8.86e-103	314
WP_010953272.1	MER0003443|S16.003|S16	51.6	22.9	82.8	188	2.07e-51	176
WP_010953272.1	MER0014970|S16.006|S16	46.3	24.6	67.9	201	7.44e-50	174
WP_010953272.1	MER0000488|S16.004|S16	44.2	28.7	97.4	231	1.54e-48	168
WP_010953272.1	MER0003442|S16.011|S16	48.4	22.9	81.6	186	6.10e-48	166
WP_010953272.1	MER0004236|S16.009|S16	48.3	21.8	65.4	174	6.49e-48	167
WP_010953272.1	MER0011056|S16.A03|S16	43.8	25.9	93.3	210	1.20e-45	160
WP_010953272.1	MER0011057|S16.A02|S16	45.7	22.9	82.7	186	2.26e-45	159
WP_010953272.1	MER0000495|S16.002|S16	38.0	29.2	94.9	242	1.50e-42	152
WP_010953272.1	MER0005837|S16.A06|S16	35.3	29.7	97.7	252	1.87e-41	149
WP_010953272.1	MER0000496|S16.010|S16	38.5	25.4	66.7	208	3.24e-39	144
WP_010953272.1	MER0108906|S16.A13|S16	37.0	29.2	99.6	235	9.26e-37	135
WP_010953272.1	MER0017402|S16.A11|S16	39.1	22.4	80.5	184	4.63e-32	121
WP_010953272.1	MER0026213|S16.A14|S16	41.2	16.4	49.4	131	1.79e-24	100
WP_010953272.1	MER0003859|S16.005|S16	32.0	23.9	78.2	197	1.45e-23	97.4
WP_010953272.1	MER0003359|S16.008|S16	30.5	24.4	84.2	203	3.43e-22	93.2
WP_010953272.1	MER0003017|S16.A05|S16	25.3	18.2	85.2	146	6.52e-09	52.8
WP_010953272.1	MER0041647|S16.007|S16	24.1	22.2	76.0	195	1.23e-08	53.5
WP_010953272.1	MER0000491|S16.A09|S16	32.9	8.8	35.5	70	1.29e-07	49.7
WP_010953272.1	MER0003018|S16.A10|S16	36.4	11.4	44.4	99	1.76e-07	49.7
WP_010953288.1	MER0107808|C82.A03|C82A	48.9	40.3	100	133	1.05e-39	133
WP_010953288.1	MER0107825|C82.A04|C82A	50.0	40.3	100	132	5.46e-39	131
WP_010953288.1	MER0107804|C82.A02|C82A	47.0	40.3	100	132	9.88e-36	123
WP_010953288.1	MER0107820|C82.A05|C82A	46.7	40.3	100	135	1.20e-34	120
WP_010953323.1	MER0038626|M14.A21|M14D	25.4	41.6	98.9	173	5.54e-17	75.1
WP_010953323.1	MER0038671|M14.A31|M14D	32.1	38.7	90.1	156	1.30e-16	73.9
WP_010953323.1	MER0033179|M14.028|M14B	33.7	23.3	48.6	89	1.49e-15	71.2
WP_010953323.1	MER0034713|M14.030|M14B	32.7	25.9	58.4	104	8.71e-15	68.9
WP_010953323.1	MER0038680|M14.A36|M14B	31.3	28.5	73.2	115	2.80e-12	61.2
WP_010953323.1	MER0033174|M14.025|M14B	30.3	28.3	54.0	109	2.85e-11	59.3
WP_010953323.1	MER0033175|M14.036|M14D	32.7	25.4	33.9	98	1.76e-10	58.2
WP_010953323.1	MER0038627|M14.A32|M14D	30.4	24.1	45.3	92	1.78e-10	57.0
WP_010953323.1	MER0023950|M14.A23|M14A	29.5	23.3	29.3	95	8.63e-05	40.8
WP_010953323.1	MER0013471|M14.023|M14B	26.3	32.7	33.3	137	1.31e-04	40.4
WP_010953323.1	MER0030212|M14.037|M14B	29.2	24.9	27.3	113	3.11e-04	39.3
WP_010953323.1	MER0013421|M14.017|M14A	25.0	32.7	48.7	152	6.14e-04	38.1
WP_010953426.1	MER0034659|C56.A05|C56	30.8	44.9	63.4	104	6.54e-09	50.4
WP_010953426.1	MER0031432|C56.A03|C56	30.1	44.4	62.3	103	2.24e-08	48.9
WP_010953426.1	MER0031433|C56.A04|C56	30.1	44.4	63.1	103	2.98e-08	48.5
WP_010953426.1	MER0002601|C56.976|C56	35.2	31.6	50.4	71	1.76e-06	43.1
WP_010953426.1	MER0038141|C56.006|C56	32.6	37.3	55.4	89	2.24e-04	37.4
WP_010953494.1	MER0036115|S33.B18|S33	26.7	86.4	88.1	281	5.08e-22	90.9
WP_010953494.1	MER0031619|S33.012|S33	28.0	65.6	63.7	207	1.61e-16	75.5
WP_010953494.1	MER0044350|S33.A81|S33	27.0	85.7	99.3	274	6.50e-16	73.2
WP_010953494.1	MER0035044|S33.A97|S33	25.1	88.6	93.4	291	8.06e-15	70.5
WP_010953494.1	MER0035038|S33.A98|S33	24.6	86.0	89.5	276	3.08e-13	65.9
WP_010953494.1	MER0035032|S33.A96|S33	29.7	44.5	45.7	138	1.37e-12	63.9
WP_010953494.1	MER0035042|S33.A93|S33	24.1	86.4	88.2	282	5.00e-11	59.3
WP_010953494.1	MER0213280|S33.A87|S33	36.0	28.6	29.3	89	3.91e-10	56.6
WP_010953494.1	MER0035043|S33.A95|S33	28.8	35.7	36.0	111	1.29e-09	55.1
WP_010953494.1	MER0035035|S33.A94|S33	48.4	19.5	19.6	62	3.19e-08	50.8
WP_010953494.1	MER0044633|S33.A26|S33	30.9	42.9	37.8	139	3.68e-06	44.7
WP_010953494.1	MER0031614|S33.011|S33	29.9	29.2	27.1	97	1.51e-05	42.7
WP_010953494.1	MER0044578|S33.A28|S33	34.0	30.8	29.0	103	1.54e-05	42.7
WP_010953494.1	MER0036075|S33.A73|S33	34.7	28.9	27.2	95	1.11e-04	40.0
WP_010953603.1	MER0080749|T01.022|T01X	72.2	77.9	100	187	7.39e-96	275
WP_010953609.1	MER0013479|M19.950|M19	37.0	97.9	98.4	322	2.02e-73	226
WP_010953609.1	MER0011422|M19.A01|M19	27.7	70.1	68.6	242	4.15e-28	108
WP_010953609.1	MER0001260|M19.001|M19	28.2	61.9	56.6	209	4.32e-25	100
WP_010953609.1	MER0011343|M19.A02|M19	24.0	70.1	65.2	242	9.42e-23	94.4
WP_010953609.1	MER0006319|M19.012|M19	24.7	80.8	72.4	292	2.83e-20	87.4
WP_010953609.1	MER0013425|M19.007|M19	28.0	51.2	54.4	168	8.46e-20	85.1
WP_010953609.1	MER0013499|M19.002|M19	24.6	64.0	60.5	228	1.25e-16	76.6
WP_010953609.1	MER0015155|M19.011|M19	24.7	69.2	60.3	243	3.39e-15	72.4
WP_010953609.1	MER0013496|M19.004|M19	25.3	50.0	48.0	174	1.26e-11	61.6
WP_010953609.1	MER0001265|M19.003|M19	20.3	50.6	54.6	172	3.69e-09	53.9
WP_010953620.1	MER0002014|M20.A03|M20D	34.9	95.9	95.9	381	3.50e-71	225
WP_010953620.1	MER0002659|M20.014|M20D	34.1	95.9	95.9	381	4.62e-68	217
WP_010953620.1	MER0002655|M20.015|M20D	33.4	92.4	94.2	371	1.92e-62	202
WP_010953620.1	MER0002007|M20.008|M20D	34.3	92.9	92.9	373	9.17e-60	196
WP_010953620.1	MER0002013|M20.A02|M20D	31.9	99.5	98.7	411	4.89e-55	183
WP_010953620.1	MER0005155|M20.A06|M20D	34.5	92.4	96.1	371	2.65e-54	181
WP_010953620.1	MER0003770|M20.A27|M20D	31.5	86.5	90.4	343	8.50e-48	164
WP_010953620.1	MER0005173|M20.A05|M20D	28.2	94.7	98.9	379	7.03e-43	150
WP_010953620.1	MER0005163|M20.009|M20D	42.9	40.9	60.6	163	1.93e-35	128
WP_010953620.1	MER0003815|M20.A04|M20D	41.9	43.4	56.3	172	1.19e-33	124
WP_010953620.1	MER0015354|M20.A01|M20D	44.0	39.6	53.8	159	9.52e-33	121
WP_010953620.1	MER0003581|M20.020|M20D	29.2	81.7	97.0	339	3.27e-32	121
WP_010953620.1	MER0002664|M20.A26|M20D	31.6	39.6	52.9	158	1.41e-13	67.4
WP_010953713.1	MER0210990|S33.A66|S33	29.1	55.0	50.6	189	3.75e-11	59.7
WP_010953713.1	MER0037236|S33.016|S33	27.2	70.8	82.4	224	1.16e-09	54.7
WP_010953713.1	MER0004146|S33.995|S33	25.9	84.2	88.1	266	1.57e-09	54.3
WP_010953713.1	MER0033259|S33.982|S33	24.7	89.7	86.5	271	7.74e-07	46.2
WP_010953713.1	MER0017193|S33.991|S33	29.7	43.6	39.7	128	1.12e-06	45.8
WP_010953713.1	MER0026339|S33.992|S33	25.4	88.7	91.4	268	1.99e-05	42.0
WP_010953713.1	MER0036067|S33.A71|S33	23.5	75.3	68.7	230	2.86e-05	41.6
WP_010953713.1	MER0000436|S33.021|S33	25.3	57.7	50.2	170	3.79e-05	41.2
WP_010953713.1	MER0031611|S33.977|S33	21.1	58.4	58.5	180	3.85e-04	38.1
WP_010953713.1	MER0035041|S33.A92|S33	26.1	52.9	48.9	157	6.41e-04	37.4
WP_010953713.1	MER0036076|S33.A33|S33	23.4	59.1	55.3	184	9.10e-04	37.0
WP_010953753.1	MER0004801|M38.982|M38	81.3	61.2	100	347	2.83e-214	595
WP_010953781.1	MER0000463|S12.006|S12	41.1	91.8	99.1	350	5.28e-93	280
WP_010953781.1	MER1143079|S12.013|S12	28.0	47.6	61.5	182	2.12e-11	60.8
WP_010953781.1	MER0005964|S12.951|S12	27.5	43.7	47.6	171	5.84e-11	60.1
WP_010953781.1	MER0026262|S12.008|S12	23.2	60.5	71.1	250	5.70e-10	57.0
WP_010953781.1	MER0000459|S12.001|S12	24.1	65.3	74.8	274	2.39e-09	55.1
WP_010953781.1	MER0028284|S12.010|S12	23.4	46.6	54.0	184	1.69e-07	49.3
WP_010953781.1	MER0017069|S12.009|S12	24.9	56.8	69.1	229	1.23e-06	46.6
WP_010953781.1	MER0002489|S12.003|S12	23.0	58.2	66.8	239	5.30e-06	44.7
WP_010953781.1	MER0011700|S12.A16|S12	21.9	52.6	61.7	228	5.56e-06	44.7
WP_010953781.1	MER0219770|S12.011|S12	21.9	55.5	70.4	224	1.51e-05	43.1
WP_010953781.1	MER0122661|S12.A28|S12	25.0	35.8	41.7	144	6.70e-05	41.2
WP_010953806.1	MER0004954|M15.A05|M15C	31.1	10.6	45.0	61	5.10e-04	37.4
WP_010953932.1	MER0000587|S24.002|S24	43.8	53.1	96.3	130	5.44e-29	103
WP_010953932.1	MER0037220|S24.A20|S24	43.9	53.1	96.2	132	3.29e-26	96.3
WP_010953944.1	MER0004182|S14.006|S14	30.3	35.4	67.5	142	3.70e-09	53.1
WP_010953968.1	MER0195951|U69.A11|U69	40.2	13.1	35.5	112	1.00e-08	54.3
WP_010953968.1	MER0201226|N04.002|N04	24.4	21.1	55.8	176	6.87e-06	45.4
WP_010953971.1	MER0018254|I11.001|I11	61.5	84.3	95.1	135	3.80e-58	175
WP_010953971.1	MER0019949|I11.003|I11	39.5	75.5	81.6	124	2.17e-26	94.7
WP_010953971.1	MER0019950|I11.002|I11	37.7	80.5	93.8	138	4.15e-25	91.3
WP_010953971.1	MER0138267|I11.004|I11	36.2	78.6	100	130	5.14e-22	82.8
WP_010954079.1	MER0005900|M38.002|M38	26.8	83.9	92.9	384	8.43e-19	84.7
WP_010954079.1	MER0015112|M38.973|M38	39.3	11.9	14.5	61	2.20e-04	40.0
WP_010954079.1	MER0033186|M38.980|M38	24.7	39.6	48.9	182	7.80e-04	38.1
WP_010954094.1	MER0037714|M38.981|M38	24.1	55.7	98.8	270	4.04e-06	45.1
WP_010954237.1	MER0003906|M23.013|M23B	32.3	9.5	81.1	96	1.33e-04	39.3
WP_010954237.1	MER0013541|M23.014|M23B	29.6	9.7	97.7	98	3.10e-04	37.7
WP_010954240.1	MER0004193|S09.A74|S09B	25.8	66.7	57.4	159	2.59e-04	37.7
WP_010954240.1	MER0036114|S33.980|S33	29.3	51.1	36.7	116	3.03e-04	37.7
WP_010954290.1	MER0066182|M23.A04|M23B	45.5	27.9	27.6	55	1.64e-11	57.8
WP_010954297.1	MER0031431|C56.004|C56	33.1	58.8	85.2	142	2.80e-20	81.3
WP_010954297.1	MER0031432|C56.A03|C56	33.3	58.8	85.2	141	1.12e-18	77.0
WP_010954297.1	MER0031433|C56.A04|C56	32.6	58.8	86.3	141	1.49e-18	76.6
WP_010954297.1	MER0034659|C56.A05|C56	29.5	54.8	79.9	132	8.36e-12	58.5
WP_010954392.1	MER0001978|T03.001|T03	34.7	94.3	98.0	577	4.18e-81	262
WP_010954392.1	MER0011811|T03.A03|T03	33.7	93.3	97.2	587	1.61e-65	221
WP_010954392.1	MER0011800|T03.A01|T03	30.4	89.8	89.5	566	5.77e-60	206
WP_010954392.1	MER0001629|T03.006|T03	30.9	92.3	96.0	563	2.25e-56	196
WP_010954392.1	MER0004194|T03.A07|T03	30.0	89.1	98.3	554	6.31e-54	189
WP_010954392.1	MER0003580|T03.011|T03	30.1	92.4	96.2	575	1.96e-52	185
WP_010954392.1	MER0005029|T03.009|T03	29.2	79.9	87.4	497	1.85e-47	171
WP_010954392.1	MER0016970|T03.017|T03	29.8	89.4	93.0	554	1.27e-44	163
WP_010954392.1	MER0005831|T03.A06|T03	29.3	86.9	89.6	552	3.00e-44	162
WP_010954392.1	MER0011211|T03.007|T03	28.9	90.3	93.9	553	1.38e-43	160
WP_010954392.1	MER0002720|T03.023|T03	30.8	76.7	80.8	464	1.72e-42	156
WP_010954392.1	MER0006124|T03.A05|T03	28.0	81.9	84.5	508	4.72e-40	150
WP_010954392.1	MER0001977|T03.002|T03	29.6	91.6	95.4	577	2.70e-38	145
WP_010954392.1	MER0004202|T03.013|T03	28.8	80.4	84.1	486	3.79e-36	139
WP_010954392.1	MER0011215|T03.A04|T03	29.1	74.8	84.5	471	8.00e-36	137
WP_010954392.1	MER0011143|T03.005|T03	27.0	84.7	86.3	522	2.60e-35	137
WP_010954392.1	MER0011193|T03.010|T03	27.6	82.2	86.8	518	2.91e-33	130
WP_010954392.1	MER0026204|T03.018|T03	36.2	35.1	89.0	210	2.89e-32	121
WP_010954392.1	MER0006132|T03.014|T03	26.6	86.4	90.2	602	5.96e-26	109
WP_010954392.1	MER0094876|T03.025|T03	27.2	91.1	99.8	569	2.65e-24	103
WP_010954392.1	MER0002728|T03.012|T03	25.5	75.2	77.3	479	9.36e-19	86.7
WP_010954392.1	MER0037241|T03.971|T03	38.8	19.3	50.4	116	9.98e-17	76.6
WP_010954392.1	MER0026205|T03.019|T03	30.5	30.4	83.6	190	2.65e-15	72.4
WP_010954392.1	MER0002721|T03.016|T03	30.6	30.9	86.2	219	4.59e-14	69.3
WP_010954392.1	MER0002718|T03.008|T03	32.8	20.0	65.4	128	1.35e-13	66.6
WP_010954444.1	MER0031278|C26.961|C26	37.7	92.9	97.6	252	3.14e-54	173
WP_010954444.1	MER0031288|C26.A28|C26	39.0	66.9	72.6	182	2.07e-32	116
WP_010954444.1	MER0001429|C26.A06|C26	28.7	90.7	84.8	272	3.08e-24	96.3
WP_010954444.1	MER0031178|C26.A08|C26	29.3	85.1	80.4	249	1.37e-23	94.4
WP_010954444.1	MER0001021|C26.A10|C26	29.4	81.4	77.7	248	5.12e-21	87.4
WP_010954444.1	MER0038086|C26.962|C26	29.9	56.1	52.4	157	2.99e-09	53.1
WP_010954444.1	MER0043540|C26.A33|C26	27.5	52.4	50.4	142	3.27e-06	43.9
WP_010954444.1	MER0043387|C26.950|C26	27.9	50.2	64.8	136	3.87e-06	43.1
WP_010954444.1	MER0436735|C26.A34|C26	23.9	45.0	50.4	134	3.01e-05	41.2
WP_010954444.1	MER0436691|C26.A27|C26	30.6	39.4	42.0	108	3.02e-04	38.1
WP_010954444.1	MER0044889|C26.A21|C26	23.8	48.3	43.4	130	3.86e-04	37.7
WP_010954506.1	MER0004931|M24.008|M24B	24.5	58.8	96.9	237	9.22e-19	81.6
WP_010954506.1	MER0013589|M24.A12|M24A	20.6	41.4	73.1	180	1.54e-07	48.9
WP_010954506.1	MER0001244|M24.004|M24B	24.9	58.6	95.0	261	1.78e-07	48.9
WP_010954506.1	MER0013463|M24.026|M24B	25.2	26.8	48.1	127	1.82e-04	39.7
WP_010954624.1	MER0000455|S11.002|S11	64.6	88.0	96.4	271	1.29e-123	352
WP_010954624.1	MER0043199|S11.007|S11	44.2	78.6	96.4	242	4.60e-63	197
WP_010954624.1	MER0000454|S11.005|S11	27.0	75.3	65.5	237	1.48e-17	79.0
WP_010954624.1	MER0000450|S11.003|S11	28.4	75.6	65.0	243	1.63e-14	70.1
WP_010954624.1	MER0000448|S11.001|S11	26.3	74.7	61.1	270	1.64e-12	64.3
WP_010954624.1	MER0000449|S11.008|S11	30.7	65.6	82.8	215	6.69e-10	55.5
WP_010954624.1	MER0004224|S11.010|S11	27.4	68.5	59.1	234	6.99e-10	56.2
WP_010954624.1	MER0000452|S11.006|S11	25.9	78.6	67.4	274	7.11e-09	53.1
WP_010954624.1	MER0000451|S11.009|S11	25.9	76.6	67.5	251	1.57e-06	45.8
WP_010954641.1	MER0043146|S09.951|S09C	33.6	69.9	94.3	253	5.45e-28	107
WP_010954641.1	MER0039263|S09.A97|S09C	29.5	65.5	85.7	227	1.18e-23	95.1
WP_010954641.1	MER0034665|S09.B01|S09X	31.0	69.3	91.3	248	1.73e-22	92.0
WP_010954641.1	MER0034960|S09.A86|S09X	27.4	62.8	86.3	266	5.18e-20	85.9
WP_010954641.1	MER0034959|S09.A85|S09X	25.2	65.2	88.4	290	1.71e-19	84.7
WP_010954641.1	MER0036040|S09.A05|S09X	26.3	66.4	90.7	278	2.08e-16	75.5
WP_010954641.1	MER0034548|S09.A47|S09C	26.8	62.5	83.9	224	4.05e-16	73.9
WP_010954641.1	MER0036029|S09.A08|S09X	25.5	66.4	90.7	274	5.26e-16	74.3
WP_010954641.1	MER0033237|S09.991|S09X	25.8	57.5	80.3	256	6.16e-16	74.3
WP_010954641.1	MER0033242|S09.992|S09X	26.0	60.5	82.5	269	8.85e-16	73.9
WP_010954641.1	MER0033274|S09.993|S09X	32.5	35.4	47.4	120	1.38e-15	72.4
WP_010954641.1	MER0034961|S09.A82|S09X	22.6	73.7	96.1	319	7.49e-15	71.2
WP_010954641.1	MER0036370|S09.968|S09C	30.6	38.9	77.0	134	9.08e-13	62.8
WP_010954641.1	MER0209600|S09.A48|S09X	23.9	57.2	81.8	251	6.32e-09	53.1
WP_010954641.1	MER0031570|S09.A26|S09X	22.4	67.8	91.5	246	5.41e-08	50.1
WP_010954641.1	MER0036027|S09.A21|S09X	22.7	67.8	91.5	247	9.79e-08	49.3
WP_010954641.1	MER0043003|S09.A15|S09C	24.9	54.0	74.1	193	3.16e-07	47.8
WP_010954641.1	MER0030934|S09.948|S09X	27.7	31.6	33.7	119	9.76e-04	37.4
WP_010954704.1	MER0001303|S49.003|S49B	39.4	52.6	87.6	170	2.21e-34	121
WP_010954704.1	MER0321345|S49.A08|S49B	31.0	52.6	94.0	174	2.49e-21	86.7
WP_010954704.1	MER0003812|S49.008|S49X	31.0	52.6	89.6	174	4.22e-21	86.3
WP_010954704.1	MER0001300|S49.002|S49B	30.1	50.2	87.1	163	2.91e-13	64.3
WP_010954704.1	MER0001299|S49.001|S49A	28.5	60.4	34.6	200	1.01e-11	62.4
WP_010954747.1	MER0001300|S49.002|S49B	69.0	49.6	90.3	168	4.92e-79	236
WP_010954747.1	MER0013957|S49.007|S49B	32.0	49.3	89.4	169	4.29e-19	80.9
WP_010954747.1	MER0003812|S49.008|S49X	30.2	49.0	87.6	169	1.72e-18	79.3
WP_010954747.1	MER0321345|S49.A08|S49B	29.6	49.0	91.8	169	1.83e-17	76.3
WP_010954747.1	MER0001299|S49.001|S49A	26.7	58.1	35.1	202	2.78e-12	64.3
WP_010954747.1	MER0044046|S49.006|S49B	32.1	47.8	87.6	165	5.18e-12	60.8
WP_010954762.1	MER0036069|S33.A38|S33	29.5	40.3	32.8	112	2.04e-05	42.0
WP_010954823.1	MER0026339|S33.992|S33	65.5	96.7	99.6	267	6.50e-132	371
WP_010954823.1	MER0017193|S33.991|S33	37.5	96.0	94.9	267	4.10e-50	163
WP_010954823.1	MER0017177|S33.973|S33	31.7	50.7	41.5	145	1.46e-08	51.6
WP_010954823.1	MER0031614|S33.011|S33	34.9	37.7	30.9	106	1.58e-07	48.5
WP_010954823.1	MER0036051|S33.A12|S33	22.2	93.1	79.6	275	2.08e-04	38.9
WP_010954832.1	MER0026469|M20.976|M20X	32.5	88.8	96.7	382	2.51e-51	174
WP_010954832.1	MER0026472|M20.A07|M20X	25.4	82.7	88.3	362	3.65e-23	95.9
WP_010954860.1	MER0000587|S24.002|S24	38.2	46.2	82.1	110	1.32e-17	73.6
WP_010954860.1	MER0037220|S24.A20|S24	41.2	27.4	51.1	68	5.82e-06	41.6
WP_010954894.1	MER0081072|S08.149|S08A	26.5	46.4	90.8	272	2.91e-11	60.8
WP_010954894.1	MER0019280|S08.135|S08A	25.8	39.9	69.8	240	8.92e-08	50.8
WP_010954894.1	MER0062058|S08.130|S08A	25.0	39.0	46.9	236	6.41e-06	45.4
WP_010954894.1	MER0030016|S08.117|S08A	31.1	19.2	42.2	119	1.79e-05	43.5
WP_010954894.1	MER0000329|S08.094|S08A	36.8	13.0	19.1	76	1.65e-04	40.8
WP_010954894.1	MER0006023|S08.107|S08A	25.0	39.2	62.0	232	2.74e-04	40.0
WP_010954943.1	MER0001423|S09.013|S09B	23.0	65.1	75.9	183	2.28e-04	38.1
WP_010954943.1	MER0036044|S09.A62|S09X	30.2	22.0	17.3	53	6.68e-04	37.0
WP_010954973.1	MER0036370|S09.968|S09C	37.6	41.8	75.9	133	1.67e-27	102
WP_010954973.1	MER0034959|S09.A85|S09X	24.7	75.2	93.6	308	5.14e-24	97.1
WP_010954973.1	MER0034665|S09.B01|S09X	26.7	75.2	92.5	251	9.06e-23	92.4
WP_010954973.1	MER0034548|S09.A47|S09C	28.2	74.5	92.1	241	1.03e-22	92.0
WP_010954973.1	MER0034961|S09.A82|S09X	24.1	73.6	91.5	303	4.56e-22	91.7
WP_010954973.1	MER0033237|S09.991|S09X	29.7	56.3	57.7	185	5.52e-19	82.8
WP_010954973.1	MER0034960|S09.A86|S09X	25.9	66.0	86.3	270	4.24e-18	80.1
WP_010954973.1	MER0043146|S09.951|S09C	29.7	71.7	90.2	249	4.71e-18	79.3
WP_010954973.1	MER0036039|S09.A12|S09C	28.0	70.1	89.9	243	1.73e-17	77.8
WP_010954973.1	MER0033242|S09.992|S09X	24.6	71.7	89.9	293	1.13e-16	76.3
WP_010954973.1	MER0033274|S09.993|S09X	33.3	34.9	43.5	111	6.00e-16	73.2
WP_010954973.1	MER0036029|S09.A08|S09X	25.1	67.6	87.7	267	1.43e-15	72.8
WP_010954973.1	MER0036040|S09.A05|S09X	24.5	67.3	87.4	273	1.82e-13	66.6
WP_010954973.1	MER0043003|S09.A15|S09C	28.3	66.4	84.2	223	3.08e-13	65.5
WP_010954973.1	MER0209600|S09.A48|S09X	29.8	44.3	43.0	141	4.15e-13	65.5
WP_010954973.1	MER0036033|S09.A10|S09C	24.0	70.1	88.2	233	1.45e-12	63.5
WP_010954973.1	MER0036028|S09.A07|S09X	31.9	31.8	42.1	116	5.36e-12	62.0
WP_010954973.1	MER0042911|S09.A14|S09X	24.6	61.3	78.7	211	4.52e-10	56.2
WP_010954973.1	MER0036030|S09.A09|S09C	24.4	71.4	90.8	254	4.95e-09	53.1
WP_010954973.1	MER0036046|S09.A13|S09C	22.2	75.5	97.4	266	9.43e-08	49.3
WP_010954973.1	MER0047634|S09.068|S09X	33.3	24.5	29.9	84	2.24e-07	48.1
WP_010954973.1	MER0034722|S09.945|S09X	25.6	38.1	46.1	125	9.63e-07	46.2
WP_010954973.1	MER0034726|S09.997|S09X	27.5	31.4	29.1	109	9.67e-07	46.6
WP_010954973.1	MER0033213|S09.981|S09X	27.2	33.0	29.2	114	1.32e-06	46.2
WP_010954973.1	MER0033220|S09.982|S09X	24.6	33.0	29.0	114	2.35e-06	45.4
WP_010955026.1	MER0037714|M38.981|M38	37.2	58.3	99.2	258	1.48e-49	166
WP_010955060.1	MER0181660|N06.004|N06	35.5	67.9	21.7	76	6.30e-09	48.9
WP_010955060.1	MER0181656|N06.A01|N06	39.7	62.5	21.3	73	2.97e-08	47.0
WP_010955079.1	MER0181656|N06.A01|N06	43.6	89.7	99.4	342	9.13e-77	238
WP_010955079.1	MER0123660|N06.001|N06	31.7	89.7	95.5	356	1.14e-45	157
WP_010955079.1	MER0181660|N06.004|N06	32.6	90.8	97.7	353	1.31e-37	135
WP_010955079.1	MER0187143|N06.003|N06	28.9	88.9	97.1	349	4.89e-28	109
WP_010955079.1	MER0181703|N06.002|N06	26.5	83.2	91.4	325	8.89e-25	100
WP_010955215.1	MER0026339|S33.992|S33	38.3	43.0	44.8	120	8.57e-18	77.8
WP_010955215.1	MER0017193|S33.991|S33	46.5	31.5	31.0	86	6.46e-17	75.5
WP_010955215.1	MER0036053|S33.A01|S33	30.6	41.1	42.2	111	3.64e-16	73.2
WP_010955215.1	MER0014065|S33.974|S33	34.2	40.7	34.8	114	5.02e-16	73.6
WP_010955215.1	MER0037236|S33.016|S33	25.9	89.6	97.3	259	3.47e-13	64.7
WP_010955215.1	MER0036065|S33.A03|S33	32.0	35.6	40.2	103	7.21e-12	60.8
WP_010955215.1	MER0004146|S33.995|S33	25.0	89.3	97.3	256	7.53e-12	60.8
WP_010955215.1	MER0031617|S33.978|S33	29.9	41.9	41.2	117	9.00e-12	60.8
WP_010955215.1	MER0017142|S33.994|S33	31.1	43.7	45.5	119	6.38e-10	55.1
WP_010955215.1	MER0035043|S33.A95|S33	30.4	33.3	29.9	92	1.31e-08	51.6
WP_010955215.1	MER0003280|S33.990|S33	29.9	41.1	40.6	117	1.28e-07	48.5
WP_010955215.1	MER0210990|S33.A66|S33	34.7	25.9	20.9	72	1.54e-06	45.4
WP_010955215.1	MER0036064|S33.A16|S33	25.4	84.1	88.6	248	1.63e-06	45.1
WP_010955215.1	MER0000437|S33.004|S33	30.9	25.2	22.4	68	4.50e-06	43.9
WP_010955215.1	MER0011785|S33.009|S33	26.7	41.9	36.9	120	3.59e-05	41.2
WP_010955215.1	MER0017033|S33.A15|S33	26.5	35.9	32.7	98	4.53e-05	40.8
WP_010955215.1	MER0033245|S09.062|S09X	27.6	28.1	35.7	76	2.54e-04	38.1
WP_010955225.1	MER0031618|S33.979|S33	27.1	87.3	90.5	291	2.13e-15	72.0
WP_010955225.1	MER0036114|S33.980|S33	24.7	91.1	87.0	299	7.83e-13	64.7
WP_010955225.1	MER0036050|S33.A17|S33	25.6	89.5	80.1	293	6.14e-09	53.1
WP_010955225.1	MER0045883|S33.993|S33	24.4	88.2	87.3	287	1.44e-05	42.7
WP_010955225.1	MER0036060|S33.A08|S33	30.3	33.1	34.2	109	1.42e-04	39.7
WP_010955225.1	MER0036048|S33.A13|S33	29.2	39.8	44.2	130	1.80e-04	39.3
WP_010955225.1	MER0036070|S33.A37|S33	25.7	32.8	34.0	105	7.86e-04	37.4
WP_010955250.1	MER0004101|C44.A01|C44	33.8	26.5	28.7	68	8.08e-05	39.7
WP_010955252.1	MER0000410|S09.010|S09A	55.5	40.1	95.5	274	2.16e-98	301
WP_010955252.1	MER0011872|S09.B08|S09A	42.6	39.1	93.4	270	1.44e-65	215
WP_010955252.1	MER0005694|S09.076|S09A	36.1	39.1	93.3	269	1.17e-47	166
WP_010955252.1	MER0079308|S09.033|S09A	35.4	38.2	94.5	263	1.08e-44	158
WP_010955252.1	MER0082498|S09.A92|S09A	37.8	35.7	94.0	267	3.49e-44	157
WP_010955252.1	MER0004227|S09.015|S09A	41.7	31.6	71.6	218	1.11e-43	156
WP_010955252.1	MER0082653|S09.034|S09A	39.1	33.4	88.5	248	3.46e-41	148
WP_010955252.1	MER0000392|S09.001|S09A	33.7	38.5	95.4	273	9.92e-41	147
WP_010955252.1	MER0325901|S09.077|S09A	33.2	39.4	99.3	274	3.40e-39	142
WP_010955252.1	MER0011450|S09.A73|S09A	34.9	35.9	90.0	255	1.91e-38	140
WP_010955252.1	MER0015621|S09.A02|S09A	32.0	40.1	95.7	291	3.20e-38	140
WP_010955252.1	MER0981959|S09.078|S09A	32.7	38.7	97.9	281	1.01e-37	139
WP_010955252.1	MER0022823|S09.B02|S09A	31.7	38.5	95.4	271	5.50e-36	134
WP_010955252.1	MER0003229|S09.036|S09A	32.0	40.1	97.1	275	4.21e-35	131
WP_010955252.1	MER0002490|S09.A01|S09A	32.4	35.9	84.1	262	5.00e-35	132
WP_010955252.1	MER0000398|S09.002|S09A	35.0	35.1	89.4	240	3.11e-34	128
WP_010955252.1	MER0195666|S09.073|S09B	28.0	26.6	74.2	189	3.25e-05	42.7
WP_010955252.1	MER0003558|S09.A83|S09C	21.8	31.9	81.2	220	8.48e-04	38.5
WP_010955315.1	MER0001978|T03.001|T03	44.9	93.3	94.2	530	1.45e-138	410
WP_010955315.1	MER0011800|T03.A01|T03	33.5	90.6	86.9	517	1.91e-81	263
WP_010955315.1	MER0011811|T03.A03|T03	34.8	93.9	95.0	555	5.29e-80	258
WP_010955315.1	MER0003580|T03.011|T03	34.4	93.9	94.9	540	8.37e-72	236
WP_010955315.1	MER0011215|T03.A04|T03	34.1	87.2	97.0	507	7.41e-71	233
WP_010955315.1	MER0005029|T03.009|T03	32.8	83.6	90.2	488	5.54e-69	228
WP_010955315.1	MER0004194|T03.A07|T03	32.9	91.4	98.1	538	1.96e-66	221
WP_010955315.1	MER0011143|T03.005|T03	33.2	83.6	83.8	482	3.85e-66	221
WP_010955315.1	MER0001629|T03.006|T03	33.6	84.0	85.5	482	9.79e-66	220
WP_010955315.1	MER0006124|T03.A05|T03	32.7	84.3	85.9	499	2.36e-63	214
WP_010955315.1	MER0002720|T03.023|T03	32.6	85.0	88.8	476	5.16e-62	208
WP_010955315.1	MER0011211|T03.007|T03	30.7	93.9	95.0	540	3.00e-59	203
WP_010955315.1	MER0005831|T03.A06|T03	31.0	82.2	83.5	487	8.43e-58	199
WP_010955315.1	MER0002728|T03.012|T03	30.0	91.0	91.8	546	3.61e-52	184
WP_010955315.1	MER0011193|T03.010|T03	28.7	82.5	85.9	478	4.67e-48	172
WP_010955315.1	MER0004202|T03.013|T03	27.8	93.9	97.7	540	4.99e-46	166
WP_010955315.1	MER0016970|T03.017|T03	30.8	80.5	82.1	464	3.38e-44	161
WP_010955315.1	MER0094876|T03.025|T03	29.3	93.9	100	543	5.67e-44	160
WP_010955315.1	MER0001977|T03.002|T03	25.9	93.7	94.9	557	4.04e-40	150
WP_010955315.1	MER0006132|T03.014|T03	26.3	94.2	96.0	638	3.19e-30	122
WP_010955315.1	MER0002718|T03.008|T03	36.3	32.6	97.9	190	4.98e-27	105
WP_010955315.1	MER0003440|T03.A08|T03	26.2	72.6	86.0	412	1.10e-23	100
WP_010955315.1	MER0026204|T03.018|T03	30.1	36.9	89.4	209	2.04e-23	95.9
WP_010955315.1	MER0002721|T03.016|T03	38.9	24.0	63.2	162	2.60e-23	96.3
WP_010955315.1	MER0026205|T03.019|T03	41.5	24.0	59.1	135	1.07e-21	90.9
WP_010955364.1	MER0115185|C26.954|C26	81.0	37.6	99.3	142	2.40e-83	247
WP_010955364.1	MER0060647|C26.952|C26	39.2	96.3	99.7	375	8.66e-73	228
WP_010955364.1	MER0044812|C26.A04|C26	47.1	59.3	90.6	227	5.30e-70	217
WP_010955364.1	MER0078640|C26.951|C26	35.8	96.3	100	377	9.59e-64	204
WP_010955364.1	MER0043540|C26.A33|C26	36.9	58.7	98.2	225	3.70e-44	149
WP_010955364.1	MER0045945|C26.963|C26	44.1	47.1	79.4	179	4.83e-43	146
WP_010955364.1	MER0046161|C26.956|C26	42.9	47.9	65.3	182	1.08e-40	142
WP_010955364.1	MER0436691|C26.A27|C26	30.7	72.5	89.0	277	6.02e-35	126
WP_010955364.1	MER0045094|C26.959|C26	27.7	43.4	71.4	173	1.52e-13	66.6
WP_010955364.1	MER0043394|C26.955|C26	26.2	33.9	86.6	145	2.01e-11	58.9
WP_010955364.1	MER0044882|C26.A09|C26	29.1	34.4	76.9	141	5.84e-10	55.1
WP_010955364.1	MER0043537|C26.A31|C26	33.3	20.9	41.5	81	9.78e-09	51.6
WP_010955364.1	MER0043392|C26.960|C26	24.6	36.5	82.2	142	1.14e-07	48.1
WP_010955364.1	MER0044619|C26.A26|C26	28.1	34.4	56.1	135	8.15e-06	43.5
WP_010955364.1	MER0043195|C26.A30|C26	25.7	32.5	56.0	140	8.80e-06	43.5
WP_010955364.1	MER0045095|C26.958|C26	34.5	20.4	32.6	87	9.59e-06	43.5
WP_010955382.1	MER0004931|M24.008|M24B	26.7	52.6	96.9	236	1.30e-15	72.8
WP_010955415.1	MER0016191|S66.001|S66	35.9	76.3	83.3	245	7.59e-31	114
WP_010955415.1	MER0016172|S66.002|S66	31.5	90.1	94.4	295	3.51e-27	105
WP_010955415.1	MER0016185|S66.003|S66	29.2	76.3	80.9	271	3.38e-20	86.3
WP_010955418.1	MER0000450|S11.003|S11	47.5	91.7	98.9	362	1.85e-109	322
WP_010955418.1	MER0000451|S11.009|S11	41.8	88.9	98.3	352	1.96e-84	258
WP_010955418.1	MER0000449|S11.008|S11	50.4	63.0	100	250	1.01e-76	234
WP_010955418.1	MER0000454|S11.005|S11	37.3	86.3	94.7	338	3.32e-73	229
WP_010955418.1	MER0000448|S11.001|S11	31.6	89.9	97.6	412	1.09e-44	156
WP_010955418.1	MER0000452|S11.006|S11	26.9	88.6	96.2	379	1.04e-31	120
WP_010955418.1	MER0000453|S11.004|S11	28.4	62.4	97.7	261	6.27e-23	94.0
WP_010955418.1	MER0000455|S11.002|S11	28.6	63.0	87.8	252	3.63e-21	89.4
WP_010955418.1	MER0004224|S11.010|S11	28.6	57.8	62.7	245	5.50e-21	90.5
WP_010955418.1	MER0043199|S11.007|S11	28.6	60.6	94.0	248	8.40e-19	82.0
WP_010955442.1	MER0192051|I87.002|I87	23.4	64.8	44.4	188	3.46e-07	47.8
WP_010955442.1	MER0191412|I87.001|I87	24.5	48.6	44.9	151	4.00e-04	38.1
WP_010955495.1	MER0151383|A32.001|A32	35.5	59.9	61.0	107	1.29e-12	59.7
WP_010955495.1	MER0241741|A32.002|A32	30.6	61.0	87.6	108	5.41e-09	48.9
WP_010955504.1	MER0000364|S08.070|S08B	30.3	16.5	94.9	314	8.60e-16	77.0
WP_010955504.1	MER0000377|S08.073|S08B	29.4	16.4	96.6	320	2.15e-15	75.9
WP_010955504.1	MER0000374|S08.011|S08B	29.1	16.7	96.9	326	2.91e-14	72.4
WP_010955504.1	MER0002264|S08.077|S08B	27.3	16.4	94.7	311	4.42e-14	72.0
WP_010955504.1	MER0004113|S08.109|S08B	28.2	16.5	86.3	326	6.74e-14	72.0
WP_010955504.1	MER0000383|S08.075|S08B	29.3	16.4	97.3	311	1.66e-13	70.1
WP_010955504.1	MER0077856|S08.161|S08B	27.8	16.6	97.3	320	5.97e-13	68.6
WP_010955504.1	MER0001603|S08.047|S08B	27.2	16.5	98.6	313	1.28e-12	67.4
WP_010955504.1	MER0001610|S08.031|S08B	27.2	16.4	96.9	313	1.30e-12	67.4
WP_010955504.1	MER0081072|S08.149|S08A	27.3	16.0	99.2	293	1.35e-12	66.6
WP_010955504.1	MER0001778|S08.049|S08B	27.0	16.4	97.0	315	1.88e-12	67.0
WP_010955504.1	MER0003118|S08.132|S08B	29.4	14.0	88.6	265	3.31e-12	65.9
WP_010955504.1	MER0000375|S08.071|S08B	26.8	16.4	97.6	313	1.34e-11	64.3
WP_010955504.1	MER0000376|S08.072|S08B	25.8	17.4	99.3	330	1.45e-11	64.3
WP_010955504.1	MER0000373|S08.048|S08B	25.2	16.4	96.9	313	2.45e-11	63.5
WP_010955504.1	MER0000381|S08.074|S08B	25.2	16.4	97.6	310	1.38e-10	61.2
WP_010955504.1	MER0077555|S08.028|S08A	27.9	17.2	95.3	315	2.78e-10	60.1
WP_010955504.1	MER0042897|S08.133|S08A	28.4	12.6	72.3	229	2.90e-10	60.1
WP_010955504.1	MER0192109|S08.152|S08B	27.2	17.4	100	334	3.60e-10	60.1
WP_010955504.1	MER0014300|S08.043|S08B	26.1	18.4	96.7	380	7.16e-10	59.7
WP_010955504.1	MER0016978|S08.021|S08A	24.7	18.6	98.1	372	1.28e-09	58.5
WP_010955504.1	MER0001514|S08.076|S08B	26.8	16.5	97.6	314	8.00e-09	55.8
WP_010955504.1	MER0002562|S08.067|S08A	26.3	18.7	96.9	384	8.70e-09	56.2
WP_010955504.1	MER0000362|S08.022|S08A	25.8	18.2	98.8	376	1.38e-08	55.5
WP_010955504.1	MER0001520|S08.010|S08A	25.1	18.2	98.1	335	5.01e-08	53.1
WP_010955526.1	MER0016222|M103.950|M103	30.6	28.0	26.2	124	3.65e-07	48.9
WP_010955564.1	MER0005767|M38.972|M38	30.6	72.8	90.5	310	3.92e-23	95.9
WP_010955564.1	MER0030143|M38.974|M38	23.7	88.7	99.5	413	1.78e-07	49.7
WP_010955564.1	MER0030149|M38.977|M38	24.2	71.6	79.7	327	1.70e-06	46.6
WP_010955564.1	MER0030151|M38.976|M38	23.4	88.7	99.5	411	4.68e-04	38.9
WP_010955567.1	MER0037236|S33.016|S33	26.9	72.4	80.5	223	1.18e-08	51.6
WP_010955567.1	MER0000436|S33.021|S33	25.4	77.7	85.1	252	4.43e-08	50.1
WP_010955567.1	MER0031611|S33.977|S33	22.4	86.6	87.8	277	1.09e-07	48.9
WP_010955567.1	MER0011785|S33.009|S33	28.7	43.1	39.1	129	1.23e-06	45.8
WP_010955567.1	MER0036067|S33.A71|S33	25.2	70.7	71.5	222	8.52e-06	43.1
WP_010955567.1	MER0036076|S33.A33|S33	30.2	33.2	32.4	96	2.75e-04	38.5
WP_010955567.1	MER0017033|S33.A15|S33	29.9	37.1	35.3	107	2.79e-04	38.5
WP_010955587.1	MER0033186|M38.980|M38	41.5	78.8	100	323	2.71e-68	216
WP_010955607.1	MER0005300|M23.950|M23B	39.3	30.8	81.6	135	1.92e-27	104
WP_010955607.1	MER0015415|M23.951|M23B	28.6	35.2	91.8	161	1.28e-14	68.6
WP_010955607.1	MER0003380|M23.011|M23B	32.5	18.9	34.4	83	3.23e-06	45.1
WP_010955607.1	MER0003423|M23.012|M23B	32.5	18.5	58.0	83	1.63e-05	41.6
WP_010955607.1	MER0001419|M23.004|M23B	31.3	18.5	58.0	83	2.22e-05	41.2
WP_010955607.1	MER0013541|M23.014|M23B	30.7	17.1	85.2	75	4.45e-04	36.2
WP_010955622.1	MER0198917|C44.003|C44	42.3	24.7	99.7	371	1.85e-91	298
WP_010955622.1	MER1054487|C44.951|C44	38.4	24.7	99.7	375	2.83e-83	275
WP_010955635.1	MER0004054|C40.013|C40	45.5	57.5	99.2	121	2.23e-37	123
WP_010955635.1	MER0003986|C40.005|C40	43.2	53.1	92.4	111	2.00e-25	92.8
WP_010955635.1	MER0003807|C40.007|C40	37.2	57.5	99.2	121	5.28e-22	84.0
WP_010955635.1	MER0014188|C40.006|C40	41.5	50.7	90.8	106	3.79e-19	76.3
WP_010955635.1	MER0002450|C40.003|C40	39.0	57.0	99.1	118	4.10e-19	76.3
WP_010955635.1	MER0003805|C40.002|C40	40.0	57.0	98.2	120	4.20e-19	76.3
WP_010955635.1	MER0003808|C40.008|C40	37.6	56.5	97.3	117	1.16e-18	75.1
WP_010955635.1	MER0377307|C40.A08|C40	38.1	54.6	100	113	1.46e-17	72.0
WP_010955635.1	MER0377310|C40.A09|C40	38.1	54.6	100	113	1.46e-17	72.0
WP_010955635.1	MER0377178|C40.A10|C40	36.3	54.6	100	113	7.93e-17	70.1
WP_010955635.1	MER0376722|C40.A06|C40	37.0	48.3	100	100	6.72e-15	64.7
WP_010955635.1	MER0014672|C40.012|C40	38.1	51.2	91.2	118	9.91e-15	65.1
WP_010955635.1	MER0377450|C40.A07|C40	39.8	46.4	100	98	3.26e-14	62.8
WP_010955635.1	MER0001322|C40.001|C40	34.9	52.2	84.7	109	2.41e-12	58.5
WP_010955639.1	MER0044357|S33.A41|S33	28.4	89.2	85.7	412	1.35e-47	165
WP_010955650.1	MER0237414|M16.970|M16B	38.6	46.0	98.7	233	8.92e-37	132
WP_010955650.1	MER0390687|M16.A15|M16B	23.8	25.4	74.7	126	5.35e-04	37.7
WP_010955652.1	MER0195774|M16.019|M16B	40.7	40.9	100	177	1.65e-41	142
WP_010955652.1	MER0001233|M16.A05|M16B	30.0	47.8	88.8	217	1.68e-22	92.8
WP_010955652.1	MER0026957|M16.977|M16B	29.6	37.4	73.9	162	5.01e-17	76.6
WP_010955652.1	MER0003543|M16.973|M16B	26.0	47.1	89.4	204	1.45e-16	75.5
WP_010955652.1	MER0390687|M16.A15|M16B	29.4	36.3	94.0	160	2.81e-16	73.2
WP_010955652.1	MER0003448|M16.016|M16B	26.6	46.9	88.6	203	5.09e-16	73.9
WP_010955652.1	MER0015090|M16.975|M16B	23.6	46.9	88.9	203	4.72e-14	68.2
WP_010955652.1	MER0001214|M16.002|M16A	33.8	30.5	69.3	133	6.61e-14	67.0
WP_010955652.1	MER0015259|M16.017|M16A	28.7	34.4	70.8	150	6.52e-12	61.6
WP_010955652.1	MER0011096|M16.A01|M16A	30.5	32.1	66.5	141	1.61e-11	60.5
WP_010955652.1	MER0001218|M16.008|M16A	27.6	33.3	68.4	145	2.18e-11	60.1
WP_010955652.1	MER0011744|M16.A02|M16A	28.1	30.9	63.7	135	2.68e-09	53.9
WP_010955652.1	MER0002008|M16.004|M16B	25.5	43.2	79.2	196	1.22e-07	49.3
WP_010955652.1	MER0004423|M16.A20|M16B	25.8	34.9	64.4	151	1.48e-07	48.9
WP_010955652.1	MER0002423|M16.A11|M16A	25.1	41.6	88.2	187	2.35e-07	48.1
WP_010955652.1	MER0188967|M16.A18|M16C	27.1	35.3	36.6	166	1.10e-06	47.4
WP_010955652.1	MER0092828|M16.015|M16B	22.6	31.6	86.0	137	1.75e-06	44.7
WP_010955653.1	MER0237414|M16.970|M16B	31.4	48.5	95.3	229	8.24e-22	90.9
WP_010955653.1	MER0003909|M16.A04|M16C	24.2	13.6	12.6	62	9.98e-04	38.1
WP_010955654.1	MER0059846|S33.A46|S33	43.3	98.5	94.1	328	1.83e-85	258
WP_010955654.1	MER0199690|S33.A56|S33	25.9	90.9	100	317	1.59e-21	90.1
WP_010955654.1	MER0214074|S33.019|S33	29.2	53.0	98.9	185	4.83e-12	60.8
WP_010955654.1	MER0033249|S33.981|S33	28.1	29.1	44.0	96	8.12e-04	37.0
WP_010955694.1	MER0003306|S45.001|S45	27.5	41.6	58.9	338	1.63e-27	114
WP_010955694.1	MER0003339|S45.003|S45	25.3	65.1	94.0	529	5.80e-26	109
WP_010955694.1	MER0006198|S45.002|S45	27.6	43.5	67.2	366	1.43e-19	89.7
WP_010955694.1	MER0035254|S45.004|S45	20.8	66.4	96.0	572	3.50e-08	53.5
WP_010955712.1	MER0001273|M20.974|M20A	36.5	99.5	98.5	381	1.21e-66	209
WP_010955712.1	MER0003798|M20.A21|M20A	26.3	84.2	79.7	339	6.88e-23	96.3
WP_010955712.1	MER0038758|M20.022|M20A	25.9	92.4	93.0	367	4.28e-12	63.5
WP_010955712.1	MER0003775|M20.A19|M20A	32.6	35.0	47.2	141	3.21e-11	60.5
WP_010955712.1	MER0369972|M20.A25|M20A	32.5	32.1	29.0	126	1.68e-09	55.8
WP_010955724.1	MER0001244|M24.004|M24B	52.3	59.5	100	264	1.02e-91	275
WP_010955724.1	MER0013463|M24.026|M24B	40.1	59.0	99.2	262	1.03e-58	190
WP_010955724.1	MER0028601|M24.033|M24B	48.1	46.2	77.8	210	1.73e-58	190
WP_010955724.1	MER0001248|M24.007|M24B	42.0	49.1	98.4	250	2.60e-52	173
WP_010955724.1	MER0001733|M24.A09|M24B	33.9	59.2	99.7	292	1.19e-41	146
WP_010955724.1	MER0005462|M24.031|M24B	32.6	58.1	99.1	258	3.66e-35	127
WP_010955724.1	MER0004931|M24.008|M24B	31.0	56.8	96.9	255	9.77e-34	123
WP_010955724.1	MER0004532|M24.034|M24B	29.2	54.7	93.0	243	4.76e-25	99.8
WP_010955724.1	MER0002038|M24.006|M24B	30.2	56.5	96.5	252	3.33e-24	97.4
WP_010955724.1	MER0001250|M24.003|M24B	27.3	56.3	97.2	286	1.96e-19	85.1
WP_010955724.1	MER0005715|M24.A11|M24B	28.5	54.7	92.3	246	1.13e-17	79.0
WP_010955724.1	MER0001243|M24.001|M24A	27.8	43.7	70.1	205	4.49e-10	57.0
WP_010955724.1	MER0005690|M24.A06|M24A	23.6	42.8	72.2	199	2.50e-07	48.5
WP_010955724.1	MER0013589|M24.A12|M24A	23.3	44.6	77.3	210	4.53e-05	41.6
WP_010955724.1	MER0047299|M24.977|M24X	31.9	18.7	27.5	91	1.94e-04	40.0
WP_010955724.1	MER0015127|M24.A05|M24A	23.4	42.8	72.2	201	2.64e-04	39.3
WP_010955755.1	MER0000495|S16.002|S16	31.6	17.9	36.5	95	1.33e-04	40.4
WP_010955755.1	MER0005837|S16.A06|S16	32.4	14.1	27.0	71	9.96e-04	37.7
WP_010955768.1	MER0026339|S33.992|S33	52.1	96.7	99.6	267	3.48e-92	270
WP_010955768.1	MER0017193|S33.991|S33	42.8	97.8	97.5	271	1.07e-72	221
WP_010955768.1	MER0017177|S33.973|S33	26.8	51.5	41.2	142	1.33e-09	54.7
WP_010955768.1	MER0011509|S33.A84|S33	31.7	35.7	31.4	101	6.14e-07	46.6
WP_010955768.1	MER0003280|S33.990|S33	39.7	27.6	26.7	78	3.26e-06	44.3
WP_010955768.1	MER0036080|S33.A77|S33	36.1	30.1	23.7	83	3.73e-06	44.3
WP_010955768.1	MER0033249|S33.981|S33	26.3	35.7	46.9	99	5.73e-05	40.0
WP_010955768.1	MER0045469|S09.A16|S09X	30.9	28.7	34.6	81	8.91e-04	36.6
WP_010955797.1	MER0031278|C26.961|C26	47.0	94.9	95.3	247	4.67e-64	197
WP_010955797.1	MER0031288|C26.A28|C26	35.3	82.4	84.4	218	2.02e-26	100
WP_010955797.1	MER0031178|C26.A08|C26	33.1	53.3	45.8	148	8.74e-14	66.6
WP_010955797.1	MER0001429|C26.A06|C26	29.3	72.5	67.0	215	2.32e-13	65.5
WP_010955797.1	MER0001021|C26.A10|C26	28.2	81.6	76.4	245	7.82e-13	63.9
WP_010955797.1	MER0038086|C26.962|C26	23.0	64.7	52.8	165	1.13e-04	39.3
WP_010955815.1	MER0013541|M23.014|M23B	46.0	29.2	89.8	87	2.95e-17	72.4
WP_010955815.1	MER0003380|M23.011|M23B	40.9	31.2	35.3	93	9.25e-15	69.3
WP_010955815.1	MER0003376|M23.005|M23B	38.1	35.9	60.2	113	2.04e-12	61.2
WP_010955815.1	MER0387040|M23.A03|M23B	38.0	30.9	82.5	92	9.19e-12	57.8
WP_010955815.1	MER0066182|M23.A04|M23B	39.1	30.9	42.7	92	3.10e-11	58.5
WP_010955815.1	MER0003906|M23.013|M23B	38.5	30.2	79.2	91	3.51e-11	56.2
WP_010955815.1	MER0003423|M23.012|M23B	38.5	30.2	58.7	91	2.00e-10	55.1
WP_010955815.1	MER0069741|M23.009|M23B	39.8	31.2	48.8	93	3.33e-10	55.1
WP_010955815.1	MER0001419|M23.004|M23B	38.5	30.2	58.7	91	1.30e-09	52.8
WP_010955884.1	MER0003327|C44.971|C44	61.3	38.5	100	235	1.16e-93	285
WP_010955884.1	MER0185695|C44.A08|C44	44.1	34.9	99.1	220	1.18e-50	171
WP_010955884.1	MER0012158|C44.972|C44	33.9	41.2	95.0	322	2.16e-37	139
WP_010955884.1	MER0003350|C44.975|C44	42.4	28.3	92.7	191	9.14e-36	130
WP_010955884.1	MER0003322|C44.970|C44	39.3	27.8	92.7	191	8.77e-32	119
WP_010955884.1	MER0011806|C44.A03|C44	31.4	29.8	77.2	188	2.56e-22	93.2
WP_010955884.1	MER0004101|C44.A01|C44	33.0	29.8	77.2	188	2.16e-21	90.5
WP_010955884.1	MER0011781|C44.A02|C44	31.4	29.8	76.8	188	4.55e-20	86.7
WP_010955884.1	MER0037955|C44.A09|C44	31.3	18.3	40.5	112	3.44e-08	52.0
WP_012053749.1	MER0001620|M41.001|M41	68.4	38.8	86.6	247	1.45e-106	320
WP_012053749.1	MER0002602|M41.009|M41	45.4	39.1	92.1	249	8.70e-66	214
WP_012053749.1	MER0005466|M41.021|M41	47.9	36.8	96.3	234	2.01e-65	212
WP_012053749.1	MER0017637|M41.024|M41	43.3	36.0	93.9	231	3.19e-56	187
WP_012053749.1	MER0015197|M41.013|M41	44.0	36.9	87.6	234	3.48e-56	188
WP_012053749.1	MER0002563|M41.020|M41	41.6	36.0	93.9	231	1.69e-54	183
WP_012053749.1	MER0005755|M41.026|M41	40.4	37.1	97.4	235	7.22e-53	178
WP_012053749.1	MER0190577|M41.A16|M41	37.8	36.8	88.9	233	8.65e-52	176
WP_012053749.1	MER0002408|M41.017|M41	40.6	36.9	93.9	234	2.46e-51	174
WP_012053749.1	MER0015199|M41.015|M41	39.3	38.2	85.3	242	6.34e-51	174
WP_012053749.1	MER0002197|M41.004|M41	39.1	37.1	85.4	235	7.12e-51	174
WP_012053749.1	MER0002608|M41.A11|M41	38.2	37.9	88.1	241	2.39e-50	172
WP_012053749.1	MER0014324|M41.018|M41	39.9	36.8	90.8	233	1.96e-48	166
WP_012053749.1	MER0011224|M41.A09|M41	37.8	37.9	84.0	241	2.76e-47	164
WP_012053749.1	MER0023544|M41.A10|M41	37.2	41.8	92.4	266	7.32e-47	163
WP_012053749.1	MER0190705|M41.A18|M41	37.3	37.2	99.5	236	4.22e-46	159
WP_012053749.1	MER0002600|M41.002|M41	38.2	37.9	90.2	241	5.63e-45	157
WP_012053749.1	MER0015137|M41.025|M41	39.4	36.9	90.2	236	5.63e-45	157
WP_012053749.1	MER0015194|M41.A14|M41	35.3	37.1	85.3	235	1.38e-44	157
WP_012053749.1	MER0011745|M41.005|M41	37.7	40.2	97.3	257	8.12e-44	154
WP_012053749.1	MER0056525|M41.A17|M41	35.0	37.2	90.4	237	9.01e-44	154
WP_012053749.1	MER0015193|M41.019|M41	37.9	37.4	98.7	240	4.35e-43	152
WP_012053749.1	MER0005496|M41.007|M41	35.9	37.2	84.4	237	1.93e-42	151
WP_012053749.1	MER0002605|M41.003|M41	37.6	37.2	85.3	237	6.27e-42	149
WP_012053749.1	MER0171760|M41.A12|M41	32.1	43.2	99.6	277	3.92e-40	144
WP_014589820.1	MER0016222|M103.950|M103	51.1	92.2	91.8	413	4.26e-145	419
WP_014589820.1	MER0028087|M103.002|M103	28.9	94.2	96.1	426	2.98e-50	173
WP_014589820.1	MER0016248|M103.003|M103	34.5	51.8	95.6	238	8.47e-41	143
WP_014589820.1	MER0016301|M103.001|M103	19.8	86.8	86.2	415	8.81e-12	63.5
WP_014592300.1	MER0003293|S01.477|S01C	78.5	38.6	100	149	4.23e-74	224
WP_014592300.1	MER0003850|S01.500|S01C	52.8	45.3	100	176	2.67e-62	195
WP_014592300.1	MER0004111|S01.442|S01C	62.6	39.9	100	155	2.14e-61	192
WP_014592300.1	MER0000268|S01.480|S01C	59.1	39.9	100	154	7.26e-59	185
WP_014592300.1	MER0000266|S01.273|S01C	58.3	39.9	100	156	1.18e-54	174
WP_014592300.1	MER0001372|S01.274|S01C	57.1	39.9	100	156	4.02e-52	168
WP_014592300.1	MER0013623|S01.453|S01C	53.9	39.9	100	154	4.02e-51	165
WP_014592300.1	MER0001373|S01.275|S01C	58.2	39.9	100	158	1.31e-50	164
WP_014592300.1	MER0004673|S01.494|S01C	37.5	59.1	88.9	251	2.96e-42	146
WP_014592300.1	MER0003290|S01.482|S01C	50.9	39.9	100	159	9.37e-42	141
WP_014592300.1	MER0005468|S01.491|S01C	50.3	39.9	100	159	1.40e-41	140
WP_014592300.1	MER0001945|S01.472|S01C	48.5	39.9	100	165	4.52e-39	134
WP_014592300.1	MER0022668|S01.447|S01C	40.9	39.9	100	171	3.10e-33	119
WP_014592300.1	MER0002577|S01.277|S01C	44.3	39.9	100	158	9.88e-33	117
WP_014592300.1	MER0016031|S01.364|S01C	43.7	39.9	100	167	1.43e-32	117
WP_014592300.1	MER0028330|S01.329|S01C	44.3	39.9	100	158	1.98e-31	114
WP_014592300.1	MER0004086|S01.B81|S01C	43.6	39.6	100	163	2.55e-31	114
WP_014592300.1	MER0004149|S01.525|S01C	42.3	39.9	100	163	5.09e-31	113
WP_014592300.1	MER0010944|S01.474|S01C	39.5	39.9	100	172	6.52e-29	107
WP_014592300.1	MER0014795|S01.284|S01C	42.7	39.9	100	164	1.76e-28	106
WP_014592300.1	MER0005093|S01.441|S01C	37.6	38.9	99.4	165	2.13e-28	106
WP_014592300.1	MER0011375|S01.476|S01C	40.9	39.9	100	159	4.13e-28	105
WP_014592300.1	MER0016351|S01.285|S01C	39.9	39.9	100	158	2.08e-27	103
WP_014592300.1	MER0004093|S01.278|S01C	39.9	39.9	100	158	1.08e-26	101
WP_014592300.1	MER0063616|S01.454|S01C	41.8	39.9	100	165	3.15e-23	92.0
WP_019751089.1	MER0014721|C56.A01|C56	29.3	17.3	37.2	58	2.15e-04	38.1
WP_019751089.1	MER0002455|C56.001|C56	29.2	25.7	65.4	89	3.05e-04	37.4
WP_020191688.1	MER0058228|S09.009|S09B	26.9	40.0	74.0	182	2.01e-06	45.4
WP_020191688.1	MER0048191|S09.A06|S09X	22.6	58.7	91.6	274	2.40e-05	42.4
WP_020191688.1	MER0017401|S09.071|S09C	24.5	54.8	85.4	229	2.72e-05	42.0
WP_020191688.1	MER0005987|S09.A65|S09B	26.2	27.5	35.5	107	9.62e-04	37.4
WP_020193431.1	MER0017193|S33.991|S33	28.7	90.3	94.2	265	7.93e-15	69.7
WP_020193431.1	MER0036053|S33.A01|S33	25.2	85.9	98.9	266	9.33e-15	69.3
WP_020193431.1	MER0026339|S33.992|S33	39.5	40.8	44.4	119	1.38e-12	63.2
WP_020193431.1	MER0017177|S33.973|S33	23.3	89.5	90.4	292	9.01e-12	61.2
WP_020193431.1	MER0030163|S33.975|S33	32.0	34.7	34.4	100	1.02e-11	60.8
WP_020193431.1	MER0014065|S33.974|S33	32.0	41.5	38.1	125	1.80e-10	57.4
WP_020193431.1	MER0036084|S33.A29|S33	29.6	37.2	40.0	108	1.81e-10	57.0
WP_020193431.1	MER0043008|S33.A18|S33	22.2	87.0	92.5	252	4.36e-10	55.8
WP_020193431.1	MER0037236|S33.016|S33	35.5	37.5	41.8	110	1.39e-09	54.3
WP_020193431.1	MER0036115|S33.B18|S33	32.4	36.1	33.7	102	3.15e-09	53.5
WP_020193431.1	MER0011785|S33.009|S33	29.8	39.0	35.1	114	3.41e-09	53.5
WP_020193431.1	MER0036072|S33.A36|S33	29.8	37.2	34.2	114	6.29e-09	52.8
WP_020193431.1	MER0031611|S33.977|S33	23.2	88.1	87.1	263	7.35e-09	52.4
WP_020193431.1	MER0011509|S33.A84|S33	31.3	34.3	31.4	99	7.97e-09	52.4
WP_020193431.1	MER0210990|S33.A66|S33	29.9	52.7	50.0	174	8.68e-09	52.4
WP_020193431.1	MER0017142|S33.994|S33	37.9	36.8	39.8	103	1.85e-08	50.8
WP_020193431.1	MER0031616|S33.013|S33	26.7	35.0	32.5	101	3.41e-08	50.4
WP_020193431.1	MER0003537|S33.005|S33	23.5	76.9	81.1	238	7.50e-08	49.3
WP_020193431.1	MER0017033|S33.A15|S33	36.8	37.5	35.3	106	7.91e-08	49.3
WP_020193431.1	MER0004146|S33.995|S33	34.5	37.5	42.1	110	8.96e-08	48.9
WP_020193431.1	MER0033259|S33.982|S33	24.7	89.5	91.5	255	2.16e-07	47.8
WP_020193431.1	MER0183709|S33.B16|S33	21.8	85.9	83.3	266	4.64e-07	47.0
WP_020193431.1	MER0001380|S33.003|S33	24.7	79.8	87.3	259	5.94e-07	46.6
WP_020193431.1	MER0036057|S33.A09|S33	35.4	35.4	33.2	99	8.14e-07	46.2
WP_020193431.1	MER0025512|S33.010|S33	31.8	38.3	35.8	110	1.09e-06	45.8
WP_023048454.1	MER0004931|M24.008|M24B	24.7	58.6	98.7	239	1.05e-17	78.6
WP_023048454.1	MER0004532|M24.034|M24B	23.9	55.8	93.4	226	7.09e-12	61.6
WP_049586134.1	MER0031431|C56.004|C56	36.8	37.8	65.4	106	4.47e-18	76.3
WP_049586134.1	MER0034659|C56.A05|C56	28.4	50.9	85.4	141	1.21e-15	69.7
WP_049586134.1	MER0031432|C56.A03|C56	31.1	56.6	96.9	161	2.23e-15	68.9
WP_049586134.1	MER0031433|C56.A04|C56	31.9	49.4	83.8	138	5.67e-15	67.8
WP_049586158.1	MER0035254|S45.004|S45	54.8	70.4	100	549	2.95e-203	583
WP_049586158.1	MER0030255|S45.005|S45	35.3	70.5	100	570	4.76e-93	298
WP_049586158.1	MER0006198|S45.002|S45	27.4	66.2	93.7	529	8.48e-31	124
WP_049586245.1	MER0002455|C56.001|C56	41.1	78.8	100	141	8.28e-31	106
WP_049586245.1	MER0002601|C56.976|C56	35.7	77.7	97.8	140	7.82e-23	85.9
WP_049586245.1	MER0014721|C56.A01|C56	32.5	68.2	80.1	126	9.07e-18	73.2
WP_049586245.1	MER0019092|C56.A06|C56	31.0	54.2	63.5	100	1.55e-13	62.0
WP_049586245.1	MER0121992|C56.A02|C56	25.8	49.2	71.5	89	1.87e-04	36.6
WP_049586394.1	MER0026552|M48.A01|M48C	40.3	55.5	84.8	154	2.43e-26	98.6
WP_049586394.1	MER0042387|M48.019|M48C	31.9	68.8	99.5	191	1.37e-23	91.7
WP_049586394.1	MER0026496|M48.017|M48C	30.4	65.4	68.9	194	1.92e-18	79.7
WP_049586394.1	MER0026545|M48.018|M48C	30.2	59.2	60.7	169	1.72e-17	77.0
WP_049586394.1	MER0002639|M48.022|M48C	34.9	54.0	83.0	152	6.04e-15	68.2
WP_049586394.1	MER0031491|M48.023|M48C	28.4	64.7	93.7	190	1.41e-13	64.7
WP_049586439.1	MER1143079|S12.013|S12	27.3	36.8	42.0	132	2.95e-04	38.9
WP_049586441.1	MER0014721|C56.A01|C56	58.3	80.7	100	156	1.13e-61	186
WP_049586441.1	MER0019092|C56.A06|C56	52.6	80.7	100	156	8.16e-57	173
WP_049586441.1	MER0002455|C56.001|C56	41.1	64.6	86.0	124	7.70e-26	94.0
WP_049586441.1	MER0121992|C56.A02|C56	39.8	63.5	100	123	1.04e-22	85.5
WP_049586441.1	MER0002601|C56.976|C56	35.7	65.6	80.6	126	1.45e-19	77.8
WP_049586694.1	MER0011571|S13.003|S13	34.9	83.1	89.0	404	3.13e-71	230
WP_049586694.1	MER0000471|S13.002|S13	29.5	79.3	87.1	413	2.40e-31	122
WP_049586694.1	MER0000472|S13.001|S13	24.6	79.1	84.7	395	8.49e-20	88.6
WP_049586694.1	MER0026276|S13.A01|S13	22.9	75.6	81.3	401	1.81e-11	62.8
WP_049587072.1	MER0017123|S33.972|S33	41.4	91.7	97.0	290	1.76e-61	194
WP_049587072.1	MER0036053|S33.A01|S33	23.7	82.7	98.1	270	4.75e-11	58.9
WP_049587072.1	MER0044633|S33.A26|S33	35.5	29.6	26.4	93	7.67e-11	58.9
WP_049587072.1	MER0017177|S33.973|S33	32.0	39.9	36.5	122	2.23e-10	57.4
WP_049587072.1	MER0036075|S33.A73|S33	27.2	40.9	36.1	125	4.40e-09	53.5
WP_049587072.1	MER0031617|S33.978|S33	37.4	31.2	33.8	99	4.74e-09	53.1
WP_049587072.1	MER0036054|S33.A02|S33	30.2	48.5	57.7	162	3.52e-08	50.4
WP_049587072.1	MER0044581|S33.A27|S33	29.8	29.6	26.4	94	8.39e-08	49.7
WP_049587072.1	MER0044578|S33.A28|S33	28.7	29.6	26.7	94	1.98e-07	48.5
WP_049587072.1	MER0017193|S33.991|S33	36.0	21.6	27.1	75	1.60e-06	45.4
WP_049587072.1	MER0213829|S33.A76|S33	28.2	32.2	31.9	103	4.40e-06	44.3
WP_049587072.1	MER0003280|S33.990|S33	37.6	26.2	27.8	85	7.10e-06	43.5
WP_049587072.1	MER0011785|S33.009|S33	33.0	31.6	30.5	100	1.86e-05	42.4
WP_049587072.1	MER0026339|S33.992|S33	34.0	33.2	37.7	103	6.72e-05	40.4
WP_049587072.1	MER0037236|S33.016|S33	30.0	31.9	37.9	100	6.63e-04	37.4
WP_049587126.1	MER0001273|M20.974|M20A	37.6	49.7	68.0	197	1.33e-28	109
WP_049587126.1	MER0003798|M20.A21|M20A	26.7	84.2	77.3	341	9.40e-21	90.1
WP_049587126.1	MER0238460|M20.A22|M20A	23.2	93.8	94.6	397	2.06e-16	77.0
WP_049587126.1	MER0001272|M20.010|M20A	40.4	27.2	41.0	109	9.41e-16	73.6
WP_049587126.1	MER0369972|M20.A25|M20A	27.2	42.5	38.2	169	3.20e-15	73.6
WP_049587126.1	MER0001271|M20.973|M20A	25.7	66.1	65.7	268	2.92e-14	70.5
WP_049587126.1	MER0003397|M20.A14|M20F	29.0	37.6	52.1	162	5.91e-13	65.9
WP_049587126.1	MER0015142|M20.006|M20F	38.0	23.1	18.2	92	1.19e-12	65.9
WP_049587126.1	MER0026494|M20.005|M20F	39.1	22.5	18.9	92	3.49e-11	61.2
WP_049587126.1	MER0028025|M20.016|M20A	29.8	42.0	61.7	168	6.97e-11	58.9
WP_049587126.1	MER0057434|M20.013|M20F	37.5	21.5	28.7	88	1.93e-10	58.2
WP_049587126.1	MER0026485|M20.A15|M20F	28.6	32.1	45.2	140	1.56e-09	55.5
WP_049587126.1	MER0003775|M20.A19|M20A	33.1	29.3	39.5	118	6.29e-09	53.5
WP_049587126.1	MER0001361|M20.004|M20A	42.9	17.9	13.5	70	9.19e-07	47.4
WP_049587126.1	MER0017385|M20.A24|M20A	27.6	42.5	59.5	174	3.62e-06	44.7
WP_049587194.1	MER0001800|C13.004|C13	36.0	17.0	37.4	100	2.26e-05	43.1
WP_049587217.1	MER0004054|C40.013|C40	40.7	55.2	95.9	118	1.07e-30	106
WP_049587217.1	MER0004035|C40.004|C40	47.7	52.4	94.6	111	2.45e-29	102
WP_049587217.1	MER0003986|C40.005|C40	39.2	56.6	99.2	120	1.62e-25	93.2
WP_049587217.1	MER0002443|C40.A01|C40	41.2	53.8	94.0	114	4.86e-24	89.4
WP_049587217.1	MER0002450|C40.003|C40	40.2	53.8	93.8	117	1.42e-21	82.8
WP_049587217.1	MER0377178|C40.A10|C40	39.3	51.4	94.3	112	1.99e-19	77.0
WP_049587217.1	MER0377307|C40.A08|C40	39.3	51.4	94.3	112	1.99e-19	77.0
WP_049587217.1	MER0377310|C40.A09|C40	39.3	51.4	94.3	112	1.99e-19	77.0
WP_049587217.1	MER0003805|C40.002|C40	36.6	56.6	98.2	123	5.03e-18	73.6
WP_049587217.1	MER0003808|C40.008|C40	38.7	56.1	97.3	119	1.94e-17	72.0
WP_049587217.1	MER0003807|C40.007|C40	29.8	56.6	98.3	121	2.20e-17	72.0
WP_049587217.1	MER0014188|C40.006|C40	35.2	50.9	91.7	108	2.84e-14	63.5
WP_049587217.1	MER0376722|C40.A06|C40	41.1	44.8	93.7	95	1.10e-12	58.9
WP_049587217.1	MER0377450|C40.A07|C40	40.4	40.6	87.9	89	5.26e-12	57.0
WP_049587217.1	MER0024252|C40.009|C40	35.4	45.8	74.6	99	5.98e-11	55.1
WP_049587451.1	MER0004480|M50.004|M50B	39.8	89.3	99.7	402	1.69e-88	270
WP_049587451.1	MER0004468|M50.011|M50B	26.8	98.7	99.3	448	2.14e-44	157
WP_049587451.1	MER0897124|M50.A11|M50A	27.4	98.7	99.3	449	2.97e-44	157
WP_049587451.1	MER0004469|M50.005|M50B	26.5	97.1	96.0	483	3.32e-24	100
WP_049587451.1	MER0004471|M50.A10|M50B	35.7	24.4	30.0	112	1.18e-12	65.9
WP_049587451.1	MER0004474|M50.003|M50B	34.2	24.9	31.1	114	4.84e-12	63.9
WP_049587479.1	MER0016301|M103.001|M103	28.4	80.2	80.6	395	4.65e-22	95.5
WP_049587479.1	MER0016248|M103.003|M103	23.1	46.5	83.9	225	3.25e-10	57.4
WP_049587496.1	MER0789282|S82.001|S82	28.6	84.4	86.0	434	5.31e-46	164
WP_049587511.1	MER0003855|U32.002|U32	35.6	75.0	79.3	337	3.64e-61	201
WP_049587511.1	MER0004416|U32.A02|U32	30.8	62.8	86.6	279	1.93e-35	129
WP_049587511.1	MER0013876|U32.003|U32	27.5	86.7	96.4	393	6.93e-30	116
WP_049587511.1	MER0003242|U32.001|U32	24.2	59.7	75.9	273	8.18e-16	74.7
WP_049587511.1	MER0002702|U32.004|U32	21.5	51.1	85.7	242	2.78e-05	42.4
WP_049587524.1	MER0066182|M23.A04|M23B	36.5	11.5	29.6	74	2.29e-04	39.7
WP_049587634.1	MER0059865|I78.001|I78	39.4	31.1	48.5	33	4.33e-05	35.8
WP_049587702.1	MER0000319|S08.126|S08A	26.8	64.4	53.9	157	5.02e-06	43.1
WP_049587819.1	MER0000569|S24.001|S24	46.9	54.6	95.8	113	7.72e-28	99.0
WP_049587819.1	MER0000576|S24.003|S24	43.0	42.0	73.9	86	1.33e-16	69.7
WP_049587819.1	MER0006172|S24.004|S24	45.5	32.2	83.5	66	2.52e-12	57.4
WP_049587819.1	MER0022664|S24.005|S24	27.2	55.6	88.8	114	5.70e-06	41.2
WP_049587969.1	MER0013629|P01.003|P01	66.7	34.0	99.2	129	1.22e-49	160
WP_049587969.1	MER0004893|P01.001|P01	46.5	33.2	97.6	127	1.60e-26	99.8
WP_049587969.1	MER0079705|P01.002|P01	36.4	28.7	92.8	107	6.96e-16	70.1
WP_049588043.1	MER0191412|I87.001|I87	23.1	78.0	73.4	247	5.61e-04	37.4
WP_049588139.1	MER0037714|M38.981|M38	25.0	57.3	99.2	268	6.54e-13	65.5
WP_049588139.1	MER0030136|M38.978|M38	41.3	10.1	11.4	46	5.22e-04	38.9
WP_049588162.1	MER0004321|M24.009|M24B	40.7	42.4	99.2	258	1.05e-55	186
WP_049588162.1	MER0016542|M24.A04|M24B	39.7	41.9	98.2	277	2.11e-52	178
WP_049588162.1	MER0016544|M24.037|M24B	38.4	42.4	99.3	279	2.87e-51	175
WP_049588162.1	MER0003105|M24.A10|M24B	38.6	41.0	96.1	249	2.09e-50	172
WP_049588162.1	MER0002039|M24.005|M24B	37.3	42.4	99.2	255	2.59e-50	171
WP_049588162.1	MER0014518|M24.032|M24B	38.6	41.7	97.7	254	3.16e-48	166
WP_049588162.1	MER0027437|M24.038|M24B	37.6	42.0	98.4	258	1.02e-45	159
WP_049588162.1	MER0005462|M24.031|M24B	29.7	37.7	92.6	232	1.79e-21	90.5
WP_049588162.1	MER0004931|M24.008|M24B	37.0	28.1	69.9	173	8.26e-21	88.6
WP_049588162.1	MER0002038|M24.006|M24B	31.5	38.4	94.3	235	1.05e-16	76.6
WP_049588162.1	MER0004532|M24.034|M24B	31.3	28.4	71.5	176	3.17e-14	69.3
WP_049588163.1	MER0001423|S09.013|S09B	24.6	69.9	81.0	199	4.35e-05	40.4
WP_049588163.1	MER0017246|S09.A24|S09C	25.3	70.3	63.2	198	7.22e-05	40.0
WP_049588177.1	MER0015415|M23.951|M23B	37.7	42.5	76.5	130	6.64e-24	92.4
WP_049588177.1	MER0005300|M23.950|M23B	40.5	41.1	73.6	121	8.47e-20	81.3
WP_049588177.1	MER0003380|M23.011|M23B	40.8	35.1	41.9	103	1.80e-13	65.5
WP_049588177.1	MER0387040|M23.A03|M23B	36.0	34.4	96.1	100	4.40e-12	58.5
WP_049588177.1	MER0013541|M23.014|M23B	35.9	29.8	96.6	92	7.99e-12	57.4
WP_049588177.1	MER0003906|M23.013|M23B	39.8	33.7	96.2	103	1.23e-11	57.4
WP_049588177.1	MER0066182|M23.A04|M23B	36.3	35.1	50.8	102	1.49e-11	59.3
WP_049588177.1	MER0003423|M23.012|M23B	34.3	35.8	75.5	108	1.64e-09	52.4
WP_049588177.1	MER0001419|M23.004|M23B	34.3	35.8	75.5	108	3.05e-09	51.6
WP_049588212.1	MER0006319|M19.012|M19	31.5	88.4	96.6	403	9.85e-46	160
WP_049588212.1	MER0011422|M19.A01|M19	26.3	69.6	72.2	316	8.23e-24	99.0
WP_049588212.1	MER0013499|M19.002|M19	25.6	64.0	62.7	289	4.41e-23	97.1
WP_049588212.1	MER0032370|M19.013|M19	26.0	81.4	86.2	373	1.40e-21	92.4
WP_049588212.1	MER0013496|M19.004|M19	26.0	65.8	66.9	296	3.69e-21	91.3
WP_049588212.1	MER0001260|M19.001|M19	24.5	72.9	72.6	327	1.07e-20	90.1
WP_049588212.1	MER0011343|M19.A02|M19	24.2	69.1	67.9	314	6.55e-20	87.8
WP_049588212.1	MER0015155|M19.011|M19	24.2	63.5	62.2	285	4.99e-19	85.1
WP_049588212.1	MER0013479|M19.950|M19	23.0	68.5	84.4	335	1.89e-18	82.8
WP_049588212.1	MER0001265|M19.003|M19	24.6	48.5	69.5	224	5.54e-15	72.4
WP_049588212.1	MER0013425|M19.007|M19	26.7	61.7	68.7	277	9.27e-15	71.6
WP_049588223.1	MER0031618|S33.979|S33	26.4	38.5	38.6	110	7.35e-05	40.0
WP_049588266.1	MER0015112|M38.973|M38	52.4	82.0	100	399	1.05e-143	414
WP_049588266.1	MER0030151|M38.976|M38	46.1	82.0	100	395	7.03e-125	366
WP_049588266.1	MER0030155|M38.975|M38	46.3	82.0	100	395	7.29e-122	358
WP_049588266.1	MER0030149|M38.977|M38	46.7	82.0	100	398	4.70e-120	354
WP_049588266.1	MER0030143|M38.974|M38	46.6	82.0	100	395	3.77e-119	352
WP_049588266.1	MER0030136|M38.978|M38	43.5	82.0	100	395	5.75e-110	328
WP_049588266.1	MER0005767|M38.972|M38	26.4	68.3	91.5	333	1.64e-16	77.0
WP_049588266.1	MER0001495|M38.001|M38	41.3	12.3	17.4	63	2.48e-06	46.2
WP_049588266.1	MER0066192|M38.983|M38	42.0	8.8	14.5	50	9.05e-04	38.1
WP_049588266.1	MER0005900|M38.002|M38	34.7	15.0	17.0	72	9.72e-04	38.1
WP_049588323.1	MER0031618|S33.979|S33	27.9	84.1	93.3	272	1.71e-14	69.3
WP_049588323.1	MER0036051|S33.A12|S33	29.6	54.9	54.7	179	3.24e-09	53.9
WP_049588323.1	MER0036050|S33.A17|S33	28.3	54.9	55.1	180	5.87e-09	53.1
WP_049588323.1	MER0031614|S33.011|S33	26.5	21.8	20.0	68	1.97e-04	39.3
WP_049588334.1	MER0160094|C56.975|C56	52.9	32.0	98.6	70	9.93e-19	74.3
WP_049588422.1	MER0001161|M03.004|M03A	59.2	96.8	99.4	677	3.66e-285	793
WP_049588422.1	MER0006087|M03.A01|M03A	43.8	98.0	98.6	703	1.57e-192	558
WP_049588422.1	MER0015119|M03.A02|M03A	42.3	97.8	99.3	732	7.05e-181	529
WP_049588422.1	MER0001158|M03.005|M03A	32.7	96.8	99.4	688	1.86e-105	333
WP_049588422.1	MER0001149|M03.001|M03A	34.3	80.3	79.0	569	5.55e-94	303
WP_049588422.1	MER0001153|M03.003|M03A	29.6	90.6	92.1	651	3.97e-90	293
WP_049588422.1	MER0001942|M03.002|M03A	31.0	86.2	86.9	609	4.34e-87	284
WP_049588422.1	MER0108144|M03.A07|M03A	29.1	93.4	98.6	669	8.02e-87	283
WP_049588422.1	MER0003110|M03.009|M03A	27.0	95.5	98.2	726	3.90e-81	269
WP_049588422.1	MER0079465|M03.011|M03A	28.0	81.9	91.6	600	4.53e-65	224
WP_049588422.1	MER0015170|M03.A03|M03A	27.9	79.7	82.6	559	1.19e-55	197
WP_049588422.1	MER0001156|M03.006|M03A	23.9	94.4	93.7	704	1.35e-40	155
WP_049588422.1	MER0059435|M03.A11|M03A	22.2	22.9	25.7	185	4.91e-04	40.0
WP_049588505.1	MER0210990|S33.A66|S33	41.8	29.6	23.0	98	2.13e-12	63.9
WP_049588505.1	MER0033259|S33.982|S33	23.8	87.9	96.2	302	2.27e-07	48.1
WP_049588505.1	MER0004146|S33.995|S33	25.3	51.4	64.8	174	1.01e-05	43.1
WP_049588505.1	MER0031611|S33.977|S33	27.4	50.2	57.8	179	4.81e-05	41.2
WP_049588505.1	MER0037236|S33.016|S33	23.2	51.4	64.8	177	1.36e-04	39.7
WP_049588505.1	MER0036076|S33.A33|S33	23.6	48.0	51.2	161	2.68e-04	38.9
WP_049588505.1	MER0036066|S33.A04|S33	43.2	13.3	17.4	44	4.00e-04	38.1
WP_051122591.1	MER0002014|M20.A03|M20D	43.1	96.4	46.9	188	2.62e-44	148
WP_051122591.1	MER0002013|M20.A02|M20D	40.1	95.9	46.3	187	8.72e-42	142
WP_051122591.1	MER0002655|M20.015|M20D	40.4	96.4	48.7	188	1.74e-41	140
WP_051122591.1	MER0002659|M20.014|M20D	41.5	96.4	46.9	188	1.23e-40	139
WP_051122591.1	MER0003770|M20.A27|M20D	38.5	96.4	49.2	187	7.07e-39	134
WP_051122591.1	MER0002007|M20.008|M20D	41.4	96.9	47.6	191	7.09e-39	134
WP_051122591.1	MER0005155|M20.A06|M20D	43.1	96.4	48.6	188	8.47e-38	131
WP_051122591.1	MER0005173|M20.A05|M20D	36.2	96.4	48.0	188	5.08e-28	105
WP_051122591.1	MER0003815|M20.A04|M20D	41.7	61.3	39.3	120	5.21e-24	93.2
WP_051122591.1	MER0005163|M20.009|M20D	47.7	54.1	40.5	109	5.66e-24	92.4
WP_051122591.1	MER0003581|M20.020|M20D	31.8	95.9	55.8	195	1.11e-21	87.4
WP_051122591.1	MER0015354|M20.A01|M20D	46.0	50.0	33.8	100	6.40e-21	84.7
WP_051122591.1	MER0002664|M20.A26|M20D	40.6	49.0	31.3	96	1.01e-12	62.0
WP_164721827.1	MER0001295|S41.001|S41A	48.4	25.5	97.3	190	2.48e-48	165
WP_164721827.1	MER0001425|S41.004|S41A	44.1	20.6	82.9	152	1.64e-28	109
WP_164721827.1	MER0003413|S41.002|S41A	38.3	21.4	87.6	149	6.72e-28	107
WP_164721827.1	MER0003065|S41.009|S41A	38.5	21.2	87.0	148	9.26e-26	101
WP_164721827.1	MER0003514|S41.010|S41A	35.1	21.2	87.0	148	2.04e-24	97.4
WP_164721827.1	MER0004196|S41.013|S41A	35.3	21.8	89.5	153	1.87e-23	94.7
WP_164721827.1	MER0001297|S41.008|S41A	35.9	20.8	85.2	145	1.13e-22	92.4
WP_164721827.1	MER0005714|S41.A01|S41A	34.0	20.8	86.0	153	4.96e-20	85.1
WP_164721827.1	MER0004195|S41.007|S41A	36.4	21.2	87.1	151	5.55e-20	84.7
WP_164721827.1	MER0015684|S41.A02|S41A	34.6	18.2	74.9	130	3.13e-18	79.7
WP_164721827.1	MER0030244|S41.954|S41A	31.0	18.9	72.8	142	4.11e-05	42.0
WP_164721827.1	MER0030235|S41.950|S41A	31.0	18.9	77.2	142	6.62e-05	41.2
WP_164721827.1	MER0028704|S41.011|S41A	32.2	12.0	52.4	87	7.91e-04	37.7
WP_172835033.1	MER0320807|C93.001|C93	75.8	89.7	98.7	227	1.90e-130	365
WP_370688748.1	MER0013623|S01.453|S01C	86.3	32.8	100	153	1.81e-93	276
WP_370688748.1	MER0000268|S01.480|S01C	53.2	32.8	100	154	1.29e-55	179
WP_370688748.1	MER0003850|S01.500|S01C	49.4	37.3	100	176	1.64e-52	172
WP_370688748.1	MER0000266|S01.273|S01C	54.5	32.8	100	156	1.08e-49	164
WP_370688748.1	MER0004111|S01.442|S01C	51.6	32.8	100	155	1.56e-48	160
WP_370688748.1	MER0005468|S01.491|S01C	50.3	32.8	100	159	9.23e-48	159
WP_370688748.1	MER0003293|S01.477|S01C	53.3	31.7	100	150	1.53e-45	152
WP_370688748.1	MER0001372|S01.274|S01C	49.4	32.8	100	156	1.02e-44	150
WP_370688748.1	MER0004673|S01.494|S01C	39.7	48.8	89.3	252	1.43e-43	151
WP_370688748.1	MER0004149|S01.525|S01C	50.9	32.8	100	163	1.84e-43	147
WP_370688748.1	MER0003290|S01.482|S01C	48.4	32.8	100	159	2.08e-43	147
WP_370688748.1	MER0016031|S01.364|S01C	47.9	32.8	100	167	8.50e-40	138
WP_370688748.1	MER0001945|S01.472|S01C	45.3	32.8	100	159	3.72e-38	133
WP_370688748.1	MER0004093|S01.278|S01C	45.9	32.8	100	159	1.17e-37	132
WP_370688748.1	MER0002577|S01.277|S01C	46.2	32.8	100	158	3.16e-37	130
WP_370688748.1	MER0022668|S01.447|S01C	44.4	32.8	100	171	5.36e-37	130
WP_370688748.1	MER0001373|S01.275|S01C	45.6	32.8	100	158	7.10e-37	130
WP_370688748.1	MER0004086|S01.B81|S01C	46.6	32.5	100	163	2.16e-35	126
WP_370688748.1	MER0028330|S01.329|S01C	44.3	32.8	100	158	6.22e-35	124
WP_370688748.1	MER0011375|S01.476|S01C	42.1	32.8	100	159	4.60e-34	122
WP_370688748.1	MER0016351|S01.285|S01C	43.0	32.8	100	158	1.20e-33	121
WP_370688748.1	MER0014795|S01.284|S01C	43.9	32.8	100	164	5.27e-33	119
WP_370688748.1	MER0010944|S01.474|S01C	40.9	32.8	100	171	5.34e-33	120
WP_370688748.1	MER0005093|S01.441|S01C	40.1	31.3	97.6	162	1.64e-30	113
WP_370688748.1	MER0006096|S01.A08|S01C	40.9	27.2	98.5	132	6.79e-26	99.4
