WP_011055860.1	MER0004801|M38.982|M38	73.3	60.8	99.4	348	2.90e-186	524
WP_011055868.1	MER0002655|M20.015|M20D	40.5	94.4	96.3	373	1.03e-82	254
WP_011055868.1	MER0002007|M20.008|M20D	37.0	94.9	94.9	378	1.40e-80	249
WP_011055868.1	MER0002013|M20.A02|M20D	36.5	94.1	94.2	375	3.46e-68	218
WP_011055868.1	MER0002659|M20.014|M20D	34.2	94.9	94.9	377	6.89e-63	204
WP_011055868.1	MER0002014|M20.A03|M20D	32.9	94.9	94.9	377	8.07e-61	198
WP_011055868.1	MER0003770|M20.A27|M20D	34.5	95.7	97.9	383	1.00e-60	197
WP_011055868.1	MER0005173|M20.A05|M20D	32.8	94.9	99.2	378	1.73e-57	189
WP_011055868.1	MER0005155|M20.A06|M20D	33.5	93.4	97.1	376	7.56e-53	177
WP_011055868.1	MER0005163|M20.009|M20D	28.4	92.1	92.4	363	7.01e-36	129
WP_011055868.1	MER0003581|M20.020|M20D	27.8	84.0	99.7	342	1.21e-32	122
WP_011055868.1	MER0003815|M20.A04|M20D	39.5	45.0	58.3	177	1.58e-31	118
WP_011055868.1	MER0015354|M20.A01|M20D	41.9	43.8	58.6	172	1.78e-31	118
WP_011055868.1	MER0002664|M20.A26|M20D	27.1	95.4	97.1	376	8.11e-26	102
WP_011055868.1	MER0369336|M20.A23|M20A	29.1	19.8	23.5	79	2.08e-04	39.7
WP_011055901.1	MER0016191|S66.001|S66	32.6	84.6	90.4	267	2.09e-30	113
WP_011055901.1	MER0016172|S66.002|S66	29.9	93.0	94.7	288	5.07e-29	109
WP_011055901.1	MER0016185|S66.003|S66	24.5	88.9	91.2	302	2.58e-15	72.0
WP_011055906.1	MER0195774|M16.019|M16B	38.4	19.2	100	177	1.56e-36	132
WP_011055906.1	MER0003448|M16.016|M16B	26.5	22.3	89.5	204	4.96e-26	104
WP_011055906.1	MER0390687|M16.A15|M16B	31.9	18.1	100	166	1.02e-24	98.6
WP_011055906.1	MER0043985|M16.980|M16B	29.6	24.5	96.2	226	6.62e-23	95.5
WP_011055906.1	MER0001229|M16.003|M16B	29.4	23.1	99.1	214	1.46e-22	94.0
WP_011055906.1	MER0004423|M16.A20|M16B	28.9	20.2	83.1	194	5.01e-19	84.0
WP_011055906.1	MER0001233|M16.A05|M16B	27.9	22.1	87.6	219	6.92e-19	84.0
WP_011055906.1	MER0002008|M16.004|M16B	28.0	21.8	85.6	211	2.69e-16	76.3
WP_011055906.1	MER0122186|M16.A14|M16A	31.8	18.9	87.0	179	5.13e-15	71.6
WP_011055906.1	MER0014056|M16.012|M16C	31.0	19.0	47.8	197	3.54e-14	72.4
WP_011055906.1	MER0015259|M16.017|M16A	31.3	16.2	70.8	150	4.02e-14	69.3
WP_011055906.1	MER0014096|M16.018|M16C	29.7	18.8	57.5	195	5.01e-14	71.2
WP_011055906.1	MER0003823|M16.A09|M16A	32.4	16.0	69.8	148	1.83e-13	67.4
WP_011055906.1	MER0001222|M16.001|M16A	29.7	18.9	85.2	182	2.34e-13	67.0
WP_011055906.1	MER0188967|M16.A18|M16C	27.3	18.2	39.9	183	3.07e-13	69.7
WP_011055906.1	MER0011096|M16.A01|M16A	30.0	16.2	70.8	150	3.35e-13	66.6
WP_011055906.1	MER0023436|M16.A12|M16C	29.4	19.4	91.3	194	4.07e-13	66.2
WP_011055906.1	MER0001214|M16.002|M16A	31.3	15.9	76.6	147	7.78e-13	65.1
WP_011055906.1	MER0011744|M16.A02|M16A	29.3	19.0	85.8	184	1.12e-12	65.1
WP_011055906.1	MER0014333|M16.A03|M16B	28.2	21.7	85.6	209	1.10e-11	62.8
WP_011055906.1	MER0002345|M16.A08|M16A	28.2	18.9	85.4	181	1.26e-11	62.0
WP_011055906.1	MER0003909|M16.A04|M16C	27.0	18.5	37.5	185	1.18e-10	61.6
WP_011055906.1	MER0001220|M16.005|M16A	26.9	19.4	89.9	186	2.36e-10	58.2
WP_011055906.1	MER0026957|M16.977|M16B	25.0	17.4	73.4	160	2.78e-10	58.2
WP_011055906.1	MER0011292|M16.A07|M16A	28.5	13.3	53.0	123	3.38e-10	58.2
WP_011055986.1	MER0017637|M41.024|M41	64.4	38.1	95.1	233	9.44e-103	308
WP_011055986.1	MER0002563|M41.020|M41	63.1	38.1	95.1	233	3.75e-102	307
WP_011055986.1	MER0002408|M41.017|M41	56.6	38.4	93.5	235	4.62e-79	247
WP_011055986.1	MER0002602|M41.009|M41	47.0	38.4	86.5	236	2.58e-68	220
WP_011055986.1	MER0005466|M41.021|M41	47.1	39.4	98.8	242	3.04e-68	219
WP_011055986.1	MER0001620|M41.001|M41	44.8	39.4	84.1	241	4.23e-68	220
WP_011055986.1	MER0011745|M41.005|M41	50.8	38.4	88.8	236	5.15e-63	206
WP_011055986.1	MER0015199|M41.015|M41	46.1	39.4	83.9	241	2.58e-62	204
WP_011055986.1	MER0015137|M41.025|M41	49.6	38.4	89.8	236	3.52e-62	203
WP_011055986.1	MER0015193|M41.019|M41	46.6	38.4	97.1	238	4.30e-60	197
WP_011055986.1	MER0015197|M41.013|M41	47.2	38.4	87.3	235	5.84e-60	197
WP_011055986.1	MER0015194|M41.A14|M41	44.4	38.2	84.2	234	5.77e-55	184
WP_011055986.1	MER0023544|M41.A10|M41	42.2	38.7	82.2	237	1.11e-51	176
WP_011055986.1	MER0056525|M41.A17|M41	41.3	38.4	89.2	242	2.08e-48	166
WP_011055986.1	MER0015195|M41.A15|M41	38.6	38.4	81.5	236	4.08e-48	166
WP_011055986.1	MER0005496|M41.007|M41	40.1	38.4	83.3	237	4.79e-48	166
WP_011055986.1	MER0190577|M41.A16|M41	39.0	38.6	89.3	236	4.43e-46	160
WP_011055986.1	MER0005755|M41.026|M41	36.6	38.4	96.5	235	1.39e-45	158
WP_011055986.1	MER0002600|M41.002|M41	40.7	38.4	87.5	236	2.29e-45	158
WP_011055986.1	MER0002608|M41.A11|M41	36.5	39.7	88.4	244	8.43e-45	157
WP_011055986.1	MER0171760|M41.A12|M41	36.8	40.7	89.4	250	5.30e-44	155
WP_011055986.1	MER0015609|M41.023|M41	36.4	39.4	83.8	242	1.74e-43	154
WP_011055986.1	MER0002197|M41.004|M41	35.9	38.2	84.2	234	1.74e-43	153
WP_011055986.1	MER0011748|M41.022|M41	36.8	40.0	85.4	247	1.83e-43	154
WP_011055986.1	MER0011224|M41.A09|M41	36.2	38.4	81.5	235	3.59e-43	153
WP_011056091.1	MER0034539|C44.976|C44	37.3	23.0	68.4	153	1.30e-19	84.7
WP_011056147.1	MER0036053|S33.A01|S33	23.9	70.3	81.7	222	3.81e-12	62.0
WP_011056147.1	MER0036054|S33.A02|S33	23.5	88.6	97.8	277	1.40e-11	60.5
WP_011056147.1	MER0033249|S33.981|S33	28.0	28.3	39.2	82	2.78e-04	38.1
WP_011056195.1	MER0214074|S33.019|S33	30.0	26.6	48.9	90	2.96e-07	47.0
WP_011056195.1	MER0199690|S33.A56|S33	30.0	26.6	28.7	90	7.13e-07	47.0
WP_011056233.1	MER0016301|M103.001|M103	29.0	52.8	51.5	255	2.79e-19	87.0
WP_011056233.1	MER0016248|M103.003|M103	23.4	32.6	60.6	158	8.33e-09	53.1
WP_011056233.1	MER0028087|M103.002|M103	23.6	39.7	42.4	199	1.08e-08	53.9
WP_011056260.1	MER0055964|S26.A02|S26A	53.7	77.8	98.7	147	1.93e-55	169
WP_011056260.1	MER0003269|S26.008|S26A	47.3	76.7	94.9	148	2.09e-46	147
WP_011056260.1	MER0015620|S26.A01|S26A	48.3	76.7	94.8	145	7.68e-46	145
WP_011056260.1	MER0002551|S26.024|S26A	39.1	79.4	98.5	202	7.92e-32	111
WP_011056260.1	MER0013626|S26.026|S26A	38.6	71.4	86.9	140	4.05e-29	102
WP_011056260.1	MER0004537|S26.025|S26A	36.1	78.3	97.3	183	5.23e-25	93.2
WP_011056260.1	MER0028421|S26.018|S26A	33.7	78.8	97.5	163	6.99e-25	92.0
WP_011056260.1	MER0016034|S26.020|S26A	36.4	74.1	97.4	162	2.98e-22	85.1
WP_011056260.1	MER0015994|S26.019|S26A	29.3	74.6	95.6	164	4.62e-18	74.3
WP_011056260.1	MER0003273|S26.016|S26A	26.4	76.7	95.1	163	1.33e-17	73.2
WP_011056260.1	MER0002550|S26.004|S26A	31.6	77.8	96.2	158	1.72e-16	70.1
WP_011056260.1	MER0015993|S26.021|S26A	30.7	72.0	89.0	150	3.23e-16	69.3
WP_011056260.1	MER0000592|S26.003|S26A	29.4	79.9	98.7	163	1.26e-15	67.8
WP_011056260.1	MER0001912|S26.005|S26A	30.3	76.7	94.8	155	3.45e-15	66.6
WP_011056260.1	MER0001510|S26.007|S26A	28.4	79.9	98.7	162	1.34e-14	65.1
WP_011056260.1	MER0006313|S26.006|S26A	29.8	65.6	86.1	141	2.36e-14	64.3
WP_011056260.1	MER0000589|S26.001|S26A	27.4	75.7	90.7	234	9.99e-10	53.1
WP_011056260.1	MER0003268|S26.015|S26A	23.2	79.4	98.9	190	1.37e-09	52.0
WP_011056260.1	MER0015611|S26.A06|S26A	28.1	59.8	96.8	114	3.99e-07	43.5
WP_011056260.1	MER0006070|S26.A05|S26A	38.1	32.8	91.8	63	9.89e-07	41.6
WP_011056260.1	MER0000597|S26.002|S26A	28.8	68.3	72.0	132	1.66e-06	43.1
WP_011056279.1	MER0001243|M24.001|M24A	44.8	90.9	94.3	250	4.95e-71	216
WP_011056279.1	MER0005690|M24.A06|M24A	40.7	90.5	98.8	248	8.57e-60	187
WP_011056279.1	MER0015127|M24.A05|M24A	40.7	89.8	98.0	246	6.84e-59	185
WP_011056279.1	MER0013589|M24.A12|M24A	38.4	89.4	100	245	1.03e-56	179
WP_011056279.1	MER0013929|M24.028|M24A	38.5	90.1	96.8	247	5.51e-56	177
WP_011056279.1	MER0015128|M24.A07|M24A	38.6	86.1	93.6	236	8.24e-55	174
WP_011056279.1	MER0001342|M24.017|M24A	39.8	90.9	94.6	249	6.36e-54	172
WP_011056279.1	MER0013450|M24.036|M24A	37.6	87.6	95.2	242	4.14e-46	152
WP_011056279.1	MER0010972|M24.950|M24A	28.4	86.1	88.9	236	1.37e-24	95.9
WP_011056279.1	MER0003880|M24.035|M24A	31.6	74.8	66.4	209	1.74e-22	91.3
WP_011056279.1	MER0004532|M24.034|M24B	33.8	78.5	89.9	219	1.03e-20	85.1
WP_011056279.1	MER0004931|M24.008|M24B	27.3	89.4	95.2	249	3.81e-19	80.9
WP_011056279.1	MER0024896|M24.A13|M24A	32.8	46.7	27.4	134	1.26e-18	82.0
WP_011056279.1	MER0005462|M24.031|M24B	25.6	89.4	95.2	246	4.55e-16	72.4
WP_011056279.1	MER0002038|M24.006|M24B	31.5	50.7	58.7	143	2.62e-09	53.1
WP_011056279.1	MER0001244|M24.004|M24B	23.2	89.1	93.5	263	4.51e-09	52.8
WP_011056279.1	MER0001728|M24.002|M24A	27.2	71.5	56.0	202	2.66e-07	47.8
WP_011056279.1	MER0064643|M24.978|M24X	22.9	60.6	51.9	179	1.20e-05	42.7
WP_011056279.1	MER0005497|M24.973|M24X	22.9	60.6	51.9	179	6.76e-05	40.4
WP_011056279.1	MER0029983|M24.975|M24X	23.1	60.6	52.1	182	1.20e-04	39.7
WP_011056337.1	MER0056037|M79.A04|M79	37.8	56.1	85.4	111	3.90e-26	94.7
WP_011056337.1	MER0056047|M79.006|M79	34.7	36.4	88.8	75	6.00e-06	40.0
WP_011056343.1	MER0036065|S33.A03|S33	27.9	83.6	98.4	262	2.19e-15	71.2
WP_011056343.1	MER0036067|S33.A71|S33	22.8	85.6	83.8	254	2.78e-14	68.6
WP_011056343.1	MER0036054|S33.A02|S33	23.0	82.9	92.7	257	2.62e-11	59.7
WP_011056343.1	MER0036053|S33.A01|S33	23.8	83.2	95.8	260	1.46e-10	57.4
WP_011056343.1	MER0036076|S33.A33|S33	24.1	84.6	79.2	249	4.62e-09	53.1
WP_011056343.1	MER0031617|S33.978|S33	25.3	87.0	89.1	265	1.50e-07	48.5
WP_011056343.1	MER0031610|S33.976|S33	29.4	87.7	82.7	265	2.15e-07	48.1
WP_011056343.1	MER0036062|S33.A07|S33	24.4	82.2	86.0	254	3.52e-07	47.4
WP_011056343.1	MER0036056|S33.A10|S33	22.7	83.9	75.2	264	7.30e-07	46.6
WP_011056343.1	MER0036068|S33.A19|S33	24.0	84.9	82.7	254	2.87e-06	44.7
WP_011056343.1	MER0014065|S33.974|S33	30.7	37.0	34.1	114	1.77e-05	42.4
WP_011056343.1	MER0044578|S33.A28|S33	28.8	35.3	31.0	111	7.77e-05	40.4
WP_011056343.1	MER0003280|S33.990|S33	31.3	32.5	34.4	99	1.21e-04	39.7
WP_011056343.1	MER0036049|S33.A05|S33	21.2	79.5	84.3	245	1.55e-04	39.3
WP_011056343.1	MER0036073|S33.A35|S33	22.5	75.0	67.1	231	1.72e-04	39.3
WP_011056343.1	MER0011785|S33.009|S33	26.7	36.6	34.2	120	1.75e-04	39.3
WP_011056343.1	MER0036075|S33.A73|S33	32.1	34.6	30.8	109	3.17e-04	38.5
WP_011056360.1	MER0000474|S14.001|S14	65.0	87.3	93.7	200	8.64e-92	265
WP_011056360.1	MER0005687|S14.A01|S14	66.5	79.5	83.4	182	1.21e-80	237
WP_011056360.1	MER0002211|S14.003|S14	57.2	84.7	90.8	194	8.79e-75	222
WP_011056360.1	MER0004857|S14.008|S14	58.7	85.2	91.3	196	9.48e-72	214
WP_011056360.1	MER0006046|S14.A02|S14	52.8	85.2	91.3	195	3.83e-71	213
WP_011056360.1	MER0004855|S14.A03|S14	56.7	77.7	82.3	178	7.65e-69	207
WP_011056360.1	MER0004847|S14.009|S14	52.6	85.2	91.3	196	1.49e-68	206
WP_011056360.1	MER0002299|S14.A04|S14	53.1	84.7	93.5	194	3.89e-67	202
WP_011056360.1	MER0006063|S14.010|S14	52.1	82.1	87.0	188	2.09e-63	193
WP_011056360.1	MER0006308|S14.002|S14	44.9	85.2	98.0	198	1.36e-53	168
WP_011056360.1	MER0006056|S14.011|S14	48.3	77.7	81.0	178	9.75e-52	164
WP_011056360.1	MER0004182|S14.006|S14	42.9	83.4	89.2	191	1.58e-48	155
WP_011056360.1	MER0011666|S14.005|S14	41.9	77.3	91.5	179	4.33e-39	130
WP_011056360.1	MER0001369|S14.007|S14	40.3	31.4	55.0	72	8.79e-14	63.2
WP_011056378.1	MER0005466|M41.021|M41	51.7	37.3	96.7	232	1.48e-71	228
WP_011056378.1	MER0002602|M41.009|M41	47.6	37.0	86.1	231	2.21e-60	199
WP_011056378.1	MER0056525|M41.A17|M41	45.9	37.2	89.2	231	4.18e-56	187
WP_011056378.1	MER0171760|M41.A12|M41	39.3	42.8	98.1	267	8.73e-55	184
WP_011056378.1	MER0002600|M41.002|M41	44.8	37.2	87.5	230	1.34e-54	183
WP_011056378.1	MER0011120|M41.A04|M41	45.7	38.1	91.7	243	9.21e-53	179
WP_011056378.1	MER0002408|M41.017|M41	42.1	37.5	94.3	235	1.42e-52	177
WP_011056378.1	MER0015197|M41.013|M41	44.1	37.0	86.9	229	7.79e-52	176
WP_011056378.1	MER0015690|M41.A03|M41	44.6	37.6	90.6	240	1.29e-51	176
WP_011056378.1	MER0001620|M41.001|M41	40.9	38.3	85.2	242	4.14e-51	175
WP_011056378.1	MER0023544|M41.A10|M41	44.5	37.0	81.1	229	3.29e-50	172
WP_011056378.1	MER0017637|M41.024|M41	42.7	36.8	95.1	234	3.75e-50	171
WP_011056378.1	MER0002605|M41.003|M41	42.6	37.2	84.2	230	4.79e-50	171
WP_011056378.1	MER0002563|M41.020|M41	41.9	36.8	95.1	234	5.20e-50	171
WP_011056378.1	MER0015199|M41.015|M41	41.3	37.8	83.9	235	7.10e-50	171
WP_011056378.1	MER0011224|M41.A09|M41	40.9	37.2	81.5	230	6.29e-49	169
WP_011056378.1	MER0011745|M41.005|M41	42.8	37.5	89.6	236	7.73e-49	168
WP_011056378.1	MER0005496|M41.007|M41	42.2	37.2	83.3	232	3.79e-48	166
WP_011056378.1	MER0015137|M41.025|M41	41.1	37.5	90.6	236	9.74e-48	165
WP_011056378.1	MER0015609|M41.023|M41	40.1	37.5	82.4	232	1.52e-47	165
WP_011056378.1	MER0004454|M41.006|M41	40.9	37.2	82.5	230	5.93e-47	163
WP_011056378.1	MER0011748|M41.022|M41	39.2	37.5	82.5	232	1.53e-45	159
WP_011056378.1	MER0015193|M41.019|M41	41.2	37.5	97.9	238	7.62e-45	156
WP_011056378.1	MER0015194|M41.A14|M41	41.6	37.0	84.2	231	1.17e-44	157
WP_011056378.1	MER0015195|M41.A15|M41	39.6	37.2	81.5	230	2.92e-44	156
WP_011056379.1	MER0016301|M103.001|M103	32.8	91.8	95.7	469	7.71e-68	222
WP_011056379.1	MER0016248|M103.003|M103	26.2	45.5	87.1	225	5.65e-25	100
WP_011056379.1	MER0016222|M103.950|M103	21.6	89.8	93.8	449	1.07e-13	69.7
WP_011056442.1	MER0005837|S16.A06|S16	31.7	16.1	31.3	82	7.81e-05	41.2
WP_011056475.1	MER0237414|M16.970|M16B	27.0	40.4	86.3	204	5.20e-13	65.5
WP_011056486.1	MER0015215|M48.021|M48B	58.7	71.7	100	201	4.45e-80	237
WP_011056486.1	MER0017394|M48.A10|M48B	24.2	55.1	80.8	165	3.35e-07	46.6
WP_011056486.1	MER0006292|M48.010|M48B	34.3	24.3	36.5	67	3.05e-06	43.5
WP_011056486.1	MER0006293|M48.004|M48B	26.7	43.8	66.7	146	4.36e-06	43.5
WP_011056486.1	MER0002637|M48.002|M48B	31.0	21.0	27.8	58	1.06e-04	39.3
WP_011056486.1	MER0173063|M48.A08|M48A	43.2	15.9	16.1	44	4.38e-04	37.7
WP_011056496.1	MER0043475|C26.A05|C26	24.4	68.8	66.0	172	4.80e-08	49.3
WP_011056496.1	MER0042974|C26.A07|C26	31.7	40.9	51.0	101	8.74e-07	45.1
WP_011056496.1	MER0045095|C26.958|C26	29.2	40.9	39.3	106	4.65e-05	40.4
WP_011056496.1	MER0043392|C26.960|C26	27.0	44.9	62.7	111	7.20e-04	36.2
WP_011056513.1	MER0005767|M38.972|M38	33.2	68.2	88.5	304	2.79e-41	145
WP_011056513.1	MER0030136|M38.978|M38	25.6	83.5	97.0	394	3.84e-15	73.6
WP_011056513.1	MER0030143|M38.974|M38	23.8	81.0	95.4	378	9.15e-15	72.4
WP_011056513.1	MER0015112|M38.973|M38	24.9	76.0	89.0	357	5.26e-14	70.1
WP_011056513.1	MER0030149|M38.977|M38	25.1	81.0	95.4	383	2.18e-13	68.2
WP_011056513.1	MER0030151|M38.976|M38	23.5	81.0	95.4	378	3.84e-12	64.3
WP_011056513.1	MER0030155|M38.975|M38	22.7	81.0	95.4	379	5.12e-12	63.9
WP_011056518.1	MER0003290|S01.482|S01C	70.5	39.6	100	156	8.44e-71	216
WP_011056518.1	MER0000268|S01.480|S01C	56.7	39.6	100	157	1.32e-53	172
WP_011056518.1	MER0004673|S01.494|S01C	39.1	66.3	97.0	281	2.27e-52	172
WP_011056518.1	MER0013623|S01.453|S01C	55.7	39.6	100	158	1.21e-50	164
WP_011056518.1	MER0005468|S01.491|S01C	55.9	39.6	100	161	7.83e-50	162
WP_011056518.1	MER0002577|S01.277|S01C	52.3	39.6	100	155	4.04e-48	157
WP_011056518.1	MER0003850|S01.500|S01C	45.8	44.5	98.9	177	4.52e-47	155
WP_011056518.1	MER0011375|S01.476|S01C	51.3	39.6	100	156	1.26e-46	154
WP_011056518.1	MER0004111|S01.442|S01C	51.9	39.6	100	158	1.30e-46	154
WP_011056518.1	MER0000266|S01.273|S01C	50.9	39.6	100	159	8.00e-45	149
WP_011056518.1	MER0004093|S01.278|S01C	49.0	39.6	100	155	5.61e-44	147
WP_011056518.1	MER0028330|S01.329|S01C	48.4	39.6	100	155	1.56e-43	145
WP_011056518.1	MER0001372|S01.274|S01C	49.1	39.6	100	159	4.72e-43	144
WP_011056518.1	MER0014795|S01.284|S01C	47.8	39.6	100	161	2.82e-42	142
WP_011056518.1	MER0006096|S01.A08|S01C	54.2	33.4	100	131	9.21e-42	140
WP_011056518.1	MER0016351|S01.285|S01C	47.1	39.6	100	155	2.52e-41	140
WP_011056518.1	MER0001945|S01.472|S01C	50.3	39.6	100	161	6.73e-39	134
WP_011056518.1	MER0001373|S01.275|S01C	46.9	39.6	100	162	6.92e-38	131
WP_011056518.1	MER0003293|S01.477|S01C	47.4	38.3	100	152	1.53e-36	127
WP_011056518.1	MER0004086|S01.B81|S01C	47.0	36.8	92.0	149	1.25e-34	122
WP_011056518.1	MER0004149|S01.525|S01C	43.6	39.6	100	165	3.64e-33	119
WP_011056518.1	MER0015583|S01.416|S01C	45.6	36.0	97.4	149	5.34e-33	118
WP_011056518.1	MER0016031|S01.364|S01C	45.5	39.6	100	167	2.92e-32	116
WP_011056518.1	MER0022668|S01.447|S01C	40.9	39.6	100	171	9.11e-32	115
WP_011056518.1	MER0010944|S01.474|S01C	41.6	39.6	100	173	9.41e-30	110
WP_011056535.1	MER0094392|C82.003|C82B	42.9	75.0	53.1	63	2.77e-12	54.7
WP_011056535.1	MER0107808|C82.A03|C82A	46.7	71.4	44.4	60	8.23e-12	53.9
WP_011056535.1	MER0107825|C82.A04|C82A	44.3	81.0	47.3	70	4.80e-10	49.3
WP_011056551.1	MER0013976|T02.A02|T02	40.0	34.7	87.8	110	8.28e-12	58.5
WP_011056551.1	MER0003338|T02.002|T02	44.5	34.1	76.2	110	6.08e-11	56.6
WP_011056551.1	MER0003303|T02.A01|T02	46.8	24.4	57.9	79	3.25e-10	54.3
WP_011056551.1	MER0017622|T02.A06|T02	22.4	74.0	92.7	246	1.12e-07	48.9
WP_011056551.1	MER0003299|T02.001|T02	47.5	18.5	41.8	59	2.55e-07	46.2
WP_011056551.1	MER0011465|T02.A04|T02	37.3	18.5	41.3	59	1.64e-04	38.1
WP_011056581.1	MER0002408|M41.017|M41	78.0	39.0	100	246	1.58e-129	378
WP_011056581.1	MER0011745|M41.005|M41	58.5	38.2	93.1	241	9.86e-92	281
WP_011056581.1	MER0015193|M41.019|M41	60.0	37.6	100	240	5.36e-91	278
WP_011056581.1	MER0015137|M41.025|M41	58.5	38.2	94.1	241	1.94e-90	278
WP_011056581.1	MER0002563|M41.020|M41	50.2	36.1	95.1	233	7.71e-67	216
WP_011056581.1	MER0017637|M41.024|M41	51.1	36.1	95.1	233	2.12e-66	214
WP_011056581.1	MER0005466|M41.021|M41	47.9	36.6	96.7	234	9.71e-66	213
WP_011056581.1	MER0002602|M41.009|M41	42.7	37.7	89.1	241	1.09e-57	192
WP_011056581.1	MER0001620|M41.001|M41	40.2	37.6	84.5	239	9.49e-54	182
WP_011056581.1	MER0015199|M41.015|M41	42.9	36.3	82.1	231	1.61e-49	171
WP_011056581.1	MER0015197|M41.013|M41	42.7	36.3	86.9	232	3.28e-47	164
WP_011056581.1	MER0023544|M41.A10|M41	41.4	36.3	81.1	232	4.40e-43	153
WP_011056581.1	MER0056525|M41.A17|M41	40.8	36.5	89.2	233	1.43e-40	145
WP_011056581.1	MER0002608|M41.A11|M41	36.5	36.5	85.4	233	3.08e-40	145
WP_011056581.1	MER0005496|M41.007|M41	34.9	36.5	83.3	232	1.13e-39	143
WP_011056581.1	MER0011748|M41.022|M41	37.9	36.8	82.5	235	3.35e-39	142
WP_011056581.1	MER0015609|M41.023|M41	37.0	36.8	82.4	235	8.27e-39	141
WP_011056581.1	MER0015194|M41.A14|M41	34.6	36.3	84.2	231	9.51e-39	140
WP_011056581.1	MER0190577|M41.A16|M41	35.9	37.4	91.4	237	1.96e-38	139
WP_011056581.1	MER0011224|M41.A09|M41	34.5	36.5	81.5	232	1.13e-37	138
WP_011056581.1	MER0014324|M41.018|M41	35.8	36.5	90.8	232	1.16e-37	137
WP_011056581.1	MER0171760|M41.A12|M41	34.3	42.0	98.1	271	4.18e-37	136
WP_011056581.1	MER0005755|M41.026|M41	35.8	36.6	96.5	232	7.76e-37	134
WP_011056581.1	MER0002600|M41.002|M41	37.3	36.5	87.5	233	8.81e-37	135
WP_011056581.1	MER0002605|M41.003|M41	35.5	35.7	82.3	228	3.55e-35	130
WP_011056605.1	MER0060647|C26.952|C26	40.3	94.8	100	375	1.81e-79	245
WP_011056605.1	MER0044812|C26.A04|C26	50.2	58.4	91.0	225	4.21e-73	225
WP_011056605.1	MER0078640|C26.951|C26	37.6	94.5	100	375	2.45e-72	226
WP_011056605.1	MER0043540|C26.A33|C26	41.6	61.5	95.6	238	3.01e-52	171
WP_011056605.1	MER0045945|C26.963|C26	43.6	46.3	79.4	179	1.70e-49	163
WP_011056605.1	MER0436691|C26.A27|C26	33.1	72.8	91.8	284	2.21e-44	151
WP_011056605.1	MER0046161|C26.956|C26	40.7	50.8	70.4	199	1.06e-42	147
WP_011056605.1	MER0115185|C26.954|C26	52.5	36.4	97.9	141	2.94e-42	142
WP_011056605.1	MER0043537|C26.A31|C26	29.1	45.0	94.1	189	1.70e-13	65.5
WP_011056605.1	MER0044882|C26.A09|C26	25.6	37.4	85.2	156	2.71e-09	53.1
WP_011056605.1	MER0045886|C26.957|C26	25.6	42.9	71.2	180	2.44e-07	48.1
WP_011056605.1	MER0042974|C26.A07|C26	24.9	42.1	87.6	185	7.87e-06	43.1
WP_011056605.1	MER0043195|C26.A30|C26	24.4	35.6	61.2	160	1.60e-05	42.7
WP_011056605.1	MER0045095|C26.958|C26	28.4	31.9	52.4	141	1.30e-04	40.0
WP_011056613.1	MER0437468|C26.A36|C26	44.8	61.7	100	353	4.30e-89	275
WP_011056613.1	MER0065554|C26.964|C26	48.0	44.6	93.3	252	2.84e-74	234
WP_011056613.1	MER0436717|C26.A29|C26	35.8	61.9	100	402	1.24e-60	202
WP_011056715.1	MER0019120|M50.A04|M50B	36.8	47.2	82.8	228	3.41e-39	140
WP_011056715.1	MER0038874|M50.A02|M50B	36.0	49.7	83.9	247	4.14e-34	126
WP_011056715.1	MER0038875|M50.A01|M50B	30.5	51.6	87.6	249	2.03e-29	113
WP_011056776.1	MER0005742|M15.002|M15B	34.1	52.5	100	126	1.31e-16	70.1
WP_011056776.1	MER0001333|M15.010|M15B	33.6	57.1	43.6	140	2.48e-15	70.5
WP_011056776.1	MER0013458|M15.003|M15B	29.9	62.5	78.4	154	5.76e-12	59.7
WP_011056776.1	MER0014983|M15.024|M15B	36.2	42.5	72.7	105	7.04e-11	55.5
WP_011056888.1	MER0036053|S33.A01|S33	33.6	82.1	97.7	259	5.83e-45	150
WP_011056888.1	MER0036054|S33.A02|S33	31.4	80.2	92.7	258	2.40e-38	134
WP_011056888.1	MER0036065|S33.A03|S33	28.8	81.2	98.8	257	1.41e-34	123
WP_011056888.1	MER0036074|S33.A34|S33	22.5	84.7	73.9	311	1.58e-16	76.3
WP_011056888.1	MER0036078|S33.A75|S33	23.6	80.5	86.2	259	7.07e-14	67.0
WP_011056888.1	MER0036064|S33.A16|S33	20.6	84.4	93.2	267	1.24e-10	57.8
WP_011056888.1	MER0036059|S33.A79|S33	20.4	80.5	86.4	304	1.13e-09	55.5
WP_011056888.1	MER0011509|S33.A84|S33	26.4	42.5	44.4	144	1.78e-09	54.7
WP_011056888.1	MER0030163|S33.975|S33	29.2	39.0	44.7	130	1.67e-08	51.6
WP_011056888.1	MER0036066|S33.A04|S33	23.3	81.2	99.6	262	1.39e-06	45.4
WP_011056914.1	MER0000474|S14.001|S14	65.9	88.9	85.0	176	7.71e-80	234
WP_011056914.1	MER0005687|S14.A01|S14	67.3	86.4	81.0	171	2.91e-78	230
WP_011056914.1	MER0006308|S14.002|S14	55.4	97.0	98.5	193	4.79e-76	224
WP_011056914.1	MER0004857|S14.008|S14	65.5	86.4	82.1	171	3.71e-73	217
WP_011056914.1	MER0006046|S14.A02|S14	58.3	88.4	84.5	175	2.00e-70	210
WP_011056914.1	MER0002211|S14.003|S14	58.1	86.9	83.1	172	8.75e-67	201
WP_011056914.1	MER0004847|S14.009|S14	56.3	88.4	84.6	176	1.04e-65	198
WP_011056914.1	MER0004855|S14.A03|S14	51.0	97.0	90.4	192	4.34e-65	196
WP_011056914.1	MER0002299|S14.A04|S14	57.3	86.4	85.1	171	6.77e-65	196
WP_011056914.1	MER0006063|S14.010|S14	52.0	87.4	83.2	173	1.47e-60	185
WP_011056914.1	MER0006056|S14.011|S14	48.6	87.4	81.5	173	1.67e-52	164
WP_011056914.1	MER0004182|S14.006|S14	42.9	91.9	87.7	182	6.05e-51	160
WP_011056914.1	MER0011666|S14.005|S14	45.1	90.9	96.3	182	6.42e-50	157
WP_011056914.1	MER0001369|S14.007|S14	43.1	36.4	55.0	72	2.59e-14	63.9
WP_011056946.1	MER0014135|S16.A04|S16	48.7	56.4	97.4	265	2.65e-75	234
WP_011056946.1	MER0003359|S16.008|S16	25.4	23.5	50.4	118	2.55e-05	42.4
WP_011056999.1	MER0036084|S33.A29|S33	41.2	93.1	94.4	257	2.80e-66	204
WP_011056999.1	MER0043008|S33.A18|S33	39.4	92.3	94.4	254	9.28e-64	198
WP_011056999.1	MER0017142|S33.994|S33	24.0	88.7	95.9	250	4.80e-14	67.0
WP_011056999.1	MER0014065|S33.974|S33	24.7	52.6	43.3	146	6.27e-08	49.7
WP_011056999.1	MER0031610|S33.976|S33	31.2	44.5	38.9	125	8.03e-07	46.2
WP_011057023.1	MER0006087|M03.A01|M03A	58.2	99.6	99.0	699	6.32e-299	830
WP_011057023.1	MER0015119|M03.A02|M03A	55.6	98.6	98.9	720	4.37e-286	798
WP_011057023.1	MER0001161|M03.004|M03A	45.5	98.0	99.4	697	7.70e-205	589
WP_011057023.1	MER0001158|M03.005|M03A	32.0	96.7	97.5	688	5.35e-95	305
WP_011057023.1	MER0001149|M03.001|M03A	30.7	87.7	86.0	622	6.71e-78	260
WP_011057023.1	MER0001942|M03.002|M03A	29.2	87.7	86.9	627	1.54e-74	251
WP_011057023.1	MER0003110|M03.009|M03A	28.8	91.9	93.0	708	2.79e-70	240
WP_011057023.1	MER0108144|M03.A07|M03A	28.2	90.0	94.1	650	1.23e-65	226
WP_011057023.1	MER0001153|M03.003|M03A	27.6	92.0	91.9	666	1.55e-65	226
WP_011057023.1	MER0079465|M03.011|M03A	28.2	79.5	85.2	567	3.73e-59	207
WP_011057023.1	MER0015170|M03.A03|M03A	28.0	83.2	85.5	590	5.06e-50	182
WP_011057023.1	MER0001156|M03.006|M03A	23.9	94.7	92.9	698	1.23e-36	143
WP_011057023.1	MER0059435|M03.A11|M03A	27.7	13.0	13.8	101	2.19e-04	41.2
WP_011057032.1	MER0038875|M50.A01|M50B	41.1	48.1	85.8	236	9.93e-49	166
WP_011057032.1	MER0038874|M50.A02|M50B	39.7	49.8	88.2	247	3.10e-48	164
WP_011057032.1	MER0019120|M50.A04|M50B	33.1	48.6	90.3	248	3.98e-27	107
WP_011057163.1	MER0039464|C14.A03|C14B	36.4	16.3	60.7	110	9.18e-08	49.3
WP_011057163.1	MER0039482|C14.035|C14B	28.4	12.6	43.6	88	6.57e-05	41.2
WP_011057208.1	MER1054487|C44.951|C44	53.4	23.9	100	378	4.64e-131	408
WP_011057208.1	MER0198917|C44.003|C44	41.9	23.9	100	377	4.33e-94	306
WP_011057215.1	MER0000471|S13.002|S13	31.8	89.0	96.1	449	2.14e-35	134
WP_011057215.1	MER0000472|S13.001|S13	25.3	80.6	88.4	415	5.82e-18	82.8
WP_011057215.1	MER0026276|S13.A01|S13	24.5	86.7	96.4	457	8.18e-18	82.4
WP_011057215.1	MER0011571|S13.003|S13	25.0	81.7	89.2	412	4.14e-15	73.9
WP_011057215.1	MER0053015|S13.004|S13	30.5	39.8	50.8	203	1.13e-07	50.4
WP_011057233.1	MER0036065|S33.A03|S33	51.2	86.4	99.6	258	8.38e-86	254
WP_011057233.1	MER0036054|S33.A02|S33	38.3	85.7	93.8	274	4.63e-50	164
WP_011057233.1	MER0036053|S33.A01|S33	36.3	87.1	98.1	267	9.12e-47	155
WP_011057233.1	MER0036074|S33.A34|S33	25.5	88.8	73.4	298	6.34e-20	85.9
WP_011057233.1	MER0031616|S33.013|S33	31.7	42.5	39.5	126	1.26e-12	63.9
WP_011057233.1	MER0011785|S33.009|S33	27.0	82.7	79.7	263	8.14e-12	61.6
WP_011057233.1	MER0036059|S33.A79|S33	24.3	85.4	86.6	305	9.10e-12	61.6
WP_011057233.1	MER0036064|S33.A16|S33	31.6	48.6	54.8	155	2.01e-10	57.0
WP_011057233.1	MER0011509|S33.A84|S33	34.3	35.4	33.3	105	2.03e-10	57.4
WP_011057233.1	MER0044633|S33.A26|S33	35.8	33.3	28.7	106	3.11e-10	57.0
WP_011057233.1	MER0030163|S33.975|S33	29.8	38.4	39.2	114	7.91e-10	55.5
WP_011057233.1	MER0044581|S33.A27|S33	32.7	33.3	28.7	107	2.49e-08	51.2
WP_011057233.1	MER0014065|S33.974|S33	30.4	38.8	34.8	115	3.10e-08	50.8
WP_011057233.1	MER0035973|S33.A14|S33	30.2	42.9	43.6	129	8.59e-08	49.3
WP_011057233.1	MER0044578|S33.A28|S33	31.7	33.3	29.0	104	1.88e-07	48.5
WP_011057233.1	MER0017193|S33.991|S33	33.7	29.9	31.0	89	2.65e-07	47.8
WP_011057233.1	MER0017123|S33.972|S33	39.3	27.2	27.5	84	6.89e-07	46.6
WP_011057233.1	MER0031614|S33.011|S33	23.6	88.1	70.3	271	1.38e-06	45.8
WP_011057233.1	MER0035032|S33.A96|S33	28.4	36.7	35.8	109	9.46e-06	43.1
WP_011057233.1	MER0036075|S33.A73|S33	34.1	28.9	25.4	88	1.03e-05	43.1
WP_011057233.1	MER0037853|S33.984|S33	33.3	31.0	29.5	96	1.32e-05	42.7
WP_011057233.1	MER0213829|S33.A76|S33	32.6	28.9	27.9	95	5.60e-05	40.8
WP_011057233.1	MER0036078|S33.A75|S33	29.8	35.0	32.9	104	1.90e-04	38.9
WP_011057246.1	MER0003514|S41.010|S41A	66.1	38.1	97.6	165	1.02e-71	220
WP_011057246.1	MER0001297|S41.008|S41A	61.4	36.5	93.5	158	1.56e-57	184
WP_011057246.1	MER0003065|S41.009|S41A	56.7	37.9	97.0	164	4.35e-57	182
WP_011057246.1	MER0003413|S41.002|S41A	48.8	37.2	95.3	162	7.14e-47	156
WP_011057246.1	MER0001425|S41.004|S41A	49.4	37.9	97.1	170	8.31e-47	156
WP_011057246.1	MER0005714|S41.A01|S41A	47.4	37.2	95.5	171	2.14e-43	147
WP_011057246.1	MER0015684|S41.A02|S41A	45.6	36.5	93.6	160	2.18e-38	134
WP_011057246.1	MER0004195|S41.007|S41A	44.4	37.2	95.3	162	8.30e-37	129
WP_011057246.1	MER0004196|S41.013|S41A	42.1	37.2	95.3	164	1.22e-35	126
WP_011057246.1	MER0001295|S41.001|S41A	34.9	36.7	94.5	172	1.27e-23	94.4
WP_011057246.1	MER0195376|S41.012|S41A	26.7	27.7	79.8	146	1.85e-06	45.1
WP_011057311.1	MER0044622|C26.A25|C26	52.1	95.5	72.8	192	3.15e-66	201
WP_011057311.1	MER0043394|C26.955|C26	59.4	82.5	100	165	8.46e-63	189
WP_011057311.1	MER0045094|C26.959|C26	51.0	95.5	76.8	192	1.17e-62	191
WP_011057311.1	MER0044882|C26.A09|C26	51.5	80.0	90.7	165	7.01e-56	172
WP_011057311.1	MER0043392|C26.960|C26	42.6	79.5	93.5	162	3.55e-34	116
WP_011057311.1	MER0045095|C26.958|C26	32.9	96.0	78.3	210	2.49e-25	96.3
WP_011057311.1	MER0043195|C26.A30|C26	31.0	93.5	78.8	203	5.41e-23	89.7
WP_011057311.1	MER0044619|C26.A26|C26	28.1	98.5	80.6	199	2.36e-21	85.1
WP_011057311.1	MER0043537|C26.A31|C26	30.4	96.5	97.3	194	3.41e-21	83.6
WP_011057311.1	MER0044889|C26.A21|C26	30.1	72.0	58.3	146	2.34e-13	63.5
WP_011057311.1	MER0045945|C26.963|C26	30.0	68.5	59.2	140	9.39e-13	61.6
WP_011057311.1	MER0043387|C26.950|C26	29.5	72.0	79.5	146	1.65e-10	54.7
WP_011057311.1	MER0044812|C26.A04|C26	25.4	64.5	50.4	130	4.67e-10	54.3
WP_011057311.1	MER0038086|C26.962|C26	26.1	84.5	70.2	184	1.70e-09	52.8
WP_011057311.1	MER0045886|C26.957|C26	26.6	71.0	58.9	143	3.22e-06	43.1
WP_011057311.1	MER0042974|C26.A07|C26	25.6	76.0	79.9	156	1.58e-05	40.8
WP_011057376.1	MER0065588|C26.965|C26	38.6	96.2	99.0	202	1.98e-36	123
WP_011057446.1	MER0001297|S41.008|S41A	68.9	39.8	97.0	164	3.56e-70	216
WP_011057446.1	MER0003514|S41.010|S41A	60.4	39.8	97.0	164	8.33e-59	186
WP_011057446.1	MER0005714|S41.A01|S41A	56.6	38.1	93.3	166	2.09e-55	178
WP_011057446.1	MER0003065|S41.009|S41A	56.3	38.3	93.5	158	4.87e-50	164
WP_011057446.1	MER0003413|S41.002|S41A	50.3	38.3	93.5	159	1.89e-45	152
WP_011057446.1	MER0015684|S41.A02|S41A	50.9	39.6	96.5	165	2.23e-43	146
WP_011057446.1	MER0001425|S41.004|S41A	43.3	38.3	93.7	164	7.13e-35	124
WP_011057446.1	MER0004195|S41.007|S41A	39.6	38.8	94.7	164	3.38e-28	106
WP_011057446.1	MER0004196|S41.013|S41A	37.8	39.1	95.3	164	3.31e-26	100
WP_011057446.1	MER0001295|S41.001|S41A	39.7	31.6	72.0	131	8.53e-21	86.3
WP_011057446.1	MER0195376|S41.012|S41A	24.7	29.1	79.8	146	6.77e-04	37.4
WP_011057449.1	MER0321345|S49.A08|S49B	26.7	52.8	99.5	195	2.66e-26	100
WP_011057449.1	MER0003812|S49.008|S49X	26.7	52.8	94.8	195	4.61e-26	100
WP_011057449.1	MER0001299|S49.001|S49A	29.7	54.7	32.3	202	1.50e-16	77.8
WP_011057449.1	MER0013957|S49.007|S49B	30.1	49.6	89.9	183	5.95e-16	72.4
WP_011057449.1	MER0044046|S49.006|S49B	28.0	44.4	81.1	164	2.41e-12	62.0
WP_011057449.1	MER0011114|S49.004|S49B	21.7	54.7	50.7	203	5.74e-09	53.9
WP_011057449.1	MER0001303|S49.003|S49B	23.3	47.7	83.0	176	2.53e-08	50.4
WP_011057449.1	MER0001300|S49.002|S49B	31.9	18.7	36.6	69	1.36e-04	39.3
WP_011057479.1	MER0004474|M50.003|M50B	39.9	97.0	77.1	358	8.33e-81	248
WP_011057479.1	MER0004471|M50.A10|M50B	39.7	97.0	75.9	358	2.80e-80	247
WP_011057479.1	MER0004480|M50.004|M50B	33.0	84.5	99.7	336	1.19e-36	132
WP_011057479.1	MER0004468|M50.011|M50B	25.2	95.9	99.3	437	4.62e-35	130
WP_011057479.1	MER0897124|M50.A11|M50A	26.3	89.1	93.1	411	3.23e-34	127
WP_011057479.1	MER0004469|M50.005|M50B	30.3	43.5	42.8	178	4.68e-13	66.6
WP_011057521.1	MER0011806|C44.A03|C44	43.1	47.9	94.1	232	1.09e-50	169
WP_011057521.1	MER0004101|C44.A01|C44	41.9	48.3	94.9	234	1.68e-48	164
WP_011057521.1	MER0011781|C44.A02|C44	42.0	46.5	90.7	224	3.57e-46	157
WP_011057521.1	MER0003314|C44.001|C44	39.6	47.9	94.7	255	4.43e-43	150
WP_011057521.1	MER0003327|C44.971|C44	28.9	47.9	93.6	232	2.10e-13	66.6
WP_011057522.1	MER0015682|S09.074|S09C	46.8	47.0	96.4	299	2.22e-79	250
WP_011057522.1	MER0126485|S09.072|S09X	52.3	35.9	94.1	222	4.94e-70	223
WP_011057522.1	MER0003558|S09.A83|S09C	43.2	41.6	99.2	259	5.62e-63	206
WP_011057522.1	MER0140224|S09.B03|S09X	47.8	35.4	94.1	224	4.17e-62	202
WP_011057522.1	MER0018170|S09.057|S09C	41.4	38.0	96.8	244	8.33e-52	176
WP_011057522.1	MER0001920|S09.A77|S09C	37.6	33.0	85.4	210	1.98e-35	130
WP_011057522.1	MER0011583|S09.079|S09D	30.3	33.3	83.5	208	5.79e-20	86.7
WP_011057522.1	MER0017401|S09.071|S09C	28.5	34.1	87.9	214	1.52e-17	79.3
WP_011057522.1	MER0005807|S09.070|S09C	29.8	33.2	72.7	205	3.73e-17	79.0
WP_011057522.1	MER0005994|S09.A03|S09B	25.8	38.2	89.7	244	5.43e-14	69.3
WP_011057522.1	MER0058228|S09.009|S09B	26.8	34.6	88.4	220	5.50e-14	68.9
WP_011057522.1	MER0004923|S09.019|S09B	33.5	24.1	52.4	155	4.72e-12	63.9
WP_011057522.1	MER0000408|S09.004|S09C	25.0	35.3	86.5	228	5.58e-12	63.2
WP_011057522.1	MER0005196|S09.017|S09B	30.0	33.3	81.6	217	2.41e-11	61.2
WP_011057522.1	MER0003229|S09.036|S09A	27.6	40.7	91.6	257	8.12e-09	53.9
WP_011057522.1	MER0000263|S09.012|S09C	25.4	32.5	85.1	209	1.08e-08	53.1
WP_011057522.1	MER0192427|S09.A96|S09C	30.9	21.6	48.0	136	8.54e-08	50.8
WP_011057522.1	MER0004199|S09.A76|S09B	23.2	32.5	87.9	207	5.94e-06	44.7
WP_011057522.1	MER0000401|S09.003|S09B	23.5	33.5	78.0	213	1.86e-05	43.5
WP_011057522.1	MER0005694|S09.076|S09A	26.4	35.6	78.2	227	3.61e-05	42.7
WP_011057562.1	MER0107796|S09.A40|S09C	30.6	65.4	79.9	144	1.66e-06	43.5
WP_011057582.1	MER0001238|M17.A03|M17	50.4	97.2	99.8	500	8.20e-147	426
WP_011057582.1	MER0002271|M17.002|M17	49.3	96.2	99.4	499	1.48e-138	405
WP_011057582.1	MER0004597|M17.A01|M17	59.5	69.2	99.1	353	1.89e-131	382
WP_011057582.1	MER0004598|M17.A02|M17	56.4	69.2	99.4	353	8.38e-122	357
WP_011057582.1	MER0024892|M17.008|M17	52.5	63.0	77.8	316	4.73e-97	296
WP_011057582.1	MER0041673|M17.013|M17	39.9	84.5	88.9	431	1.80e-84	266
WP_011057582.1	MER0035089|M17.010|M17	48.2	62.2	88.3	311	1.76e-82	256
WP_011057582.1	MER0001236|M17.003|M17	37.6	91.5	94.3	466	2.04e-82	261
WP_011057582.1	MER0001235|M17.001|M17	36.8	91.5	93.0	468	2.64e-74	239
WP_011057582.1	MER0003825|M17.016|M17	42.6	65.0	73.8	329	1.69e-69	226
WP_011057582.1	MER0026959|M17.950|M17	44.6	53.3	98.9	269	9.31e-63	202
WP_011057582.1	MER0014397|M17.015|M17	37.9	63.6	89.8	319	1.01e-61	202
WP_011057582.1	MER0003919|M17.005|M17	37.0	74.6	97.6	376	1.38e-59	197
WP_011057582.1	MER0001910|M17.009|M17	36.1	67.8	71.3	355	4.78e-53	183
WP_011057582.1	MER0002497|M17.004|M17	37.2	62.0	73.8	317	9.19e-50	173
WP_011057582.1	MER0013416|M17.006|M17	37.5	62.6	80.7	320	3.49e-49	170
WP_011057582.1	MER0001240|M17.A05|M17	37.4	56.5	58.8	294	1.27e-42	155
WP_011057582.1	MER0011357|M17.A04|M17	35.5	61.0	57.2	318	1.52e-41	152
WP_011057582.1	MER0105906|M17.014|M17	34.9	62.2	66.1	318	2.32e-41	151
WP_011057582.1	MER0079520|M17.011|M17	30.5	44.9	48.3	249	5.99e-25	104
WP_011057582.1	MER0081108|M17.012|M17	31.3	45.3	53.6	256	3.06e-22	96.3
WP_011057596.1	MER0006046|S14.A02|S14	42.9	83.5	83.6	182	1.40e-47	152
WP_011057596.1	MER0000474|S14.001|S14	44.8	83.0	83.1	181	8.94e-46	148
WP_011057596.1	MER0002211|S14.003|S14	42.6	92.7	90.3	202	3.57e-45	146
WP_011057596.1	MER0005687|S14.A01|S14	45.5	81.7	80.1	178	1.01e-42	140
WP_011057596.1	MER0004857|S14.008|S14	45.0	82.6	82.1	180	3.59e-39	131
WP_011057596.1	MER0004847|S14.009|S14	40.1	80.7	80.8	177	5.21e-39	130
WP_011057596.1	MER0006063|S14.010|S14	38.9	84.9	84.6	185	1.04e-38	130
WP_011057596.1	MER0004855|S14.A03|S14	36.3	83.5	82.8	182	6.64e-37	125
WP_011057596.1	MER0002299|S14.A04|S14	40.0	82.6	85.1	180	1.50e-36	124
WP_011057596.1	MER0006056|S14.011|S14	37.9	83.5	81.5	182	8.12e-32	112
WP_011057596.1	MER0004182|S14.006|S14	31.7	85.3	87.2	186	7.95e-30	107
WP_011057596.1	MER0011666|S14.005|S14	34.8	80.7	89.4	178	6.67e-28	101
WP_011057596.1	MER0006308|S14.002|S14	29.8	82.6	87.8	181	2.20e-27	100
WP_011057597.1	MER0191412|I87.001|I87	30.9	30.3	28.1	94	4.11e-05	41.2
WP_011057639.1	MER0004466|M50.006|M50B	32.4	41.0	23.9	68	5.13e-05	38.9
WP_011057641.1	MER0321345|S49.A08|S49B	42.2	62.4	94.0	173	1.86e-45	148
WP_011057641.1	MER0003812|S49.008|S49X	42.2	62.4	89.6	173	3.42e-45	148
WP_011057641.1	MER0044046|S49.006|S49B	39.0	62.8	92.4	172	1.73e-32	115
WP_011057641.1	MER0011114|S49.004|S49B	35.6	63.9	47.5	177	2.39e-29	111
WP_011057641.1	MER0001299|S49.001|S49A	38.3	63.5	30.4	175	2.31e-28	110
WP_011057641.1	MER0013957|S49.007|S49B	33.0	63.9	93.6	176	3.88e-26	98.6
WP_011057641.1	MER0001300|S49.002|S49B	30.6	62.4	91.4	173	8.16e-17	73.6
WP_011057641.1	MER0001303|S49.003|S49B	27.9	60.2	84.5	165	8.05e-14	65.5
WP_011057675.1	MER0069741|M23.009|M23B	37.9	68.2	65.7	132	1.36e-15	68.2
WP_011057675.1	MER0013541|M23.014|M23B	37.1	54.2	100	105	6.55e-13	58.9
WP_011057675.1	MER0003380|M23.011|M23B	35.1	57.3	39.0	111	2.54e-12	60.5
WP_011057675.1	MER0387040|M23.A03|M23B	30.5	60.9	99.0	118	5.20e-10	51.6
WP_011057675.1	MER0066182|M23.A04|M23B	31.1	68.2	54.3	132	1.31e-09	52.4
WP_011057675.1	MER0003376|M23.005|M23B	29.0	62.5	66.9	131	3.94e-05	39.3
WP_011057686.1	MER0069741|M23.009|M23B	49.1	29.7	65.7	114	2.21e-33	119
WP_011057686.1	MER0003380|M23.011|M23B	46.2	27.6	44.0	106	1.12e-23	95.5
WP_011057686.1	MER0001419|M23.004|M23B	38.5	26.6	72.7	104	2.70e-17	75.1
WP_011057686.1	MER0003376|M23.005|M23B	42.6	24.5	58.4	101	3.36e-17	75.5
WP_011057686.1	MER0005300|M23.950|M23B	42.7	25.0	58.9	96	5.90e-17	74.7
WP_011057686.1	MER0013541|M23.014|M23B	40.0	22.1	96.6	85	1.57e-16	71.2
WP_011057686.1	MER0387040|M23.A03|M23B	40.4	25.5	96.1	99	1.69e-16	71.6
WP_011057686.1	MER0066182|M23.A04|M23B	40.4	25.5	49.7	99	1.50e-15	71.6
WP_011057686.1	MER0003906|M23.013|M23B	40.8	25.0	91.5	98	4.30e-15	67.8
WP_011057686.1	MER0003423|M23.012|M23B	35.8	27.9	76.2	109	7.74e-15	68.2
WP_011057727.1	MER0056047|M79.006|M79	45.0	17.1	100	80	1.92e-17	73.9
WP_011057727.1	MER0055284|M79.A10|M79	40.0	16.0	91.5	75	3.28e-13	62.0
WP_011057727.1	MER0056022|M79.A02|M79	32.5	26.3	99.2	123	2.02e-11	58.2
WP_011057727.1	MER0056027|M79.A03|M79	29.3	17.5	69.5	82	9.55e-07	44.7
WP_011057729.1	MER0036054|S33.A02|S33	41.1	84.5	93.8	258	1.05e-64	201
WP_011057729.1	MER0036065|S33.A03|S33	37.9	84.8	99.2	261	1.75e-55	177
WP_011057729.1	MER0036053|S33.A01|S33	37.1	86.8	99.2	267	7.21e-50	163
WP_011057729.1	MER0036074|S33.A34|S33	29.1	89.5	75.1	309	3.09e-29	112
WP_011057729.1	MER0017177|S33.973|S33	35.4	37.5	35.0	113	5.59e-13	65.1
WP_011057729.1	MER0017193|S33.991|S33	27.2	89.9	93.5	279	4.55e-12	62.0
WP_011057729.1	MER0011785|S33.009|S33	25.2	84.1	82.5	278	1.60e-10	57.8
WP_011057729.1	MER0031616|S33.013|S33	22.0	86.5	85.9	287	3.66e-10	56.6
WP_011057729.1	MER0030163|S33.975|S33	23.0	84.8	90.0	269	8.04e-10	55.5
WP_011057729.1	MER0036078|S33.A75|S33	23.2	84.5	87.0	254	1.08e-09	54.7
WP_011057729.1	MER0011509|S33.A84|S33	21.9	86.5	85.4	279	1.21e-09	55.1
WP_011057729.1	MER0044633|S33.A26|S33	33.7	32.4	28.7	101	1.40e-08	52.0
WP_011057729.1	MER0036066|S33.A04|S33	21.8	81.4	95.9	248	2.97e-07	47.4
WP_011057729.1	MER0213829|S33.A76|S33	32.1	32.4	31.9	109	5.64e-07	47.0
WP_011057729.1	MER0036075|S33.A73|S33	30.4	35.5	32.0	112	5.86e-07	47.0
WP_011057729.1	MER0014065|S33.974|S33	24.1	89.2	94.2	311	1.02e-06	46.2
WP_011057729.1	MER0044581|S33.A27|S33	30.1	32.4	28.7	103	2.55e-05	42.0
WP_011057729.1	MER0044578|S33.A28|S33	29.4	32.4	29.0	102	3.38e-05	41.6
WP_011057748.1	MER0011830|T05.002|T05	39.8	54.2	100	231	3.01e-39	137
WP_011057748.1	MER0011829|T05.001|T05	35.7	54.2	99.1	227	4.45e-30	113
WP_011057801.1	MER0069741|M23.009|M23B	40.8	42.3	65.7	120	2.72e-21	85.5
WP_011057801.1	MER0003380|M23.011|M23B	36.8	46.1	53.1	133	1.46e-18	79.7
WP_011057801.1	MER0387040|M23.A03|M23B	37.9	35.9	96.1	103	5.10e-17	72.0
WP_011057801.1	MER0013541|M23.014|M23B	44.0	32.0	98.9	91	1.28e-16	70.5
WP_011057801.1	MER0066182|M23.A04|M23B	37.9	35.9	49.7	103	4.37e-16	72.0
WP_011057801.1	MER0003376|M23.005|M23B	35.4	44.4	72.3	130	5.43e-14	65.5
WP_011057801.1	MER0015415|M23.951|M23B	33.1	41.5	63.5	118	2.89e-13	63.5
WP_011057801.1	MER0001419|M23.004|M23B	34.9	38.0	72.7	109	1.06e-11	58.5
WP_011057801.1	MER0003423|M23.012|M23B	32.5	41.5	82.5	123	2.73e-11	57.4
WP_011057801.1	MER0005300|M23.950|M23B	29.5	46.5	77.3	132	2.90e-11	57.8
WP_011057801.1	MER0001282|M23.002|M23A	31.6	50.0	77.8	152	3.41e-10	55.1
WP_011057801.1	MER0003906|M23.013|M23B	35.5	35.9	98.1	107	7.61e-10	52.4
WP_011057801.1	MER0388771|M23.A06|M23B	32.3	31.7	83.3	99	5.08e-05	38.9
WP_011057801.1	MER0025070|M23.010|M23B	32.3	31.7	80.5	99	5.45e-05	38.9
WP_011057801.1	MER0001281|M23.001|M23A	37.7	18.7	34.1	61	7.14e-04	36.6
WP_011057804.1	MER0042974|C26.A07|C26	29.3	61.7	72.7	150	3.27e-10	54.7
WP_011057804.1	MER0045886|C26.957|C26	30.7	67.8	65.3	166	2.71e-08	49.7
WP_011057804.1	MER0043387|C26.950|C26	29.4	61.3	75.0	143	1.83e-07	46.6
WP_011057804.1	MER0043537|C26.A31|C26	34.3	44.8	54.3	105	2.84e-07	46.2
WP_011057804.1	MER0044889|C26.A21|C26	26.3	57.0	50.8	133	1.20e-04	38.9
WP_011057804.1	MER0038086|C26.962|C26	27.3	61.3	56.0	150	2.23e-04	38.1
WP_011057804.1	MER0043392|C26.960|C26	30.3	60.4	81.7	152	3.52e-04	37.0
WP_011057804.1	MER0045095|C26.958|C26	29.4	43.9	38.2	102	5.61e-04	37.0
WP_011057804.1	MER0066916|C26.A32|C26	33.3	31.3	35.5	75	7.78e-04	36.2
WP_011057804.1	MER0043475|C26.A05|C26	29.4	45.7	43.6	109	9.62e-04	36.2
WP_011057830.1	MER0019759|M01.A25|M01	33.3	23.8	90.5	210	3.26e-29	113
WP_011057830.1	MER0002968|M01.024|M01	30.2	24.3	98.2	215	4.35e-27	107
WP_011057830.1	MER0011440|M01.A09|M01	32.4	22.5	90.9	207	9.59e-26	103
WP_011057830.1	MER0005331|M01.018|M01	29.2	23.6	99.1	209	1.42e-25	102
WP_011057830.1	MER0000997|M01.001|M01	32.0	22.1	92.2	206	4.13e-25	101
WP_011057830.1	MER0006264|M01.A29|M01	34.8	20.5	99.5	184	5.99e-25	99.8
WP_011057830.1	MER0004243|M01.016|M01	33.2	22.1	92.2	202	7.63e-25	100
WP_011057830.1	MER0002078|M01.A28|M01	30.0	25.0	94.9	223	2.85e-24	99.4
WP_011057830.1	MER0002746|M01.010|M01	30.2	25.8	97.9	235	3.87e-24	99.0
WP_011057830.1	MER0011369|M01.A12|M01	32.2	22.4	87.6	199	5.80e-24	98.2
WP_011057830.1	MER0011183|M01.A24|M01	30.1	22.9	91.9	206	7.34e-24	97.8
WP_011057830.1	MER0001012|M01.003|M01	28.8	24.2	99.1	215	1.90e-22	93.6
WP_011057830.1	MER0002003|M01.015|M01	30.4	21.9	88.7	204	2.82e-22	93.2
WP_011057830.1	MER0002060|M01.011|M01	28.2	24.3	98.2	216	4.98e-22	92.4
WP_011057830.1	MER0091680|M01.A31|M01	29.3	22.9	92.2	205	4.98e-22	92.4
WP_011057830.1	MER0005046|M01.021|M01	32.7	21.6	96.0	196	5.75e-22	91.7
WP_011057830.1	MER0011438|M01.A08|M01	31.7	20.4	85.8	189	1.06e-21	91.3
WP_011057830.1	MER0001010|M01.007|M01	31.7	22.5	96.6	202	4.38e-21	89.4
WP_011057830.1	MER0005045|M01.020|M01	33.2	21.6	96.0	196	2.29e-20	87.0
WP_011057830.1	MER0011371|M01.A10|M01	29.2	20.7	88.9	185	5.19e-20	86.3
WP_011057830.1	MER0001009|M01.006|M01	33.3	20.0	84.0	180	1.93e-19	84.7
WP_011057830.1	MER0001185|M01.A15|M01	29.6	22.1	89.9	196	3.96e-19	84.0
WP_011057830.1	MER0011175|M01.A07|M01	28.8	21.7	91.5	198	1.18e-18	82.4
WP_011057830.1	MER0015166|M01.A16|M01	28.4	24.3	97.4	225	1.75e-18	82.4
WP_011057830.1	MER0001003|M01.009|M01	29.1	19.5	94.6	175	2.97e-18	80.5
WP_011057873.1	MER0209507|S09.025|S09X	40.0	29.0	64.2	70	5.86e-05	38.1
WP_011057873.1	MER0213229|S09.952|S09X	37.5	33.6	72.1	80	1.13e-04	37.4
WP_011057873.1	MER0065576|S09.A43|S09X	36.5	33.6	77.1	74	5.75e-04	35.0
WP_011057873.1	MER0200434|S09.941|S09X	36.9	35.0	73.0	84	7.85e-04	35.0
WP_011057891.1	MER0203174|N10.003|N10	56.4	10.8	58.8	94	3.48e-30	114
WP_011057901.1	MER0014065|S33.974|S33	32.8	91.1	93.9	314	1.58e-46	156
WP_011057901.1	MER0031617|S33.978|S33	31.1	92.8	95.4	283	2.74e-38	133
WP_011057901.1	MER0017177|S33.973|S33	29.9	96.6	94.7	314	6.60e-38	133
WP_011057901.1	MER0036053|S33.A01|S33	25.7	89.7	100	284	1.20e-18	80.5
WP_011057901.1	MER0017193|S33.991|S33	34.5	37.1	39.7	110	1.77e-14	68.9
WP_011057901.1	MER0037236|S33.016|S33	28.5	90.7	96.9	274	3.27e-13	65.1
WP_011057901.1	MER0017123|S33.972|S33	34.4	31.6	32.2	96	2.44e-10	57.0
WP_011057901.1	MER0036065|S33.A03|S33	22.9	86.6	98.8	266	3.38e-10	56.2
WP_011057901.1	MER0017033|S33.A15|S33	23.4	87.3	79.0	273	1.08e-09	55.1
WP_011057901.1	MER0036057|S33.A09|S33	23.2	87.3	79.5	272	1.44e-09	54.7
WP_011057901.1	MER0210990|S33.A66|S33	38.4	24.4	21.2	73	3.07e-09	53.9
WP_011057901.1	MER0030163|S33.975|S33	29.7	33.3	34.7	101	4.54e-09	53.1
WP_011057901.1	MER0035973|S33.A14|S33	28.9	33.0	33.8	97	8.02e-09	52.4
WP_011057901.1	MER0031616|S33.013|S33	26.2	40.2	40.5	126	5.26e-07	47.0
WP_011057901.1	MER0017142|S33.994|S33	31.1	35.1	39.8	103	1.74e-06	45.1
WP_011057901.1	MER0213829|S33.A76|S33	29.9	34.0	33.1	107	4.12e-05	41.2
WP_011057901.1	MER0000432|S33.971|S33	27.2	31.6	30.7	103	4.23e-05	41.2
WP_011057901.1	MER0035032|S33.A96|S33	24.5	33.0	32.5	98	6.99e-05	40.4
WP_011057904.1	MER0203174|N10.003|N10	66.7	8.0	22.5	36	8.10e-11	57.4
WP_011057928.1	MER0033184|M38.979|M38	35.5	83.2	90.5	335	3.01e-61	198
WP_011057928.1	MER0066192|M38.983|M38	31.0	85.5	95.1	329	2.18e-48	164
WP_011057931.1	MER0066354|S13.005|S13	25.8	70.4	97.9	326	9.53e-15	71.6
WP_011057931.1	MER0011571|S13.003|S13	23.8	71.8	87.2	395	1.25e-11	62.8
WP_011057931.1	MER0000472|S13.001|S13	22.3	73.3	88.0	404	2.18e-10	58.9
WP_011058003.1	MER0005768|S51.003|S51	60.2	74.8	96.8	241	2.23e-101	295
WP_011058023.1	MER0024252|C40.009|C40	62.1	55.0	99.2	132	1.36e-55	171
WP_011058023.1	MER0003807|C40.007|C40	42.6	36.7	73.7	94	4.00e-14	63.9
WP_011058023.1	MER0004035|C40.004|C40	35.3	35.0	70.3	85	2.44e-13	61.6
WP_011058023.1	MER0014672|C40.012|C40	33.3	37.5	65.6	93	1.10e-09	52.0
WP_011058023.1	MER0031199|C40.011|C40	38.0	32.9	97.2	79	2.27e-09	49.7
WP_011058023.1	MER0014188|C40.006|C40	35.7	34.6	67.9	84	2.84e-09	50.4
WP_011058023.1	MER0376722|C40.A06|C40	30.6	35.0	80.0	85	9.68e-08	45.8
WP_011058023.1	MER0038100|C40.010|C40	29.2	36.7	63.8	89	9.71e-08	46.6
WP_011058098.1	MER0001244|M24.004|M24B	49.4	61.8	96.9	269	2.52e-87	264
WP_011058098.1	MER0028601|M24.033|M24B	44.0	52.0	82.0	232	6.84e-55	180
WP_011058098.1	MER0013463|M24.026|M24B	36.1	61.8	96.9	269	2.52e-47	160
WP_011058098.1	MER0001248|M24.007|M24B	38.9	50.8	95.3	247	1.81e-43	150
WP_011058098.1	MER0001733|M24.A09|M24B	33.8	60.5	95.5	287	9.77e-43	149
WP_011058098.1	MER0004931|M24.008|M24B	33.7	60.7	96.5	264	1.47e-40	141
WP_011058098.1	MER0005462|M24.031|M24B	31.1	60.7	96.5	264	8.22e-31	115
WP_011058098.1	MER0004532|M24.034|M24B	31.2	61.1	97.4	266	5.23e-28	107
WP_011058098.1	MER0001250|M24.003|M24B	33.9	60.5	97.2	289	2.96e-25	101
WP_011058098.1	MER0002038|M24.006|M24B	26.8	60.7	96.5	265	1.32e-19	84.3
WP_011058098.1	MER0005715|M24.A11|M24B	30.9	58.9	92.3	259	3.67e-19	83.2
WP_011058098.1	MER0002039|M24.005|M24B	28.9	46.9	65.5	211	6.58e-11	59.3
WP_011058098.1	MER0027437|M24.038|M24B	28.7	39.1	57.6	174	2.98e-10	57.4
WP_011058098.1	MER0013929|M24.028|M24A	22.2	47.6	72.6	216	1.04e-07	49.7
WP_011058098.1	MER0015127|M24.A05|M24A	23.6	60.2	98.0	276	1.81e-07	48.9
WP_011058098.1	MER0015128|M24.A07|M24A	22.8	47.6	73.6	219	2.46e-07	48.5
WP_011058098.1	MER0005690|M24.A06|M24A	23.0	54.0	87.1	248	1.40e-06	46.2
WP_011058098.1	MER0013589|M24.A12|M24A	22.2	60.0	100	279	3.22e-06	45.1
WP_011058098.1	MER0001342|M24.017|M24A	24.5	47.6	70.5	216	8.60e-06	43.9
WP_011058250.1	MER0045886|C26.957|C26	45.8	41.7	94.5	225	4.24e-62	201
WP_011058250.1	MER0044889|C26.A21|C26	41.3	43.0	95.0	230	6.56e-58	190
WP_011058250.1	MER0043387|C26.950|C26	42.4	33.1	100	177	2.90e-45	154
WP_011058250.1	MER0042974|C26.A07|C26	38.4	34.4	97.9	190	2.64e-43	149
WP_011058250.1	MER0436735|C26.A34|C26	31.3	41.7	98.9	259	2.48e-42	149
WP_011058250.1	MER0038086|C26.962|C26	38.1	39.6	89.7	226	2.61e-41	146
WP_011058250.1	MER0043537|C26.A31|C26	38.1	33.8	96.3	181	1.58e-39	139
WP_011058250.1	MER0043394|C26.955|C26	33.5	29.5	99.4	164	2.00e-14	68.2
WP_011058250.1	MER0044622|C26.A25|C26	26.6	33.8	72.8	188	5.61e-14	68.9
WP_011058250.1	MER0043392|C26.960|C26	27.5	29.3	92.3	160	8.84e-13	63.5
WP_011058250.1	MER0044882|C26.A09|C26	29.1	27.9	86.3	158	2.86e-12	62.4
WP_011058250.1	MER0044812|C26.A04|C26	26.7	31.0	66.0	172	9.74e-08	50.1
WP_011058250.1	MER0044619|C26.A26|C26	26.1	21.7	49.8	119	1.28e-06	46.6
WP_011058250.1	MER0043475|C26.A05|C26	29.1	23.0	53.2	134	1.89e-06	46.2
WP_011058250.1	MER0043195|C26.A30|C26	26.6	20.9	49.6	124	6.07e-05	41.6
WP_011058250.1	MER0031278|C26.961|C26	28.3	24.3	66.9	173	1.10e-04	40.8
WP_011058252.1	MER0001313|A08.001|A08	33.3	90.5	88.4	150	4.37e-18	73.6
WP_011058268.1	MER0003290|S01.482|S01C	76.3	41.6	100	156	4.03e-79	237
WP_011058268.1	MER0004673|S01.494|S01C	38.1	70.4	98.5	286	4.77e-51	169
WP_011058268.1	MER0005468|S01.491|S01C	51.9	41.6	100	158	3.93e-50	162
WP_011058268.1	MER0000268|S01.480|S01C	52.2	41.6	100	159	6.45e-47	154
WP_011058268.1	MER0004111|S01.442|S01C	52.8	41.6	100	159	1.02e-45	151
WP_011058268.1	MER0004093|S01.278|S01C	48.7	41.6	100	156	2.67e-45	150
WP_011058268.1	MER0002577|S01.277|S01C	49.4	41.6	100	156	3.76e-45	149
WP_011058268.1	MER0028330|S01.329|S01C	47.4	41.6	100	156	1.60e-43	145
WP_011058268.1	MER0013623|S01.453|S01C	49.4	41.6	100	160	2.24e-43	145
WP_011058268.1	MER0011375|S01.476|S01C	47.5	41.6	100	158	9.74e-42	140
WP_011058268.1	MER0001372|S01.274|S01C	49.4	41.6	100	160	2.04e-41	140
WP_011058268.1	MER0006096|S01.A08|S01C	54.5	35.2	100	132	2.65e-41	139
WP_011058268.1	MER0016351|S01.285|S01C	44.9	41.6	100	156	5.16e-41	139
WP_011058268.1	MER0014795|S01.284|S01C	45.7	41.6	100	162	6.18e-41	139
WP_011058268.1	MER0001945|S01.472|S01C	47.2	41.6	100	161	2.40e-40	137
WP_011058268.1	MER0000266|S01.273|S01C	49.4	41.6	100	160	1.19e-39	135
WP_011058268.1	MER0003850|S01.500|S01C	42.7	46.4	98.3	178	8.31e-39	134
WP_011058268.1	MER0001373|S01.275|S01C	45.4	41.6	100	163	1.44e-37	130
WP_011058268.1	MER0004149|S01.525|S01C	44.2	41.6	100	165	3.81e-34	121
WP_011058268.1	MER0015583|S01.416|S01C	42.0	37.9	97.4	150	1.53e-33	119
WP_011058268.1	MER0004086|S01.B81|S01C	44.7	38.7	92.0	152	2.96e-31	113
WP_011058268.1	MER0003293|S01.477|S01C	45.1	38.4	93.3	144	7.79e-31	112
WP_011058268.1	MER0016031|S01.364|S01C	43.8	41.6	100	169	3.39e-30	110
WP_011058268.1	MER0010944|S01.474|S01C	39.9	41.6	100	173	7.55e-30	110
WP_011058268.1	MER0022668|S01.447|S01C	42.0	41.6	100	174	2.84e-29	108
WP_011058294.1	MER0027775|M15.012|M15D	28.3	64.4	96.7	152	1.91e-10	53.9
WP_164920627.1	MER0003290|S01.482|S01C	62.8	40.2	100	156	1.61e-60	189
WP_164920627.1	MER0000268|S01.480|S01C	57.3	40.2	100	157	2.74e-51	166
WP_164920627.1	MER0005468|S01.491|S01C	53.8	40.2	100	158	1.89e-49	161
WP_164920627.1	MER0013623|S01.453|S01C	52.9	40.2	100	157	3.83e-47	155
WP_164920627.1	MER0003850|S01.500|S01C	44.3	44.9	98.3	176	2.53e-44	148
WP_164920627.1	MER0000266|S01.273|S01C	49.1	40.2	100	159	4.14e-43	144
WP_164920627.1	MER0004673|S01.494|S01C	38.9	61.1	88.6	257	3.87e-42	145
WP_164920627.1	MER0011375|S01.476|S01C	48.7	40.2	100	156	4.19e-42	142
WP_164920627.1	MER0002577|S01.277|S01C	47.7	40.2	100	155	1.21e-40	138
WP_164920627.1	MER0004111|S01.442|S01C	48.1	40.2	100	158	2.52e-40	137
WP_164920627.1	MER0004086|S01.B81|S01C	53.1	39.9	100	162	4.36e-40	137
WP_164920627.1	MER0006096|S01.A08|S01C	53.4	33.9	100	131	6.65e-40	135
WP_164920627.1	MER0001372|S01.274|S01C	44.7	40.2	100	159	1.07e-38	133
WP_164920627.1	MER0004093|S01.278|S01C	47.1	40.2	100	155	1.37e-38	132
WP_164920627.1	MER0001945|S01.472|S01C	49.1	40.2	100	159	4.51e-38	131
WP_164920627.1	MER0014795|S01.284|S01C	46.6	40.2	100	161	4.51e-38	131
WP_164920627.1	MER0028330|S01.329|S01C	45.8	40.2	100	155	1.46e-37	130
WP_164920627.1	MER0016351|S01.285|S01C	45.8	40.2	100	155	2.04e-37	129
WP_164920627.1	MER0016031|S01.364|S01C	48.8	40.2	100	166	6.45e-35	123
WP_164920627.1	MER0003293|S01.477|S01C	45.3	38.6	97.3	148	2.11e-34	121
WP_164920627.1	MER0022668|S01.447|S01C	42.7	40.2	100	171	5.54e-34	121
WP_164920627.1	MER0001373|S01.275|S01C	45.1	40.2	100	162	1.46e-33	119
WP_164920627.1	MER0004149|S01.525|S01C	40.6	40.2	100	165	1.83e-30	111
WP_164920627.1	MER0015583|S01.416|S01C	43.1	37.6	100	153	1.41e-29	108
WP_164920627.1	MER0005093|S01.441|S01C	42.5	37.9	94.6	160	3.91e-26	100
WP_164920635.1	MER0004149|S01.525|S01C	29.7	47.7	89.0	155	4.02e-10	54.7
WP_164920635.1	MER0001945|S01.472|S01C	28.1	47.7	88.7	153	1.11e-06	44.7
WP_164920635.1	MER0004086|S01.B81|S01C	25.9	49.7	93.8	158	2.13e-06	43.9
WP_164920635.1	MER0022668|S01.447|S01C	24.7	47.7	86.0	150	2.39e-06	43.9
WP_164920635.1	MER0013623|S01.453|S01C	32.7	47.7	88.2	150	4.71e-06	42.7
WP_164920635.1	MER0004152|S01.282|S01B	28.6	31.8	51.1	98	1.20e-05	42.0
WP_164920635.1	MER0005093|S01.441|S01C	29.4	31.8	58.4	102	2.82e-04	37.7
WP_164920635.1	MER0063616|S01.454|S01C	27.7	49.0	90.6	159	6.48e-04	36.6
WP_164920648.1	MER0080749|T01.022|T01X	52.9	71.9	100	189	2.31e-66	201
WP_164920699.1	MER0000870|A24.001|A24A	37.9	76.7	93.1	219	1.82e-37	129
WP_164920699.1	MER0000869|A24.019|A24A	30.6	50.9	91.4	144	3.96e-14	65.5
WP_164920699.1	MER0002075|A24.A01|A24A	32.2	51.6	97.2	149	6.21e-14	64.7
WP_164920699.1	MER0000876|A24.A10|A24A	35.5	49.1	64.9	141	6.24e-14	66.2
WP_164920699.1	MER0004658|A24.003|A24A	37.1	33.6	61.9	97	6.40e-11	56.6
WP_164920714.1	MER0014721|C56.A01|C56	55.8	77.9	100	156	5.57e-59	179
WP_164920714.1	MER0019092|C56.A06|C56	51.3	77.9	100	156	7.40e-57	174
WP_164920714.1	MER0002455|C56.001|C56	41.5	61.8	85.3	123	6.65e-26	94.4
WP_164920714.1	MER0121992|C56.A02|C56	37.4	61.3	100	123	9.75e-22	83.2
WP_164920714.1	MER0002601|C56.976|C56	38.8	57.3	81.3	116	4.76e-19	76.6
WP_164920780.1	MER0014065|S33.974|S33	35.8	93.8	97.6	321	7.69e-64	201
WP_164920780.1	MER0031617|S33.978|S33	37.9	91.0	94.4	269	1.09e-58	186
WP_164920780.1	MER0017177|S33.973|S33	30.3	95.5	95.0	310	8.80e-43	146
WP_164920780.1	MER0036053|S33.A01|S33	25.6	88.2	100	273	1.34e-16	74.7
WP_164920780.1	MER0017123|S33.972|S33	35.1	36.5	37.2	111	2.67e-12	62.8
WP_164920780.1	MER0017193|S33.991|S33	33.3	41.0	42.6	120	2.10e-10	57.0
WP_164920780.1	MER0036115|S33.B18|S33	29.0	34.7	33.0	100	1.07e-09	55.1
WP_164920780.1	MER0210990|S33.A66|S33	28.9	37.5	37.2	128	1.66e-09	54.7
WP_164920780.1	MER0036075|S33.A73|S33	24.8	41.3	35.8	121	7.38e-07	46.6
WP_164920780.1	MER0044581|S33.A27|S33	25.4	43.1	36.5	130	1.36e-06	45.8
WP_164920780.1	MER0017033|S33.A15|S33	30.2	42.4	41.7	129	1.59e-06	45.4
WP_164920780.1	MER0044578|S33.A28|S33	26.4	35.1	30.1	106	1.81e-06	45.4
WP_164920780.1	MER0035973|S33.A14|S33	29.0	31.9	31.7	93	6.51e-06	43.5
WP_164920780.1	MER0036057|S33.A09|S33	25.5	85.4	79.2	259	9.00e-06	43.1
WP_164920780.1	MER0036067|S33.A71|S33	23.6	83.7	80.8	254	1.18e-05	42.7
WP_164920794.1	MER0066189|S09.946|S09C	28.9	90.5	94.2	239	6.20e-30	109
WP_164920794.1	MER0036050|S33.A17|S33	24.0	85.6	73.8	242	1.71e-08	51.2
WP_164920794.1	MER0036049|S33.A05|S33	24.6	90.5	88.3	252	2.06e-07	47.8
WP_164920794.1	MER0031618|S33.979|S33	37.9	22.1	20.4	58	1.68e-06	45.1
WP_164920794.1	MER0034962|S09.A91|S09X	31.4	28.5	39.1	86	1.40e-04	38.9
WP_164920794.1	MER0025512|S33.010|S33	38.2	20.9	17.7	55	5.80e-04	37.4
WP_164920812.1	MER0016248|M103.003|M103	31.6	51.1	92.4	234	2.79e-29	112
WP_164920848.1	MER0004466|M50.006|M50B	30.7	68.8	91.8	283	9.33e-25	99.8
WP_164920848.1	MER0017395|M50.010|M50B	26.5	30.7	47.3	132	2.38e-06	45.4
WP_164920848.1	MER0004461|M50.009|M50B	31.9	29.2	31.6	141	2.63e-04	39.7
WP_164920854.1	MER0195774|M16.019|M16B	32.3	44.5	99.4	226	1.31e-32	119
WP_164920854.1	MER0003543|M16.973|M16B	25.9	50.1	89.4	255	2.40e-14	69.3
WP_164920854.1	MER0001233|M16.A05|M16B	23.3	52.3	92.1	270	3.98e-11	60.1
WP_164920854.1	MER0015090|M16.975|M16B	24.8	50.3	89.8	258	5.98e-11	59.3
WP_164920854.1	MER0043985|M16.980|M16B	21.1	48.5	83.0	246	1.22e-10	58.5
WP_164920854.1	MER0001229|M16.003|M16B	21.5	45.9	84.3	233	1.28e-10	58.2
WP_164920854.1	MER0014333|M16.A03|M16B	25.4	53.3	93.4	276	7.94e-10	56.2
WP_164920854.1	MER0001222|M16.001|M16A	33.0	17.5	41.6	88	1.05e-08	52.4
WP_164920854.1	MER0003448|M16.016|M16B	19.2	52.1	93.0	266	3.18e-08	51.2
WP_164920854.1	MER0026957|M16.977|M16B	22.9	42.9	76.6	218	3.84e-08	50.8
WP_164920854.1	MER0015259|M16.017|M16A	20.9	34.2	57.1	172	7.46e-06	43.9
WP_164920854.1	MER0122186|M16.A14|M16A	19.6	45.1	89.5	235	1.20e-05	43.1
WP_164920854.1	MER0002008|M16.004|M16B	31.5	10.3	22.5	54	3.86e-05	42.0
WP_164920854.1	MER0001214|M16.002|M16A	19.2	39.2	77.6	198	4.89e-05	41.2
WP_164920854.1	MER0021876|M16.P01|M16B	23.2	48.5	99.0	250	1.66e-04	39.7
WP_164920854.1	MER0001223|M16.006|M16A	24.9	45.1	94.8	233	2.15e-04	39.3
WP_164920854.1	MER0011096|M16.A01|M16A	25.3	14.9	34.4	75	3.38e-04	38.9
WP_164920854.1	MER0001218|M16.008|M16A	19.8	48.3	94.3	257	6.06e-04	38.1
WP_164920908.1	MER0004111|S01.442|S01C	32.2	27.8	88.4	149	1.61e-12	62.4
WP_164920908.1	MER0000268|S01.480|S01C	30.2	30.7	93.5	162	2.94e-10	55.8
WP_164920908.1	MER0001945|S01.472|S01C	28.7	31.2	95.6	167	3.75e-09	52.8
WP_164920908.1	MER0004086|S01.B81|S01C	25.2	27.6	89.5	147	2.47e-08	50.4
WP_164920908.1	MER0005468|S01.491|S01C	29.3	27.8	89.2	150	3.13e-08	50.1
WP_164920908.1	MER0003290|S01.482|S01C	31.1	27.8	90.4	148	2.56e-07	47.4
WP_164920908.1	MER0013623|S01.453|S01C	30.6	27.8	88.2	147	1.12e-06	45.4
WP_164920908.1	MER0016351|S01.285|S01C	27.7	27.8	91.5	148	1.28e-05	42.4
WP_164920908.1	MER0004152|S01.282|S01B	47.2	6.9	20.0	36	1.10e-04	40.0
WP_164920921.1	MER0192427|S09.A96|S09C	24.8	20.6	38.7	121	7.50e-05	41.6
WP_164920934.1	MER0055964|S26.A02|S26A	43.5	73.0	99.3	161	6.83e-42	136
WP_164920934.1	MER0015620|S26.A01|S26A	40.3	73.0	96.7	159	5.67e-36	121
WP_164920934.1	MER0003269|S26.008|S26A	38.7	73.0	96.8	163	1.10e-33	115
WP_164920934.1	MER0013626|S26.026|S26A	38.8	68.4	88.9	147	9.90e-31	107
WP_164920934.1	MER0002551|S26.024|S26A	31.7	74.4	99.0	205	5.22e-26	97.1
WP_164920934.1	MER0003273|S26.016|S26A	32.7	70.7	93.8	159	2.21e-24	91.7
WP_164920934.1	MER0016034|S26.020|S26A	35.6	70.7	98.7	160	7.61e-23	87.4
WP_164920934.1	MER0004537|S26.025|S26A	33.7	74.9	99.5	196	1.29e-21	85.1
WP_164920934.1	MER0028421|S26.018|S26A	33.3	65.6	86.7	144	2.65e-20	80.9
WP_164920934.1	MER0000592|S26.003|S26A	32.9	71.6	94.8	155	6.80e-20	79.7
WP_164920934.1	MER0015993|S26.021|S26A	35.5	68.8	90.9	152	2.56e-19	78.2
WP_164920934.1	MER0002550|S26.004|S26A	31.0	71.6	94.9	155	1.44e-18	76.3
WP_164920934.1	MER0001912|S26.005|S26A	31.0	65.6	86.5	142	3.85e-18	75.1
WP_164920934.1	MER0001510|S26.007|S26A	31.0	71.6	94.9	155	5.51e-18	74.7
WP_164920934.1	MER0015994|S26.019|S26A	34.2	62.3	85.6	146	4.61e-16	69.7
WP_164920934.1	MER0006313|S26.006|S26A	31.7	61.9	86.1	139	7.39e-16	68.9
WP_164920934.1	MER0000589|S26.001|S26A	26.7	73.0	92.7	240	2.58e-14	66.6
WP_164920934.1	MER0003268|S26.015|S26A	30.9	68.8	92.8	178	3.39e-12	59.7
WP_164920934.1	MER0001529|S26.014|S26C	26.4	66.5	89.4	148	7.34e-06	41.6
WP_164920937.1	MER0002408|M41.017|M41	59.0	38.0	97.6	244	9.39e-87	268
WP_164920937.1	MER0015193|M41.019|M41	48.0	37.5	100	244	3.59e-61	201
WP_164920937.1	MER0011745|M41.005|M41	47.3	39.7	97.3	256	3.62e-60	199
WP_164920937.1	MER0015137|M41.025|M41	46.4	39.3	96.9	252	2.43e-59	196
WP_164920937.1	MER0005466|M41.021|M41	44.3	36.6	96.7	237	2.19e-57	191
WP_164920937.1	MER0002563|M41.020|M41	44.0	36.1	95.1	234	9.58e-57	189
WP_164920937.1	MER0017637|M41.024|M41	44.4	36.1	95.1	234	2.59e-56	188
WP_164920937.1	MER0002602|M41.009|M41	41.5	37.9	89.5	246	6.90e-50	171
WP_164920937.1	MER0015197|M41.013|M41	38.7	36.3	86.9	235	5.41e-41	147
WP_164920937.1	MER0015199|M41.015|M41	38.7	36.3	82.1	235	1.60e-39	143
WP_164920937.1	MER0023544|M41.A10|M41	39.8	36.3	81.1	236	1.99e-39	143
WP_164920937.1	MER0015195|M41.A15|M41	35.6	36.4	81.5	236	2.30e-37	137
WP_164920937.1	MER0005496|M41.007|M41	37.3	36.4	83.3	236	2.72e-37	137
WP_164920937.1	MER0001620|M41.001|M41	35.0	37.5	84.5	243	6.53e-36	133
WP_164920937.1	MER0015194|M41.A14|M41	33.6	36.3	84.2	235	1.08e-35	132
WP_164920937.1	MER0011748|M41.022|M41	38.1	35.7	79.9	231	1.84e-35	132
WP_164920937.1	MER0015609|M41.023|M41	38.1	35.7	79.8	231	2.40e-35	131
WP_164920937.1	MER0056525|M41.A17|M41	36.4	36.4	89.2	236	6.86e-35	129
WP_164920937.1	MER0171760|M41.A12|M41	33.3	41.9	98.1	273	6.93e-35	130
WP_164920937.1	MER0011224|M41.A09|M41	35.7	36.4	81.5	238	2.31e-34	129
WP_164920937.1	MER0190577|M41.A16|M41	34.3	37.9	92.6	245	3.78e-34	127
WP_164920937.1	MER0002605|M41.003|M41	36.8	35.7	82.3	231	2.68e-32	122
WP_164920937.1	MER0024898|M41.A13|M41	36.8	35.0	78.9	231	3.38e-32	122
WP_164920937.1	MER0005755|M41.026|M41	33.6	36.3	96.0	235	6.82e-32	120
WP_164920937.1	MER0002608|M41.A11|M41	35.7	36.3	85.1	238	1.85e-31	120
WP_164921020.1	MER0031491|M48.023|M48C	38.5	60.2	96.3	187	2.83e-29	107
WP_164921020.1	MER0042387|M48.019|M48C	37.6	58.1	92.9	170	2.13e-24	94.0
WP_164921020.1	MER0026552|M48.A01|M48C	34.8	52.3	86.5	155	2.47e-18	77.4
WP_164921020.1	MER0026545|M48.018|M48C	29.6	52.3	58.1	159	8.98e-12	60.8
WP_164921020.1	MER0002639|M48.022|M48C	29.6	56.6	94.3	169	9.89e-12	59.3
WP_164921020.1	MER0026496|M48.017|M48C	30.0	54.5	62.3	170	3.43e-10	56.2
WP_164921020.1	MER0002642|M48.A03|M48C	27.7	56.3	93.7	166	4.14e-10	54.7
WP_164921020.1	MER0006292|M48.010|M48B	26.4	50.9	84.8	159	5.04e-07	45.8
WP_164921052.1	MER0002007|M20.008|M20D	39.2	93.3	95.2	380	1.53e-91	278
WP_164921052.1	MER0002655|M20.015|M20D	39.9	92.5	96.3	378	2.74e-85	261
WP_164921052.1	MER0002013|M20.A02|M20D	38.9	94.5	97.5	393	1.10e-79	248
WP_164921052.1	MER0003770|M20.A27|M20D	38.4	93.8	98.9	385	5.82e-77	240
WP_164921052.1	MER0002659|M20.014|M20D	38.5	94.3	97.2	392	6.90e-77	240
WP_164921052.1	MER0002014|M20.A03|M20D	38.6	93.0	94.9	383	7.64e-76	238
WP_164921052.1	MER0005155|M20.A06|M20D	38.9	91.3	96.9	373	2.33e-71	226
WP_164921052.1	MER0005173|M20.A05|M20D	35.7	92.0	98.1	375	1.64e-65	210
WP_164921052.1	MER0005163|M20.009|M20D	32.5	92.0	95.1	372	1.41e-51	171
WP_164921052.1	MER0003581|M20.020|M20D	34.0	81.3	98.5	341	2.31e-46	159
WP_164921052.1	MER0003815|M20.A04|M20D	29.4	92.0	90.7	374	4.10e-44	152
WP_164921052.1	MER0015354|M20.A01|M20D	44.8	42.8	59.0	174	1.38e-40	142
WP_164921052.1	MER0002664|M20.A26|M20D	41.4	35.8	48.2	145	1.47e-23	96.3
WP_164921151.1	MER0003327|C44.971|C44	47.9	37.5	98.7	236	1.43e-65	212
WP_164921151.1	MER0185695|C44.A08|C44	42.4	34.8	100	224	5.10e-56	186
WP_164921151.1	MER0012158|C44.972|C44	32.4	42.2	99.4	340	1.83e-41	150
WP_164921151.1	MER0003350|C44.975|C44	40.3	29.6	100	206	4.82e-39	139
WP_164921151.1	MER0003322|C44.970|C44	37.9	29.1	100	206	1.39e-35	130
WP_164921151.1	MER0011781|C44.A02|C44	31.2	33.7	89.9	221	5.59e-21	89.4
WP_164921151.1	MER0011806|C44.A03|C44	28.9	35.8	94.5	235	7.26e-19	83.2
WP_164921151.1	MER0004101|C44.A01|C44	28.9	35.8	94.5	235	4.48e-18	80.9
WP_164921151.1	MER0003314|C44.001|C44	28.9	26.5	73.7	197	5.03e-12	63.5
WP_197524104.1	MER0073084|M61.002|M61	38.9	79.7	98.2	481	4.15e-95	296
WP_231833755.1	MER0042387|M48.019|M48C	41.1	28.3	95.6	175	7.46e-32	118
WP_231833755.1	MER0031491|M48.023|M48C	27.9	28.3	95.8	183	1.84e-17	77.8
WP_231833755.1	MER0026496|M48.017|M48C	29.0	29.3	70.0	193	8.82e-12	62.8
WP_231833755.1	MER0026552|M48.A01|M48C	33.9	18.3	66.1	115	1.84e-10	57.0
WP_231833755.1	MER0026545|M48.018|M48C	28.4	24.3	57.4	155	1.26e-09	56.2
WP_231833784.1	MER0003065|S41.009|S41A	54.4	40.9	98.8	169	2.61e-49	162
WP_231833784.1	MER0003514|S41.010|S41A	54.3	39.2	95.9	162	2.61e-49	162
WP_231833784.1	MER0001297|S41.008|S41A	49.7	38.9	95.3	161	1.05e-43	147
WP_231833784.1	MER0005714|S41.A01|S41A	45.3	39.4	96.6	172	3.36e-39	135
WP_231833784.1	MER0003413|S41.002|S41A	46.6	38.7	94.7	161	2.79e-38	133
WP_231833784.1	MER0015684|S41.A02|S41A	42.5	38.2	93.6	160	6.26e-35	124
WP_231833784.1	MER0001425|S41.004|S41A	41.9	38.9	95.4	167	5.15e-34	122
WP_231833784.1	MER0004196|S41.013|S41A	33.3	38.4	94.2	162	7.95e-24	94.4
WP_231833784.1	MER0004195|S41.007|S41A	34.0	38.9	95.3	162	2.80e-23	92.8
WP_231833784.1	MER0001295|S41.001|S41A	35.0	39.2	96.2	177	2.38e-21	87.8
WP_231833784.1	MER0030244|S41.954|S41A	31.0	20.0	43.1	87	3.08e-04	38.5
WP_231833784.1	MER0028704|S41.011|S41A	29.6	19.0	48.8	81	4.24e-04	37.7
WP_231833784.1	MER0195376|S41.012|S41A	37.8	10.9	24.6	45	5.02e-04	37.7
WP_231833819.1	MER0094392|C82.003|C82B	30.8	60.5	46.0	52	3.68e-06	38.9
WP_231833843.1	MER0069741|M23.009|M23B	50.0	36.4	65.7	116	3.16e-27	102
WP_231833843.1	MER0003380|M23.011|M23B	45.1	35.1	46.5	113	4.14e-22	90.1
WP_231833843.1	MER0003423|M23.012|M23B	41.0	31.0	69.9	100	3.08e-18	77.0
WP_231833843.1	MER0013541|M23.014|M23B	47.7	27.0	96.6	86	3.80e-18	75.1
WP_231833843.1	MER0001419|M23.004|M23B	37.9	34.5	81.1	116	4.25e-18	76.6
WP_231833843.1	MER0003376|M23.005|M23B	44.2	27.0	55.4	95	4.72e-16	71.6
WP_231833843.1	MER0015415|M23.951|M23B	36.1	52.7	88.2	169	8.98e-15	68.2
WP_231833843.1	MER0003906|M23.013|M23B	36.0	26.6	81.1	86	4.74e-13	61.6
WP_231833843.1	MER0005300|M23.950|M23B	37.1	37.6	77.9	132	1.21e-12	62.0
WP_231833843.1	MER0387040|M23.A03|M23B	35.2	27.6	85.4	88	1.78e-10	54.3
WP_231833843.1	MER0066182|M23.A04|M23B	30.6	32.9	55.8	111	7.65e-10	54.7
WP_231833843.1	MER0025070|M23.010|M23B	35.0	27.9	82.2	100	1.06e-08	49.7
WP_231833843.1	MER0388771|M23.A06|M23B	33.7	26.3	80.7	95	1.94e-06	43.1
