WP_011376956.1	MER0000474|S14.001|S14	42.7	87.3	83.6	192	2.64e-48	154
WP_011376956.1	MER0002211|S14.003|S14	41.4	86.8	83.1	191	3.42e-43	141
WP_011376956.1	MER0006046|S14.A02|S14	37.7	86.8	83.1	191	9.66e-43	140
WP_011376956.1	MER0006063|S14.010|S14	39.3	91.4	87.5	201	1.58e-41	137
WP_011376956.1	MER0005687|S14.A01|S14	37.4	94.1	92.4	214	9.61e-41	135
WP_011376956.1	MER0004847|S14.009|S14	39.8	86.4	82.7	191	1.25e-40	135
WP_011376956.1	MER0004857|S14.008|S14	43.6	85.5	81.2	188	1.72e-40	134
WP_011376956.1	MER0002299|S14.A04|S14	41.1	87.3	86.1	192	3.62e-38	128
WP_011376956.1	MER0004855|S14.A03|S14	36.9	88.6	84.2	195	2.52e-37	126
WP_011376956.1	MER0006056|S14.011|S14	37.6	88.2	82.5	194	1.56e-32	114
WP_011376956.1	MER0004182|S14.006|S14	30.1	89.1	87.2	196	1.81e-28	103
WP_011376956.1	MER0006308|S14.002|S14	30.4	86.4	87.8	191	1.65e-27	100
WP_011376956.1	MER0011666|S14.005|S14	37.7	71.4	79.4	159	1.16e-25	95.9
WP_011819266.1	MER0000474|S14.001|S14	68.4	88.8	91.8	190	1.62e-90	261
WP_011819266.1	MER0005687|S14.A01|S14	64.8	82.2	83.4	176	1.42e-75	224
WP_011819266.1	MER0002211|S14.003|S14	57.3	89.7	92.8	192	4.75e-73	217
WP_011819266.1	MER0006046|S14.A02|S14	54.7	89.7	92.8	192	7.77e-72	214
WP_011819266.1	MER0002299|S14.A04|S14	54.3	86.9	92.5	186	3.96e-68	204
WP_011819266.1	MER0006063|S14.010|S14	54.4	85.0	87.0	182	5.70e-67	202
WP_011819266.1	MER0004855|S14.A03|S14	55.8	80.4	82.3	172	8.34e-67	201
WP_011819266.1	MER0004847|S14.009|S14	51.1	87.4	90.4	188	5.31e-65	197
WP_011819266.1	MER0004857|S14.008|S14	56.0	85.0	87.4	182	2.08e-64	195
WP_011819266.1	MER0006308|S14.002|S14	46.0	86.9	96.4	189	1.43e-54	170
WP_011819266.1	MER0004182|S14.006|S14	46.8	87.9	90.6	188	7.11e-54	168
WP_011819266.1	MER0006056|S14.011|S14	49.7	80.8	81.5	173	2.57e-53	167
WP_011819266.1	MER0011666|S14.005|S14	39.9	79.9	91.5	173	3.04e-38	128
WP_011819266.1	MER0001369|S14.007|S14	40.3	33.6	55.0	72	2.58e-12	58.9
WP_025894163.1	MER0055964|S26.A02|S26A	35.1	84.5	97.3	185	1.47e-26	97.1
WP_025894163.1	MER0015620|S26.A01|S26A	34.0	85.8	96.7	188	2.96e-23	88.6
WP_025894163.1	MER0003269|S26.008|S26A	31.9	85.8	96.8	188	5.14e-21	82.8
WP_025894163.1	MER0002551|S26.024|S26A	30.8	86.3	98.0	208	1.49e-20	82.8
WP_025894163.1	MER0001510|S26.007|S26A	30.5	85.4	96.2	190	2.93e-19	78.2
WP_025894163.1	MER0002550|S26.004|S26A	30.4	85.8	96.8	194	1.17e-17	73.9
WP_025894163.1	MER0028421|S26.018|S26A	28.2	85.8	96.8	195	4.78e-16	69.7
WP_025894163.1	MER0013626|S26.026|S26A	27.5	78.1	84.3	171	8.35e-16	68.9
WP_025894163.1	MER0004537|S26.025|S26A	29.7	84.5	95.7	192	1.20e-15	69.3
WP_025894163.1	MER0000592|S26.003|S26A	27.6	85.8	96.8	192	2.36e-15	67.8
WP_025894163.1	MER0003273|S26.016|S26A	25.6	85.4	96.3	199	1.02e-14	66.2
WP_025894163.1	MER0000589|S26.001|S26A	26.7	81.7	89.1	225	9.97e-14	65.1
WP_025894163.1	MER0001912|S26.005|S26A	29.0	83.6	93.5	186	2.38e-13	62.4
WP_025894163.1	MER0015993|S26.021|S26A	26.9	84.9	95.5	193	1.17e-11	57.8
WP_025894163.1	MER0016034|S26.020|S26A	29.7	74.0	87.7	175	5.90e-11	55.8
WP_025894163.1	MER0015994|S26.019|S26A	28.8	81.7	94.4	198	6.54e-11	55.8
WP_025894163.1	MER0006313|S26.006|S26A	26.2	74.9	86.1	172	2.03e-10	54.3
WP_025894163.1	MER0003268|S26.015|S26A	30.6	46.1	72.2	134	2.15e-09	52.0
WP_025894467.1	MER0000576|S24.003|S24	44.7	82.6	98.3	114	3.29e-31	105
WP_025894467.1	MER0000569|S24.001|S24	37.4	65.9	76.3	91	1.06e-12	57.8
WP_025894467.1	MER0006172|S24.004|S24	38.5	47.1	82.3	65	2.61e-11	53.1
WP_025894467.1	MER0022664|S24.005|S24	33.8	58.0	63.2	80	8.20e-07	42.4
WP_025937511.1	MER0000474|S14.001|S14	61.5	89.7	87.4	182	2.73e-74	220
WP_025937511.1	MER0005687|S14.A01|S14	59.5	91.1	87.2	185	7.82e-70	209
WP_025937511.1	MER0006308|S14.002|S14	47.2	95.1	98.5	193	3.23e-63	191
WP_025937511.1	MER0004857|S14.008|S14	58.1	84.7	82.1	172	8.53e-61	186
WP_025937511.1	MER0002299|S14.A04|S14	55.3	88.2	88.6	179	1.42e-60	185
WP_025937511.1	MER0006046|S14.A02|S14	52.2	88.7	86.5	180	1.71e-60	185
WP_025937511.1	MER0002211|S14.003|S14	52.2	88.7	86.5	180	9.79e-60	183
WP_025937511.1	MER0004847|S14.009|S14	52.5	89.2	87.0	181	4.07e-59	181
WP_025937511.1	MER0004855|S14.A03|S14	50.5	91.6	87.1	186	1.37e-57	177
WP_025937511.1	MER0006063|S14.010|S14	51.4	85.2	82.7	173	1.74e-55	172
WP_025937511.1	MER0006056|S14.011|S14	52.7	81.3	77.3	165	9.96e-53	165
WP_025937511.1	MER0011666|S14.005|S14	44.8	80.8	87.3	165	1.87e-42	138
WP_025937511.1	MER0004182|S14.006|S14	40.8	85.7	85.2	174	7.88e-42	137
WP_025937511.1	MER0001369|S14.007|S14	38.9	35.5	55.0	72	2.05e-14	64.3
WP_025937511.1	MER0042954|S49.005|S49C	29.0	67.0	83.3	138	3.62e-04	36.6
WP_077141376.1	MER0001313|A08.001|A08	34.1	82.9	81.1	135	9.35e-14	62.0
WP_077141418.1	MER0004801|M38.982|M38	70.3	61.0	100	347	5.30e-181	511
WP_077141443.1	MER0014721|C56.A01|C56	33.3	39.4	48.1	87	2.53e-05	40.0
WP_077141443.1	MER0002601|C56.976|C56	42.6	30.3	44.6	68	3.81e-05	39.3
WP_077141454.1	MER0005742|M15.002|M15B	31.3	48.5	90.1	115	2.55e-12	58.5
WP_077141454.1	MER0014983|M15.024|M15B	34.5	46.8	79.5	119	6.80e-11	55.5
WP_077141454.1	MER0013458|M15.003|M15B	35.5	43.0	54.7	107	3.61e-08	48.9
WP_077141467.1	MER0003448|M16.016|M16B	30.2	40.6	74.1	169	7.62e-27	104
WP_077141467.1	MER0003543|M16.973|M16B	24.1	45.0	82.7	187	3.09e-20	85.9
WP_077141467.1	MER0390687|M16.A15|M16B	28.8	39.2	98.2	163	1.42e-19	82.4
WP_077141467.1	MER0026957|M16.977|M16B	28.1	41.1	78.4	171	4.39e-19	82.4
WP_077141467.1	MER0195774|M16.019|M16B	26.6	40.4	95.5	173	1.66e-18	79.7
WP_077141467.1	MER0001229|M16.003|M16B	26.9	41.1	79.2	171	1.29e-17	78.2
WP_077141467.1	MER0043985|M16.980|M16B	26.9	41.1	72.8	171	1.81e-17	78.2
WP_077141467.1	MER0015090|M16.975|M16B	21.7	44.2	81.4	184	5.30e-17	76.6
WP_077141467.1	MER0011292|M16.A07|M16A	34.0	25.2	45.7	106	1.09e-11	61.2
WP_077141467.1	MER0011192|M16.A06|M16A	37.1	24.3	63.4	105	5.77e-11	57.8
WP_077141467.1	MER0004423|M16.A20|M16B	24.7	54.1	91.6	231	2.00e-10	57.4
WP_077141467.1	MER0002008|M16.004|M16B	26.8	38.5	67.8	168	1.01e-09	55.5
WP_077141467.1	MER0001233|M16.A05|M16B	24.7	44.5	80.5	198	2.58e-09	54.3
WP_077141467.1	MER0237414|M16.970|M16B	19.9	44.5	80.8	191	7.89e-09	52.8
WP_077141467.1	MER0003001|M16.A16|M16B	30.1	31.5	73.8	133	2.19e-08	50.4
WP_077141467.1	MER0122186|M16.A14|M16A	25.4	40.1	84.0	169	2.40e-08	50.8
WP_077141467.1	MER0092828|M16.015|M16B	22.1	33.7	88.5	140	5.81e-08	48.9
WP_077141467.1	MER0001218|M16.008|M16A	32.9	35.1	73.1	158	6.76e-08	49.7
WP_077141467.1	MER0003823|M16.A09|M16A	25.6	36.5	75.5	160	1.65e-07	48.5
WP_077141467.1	MER0011096|M16.A01|M16A	22.6	40.1	82.5	186	1.65e-07	48.5
WP_077141467.1	MER0011744|M16.A02|M16A	27.4	35.6	73.6	157	1.65e-07	48.5
WP_077141467.1	MER0002423|M16.A11|M16A	28.7	24.0	47.6	101	2.22e-07	48.1
WP_077141467.1	MER0015259|M16.017|M16A	28.2	40.6	87.3	188	2.22e-07	48.1
WP_077141467.1	MER0169735|M16.021|M16A	22.9	42.8	92.5	188	1.17e-06	45.8
WP_077141467.1	MER0002345|M16.A08|M16A	26.1	36.3	75.0	161	1.32e-06	45.8
WP_077141470.1	MER0002408|M41.017|M41	65.0	38.5	100	246	4.96e-106	318
WP_077141470.1	MER0011745|M41.005|M41	57.2	38.1	93.8	243	3.20e-91	280
WP_077141470.1	MER0015137|M41.025|M41	57.7	37.8	94.1	241	1.60e-90	278
WP_077141470.1	MER0015193|M41.019|M41	58.0	37.2	100	238	4.14e-88	271
WP_077141470.1	MER0002563|M41.020|M41	45.1	35.8	95.1	233	8.23e-60	197
WP_077141470.1	MER0017637|M41.024|M41	45.1	35.8	95.1	233	3.12e-59	196
WP_077141470.1	MER0005466|M41.021|M41	42.3	37.2	99.6	241	1.04e-57	191
WP_077141470.1	MER0002602|M41.009|M41	39.4	37.4	89.1	241	2.45e-52	178
WP_077141470.1	MER0001620|M41.001|M41	36.8	36.4	82.7	234	2.49e-46	162
WP_077141470.1	MER0190577|M41.A16|M41	36.1	37.2	91.8	238	2.65e-42	150
WP_077141470.1	MER0015199|M41.015|M41	36.4	37.2	84.9	239	4.91e-42	150
WP_077141470.1	MER0015197|M41.013|M41	37.9	35.9	86.9	232	4.85e-40	144
WP_077141470.1	MER0005496|M41.007|M41	34.9	36.1	83.3	232	8.04e-39	141
WP_077141470.1	MER0023544|M41.A10|M41	35.0	36.4	82.2	234	1.08e-36	135
WP_077141470.1	MER0015194|M41.A14|M41	33.8	35.9	84.2	231	2.17e-36	134
WP_077141470.1	MER0011224|M41.A09|M41	34.1	36.1	81.5	232	3.80e-36	134
WP_077141470.1	MER0056525|M41.A17|M41	35.2	36.1	89.2	233	1.01e-35	132
WP_077141470.1	MER0002605|M41.003|M41	34.9	36.4	84.9	235	2.69e-35	131
WP_077141470.1	MER0014324|M41.018|M41	33.2	36.1	90.8	232	4.43e-34	127
WP_077141470.1	MER0002600|M41.002|M41	33.5	36.1	87.5	233	1.27e-33	126
WP_077141470.1	MER0005755|M41.026|M41	32.0	35.9	96.0	231	2.92e-33	124
WP_077141470.1	MER0015195|M41.A15|M41	32.3	36.1	81.5	232	5.11e-33	125
WP_077141470.1	MER0024900|M41.A21|M41	29.0	35.2	87.0	224	1.21e-32	123
WP_077141470.1	MER0015609|M41.023|M41	34.2	36.4	82.4	234	2.26e-32	123
WP_077141470.1	MER0002608|M41.A11|M41	31.4	36.1	85.4	236	2.81e-32	122
WP_077141537.1	MER0003514|S41.010|S41A	60.8	37.4	98.2	166	8.16e-64	200
WP_077141537.1	MER0001297|S41.008|S41A	56.5	36.3	95.3	161	7.99e-57	182
WP_077141537.1	MER0003065|S41.009|S41A	53.0	37.4	98.2	166	1.33e-54	176
WP_077141537.1	MER0003413|S41.002|S41A	45.1	36.3	95.3	162	1.34e-45	153
WP_077141537.1	MER0001425|S41.004|S41A	46.2	36.5	96.0	169	2.05e-39	137
WP_077141537.1	MER0005714|S41.A01|S41A	44.6	35.8	94.4	168	2.24e-39	137
WP_077141537.1	MER0015684|S41.A02|S41A	45.1	36.0	94.7	162	4.97e-39	135
WP_077141537.1	MER0004196|S41.013|S41A	41.8	36.5	95.9	165	1.04e-35	127
WP_077141537.1	MER0004195|S41.007|S41A	40.2	37.2	97.6	169	1.43e-32	118
WP_077141537.1	MER0001295|S41.001|S41A	35.8	35.8	94.5	173	6.80e-23	92.4
WP_077141537.1	MER0195376|S41.012|S41A	26.0	27.0	79.8	146	7.45e-04	37.4
WP_077141589.1	MER0055964|S26.A02|S26A	43.5	79.4	100	154	3.91e-41	133
WP_077141589.1	MER0015620|S26.A01|S26A	42.7	78.4	96.1	157	1.42e-39	129
WP_077141589.1	MER0003269|S26.008|S26A	40.1	76.8	94.2	157	8.00e-37	122
WP_077141589.1	MER0028421|S26.018|S26A	32.3	78.9	96.8	167	6.16e-20	79.3
WP_077141589.1	MER0003273|S26.016|S26A	29.8	77.3	95.1	168	7.21e-19	76.6
WP_077141589.1	MER0016034|S26.020|S26A	34.8	73.2	95.5	161	8.43e-19	76.3
WP_077141589.1	MER0004537|S26.025|S26A	34.3	73.2	91.5	172	4.78e-18	75.1
WP_077141589.1	MER0013626|S26.026|S26A	33.3	76.8	94.1	159	1.81e-16	70.1
WP_077141589.1	MER0000592|S26.003|S26A	31.7	77.8	95.5	164	1.01e-15	68.2
WP_077141589.1	MER0015993|S26.021|S26A	29.9	77.3	94.8	164	1.38e-15	67.8
WP_077141589.1	MER0002550|S26.004|S26A	30.6	76.8	94.2	160	1.44e-15	67.8
WP_077141589.1	MER0001510|S26.007|S26A	30.6	76.8	94.2	160	3.93e-15	66.6
WP_077141589.1	MER0015994|S26.019|S26A	32.5	74.7	95.0	169	1.61e-14	65.1
WP_077141589.1	MER0000589|S26.001|S26A	25.8	77.3	91.5	233	3.84e-12	60.1
WP_077141589.1	MER0002551|S26.024|S26A	28.5	79.9	98.5	207	6.28e-12	58.9
WP_077141589.1	MER0003268|S26.015|S26A	29.5	45.9	71.7	129	1.18e-11	57.8
WP_077141589.1	MER0001912|S26.005|S26A	28.9	76.8	94.2	159	7.73e-11	55.1
WP_077141589.1	MER0006313|S26.006|S26A	25.7	66.5	86.1	144	4.63e-08	47.4
WP_077141589.1	MER0000597|S26.002|S26A	37.0	40.7	45.1	81	5.54e-08	47.4
WP_077141589.1	MER0000598|S26.012|S26A	28.5	78.4	95.5	158	8.71e-07	43.5
WP_077141600.1	MER0006087|M03.A01|M03A	44.7	98.7	97.0	694	5.34e-207	595
WP_077141600.1	MER0015119|M03.A02|M03A	43.5	98.7	97.9	719	6.20e-199	575
WP_077141600.1	MER0001161|M03.004|M03A	39.0	99.7	100	703	2.52e-158	470
WP_077141600.1	MER0001158|M03.005|M03A	29.0	91.8	92.2	651	5.01e-76	254
WP_077141600.1	MER0001153|M03.003|M03A	30.3	79.1	78.2	565	2.44e-73	248
WP_077141600.1	MER0001149|M03.001|M03A	29.1	92.1	90.4	653	7.60e-72	243
WP_077141600.1	MER0003110|M03.009|M03A	28.9	95.3	96.2	719	3.48e-71	242
WP_077141600.1	MER0001942|M03.002|M03A	29.9	83.9	82.9	598	6.52e-71	241
WP_077141600.1	MER0108144|M03.A07|M03A	28.0	95.1	94.0	674	4.26e-67	230
WP_077141600.1	MER0079465|M03.011|M03A	27.1	87.8	95.4	632	3.34e-59	207
WP_077141600.1	MER0015170|M03.A03|M03A	24.2	79.1	80.9	557	9.62e-36	140
WP_077141600.1	MER0001156|M03.006|M03A	26.7	66.2	67.4	501	6.73e-35	138
WP_077141600.1	MER0059435|M03.A11|M03A	20.5	34.4	36.4	273	1.19e-06	48.5
WP_077141617.1	MER0061068|M38.A02|M38	54.5	84.2	99.7	297	1.41e-113	329
WP_077141639.1	MER0004466|M50.006|M50B	28.4	69.8	91.8	289	2.95e-18	81.3
WP_077141657.1	MER0056047|M79.006|M79	48.0	16.6	93.8	75	5.16e-15	67.0
WP_077141657.1	MER0056022|M79.A02|M79	39.2	17.4	64.8	79	1.05e-11	58.9
WP_077141657.1	MER0056027|M79.A03|M79	38.7	16.6	63.6	75	6.45e-09	50.8
WP_077141657.1	MER0055284|M79.A10|M79	30.7	16.6	91.5	75	1.43e-06	43.1
WP_077141673.1	MER0002064|M32.006|M32	34.2	94.0	98.5	483	2.27e-90	281
WP_077141673.1	MER0001186|M32.001|M32	33.5	98.6	98.0	511	4.74e-85	268
WP_077141673.1	MER0069021|M32.003|M32	32.9	93.6	94.8	486	3.39e-76	245
WP_077141673.1	MER0017390|M32.002|M32	30.2	95.4	95.8	490	3.16e-71	232
WP_077141673.1	MER0069024|M32.004|M32	30.9	93.8	95.0	486	8.78e-65	215
WP_077141673.1	MER0015184|M32.005|M32	30.9	93.6	93.8	492	2.40e-52	182
WP_077141687.1	MER0001243|M24.001|M24A	45.6	89.2	94.3	250	5.87e-71	216
WP_077141687.1	MER0005690|M24.A06|M24A	37.1	88.9	98.8	248	3.62e-57	181
WP_077141687.1	MER0015127|M24.A05|M24A	37.7	84.6	94.0	236	8.12e-56	177
WP_077141687.1	MER0015128|M24.A07|M24A	36.0	88.5	98.0	247	6.07e-53	170
WP_077141687.1	MER0013450|M24.036|M24A	36.9	88.5	97.6	249	5.09e-52	167
WP_077141687.1	MER0013929|M24.028|M24A	33.5	88.5	96.8	248	1.60e-50	164
WP_077141687.1	MER0001342|M24.017|M24A	34.9	89.2	94.6	249	2.28e-49	161
WP_077141687.1	MER0013589|M24.A12|M24A	36.3	87.8	100	245	3.29e-47	155
WP_077141687.1	MER0003880|M24.035|M24A	31.3	70.6	63.7	201	3.51e-21	87.8
WP_077141687.1	MER0024896|M24.A13|M24A	31.5	57.3	33.5	162	5.59e-19	83.2
WP_077141687.1	MER0004931|M24.008|M24B	28.3	72.0	83.4	205	2.89e-18	78.6
WP_077141687.1	MER0005462|M24.031|M24B	26.2	87.8	95.2	248	3.56e-16	72.8
WP_077141687.1	MER0004532|M24.034|M24B	28.9	72.0	83.3	204	4.82e-16	72.4
WP_077141687.1	MER0064643|M24.978|M24X	25.5	76.3	67.2	231	1.13e-09	55.1
WP_077141687.1	MER0005497|M24.973|M24X	25.5	76.3	67.2	231	6.55e-09	52.8
WP_077141687.1	MER0029983|M24.975|M24X	27.4	58.8	51.5	179	5.17e-07	47.0
WP_077141687.1	MER0047299|M24.977|M24X	30.2	43.4	38.4	129	1.22e-05	42.7
WP_077141699.1	MER0016172|S66.002|S66	26.1	92.7	93.4	291	1.71e-20	86.3
WP_077141755.1	MER0000431|S33.001|S33	45.5	94.3	95.2	301	1.79e-85	256
WP_077141755.1	MER0000436|S33.021|S33	29.6	42.7	43.9	142	1.25e-09	55.1
WP_077141836.1	MER0002563|M41.020|M41	67.4	37.8	95.1	233	9.71e-104	311
WP_077141836.1	MER0017637|M41.024|M41	66.5	37.8	95.1	233	3.04e-102	307
WP_077141836.1	MER0002602|M41.009|M41	45.7	39.5	89.9	245	3.19e-66	214
WP_077141836.1	MER0002408|M41.017|M41	48.5	38.1	93.5	235	6.39e-66	213
WP_077141836.1	MER0001620|M41.001|M41	46.1	39.1	84.1	241	2.10e-64	210
WP_077141836.1	MER0005466|M41.021|M41	42.1	39.1	98.8	242	9.75e-60	196
WP_077141836.1	MER0015199|M41.015|M41	41.4	37.6	81.4	232	4.91e-54	182
WP_077141836.1	MER0011745|M41.005|M41	46.0	38.2	89.2	237	2.00e-53	180
WP_077141836.1	MER0015137|M41.025|M41	44.7	38.2	90.2	237	2.58e-52	177
WP_077141836.1	MER0015193|M41.019|M41	43.5	38.2	97.5	239	2.13e-51	174
WP_077141836.1	MER0023544|M41.A10|M41	42.2	38.4	82.2	237	1.19e-49	171
WP_077141836.1	MER0015197|M41.013|M41	45.0	37.4	85.7	231	1.46e-49	170
WP_077141836.1	MER0005496|M41.007|M41	40.9	38.1	83.3	235	6.98e-47	163
WP_077141836.1	MER0015194|M41.A14|M41	41.0	37.9	84.2	234	1.20e-46	162
WP_077141836.1	MER0056525|M41.A17|M41	38.6	38.1	89.2	236	5.60e-45	157
WP_077141836.1	MER0011224|M41.A09|M41	38.3	38.1	81.5	235	3.94e-44	155
WP_077141836.1	MER0002605|M41.003|M41	40.3	38.4	84.9	238	5.76e-44	155
WP_077141836.1	MER0002600|M41.002|M41	41.2	39.5	91.0	245	8.62e-44	154
WP_077141836.1	MER0015195|M41.A15|M41	36.4	38.1	81.5	236	1.44e-43	154
WP_077141836.1	MER0171760|M41.A12|M41	36.8	40.4	89.4	250	3.91e-43	152
WP_077141836.1	MER0004454|M41.006|M41	38.8	38.1	82.5	237	1.14e-39	143
WP_077141836.1	MER0014324|M41.018|M41	37.0	38.1	90.8	235	5.88e-39	140
WP_077141836.1	MER0015609|M41.023|M41	35.5	39.1	83.8	242	1.01e-38	140
WP_077141836.1	MER0011748|M41.022|M41	34.9	39.7	86.5	249	2.77e-38	139
WP_077141836.1	MER0190577|M41.A16|M41	35.2	38.2	89.3	236	3.32e-38	138
WP_077141864.1	MER0043394|C26.955|C26	53.7	81.8	98.2	162	1.29e-61	186
WP_077141864.1	MER0044622|C26.A25|C26	46.1	97.0	73.2	193	8.75e-55	172
WP_077141864.1	MER0045094|C26.959|C26	44.8	97.5	77.6	194	3.13e-54	170
WP_077141864.1	MER0044882|C26.A09|C26	45.3	83.3	93.4	170	1.98e-52	163
WP_077141864.1	MER0043392|C26.960|C26	38.0	79.3	90.5	158	5.90e-32	110
WP_077141864.1	MER0045095|C26.958|C26	32.4	97.5	78.7	210	5.53e-28	103
WP_077141864.1	MER0043195|C26.A30|C26	34.7	99.0	84.0	216	1.80e-24	93.6
WP_077141864.1	MER0043537|C26.A31|C26	30.8	98.0	97.9	195	1.10e-22	87.4
WP_077141864.1	MER0044619|C26.A26|C26	31.3	98.0	79.3	195	6.08e-21	84.0
WP_077141864.1	MER0044812|C26.A04|C26	33.1	68.2	52.9	136	3.67e-19	79.3
WP_077141864.1	MER0115185|C26.954|C26	33.8	68.2	90.9	139	4.13e-17	71.6
WP_077141864.1	MER0045945|C26.963|C26	32.3	73.7	65.9	155	5.16e-17	73.2
WP_077141864.1	MER0043540|C26.A33|C26	29.7	79.8	69.7	172	1.82e-12	60.8
WP_077141864.1	MER0060647|C26.952|C26	31.5	63.6	35.0	130	9.21e-10	53.9
WP_077141864.1	MER0046161|C26.956|C26	31.1	64.1	44.9	132	3.89e-08	48.9
WP_077141864.1	MER0038086|C26.962|C26	30.4	58.1	46.8	125	8.86e-08	47.8
WP_077141864.1	MER0043475|C26.A05|C26	30.5	54.0	44.0	118	9.58e-04	35.8
WP_077141905.1	MER0014135|S16.A04|S16	42.0	53.6	90.4	245	1.17e-63	204
WP_077141905.1	MER0017402|S16.A11|S16	26.7	25.6	54.5	120	9.52e-10	55.5
WP_077141905.1	MER0003359|S16.008|S16	31.7	17.9	35.0	82	5.77e-06	44.3
WP_077141951.1	MER0015682|S09.074|S09C	41.7	35.9	73.2	230	2.89e-52	179
WP_077141951.1	MER0140224|S09.B03|S09X	41.0	32.1	89.1	212	1.39e-45	159
WP_077141951.1	MER0003558|S09.A83|S09C	36.2	37.0	93.1	243	1.79e-44	156
WP_077141951.1	MER0126485|S09.072|S09X	39.0	32.6	89.0	210	4.19e-42	149
WP_077141951.1	MER0018170|S09.057|S09C	31.8	34.8	93.7	236	2.46e-34	128
WP_077141951.1	MER0000408|S09.004|S09C	25.2	32.1	84.5	218	3.71e-14	69.7
WP_077141951.1	MER0005807|S09.070|S09C	24.7	36.0	82.2	235	4.03e-13	67.0
WP_077141951.1	MER0001920|S09.A77|S09C	22.3	32.1	86.6	215	3.26e-11	60.8
WP_077141951.1	MER0001423|S09.013|S09B	24.9	31.7	87.1	209	2.19e-10	58.2
WP_077141963.1	MER0011830|T05.002|T05	42.7	52.2	100	225	9.74e-46	154
WP_077141963.1	MER0011829|T05.001|T05	32.9	52.2	99.1	228	2.11e-31	116
WP_077141972.1	MER0045886|C26.957|C26	46.0	42.6	94.9	226	1.15e-59	194
WP_077141972.1	MER0044889|C26.A21|C26	41.9	43.4	94.2	229	4.24e-50	169
WP_077141972.1	MER0042974|C26.A07|C26	41.8	35.6	99.5	194	1.57e-47	160
WP_077141972.1	MER0038086|C26.962|C26	40.0	40.0	88.9	225	2.34e-40	143
WP_077141972.1	MER0043387|C26.950|C26	42.7	33.7	100	178	5.29e-40	140
WP_077141972.1	MER0436735|C26.A34|C26	33.5	42.4	98.9	260	2.16e-39	141
WP_077141972.1	MER0043537|C26.A31|C26	38.1	34.3	95.7	181	2.56e-35	127
WP_077141972.1	MER0044882|C26.A09|C26	28.6	30.1	91.2	168	2.47e-15	71.2
WP_077141972.1	MER0044622|C26.A25|C26	31.2	28.6	59.5	154	3.03e-14	69.7
WP_077141972.1	MER0045094|C26.959|C26	29.9	29.9	66.4	167	9.62e-12	62.0
WP_077141972.1	MER0043394|C26.955|C26	28.4	29.0	93.9	155	1.24e-11	60.1
WP_077141972.1	MER0045945|C26.963|C26	24.4	39.2	83.4	213	5.82e-08	50.4
WP_077141972.1	MER0043475|C26.A05|C26	29.1	23.5	53.2	134	7.51e-08	50.4
WP_077141972.1	MER0043540|C26.A33|C26	24.9	31.6	71.1	177	1.49e-07	49.3
WP_077141972.1	MER0043195|C26.A30|C26	24.3	34.1	79.6	210	1.85e-06	46.2
WP_077141972.1	MER0043392|C26.960|C26	25.9	27.7	85.2	147	2.97e-05	41.6
WP_077141972.1	MER0044619|C26.A26|C26	24.3	26.1	57.8	140	4.14e-05	42.0
WP_077141972.1	MER0045095|C26.958|C26	27.5	24.8	49.4	138	2.70e-04	39.7
WP_077141972.1	MER0031288|C26.A28|C26	28.1	24.4	67.5	160	4.18e-04	38.9
WP_077142000.1	MER0003314|C44.001|C44	35.5	48.4	93.2	259	1.18e-28	111
WP_077142000.1	MER0004101|C44.A01|C44	32.2	50.4	100	255	5.69e-28	108
WP_077142000.1	MER0011806|C44.A03|C44	33.3	49.0	93.7	240	7.82e-28	108
WP_077142000.1	MER0011781|C44.A02|C44	33.3	48.4	92.0	237	1.85e-26	104
WP_077142000.1	MER0003327|C44.971|C44	29.3	39.9	77.4	198	9.56e-13	64.7
WP_077142000.1	MER0185695|C44.A08|C44	25.3	43.4	90.0	221	7.89e-10	55.8
WP_077142000.1	MER0003350|C44.975|C44	27.7	35.2	89.3	191	4.67e-07	47.4
WP_077142000.1	MER0012158|C44.972|C44	26.3	44.7	68.0	240	1.84e-06	46.6
WP_077142000.1	MER0003322|C44.970|C44	23.6	33.1	83.0	178	1.29e-04	40.0
WP_077142025.1	MER0065554|C26.964|C26	46.8	47.2	97.4	263	1.17e-78	245
WP_077142025.1	MER0437468|C26.A36|C26	40.3	62.3	99.7	350	7.09e-78	246
WP_077142025.1	MER0436717|C26.A29|C26	33.7	62.5	99.7	401	1.66e-57	194
WP_077142025.1	MER0031278|C26.961|C26	24.6	37.7	79.5	224	7.92e-08	50.4
WP_077142034.1	MER0167725|M100.001|M100	33.8	85.7	32.7	157	1.22e-11	58.9
WP_077142069.1	MER0036065|S33.A03|S33	33.2	86.2	98.8	262	2.77e-53	172
WP_077142069.1	MER0036053|S33.A01|S33	33.7	86.5	97.0	270	8.63e-47	155
WP_077142069.1	MER0036054|S33.A02|S33	32.7	88.8	96.7	281	4.16e-43	146
WP_077142069.1	MER0036074|S33.A34|S33	26.6	88.5	72.9	297	1.12e-22	94.0
WP_077142069.1	MER0011509|S33.A84|S33	24.5	92.4	89.2	298	3.40e-15	71.6
WP_077142069.1	MER0031611|S33.977|S33	23.6	88.5	85.4	276	1.37e-11	60.8
WP_077142069.1	MER0011785|S33.009|S33	33.0	36.2	31.7	112	1.00e-09	55.5
WP_077142069.1	MER0030163|S33.975|S33	34.8	36.8	35.1	112	1.15e-09	55.1
WP_077142069.1	MER0036057|S33.A09|S33	25.0	86.2	78.9	268	5.38e-08	50.1
WP_077142069.1	MER0213829|S33.A76|S33	29.1	39.5	36.2	127	4.47e-07	47.4
WP_077142069.1	MER0036064|S33.A16|S33	27.4	39.8	42.2	124	2.81e-05	41.6
WP_077142069.1	MER0003537|S33.005|S33	19.9	90.1	92.3	281	3.05e-05	41.6
WP_077142069.1	MER0036078|S33.A75|S33	23.6	86.5	87.4	267	3.50e-05	41.2
WP_077142069.1	MER0014065|S33.974|S33	21.5	86.2	89.3	311	1.07e-04	40.0
WP_077142069.1	MER0044581|S33.A27|S33	27.7	40.1	35.7	137	1.12e-04	40.0
WP_077142069.1	MER0044633|S33.A26|S33	28.6	30.9	25.0	98	3.48e-04	38.5
WP_077142076.1	MER0002655|M20.015|M20D	37.1	94.2	97.6	375	3.04e-72	228
WP_077142076.1	MER0002007|M20.008|M20D	34.8	97.5	99.0	394	1.00e-70	224
WP_077142076.1	MER0002659|M20.014|M20D	37.4	94.7	96.2	380	5.94e-69	219
WP_077142076.1	MER0002013|M20.A02|M20D	36.8	94.2	95.9	380	7.70e-67	214
WP_077142076.1	MER0002014|M20.A03|M20D	36.8	93.7	95.2	380	2.16e-65	210
WP_077142076.1	MER0003770|M20.A27|M20D	35.1	92.4	97.1	368	1.69e-58	192
WP_077142076.1	MER0005155|M20.A06|M20D	34.2	90.6	95.8	371	1.09e-52	177
WP_077142076.1	MER0005173|M20.A05|M20D	34.2	91.4	97.1	368	1.00e-50	171
WP_077142076.1	MER0003815|M20.A04|M20D	35.5	45.9	61.0	183	1.57e-30	115
WP_077142076.1	MER0015354|M20.A01|M20D	39.4	43.9	60.3	175	6.52e-30	114
WP_077142076.1	MER0005163|M20.009|M20D	40.5	38.1	57.6	153	9.77e-29	110
WP_077142076.1	MER0003581|M20.020|M20D	26.9	81.7	98.8	342	2.67e-24	99.4
WP_077142076.1	MER0002664|M20.A26|M20D	34.7	37.6	51.1	150	4.69e-20	86.3
WP_077142080.1	MER0003327|C44.971|C44	41.3	37.2	95.3	235	3.19e-50	171
WP_077142080.1	MER0185695|C44.A08|C44	38.2	35.8	100	233	1.37e-43	152
WP_077142080.1	MER0012158|C44.972|C44	32.5	43.4	100	342	7.09e-35	132
WP_077142080.1	MER0003350|C44.975|C44	38.9	30.6	100	211	6.28e-31	117
WP_077142080.1	MER0003322|C44.970|C44	37.4	30.1	100	211	4.93e-29	111
WP_077142080.1	MER0011781|C44.A02|C44	30.8	33.0	83.5	211	2.68e-22	93.2
WP_077142080.1	MER0011806|C44.A03|C44	28.4	33.0	84.0	211	2.95e-19	84.3
WP_077142080.1	MER0004101|C44.A01|C44	28.4	33.0	84.0	211	2.47e-18	81.6
WP_077142080.1	MER0003314|C44.001|C44	35.0	18.4	45.1	120	4.02e-11	60.8
WP_077142085.1	MER0036053|S33.A01|S33	45.0	84.6	97.0	258	9.19e-67	206
WP_077142085.1	MER0036054|S33.A02|S33	35.9	89.0	99.3	276	9.16e-48	158
WP_077142085.1	MER0036065|S33.A03|S33	34.7	84.6	99.2	259	4.49e-43	145
WP_077142085.1	MER0036074|S33.A34|S33	29.7	88.0	73.9	303	5.99e-28	108
WP_077142085.1	MER0031616|S33.013|S33	34.3	31.8	31.2	99	5.04e-10	56.2
WP_077142085.1	MER0011509|S33.A84|S33	33.7	31.8	30.5	98	4.00e-09	53.5
WP_077142085.1	MER0044633|S33.A26|S33	33.6	43.1	37.8	134	2.57e-08	51.2
WP_077142085.1	MER0030163|S33.975|S33	32.6	28.8	30.6	89	6.76e-08	49.7
WP_077142085.1	MER0011785|S33.009|S33	28.8	42.8	40.3	132	7.63e-08	49.7
WP_077142085.1	MER0213829|S33.A76|S33	30.8	40.1	37.5	130	1.35e-07	48.9
WP_077142085.1	MER0036075|S33.A73|S33	35.2	34.1	30.8	108	1.41e-07	48.9
WP_077142085.1	MER0036078|S33.A75|S33	22.6	94.3	99.2	283	7.56e-07	46.2
WP_077142085.1	MER0044578|S33.A28|S33	36.8	27.1	24.7	87	1.95e-06	45.4
WP_077142085.1	MER0036064|S33.A16|S33	29.8	46.8	52.9	141	1.99e-06	45.1
WP_077142085.1	MER0044581|S33.A27|S33	33.0	30.4	27.2	97	4.66e-06	44.3
WP_077142085.1	MER0031617|S33.978|S33	21.5	84.6	88.0	260	1.23e-05	42.7
WP_077142085.1	MER0036069|S33.A38|S33	34.9	26.8	24.3	83	7.97e-05	40.4
WP_077142085.1	MER0017142|S33.994|S33	31.6	26.4	29.7	79	1.09e-04	39.7
WP_077142085.1	MER0014065|S33.974|S33	30.1	26.4	24.4	83	1.84e-04	39.3
WP_077142131.1	MER0024252|C40.009|C40	49.2	47.6	91.3	120	6.76e-37	124
WP_077142131.1	MER0003807|C40.007|C40	36.4	46.4	89.0	121	3.14e-11	56.2
WP_077142136.1	MER1054487|C44.951|C44	48.4	24.6	100	380	4.66e-109	348
WP_077142136.1	MER0198917|C44.003|C44	39.6	24.6	100	379	2.37e-82	272
WP_077142153.1	MER0003290|S01.482|S01C	60.5	41.5	100	157	4.66e-58	183
WP_077142153.1	MER0000268|S01.480|S01C	52.5	41.5	100	158	1.68e-47	155
WP_077142153.1	MER0004673|S01.494|S01C	35.7	68.1	95.6	280	2.94e-44	151
WP_077142153.1	MER0005468|S01.491|S01C	50.0	41.5	100	158	9.62e-44	146
WP_077142153.1	MER0004111|S01.442|S01C	48.7	41.5	100	158	7.30e-42	141
WP_077142153.1	MER0002577|S01.277|S01C	47.4	41.5	100	156	3.75e-41	139
WP_077142153.1	MER0028330|S01.329|S01C	48.1	41.5	100	156	3.75e-41	139
WP_077142153.1	MER0003850|S01.500|S01C	41.5	46.0	97.7	176	2.20e-39	135
WP_077142153.1	MER0001945|S01.472|S01C	45.9	41.5	100	159	1.42e-38	132
WP_077142153.1	MER0016351|S01.285|S01C	44.9	41.5	100	156	1.67e-38	132
WP_077142153.1	MER0001372|S01.274|S01C	47.5	41.5	100	160	9.87e-38	130
WP_077142153.1	MER0004086|S01.B81|S01C	45.1	41.2	100	162	2.31e-37	129
WP_077142153.1	MER0004093|S01.278|S01C	44.2	41.5	100	156	3.48e-37	129
WP_077142153.1	MER0013623|S01.453|S01C	45.6	41.5	100	158	3.48e-37	129
WP_077142153.1	MER0000266|S01.273|S01C	46.9	41.5	100	160	1.05e-36	127
WP_077142153.1	MER0014795|S01.284|S01C	45.1	41.5	100	162	1.60e-36	127
WP_077142153.1	MER0004149|S01.525|S01C	46.1	41.5	100	165	1.89e-35	124
WP_077142153.1	MER0011375|S01.476|S01C	44.9	41.5	100	158	2.04e-35	124
WP_077142153.1	MER0016031|S01.364|S01C	45.8	41.5	100	166	5.65e-35	123
WP_077142153.1	MER0001373|S01.275|S01C	42.6	41.5	100	162	3.36e-34	121
WP_077142153.1	MER0022668|S01.447|S01C	43.3	41.5	100	171	9.87e-33	117
WP_077142153.1	MER0006096|S01.A08|S01C	47.7	35.1	100	132	6.38e-32	114
WP_077142153.1	MER0015583|S01.416|S01C	42.0	37.8	98.0	150	3.47e-28	105
WP_077142153.1	MER0003293|S01.477|S01C	40.5	40.7	100	153	6.06e-27	101
WP_077142153.1	MER0005093|S01.441|S01C	37.7	41.2	100	167	1.33e-26	101
WP_077142186.1	MER0001244|M24.004|M24B	41.9	61.2	99.6	270	1.93e-66	210
WP_077142186.1	MER0028601|M24.033|M24B	40.5	56.9	92.9	257	1.37e-51	172
WP_077142186.1	MER0013463|M24.026|M24B	36.4	61.0	99.2	272	5.63e-47	159
WP_077142186.1	MER0004931|M24.008|M24B	32.0	58.7	96.9	259	1.29e-36	131
WP_077142186.1	MER0001733|M24.A09|M24B	33.0	58.7	96.2	282	1.64e-36	132
WP_077142186.1	MER0001248|M24.007|M24B	33.5	49.0	95.7	245	1.67e-32	120
WP_077142186.1	MER0005462|M24.031|M24B	30.9	58.7	96.9	259	6.58e-32	118
WP_077142186.1	MER0004532|M24.034|M24B	33.1	56.7	93.0	251	5.87e-29	110
WP_077142186.1	MER0005715|M24.A11|M24B	30.0	56.9	92.8	253	4.06e-22	91.7
WP_077142186.1	MER0002038|M24.006|M24B	28.6	49.7	86.5	220	4.48e-21	88.6
WP_077142186.1	MER0001250|M24.003|M24B	29.7	57.6	96.2	286	3.55e-19	84.3
WP_077142186.1	MER0027437|M24.038|M24B	29.9	38.5	60.0	177	9.33e-11	58.9
WP_077142186.1	MER0002039|M24.005|M24B	29.1	44.7	65.1	206	1.36e-08	52.4
WP_077142186.1	MER0004321|M24.009|M24B	26.0	43.8	63.2	200	3.55e-07	48.1
WP_077142186.1	MER0016542|M24.A04|M24B	27.3	35.6	51.1	165	4.05e-06	45.1
WP_077142248.1	MER0002271|M17.002|M17	46.7	96.5	99.4	497	7.25e-129	380
WP_077142248.1	MER0001238|M17.A03|M17	46.3	96.7	99.0	501	3.61e-127	376
WP_077142248.1	MER0004597|M17.A01|M17	58.3	64.7	90.0	321	1.32e-124	364
WP_077142248.1	MER0004598|M17.A02|M17	57.3	64.7	90.3	321	6.66e-122	357
WP_077142248.1	MER0024892|M17.008|M17	50.5	64.7	78.3	319	3.43e-98	298
WP_077142248.1	MER0041673|M17.013|M17	39.1	86.9	90.3	435	4.08e-80	254
WP_077142248.1	MER0035089|M17.010|M17	44.4	63.7	88.6	313	1.38e-79	249
WP_077142248.1	MER0001236|M17.003|M17	35.2	96.5	98.4	491	5.90e-79	251
WP_077142248.1	MER0003825|M17.016|M17	42.5	64.7	72.0	322	2.42e-71	230
WP_077142248.1	MER0001235|M17.001|M17	33.7	94.7	95.1	483	7.26e-65	214
WP_077142248.1	MER0014397|M17.015|M17	38.0	65.7	90.9	324	1.28e-60	199
WP_077142248.1	MER0002497|M17.004|M17	37.2	64.1	74.7	323	7.47e-54	184
WP_077142248.1	MER0026959|M17.950|M17	41.5	53.7	97.4	270	2.02e-53	178
WP_077142248.1	MER0003919|M17.005|M17	39.4	55.3	72.1	274	1.73e-49	171
WP_077142248.1	MER0001910|M17.009|M17	36.4	63.3	63.6	319	2.09e-49	173
WP_077142248.1	MER0105906|M17.014|M17	32.2	66.5	69.3	335	5.07e-40	147
WP_077142248.1	MER0001240|M17.A05|M17	35.0	62.0	63.3	314	1.76e-39	146
WP_077142248.1	MER0013416|M17.006|M17	34.4	65.7	83.0	334	2.66e-38	140
WP_077142248.1	MER0011357|M17.A04|M17	31.5	63.7	58.6	321	1.42e-33	130
WP_077142248.1	MER0081108|M17.012|M17	31.5	46.9	51.7	254	4.02e-21	92.8
WP_077142248.1	MER0079520|M17.011|M17	32.2	29.2	28.7	149	6.09e-17	80.1
WP_077142299.1	MER0005466|M41.021|M41	48.3	37.4	96.7	232	3.79e-67	216
WP_077142299.1	MER0002602|M41.009|M41	45.1	38.1	88.4	237	7.97e-62	203
WP_077142299.1	MER0017637|M41.024|M41	43.5	37.7	97.1	239	4.70e-58	192
WP_077142299.1	MER0002563|M41.020|M41	42.7	37.7	97.1	239	6.56e-58	192
WP_077142299.1	MER0171760|M41.A12|M41	39.0	43.5	99.6	272	6.53e-53	179
WP_077142299.1	MER0023544|M41.A10|M41	43.9	37.1	81.1	230	3.35e-52	177
WP_077142299.1	MER0011120|M41.A04|M41	43.3	37.4	89.8	238	6.77e-51	174
WP_077142299.1	MER0002408|M41.017|M41	40.9	37.6	94.3	235	7.55e-51	173
WP_077142299.1	MER0001620|M41.001|M41	39.7	37.4	82.3	234	5.80e-50	172
WP_077142299.1	MER0015690|M41.A03|M41	42.6	37.3	89.4	237	6.75e-50	171
WP_077142299.1	MER0005496|M41.007|M41	41.6	37.3	83.3	231	1.05e-49	171
WP_077142299.1	MER0056525|M41.A17|M41	40.7	37.3	89.2	231	2.33e-49	169
WP_077142299.1	MER0011224|M41.A09|M41	41.2	37.3	81.5	233	4.60e-49	169
WP_077142299.1	MER0002600|M41.002|M41	42.0	37.3	87.5	231	5.19e-49	168
WP_077142299.1	MER0011745|M41.005|M41	41.5	37.6	89.6	236	1.07e-47	165
WP_077142299.1	MER0002605|M41.003|M41	39.7	38.2	86.4	237	1.27e-47	165
WP_077142299.1	MER0015194|M41.A14|M41	42.2	37.1	84.2	232	8.99e-47	162
WP_077142299.1	MER0015137|M41.025|M41	41.5	37.6	90.6	236	2.58e-46	161
WP_077142299.1	MER0011748|M41.022|M41	39.1	37.6	82.5	233	1.50e-44	157
WP_077142299.1	MER0015195|M41.A15|M41	38.5	37.3	81.5	231	1.54e-44	157
WP_077142299.1	MER0015199|M41.015|M41	37.0	37.9	83.9	235	3.28e-44	156
WP_077142299.1	MER0004454|M41.006|M41	40.7	37.3	82.5	231	3.97e-44	155
WP_077142299.1	MER0015197|M41.013|M41	38.7	37.1	86.9	235	2.55e-43	153
WP_077142299.1	MER0015193|M41.019|M41	40.2	37.6	97.9	241	3.77e-43	152
WP_077142299.1	MER0015609|M41.023|M41	36.9	37.6	82.4	233	2.50e-42	150
WP_077142340.1	MER0004471|M50.A10|M50B	37.6	99.2	76.9	359	7.16e-65	207
WP_077142340.1	MER0004474|M50.003|M50B	36.0	99.2	78.2	358	1.74e-60	196
WP_077142340.1	MER0004468|M50.011|M50B	28.8	88.6	92.1	406	4.91e-33	124
WP_077142340.1	MER0897124|M50.A11|M50A	28.9	88.6	92.1	409	4.68e-32	121
WP_077142340.1	MER0004480|M50.004|M50B	30.1	85.2	99.7	329	6.36e-23	94.7
WP_077142340.1	MER0004469|M50.005|M50B	28.3	47.4	45.3	191	1.06e-11	62.4
WP_077142346.1	MER0321345|S49.A08|S49B	45.6	62.5	91.8	169	3.14e-51	163
WP_077142346.1	MER0003812|S49.008|S49X	45.0	62.5	87.6	169	2.33e-50	161
WP_077142346.1	MER0011114|S49.004|S49B	35.1	71.4	51.7	194	1.54e-30	114
WP_077142346.1	MER0001299|S49.001|S49A	34.6	67.7	31.6	182	7.05e-28	108
WP_077142346.1	MER0013957|S49.007|S49B	34.3	64.3	92.0	175	2.48e-26	99.0
WP_077142346.1	MER0044046|S49.006|S49B	34.3	65.1	93.5	175	4.75e-25	95.5
WP_077142346.1	MER0001300|S49.002|S49B	32.8	65.4	95.2	180	2.89e-20	82.8
WP_077142346.1	MER0001303|S49.003|S49B	26.3	61.7	84.5	167	2.70e-13	63.9
WP_077142367.1	MER0036053|S33.A01|S33	29.5	88.2	99.6	278	7.76e-32	116
WP_077142367.1	MER0036065|S33.A03|S33	28.9	85.0	98.8	273	5.35e-26	100
WP_077142367.1	MER0036054|S33.A02|S33	27.3	84.3	93.1	278	1.54e-19	83.6
WP_077142367.1	MER0011509|S33.A84|S33	32.2	35.8	34.0	115	2.83e-12	63.2
WP_077142367.1	MER0213829|S33.A76|S33	25.5	39.9	44.3	149	1.07e-09	55.5
WP_077142367.1	MER0031614|S33.011|S33	21.4	90.4	73.2	285	6.50e-09	53.1
WP_077142367.1	MER0031617|S33.978|S33	27.2	39.0	41.5	125	2.31e-07	48.1
WP_077142367.1	MER0036059|S33.A79|S33	18.7	86.3	88.1	310	2.81e-05	42.0
WP_077142367.1	MER0036072|S33.A36|S33	24.7	45.0	43.5	146	6.40e-05	40.8
WP_077142367.1	MER0036068|S33.A19|S33	39.2	16.0	17.3	51	4.36e-04	38.1
WP_077142367.1	MER0036073|S33.A35|S33	31.9	15.0	14.9	47	6.07e-04	37.7
WP_077142372.1	MER0059846|S33.A46|S33	34.3	54.7	56.8	207	3.99e-18	81.3
WP_077142372.1	MER0066184|S09.B04|S09C	28.8	19.9	31.7	80	6.02e-06	43.9
WP_077142427.1	MER0033254|C44.974|C44	28.8	24.2	62.1	163	1.23e-16	77.0
WP_077142427.1	MER0011806|C44.A03|C44	25.8	27.8	91.6	225	2.65e-09	55.1
WP_077142428.1	MER0026469|M20.976|M20X	33.7	90.8	99.0	398	8.27e-64	207
WP_077142428.1	MER0026472|M20.A07|M20X	30.0	41.9	62.8	190	1.10e-19	85.9
WP_077142487.1	MER0436691|C26.A27|C26	24.7	89.8	64.7	194	5.78e-04	36.6
WP_077142536.1	MER0001001|M01.005|M01	56.7	24.2	100	210	1.07e-82	261
WP_077142536.1	MER0005037|M01.029|M01	53.0	21.1	99.5	183	3.14e-62	205
WP_077142536.1	MER0040779|M01.035|M01	37.8	22.2	91.9	193	1.60e-39	142
WP_077142536.1	MER0002060|M01.011|M01	25.9	23.4	93.2	205	1.47e-22	94.0
WP_077142536.1	MER0001010|M01.007|M01	31.9	21.4	91.3	191	3.79e-22	92.4
WP_077142536.1	MER0001012|M01.003|M01	28.4	24.3	98.2	215	1.63e-21	90.9
WP_077142536.1	MER0002078|M01.A28|M01	26.7	26.6	99.6	236	3.21e-21	90.5
WP_077142536.1	MER0002746|M01.010|M01	24.4	26.6	99.6	238	3.21e-21	90.5
WP_077142536.1	MER0011371|M01.A10|M01	29.1	22.4	94.2	203	3.32e-21	89.7
WP_077142536.1	MER0011438|M01.A08|M01	28.4	19.8	82.1	176	3.64e-21	89.7
WP_077142536.1	MER0002003|M01.015|M01	29.4	24.0	96.4	214	4.46e-21	89.7
WP_077142536.1	MER0011440|M01.A09|M01	25.5	22.6	90.0	200	5.92e-21	89.4
WP_077142536.1	MER0028449|M01.A30|M01	29.0	22.7	90.7	207	8.96e-21	89.0
WP_077142536.1	MER0011183|M01.A24|M01	27.3	22.4	88.7	209	2.85e-20	87.4
WP_077142536.1	MER0002355|M01.A19|M01	26.8	25.9	99.1	228	6.96e-20	86.3
WP_077142536.1	MER0002968|M01.024|M01	26.8	24.3	96.8	213	9.04e-20	85.9
WP_077142536.1	MER0091680|M01.A31|M01	29.9	24.4	96.3	214	1.23e-19	85.5
WP_077142536.1	MER0015166|M01.A16|M01	32.4	19.7	78.7	182	2.10e-19	85.1
WP_077142536.1	MER0011370|M01.A11|M01	28.2	22.9	95.7	202	2.52e-19	84.3
WP_077142536.1	MER0011369|M01.A12|M01	29.6	21.1	82.2	186	4.72e-19	84.0
WP_077142536.1	MER0011423|M01.A02|M01	28.0	20.3	84.2	182	9.53e-19	82.8
WP_077142536.1	MER0006264|M01.A29|M01	31.7	20.2	96.7	180	2.92e-18	80.5
WP_077142536.1	MER0019759|M01.A25|M01	26.8	26.6	100	235	4.57e-18	81.3
WP_077142536.1	MER0001701|M01.008|M01	29.4	22.5	88.8	201	7.15e-18	80.5
WP_077142536.1	MER0004243|M01.016|M01	28.4	21.7	88.9	194	1.55e-17	79.3
WP_077142580.1	MER0016248|M103.003|M103	29.3	56.4	98.8	256	2.77e-28	109
WP_077142580.1	MER0016301|M103.001|M103	23.8	52.0	50.0	252	8.45e-06	44.7
WP_077142581.1	MER0016301|M103.001|M103	31.7	90.9	93.0	451	6.70e-64	211
WP_077142581.1	MER0028087|M103.002|M103	21.2	90.1	94.5	444	1.32e-14	72.4
WP_077142581.1	MER0016222|M103.950|M103	21.7	91.6	94.7	456	1.38e-14	72.4
WP_077142591.1	MER0002408|M41.017|M41	37.9	39.7	92.3	232	8.49e-44	153
WP_077142591.1	MER0011745|M41.005|M41	35.7	40.6	89.6	238	1.81e-37	136
WP_077142591.1	MER0015137|M41.025|M41	34.9	40.6	90.6	238	4.39e-37	135
WP_077142591.1	MER0005466|M41.021|M41	38.2	38.7	92.5	228	2.54e-35	130
WP_077142591.1	MER0015193|M41.019|M41	35.2	40.6	97.9	244	2.24e-34	127
WP_077142591.1	MER0002563|M41.020|M41	33.2	39.4	93.9	232	1.79e-33	125
WP_077142591.1	MER0017637|M41.024|M41	34.1	39.4	93.9	232	3.38e-33	124
WP_077142591.1	MER0001620|M41.001|M41	34.5	38.9	79.2	229	1.40e-31	120
WP_077142591.1	MER0002602|M41.009|M41	35.0	39.6	85.0	234	4.40e-28	110
WP_077142591.1	MER0015199|M41.015|M41	33.8	38.7	79.2	228	2.29e-26	105
WP_077142591.1	MER0014324|M41.018|M41	31.2	39.7	89.5	234	4.55e-26	103
WP_077142591.1	MER0015197|M41.013|M41	32.2	39.6	85.7	233	6.05e-25	101
WP_077142591.1	MER0015194|M41.A14|M41	30.0	38.5	80.8	227	2.68e-23	96.7
WP_077142591.1	MER0002197|M41.004|M41	29.7	38.9	81.5	229	4.47e-23	95.9
WP_077142591.1	MER0024900|M41.A21|M41	30.6	39.7	88.2	232	6.21e-23	95.1
WP_077142591.1	MER0190705|M41.A18|M41	33.1	27.6	71.2	163	5.89e-22	91.7
WP_077142591.1	MER0004454|M41.006|M41	30.3	39.2	80.3	231	4.08e-21	90.5
WP_077142591.1	MER0171760|M41.A12|M41	28.8	41.3	86.4	243	1.15e-20	89.0
WP_077142591.1	MER0015195|M41.A15|M41	28.7	39.2	79.3	230	2.54e-20	88.2
WP_077142591.1	MER0011748|M41.022|M41	27.7	39.2	79.6	231	6.18e-20	87.0
WP_077142591.1	MER0005755|M41.026|M41	28.2	38.7	92.5	227	6.43e-20	85.9
WP_077142591.1	MER0190577|M41.A16|M41	27.6	40.6	90.2	239	4.09e-19	84.0
WP_077142591.1	MER0023544|M41.A10|M41	29.4	39.2	79.3	231	9.45e-19	83.6
WP_077142591.1	MER0015609|M41.023|M41	26.4	39.2	79.4	231	2.22e-18	82.4
WP_077142591.1	MER0002608|M41.A11|M41	26.1	39.6	84.0	234	3.80e-18	81.6
WP_077142626.1	MER0044812|C26.A04|C26	45.5	63.3	97.1	242	3.86e-70	217
WP_077142626.1	MER0060647|C26.952|C26	36.8	95.5	100	375	3.42e-69	218
WP_077142626.1	MER0078640|C26.951|C26	36.0	95.3	100	375	1.47e-66	211
WP_077142626.1	MER0045945|C26.963|C26	43.3	48.8	82.5	187	2.63e-51	168
WP_077142626.1	MER0043540|C26.A33|C26	45.0	48.8	82.0	191	4.95e-45	152
WP_077142626.1	MER0115185|C26.954|C26	51.7	37.2	98.6	143	1.81e-43	145
WP_077142626.1	MER0046161|C26.956|C26	41.3	49.3	67.5	189	5.63e-41	142
WP_077142626.1	MER0436691|C26.A27|C26	32.2	75.2	94.1	292	9.95e-40	139
WP_077142626.1	MER0043537|C26.A31|C26	27.9	40.6	83.0	172	2.26e-11	59.3
WP_077142626.1	MER0044882|C26.A09|C26	26.8	35.1	78.6	153	2.78e-11	58.9
WP_077142626.1	MER0043394|C26.955|C26	28.2	35.1	83.5	142	6.81e-09	51.6
WP_077142626.1	MER0045095|C26.958|C26	27.9	32.5	52.4	140	2.22e-07	48.5
WP_077142626.1	MER0042974|C26.A07|C26	25.1	42.7	87.6	179	3.18e-06	44.3
WP_077142626.1	MER0045094|C26.959|C26	26.1	37.5	58.5	153	2.69e-05	42.0
WP_077142649.1	MER0001297|S41.008|S41A	49.7	38.3	97.6	165	1.59e-48	160
WP_077142649.1	MER0003514|S41.010|S41A	44.6	38.5	98.2	166	2.08e-44	149
WP_077142649.1	MER0003413|S41.002|S41A	45.7	37.6	95.9	164	1.01e-39	137
WP_077142649.1	MER0003065|S41.009|S41A	41.1	37.8	96.4	163	1.09e-36	129
WP_077142649.1	MER0001425|S41.004|S41A	38.8	38.1	97.1	170	1.32e-35	126
WP_077142649.1	MER0005714|S41.A01|S41A	43.7	36.4	93.3	167	1.07e-33	121
WP_077142649.1	MER0015684|S41.A02|S41A	40.4	36.9	94.2	161	2.36e-33	120
WP_077142649.1	MER0004195|S41.007|S41A	36.3	38.7	98.8	168	6.19e-31	114
WP_077142649.1	MER0004196|S41.013|S41A	40.5	38.3	97.7	168	1.22e-30	113
WP_077142649.1	MER0001295|S41.001|S41A	30.5	37.4	95.6	174	1.84e-24	96.7
WP_077142649.1	MER0195376|S41.012|S41A	28.8	27.8	79.8	146	1.63e-04	39.3
WP_077142663.1	MER0003290|S01.482|S01C	62.4	41.6	100	157	8.56e-58	182
WP_077142663.1	MER0000268|S01.480|S01C	55.7	41.6	100	158	1.11e-47	156
WP_077142663.1	MER0013623|S01.453|S01C	53.8	41.6	100	158	9.16e-46	151
WP_077142663.1	MER0002577|S01.277|S01C	51.3	41.6	100	156	3.59e-45	149
WP_077142663.1	MER0005468|S01.491|S01C	50.0	41.6	100	158	1.16e-44	148
WP_077142663.1	MER0004111|S01.442|S01C	51.9	41.6	100	158	1.15e-43	145
WP_077142663.1	MER0004093|S01.278|S01C	50.0	41.6	100	156	5.95e-43	144
WP_077142663.1	MER0028330|S01.329|S01C	49.4	41.6	100	156	1.65e-42	142
WP_077142663.1	MER0004673|S01.494|S01C	35.7	62.2	92.3	255	1.19e-41	144
WP_077142663.1	MER0003850|S01.500|S01C	46.6	46.1	97.7	176	1.28e-41	141
WP_077142663.1	MER0014795|S01.284|S01C	48.8	41.6	100	162	4.21e-41	139
WP_077142663.1	MER0016351|S01.285|S01C	47.4	41.6	100	156	6.93e-41	138
WP_077142663.1	MER0001372|S01.274|S01C	48.1	41.6	100	160	5.80e-40	136
WP_077142663.1	MER0016031|S01.364|S01C	52.4	41.6	100	166	1.54e-39	135
WP_077142663.1	MER0000266|S01.273|S01C	46.5	41.6	100	159	7.03e-37	128
WP_077142663.1	MER0001945|S01.472|S01C	47.2	41.6	100	163	1.51e-36	127
WP_077142663.1	MER0006096|S01.A08|S01C	48.5	35.4	100	132	1.81e-36	126
WP_077142663.1	MER0004149|S01.525|S01C	49.3	38.9	89.6	148	2.50e-35	124
WP_077142663.1	MER0001373|S01.275|S01C	46.9	41.6	100	162	3.03e-35	124
WP_077142663.1	MER0011375|S01.476|S01C	44.9	41.6	100	158	5.28e-35	123
WP_077142663.1	MER0022668|S01.447|S01C	46.2	41.6	100	171	1.20e-34	122
WP_077142663.1	MER0004086|S01.B81|S01C	43.8	41.3	100	162	4.99e-34	120
WP_077142663.1	MER0015583|S01.416|S01C	46.0	37.8	98.0	150	2.22e-31	113
WP_077142663.1	MER0003293|S01.477|S01C	46.6	39.4	96.6	148	5.55e-30	109
WP_077142663.1	MER0010944|S01.474|S01C	43.4	41.6	100	173	1.42e-29	109
WP_077142696.1	MER0036064|S33.A16|S33	28.9	78.9	91.6	249	1.23e-23	94.4
WP_077142696.1	MER0036053|S33.A01|S33	35.1	37.1	41.4	111	5.47e-16	73.2
WP_077142696.1	MER0037236|S33.016|S33	31.8	41.8	48.7	129	4.59e-11	58.9
WP_077142696.1	MER0036067|S33.A71|S33	22.6	75.6	80.8	243	3.77e-08	50.4
WP_077142696.1	MER0036076|S33.A33|S33	26.7	46.2	48.8	146	3.80e-08	50.4
WP_077142696.1	MER0035973|S33.A14|S33	29.7	32.8	33.8	101	2.86e-07	47.8
WP_077142696.1	MER0017123|S33.972|S33	29.1	36.8	39.3	117	5.34e-07	47.0
WP_077142696.1	MER0044578|S33.A28|S33	30.8	33.1	29.5	104	4.63e-06	44.3
WP_077142696.1	MER0031614|S33.011|S33	22.0	79.6	70.6	250	6.02e-06	43.9
WP_077142696.1	MER0000432|S33.971|S33	25.5	43.8	41.4	141	1.41e-05	42.7
WP_077142696.1	MER0044581|S33.A27|S33	28.1	36.5	31.7	114	1.47e-05	42.7
WP_077142696.1	MER0031653|S33.A43|S33	26.4	34.4	35.5	140	2.76e-05	42.0
WP_077142696.1	MER0031610|S33.976|S33	32.7	31.8	31.2	98	3.09e-05	41.6
WP_077142696.1	MER0017193|S33.991|S33	34.1	27.1	28.9	82	9.13e-05	40.0
WP_077142696.1	MER0036073|S33.A35|S33	29.1	32.8	31.3	103	1.01e-04	40.0
WP_077142696.1	MER0031645|S33.A42|S33	24.1	34.4	32.8	137	3.67e-04	38.5
WP_077142702.1	MER0011571|S13.003|S13	32.1	40.0	35.7	168	5.02e-12	63.9
WP_077142702.1	MER0026276|S13.A01|S13	33.9	24.7	23.0	109	2.04e-09	55.8
WP_077142702.1	MER0000471|S13.002|S13	31.9	32.8	30.8	144	4.73e-09	54.7
WP_077143819.1	MER0004614|M10.060|M10B	32.2	16.4	75.3	146	2.08e-08	51.6
WP_083703271.1	MER0043475|C26.A05|C26	27.6	48.2	46.8	123	3.81e-07	46.6
WP_083703271.1	MER0043540|C26.A33|C26	46.9	20.0	21.5	49	2.72e-06	43.9
WP_083703271.1	MER0043537|C26.A31|C26	37.1	41.2	50.5	105	2.73e-06	43.5
WP_083703271.1	MER0065588|C26.965|C26	21.2	63.7	84.2	170	1.32e-05	41.6
WP_083703271.1	MER0115185|C26.954|C26	48.6	14.3	24.5	35	1.19e-04	38.1
WP_083703271.1	MER0060647|C26.952|C26	37.0	21.2	15.4	54	3.10e-04	38.1
WP_269466542.1	MER0000474|S14.001|S14	59.0	95.9	90.8	188	8.27e-79	231
WP_269466542.1	MER0005687|S14.A01|S14	62.5	89.8	83.4	176	2.60e-71	212
WP_269466542.1	MER0002211|S14.003|S14	54.2	98.0	92.8	192	8.12e-67	201
WP_269466542.1	MER0006046|S14.A02|S14	49.5	98.0	92.8	192	1.33e-65	197
WP_269466542.1	MER0002299|S14.A04|S14	51.6	94.9	92.5	186	1.67e-62	189
WP_269466542.1	MER0004855|S14.A03|S14	53.2	88.3	82.8	173	2.15e-62	189
WP_269466542.1	MER0004857|S14.008|S14	52.7	92.9	87.4	182	1.33e-60	185
WP_269466542.1	MER0006063|S14.010|S14	49.7	93.4	88.0	183	6.34e-59	181
WP_269466542.1	MER0004847|S14.009|S14	47.1	95.9	90.9	189	1.46e-57	177
WP_269466542.1	MER0006308|S14.002|S14	43.3	90.3	90.8	178	7.01e-53	165
WP_269466542.1	MER0006056|S14.011|S14	46.9	89.3	82.5	175	6.27e-52	163
WP_269466542.1	MER0004182|S14.006|S14	40.2	96.4	91.1	189	1.18e-47	152
WP_269466542.1	MER0011666|S14.005|S14	41.8	91.3	96.3	182	2.14e-39	130
WP_269466542.1	MER0001369|S14.007|S14	40.3	36.7	55.0	72	9.73e-13	59.7
