locus_tag,island_id,product
PMT0085,MIT9313_1_91963_129284,glycosyltransferase domain protein
PMT0086,MIT9313_1_91963_129284,UDP-glucose 4-epimerase GalE
PMT0087,MIT9313_1_91963_129284,"glycosyltransferase, family 4"
PMT0088,MIT9313_1_91963_129284,conserved hypothetical protein
PMT0090,MIT9313_1_91963_129284,hypothetical protein
PMT0091,MIT9313_1_91963_129284,conserved hypothetical protein
PMT0095,MIT9313_1_91963_129284,"UDP-N-acetylglucosamine 4,6-dehydratase (inverting)"
PMT0096,MIT9313_1_91963_129284,"UDP-4-amino-4,6-dideoxy-N-acetyl-beta-L-altrosamine transaminase"
PMT0098,MIT9313_1_91963_129284,N-acetyl sugar amidotransferase family protein
PMT0099,MIT9313_1_91963_129284,imidazole glycerol phosphate synthase subunit hisH protein family
PMT0100,MIT9313_1_91963_129284,"possible imidazoleglycerol-phosphate synthase, cyclase subunit"
PMT0102,MIT9313_1_91963_129284,cytidylyltransferase family protein
PMT0103,MIT9313_1_91963_129284,"aminotransferase class III, pyridoxal-phosphate dependent"
PMT0106,MIT9313_1_91963_129284,"N,N'-diacetyllegionaminate synthase"
PMT0108,MIT9313_1_91963_129284,"ABC-type lipopolysaccharide transport system, ATPase component"
PMT0109,MIT9313_1_91963_129284,"ABC-type lipopolysaccharide transport system, permease component"
PMT0112,MIT9313_1_91963_129284,glucose-1-phosphate thymidylyltransferase
PMT0113,MIT9313_1_91963_129284,"dTDP-4-dehydrorhamnose 3,5-epimerase"
PMT0114,MIT9313_1_91963_129284,dTDP-4-dehydrorhamnose reductase
PMT_0089,MIT9313_1_91963_129284,acyltransferase family protein
PMT_0092,MIT9313_1_91963_129284,hypothetical protein
PMT_0093,MIT9313_1_91963_129284,ABC multidrug efflux transporter
PMT_0094,MIT9313_1_91963_129284,hlyD secretion family protein
PMT_0097,MIT9313_1_91963_129284,Predicted oxidoreductase
PMT_0101,MIT9313_1_91963_129284,putative acetyltransferase
PMT_0104,MIT9313_1_91963_129284,glycosyltransferase family 28 C-terminal domain protein
PMT_0105,MIT9313_1_91963_129284,hypothetical protein
PMT_0107,MIT9313_1_91963_129284,methyltransferase domain protein
PMT_0110,MIT9313_1_91963_129284,methyltransferase domain-containing protein
AKG35_RS12995,MIT9313_1_1644799_1671346,hypothetical protein
AKG35_RS13795,MIT9313_1_1644799_1671346,chlorophyll a/b-binding protein
PMT1552,MIT9313_1_1644799_1671346,conserved hypothetical protein
PMT1553,MIT9313_1_1644799_1671346,putative Na+/glutamate symporter
PMT1554,MIT9313_1_1644799_1671346,pentapeptide repeats family protein
PMT1555,MIT9313_1_1644799_1671346,conserved hypothetical protein
PMT1556,MIT9313_1_1644799_1671346,possible Transthyretin precursor (formerly preal
PMT1557,MIT9313_1_1644799_1671346,putative oxidoreductase
PMT1558,MIT9313_1_1644799_1671346,carotenoid isomerase
PMT1559,MIT9313_1_1644799_1671346,conserved hypothetical protein
PMT1560,MIT9313_1_1644799_1671346,conserved hypothetical protein DUF985
PMT1561,MIT9313_1_1644799_1671346,conserved hypothetical protein
PMT1562,MIT9313_1_1644799_1671346,possible Carbamoyl-phosphate synthase small ch
PMT1563,MIT9313_1_1644799_1671346,hypothetical protein
PMT1565,MIT9313_1_1644799_1671346,cytochrome P450
PMT1567,MIT9313_1_1644799_1671346,conserved hypothetical protein
PMT1568,MIT9313_1_1644799_1671346,possible Eukaryotic-type carbonic anhydrase
PMT1569,MIT9313_1_1644799_1671346,acid phosphatase
PMT1570,MIT9313_1_1644799_1671346,hypothetical protein
PMT1572,MIT9313_1_1644799_1671346,hypothetical protein
PMT_1564,MIT9313_1_1644799_1671346,hypothetical protein
PMT_2742,MIT9313_1_1644799_1671346,"possible DNA gyrase/topoisomerase IV, subunit"
RG24_RS08385,MIT9313_1_1644799_1671346,hypothetical protein
PMT2076,MIT9313_1_2183968_2194397,possible Paralytic/GBP/PSP peptide
PMT2077,MIT9313_1_2183968_2194397,"small-conductance mechanosensitive ion channel, MscS family"
PMT2080,MIT9313_1_2183968_2194397,uncharacterized conserved membrane protein
PMT_2079,MIT9313_1_2183968_2194397,conserved hypothetical protein
PMT_2875,MIT9313_1_2183968_2194397,Conserved hypothetical protein
PMT_2879,MIT9313_1_2183968_2194397,Conserved hypothetical protein
PMT_2883,MIT9313_1_2183968_2194397,rubredoxin
AKG35_RS13115,MIT9313_1_2231211_2276195,hypothetical protein
AKG35_RS13590,MIT9313_1_2231211_2276195,hypothetical protein
AKG35_RS13675,MIT9313_1_2231211_2276195,hypothetical protein
PMT2114,MIT9313_1_2231211_2276195,possible FYVE zinc finger
PMT2115,MIT9313_1_2231211_2276195,conserved hypothetical protein
PMT2116,MIT9313_1_2231211_2276195,conserved hypothetical protein
PMT2117,MIT9313_1_2231211_2276195,possible D12 class N6 adenine-specific DNA met
PMT2118,MIT9313_1_2231211_2276195,Hypothetical protein
PMT2121,MIT9313_1_2231211_2276195,"lantipeptide precursor, Nif11-like leader peptide domain protein"
PMT2123,MIT9313_1_2231211_2276195,"lantipeptide precursor, Nif11-like leader peptide domain protein"
PMT2124,MIT9313_1_2231211_2276195,"lantipeptide precursor, Nif11-like leader peptide domain protein"
PMT2126,MIT9313_1_2231211_2276195,phage integrase family protein
PMT2127,MIT9313_1_2231211_2276195,possible Ser/Thr protein phosphatase
PMT2128,MIT9313_1_2231211_2276195,possible (AF314193) Toutatis
PMT2130,MIT9313_1_2231211_2276195,"lantipeptide precursor, Nif11-like leader peptide domain protein"
PMT2131,MIT9313_1_2231211_2276195,nif11-like leader peptide domain protein
PMT2132,MIT9313_1_2231211_2276195,"lantipeptide precursor, Nif11-like leader peptide domain protein"
PMT2135,MIT9313_1_2231211_2276195,glutamate N-acetyltransferase/amino-acid acetyltransferase
PMT2136,MIT9313_1_2231211_2276195,dephospho-CoA kinase
PMT2137,MIT9313_1_2231211_2276195,conserved hypothetical protein
PMT2138,MIT9313_1_2231211_2276195,hypothetical protein
PMT2139,MIT9313_1_2231211_2276195,aspartyl-tRNA(Asn)/glutamyl-tRNA(Gln) amidotransferase subunit B
PMT2140,MIT9313_1_2231211_2276195,glycine oxidase
PMT2141,MIT9313_1_2231211_2276195,bacteriocin-type transport-associated family protein
PMT2142,MIT9313_1_2231211_2276195,hypothetical protein
PMT2143,MIT9313_1_2231211_2276195,ABC multidrug efflux transporter
PMT2144,MIT9313_1_2231211_2276195,NHLM bacteriocin system secretion protein
PMT2145,MIT9313_1_2231211_2276195,"NHLM bacteriocin system ABC transporter, peptidase/ATP-binding protein"
PMT2146,MIT9313_1_2231211_2276195,adenylate cyclase
PMT2148,MIT9313_1_2231211_2276195,nucleoside diphosphate kinase
PMT2149,MIT9313_1_2231211_2276195,cyclic nucleotide-regulated small-conductance mechanosensitive ion channel
PMT2150,MIT9313_1_2231211_2276195,arginine decarboxylase
PMT2151,MIT9313_1_2231211_2276195,cyclic AMP receptor protein/DNA-binding transcriptional dual regulator
PMT2152,MIT9313_1_2231211_2276195,adenylate cyclase
PMT2153,MIT9313_1_2231211_2276195,conserved hypothetical protein
PMT2154,MIT9313_1_2231211_2276195,cyclic nucleotide-binding-like protein
PMT_2119,MIT9313_1_2231211_2276195,"lantipeptide precursor, Nif11-like leader peptide domain protein"
PMT_2120,MIT9313_1_2231211_2276195,"lantipeptide precursor, Nif11-like leader peptide domain protein"
PMT_2122,MIT9313_1_2231211_2276195,"lantipeptide precursor, Nif11-like leader peptide domain protein"
PMT_2125,MIT9313_1_2231211_2276195,hypothetical protein
PMT_2129,MIT9313_1_2231211_2276195,"lantipeptide precursor, Nif11-like leader peptide domain protein"
PMT_2134,MIT9313_1_2231211_2276195,"lantipeptide precursor, Nif11-like leader peptide domain protein"
PMT_2147,MIT9313_1_2231211_2276195,conserved hypothetical protein
PMT_2155,MIT9313_1_2231211_2276195,possible MARCKS family
PMT_2156,MIT9313_1_2231211_2276195,PAP2 superfamily protein
PMT_2890,MIT9313_1_2231211_2276195,putative membrane protein
PMT_2896_pseudo,MIT9313_1_2231211_2276195,hypothetical protein
PMT_2897,MIT9313_1_2231211_2276195,bacteriocin-type signal sequence
PMT_2898,MIT9313_1_2231211_2276195,bacteriocin-type signal sequence
PMT_2899,MIT9313_1_2231211_2276195,Hypothetical protein
PMT_2901,MIT9313_1_2231211_2276195,Hypothetical protein
AKG35_RS12655,MIT9313_1_268946_306506,hypothetical protein
PMT0236,MIT9313_1_268946_306506,possible Ser/Thr protein phosphatase
PMT0237,MIT9313_1_268946_306506,possible (AF314193) Toutatis
PMT0238,MIT9313_1_268946_306506,bacteriocin-type signal sequence
PMT0239,MIT9313_1_268946_306506,"lantipeptide precursor, Nif11-like leader peptide domain protein"
PMT0243,MIT9313_1_268946_306506,"lantipeptide precursor, Nif11-like leader peptide domain protein"
PMT0244,MIT9313_1_268946_306506,"lantipeptide precursor, Nif11-like leader peptide domain protein"
PMT0246,MIT9313_1_268946_306506,possible Profilin
PMT0249,MIT9313_1_268946_306506,delta-12 fatty acid desaturase DesA2
PMT0250,MIT9313_1_268946_306506,type II lanthionine synthetase
PMT0251,MIT9313_1_268946_306506,possible Replication protein
PMT0252,MIT9313_1_268946_306506,putative lemA protein
PMT0253,MIT9313_1_268946_306506,possible Galanin
PMT0254,MIT9313_1_268946_306506,NifU-like protein
PMT0255,MIT9313_1_268946_306506,malate:quinone oxidoreductase
PMT0256,MIT9313_1_268946_306506,conserved hypothetical protein
PMT0257,MIT9313_1_268946_306506,GTP-binding protein LepA
PMT0258,MIT9313_1_268946_306506,von Willebrand factor A-like domain-containing protein
PMT0259,MIT9313_1_268946_306506,conserved hypothetical protein
PMT0261,MIT9313_1_268946_306506,uncharacterized conserved membrane protein
PMT0262,MIT9313_1_268946_306506,pilin polypeptide PilA-like N-terminal methylation domain-containing protein
PMT0264,MIT9313_1_268946_306506,conserved hypothetical protein
PMT0265,MIT9313_1_268946_306506,two-component sensor histidine kinase
PMT_0240,MIT9313_1_268946_306506,conserved hypothetical protein
PMT_0241,MIT9313_1_268946_306506,"lantipeptide precursor, Nif11-like leader peptide domain protein"
PMT_0242,MIT9313_1_268946_306506,"lantipeptide precursor, Nif11-like leader peptide domain protein"
PMT_0245,MIT9313_1_268946_306506,"lantipeptide precursor, Nif11-like leader peptide domain protein"
PMT_0247,MIT9313_1_268946_306506,"lantipeptide precursor, Nif11-like leader peptide domain protein"
PMT_0260,MIT9313_1_268946_306506,conserved hypothetical protein
PMT_0263,MIT9313_1_268946_306506,pilin
PMT_2320,MIT9313_1_268946_306506,Hypothetical protein
PMT_2323,MIT9313_1_268946_306506,Hypothetical protein
PMT_2324,MIT9313_1_268946_306506,bacteriocin-type signal sequence
PMT_2325,MIT9313_1_268946_306506,Hypothetical protein
PMT_2327,MIT9313_1_268946_306506,Conserved hypothetical protein
PMT_2332,MIT9313_1_268946_306506,conserved hypothetical protein
AKG35_RS13150,MIT9313_1_327108_358514,hypothetical protein
AKG35_RS13440,MIT9313_1_327108_358514,excalibur calcium-binding domain-containing protein
AKG35_RS13735,MIT9313_1_327108_358514,DUF805 domain-containing protein
PMT0290,MIT9313_1_327108_358514,phage integrase
PMT0291,MIT9313_1_327108_358514,"possible Zinc finger, C3HC4 type (RING finger)"
PMT0293,MIT9313_1_327108_358514,hypothetical protein
PMT0294,MIT9313_1_327108_358514,site-specific recombinase
PMT0295,MIT9313_1_327108_358514,tetratricopeptide repeat family protein
PMT0296,MIT9313_1_327108_358514,tetratricopeptide repeat family protein
PMT0298,MIT9313_1_327108_358514,conserved hypothetical protein
PMT0299,MIT9313_1_327108_358514,putative cation-dependent mannose-6-phosphate
PMT0300,MIT9313_1_327108_358514,tetratricopeptide repeat family protein
PMT0301,MIT9313_1_327108_358514,possible Fanconi anaemia group C protein
PMT0302,MIT9313_1_327108_358514,"type III restriction enzyme, res subunit"
PMT0303,MIT9313_1_327108_358514,conserved hypothetical protein
PMT0305,MIT9313_1_327108_358514,uncharacterized membrane protein
PMT0308,MIT9313_1_327108_358514,5-oxoprolinase (ATP-hydrolysing)
PMT0309,MIT9313_1_327108_358514,conserved hypothetical protein
PMT0310,MIT9313_1_327108_358514,conserved hypothetical protein distantly related to alpha-glycosyltransferases family 4
PMT0311,MIT9313_1_327108_358514,putative undecaprenyl-phosphate galactosephosphotransferase
PMT_0289,MIT9313_1_327108_358514,competence protein ComEC
PMT_0304,MIT9313_1_327108_358514,helix-turn-helix transcriptional regulator
PMT_0307,MIT9313_1_327108_358514,conserved hypothetical protein
PMT_2338,MIT9313_1_327108_358514,competence protein ComEC
PMT_2339,MIT9313_1_327108_358514,Hypothetical protein
PMT_2343,MIT9313_1_327108_358514,Hypothetical protein
PMT_2350,MIT9313_1_327108_358514,conserved hypothetical protein
RG24_RS01600,MIT9313_1_327108_358514,hypothetical protein
PMT0472,MIT9313_1_524676_541152,secreted protein of unknown function DUF2808
PMT0473,MIT9313_1_524676_541152,putative membrane protein
PMT0474,MIT9313_1_524676_541152,glutamate decarboxylase
PMT0475,MIT9313_1_524676_541152,GCN5-related N-acetyltransferase
PMT0478,MIT9313_1_524676_541152,conserved hypothetical protein
PMT0479,MIT9313_1_524676_541152,conserved hypothetical protein
PMT0480,MIT9313_1_524676_541152,short-chain dehydrogenase/reductase (SDR) superfamily
PMT0481,MIT9313_1_524676_541152,conserved hypothetical protein
PMT0482,MIT9313_1_524676_541152,TPR repeat-containing protein
PMT0483,MIT9313_1_524676_541152,possible Malic enzyme
PMT0484,MIT9313_1_524676_541152,possible Domain of unknown function DUF33
PMT0485,MIT9313_1_524676_541152,"uncharacterized secreted protein, Prochlorococcus-specific"
PMT0486,MIT9313_1_524676_541152,conserved hypothetical protein
PMT0489,MIT9313_1_524676_541152,uncharacterized conserved membrane protein
PMT_0488,MIT9313_1_524676_541152,conserved hypothetical protein
PMT_2376,MIT9313_1_524676_541152,Conserved hypothetical protein
PMT_2382,MIT9313_1_524676_541152,conserved hypothetical protein
PMT0541,MIT9313_1_588541_610831,pyruvate:ferredoxin (flavodoxin) oxidoreductase
PMT0542,MIT9313_1_588541_610831,"putative Na+/H+ antiporter, CPA1 family"
PMT0543,MIT9313_1_588541_610831,"beta-glycosyltransferase, family 2"
PMT0545,MIT9313_1_588541_610831,conserved hypothetical protein
PMT0546,MIT9313_1_588541_610831,uncharacterized TonB box-containing membrane protein
PMT0547,MIT9313_1_588541_610831,conserved hypothetical protein
PMT0548,MIT9313_1_588541_610831,short-chain dehydrogenase/reductase family
PMT0550,MIT9313_1_588541_610831,conserved hypothetical protein
PMT0551,MIT9313_1_588541_610831,dimethylglycine N-methyltransferase
PMT0552,MIT9313_1_588541_610831,glycine/sarcosine N-methyltransferase
PMT0553,MIT9313_1_588541_610831,"ABC-type proline/glycine betaine transport system, ATPase component"
PMT0554,MIT9313_1_588541_610831,"ABC-type glycine betaine/proline transporter, membrane component"
PMT0555,MIT9313_1_588541_610831,"ABC-type glycine betaine/proline transporter, substrate binding component"
PMT_0544,MIT9313_1_588541_610831,hypothetical protein
PMT_0549,MIT9313_1_588541_610831,Uncharacterized conserved membrane protein
PMT_2396,MIT9313_1_588541_610831,conserved hypothetical protein (DUF4278)
PMT_2397,MIT9313_1_588541_610831,Hypothetical protein
PMT_2399,MIT9313_1_588541_610831,Conserved hypothetical protein
AKG35_RS12745,MIT9313_1_795362_839128,hypothetical protein
PMT0731,MIT9313_1_795362_839128,spoIID/LytB domain protein
PMT0732,MIT9313_1_795362_839128,ATP adenylyltransferase
PMT0735,MIT9313_1_795362_839128,conserved hypothetical protein
PMT0736,MIT9313_1_795362_839128,DnaJ type IV chaperone protein
PMT0737,MIT9313_1_795362_839128,23S rRNA (uracil-5-)-methyltransferase
PMT0738,MIT9313_1_795362_839128,"phenylalanine--tRNA ligase, beta subunit"
PMT0740,MIT9313_1_795362_839128,30S ribosomal protein S18
PMT0741,MIT9313_1_795362_839128,exoribonuclease II
PMT0742,MIT9313_1_795362_839128,FAD dependent oxidoreductase
PMT0743,MIT9313_1_795362_839128,methionine--tRNA ligase
PMT0744,MIT9313_1_795362_839128,"LptC-related, lipopolysaccharide assembly protein"
PMT0745,MIT9313_1_795362_839128,cofactor assembly of complex C subunit CCB2
PMT0746,MIT9313_1_795362_839128,TerB-like domain containing protein
PMT0747,MIT9313_1_795362_839128,integral membrane protein involved in the photoprotection of photosystem II
PMT0748,MIT9313_1_795362_839128,proton extrusion protein
PMT0749,MIT9313_1_795362_839128,bifunctional adenosylcobinamide kinase / adenosylcobinamide-phosphate guanylyltransferase
PMT0750,MIT9313_1_795362_839128,tRNA (cytidine/uridine-2'-O)-ribose methyltransferase
PMT0751,MIT9313_1_795362_839128,peptidase family M23
PMT0752,MIT9313_1_795362_839128,peptidoglycan-binding LysM
PMT0754,MIT9313_1_795362_839128,2-Cys peroxiredoxin
PMT0755,MIT9313_1_795362_839128,uncharacterized conserved membrane protein (UPF0182)
PMT0756,MIT9313_1_795362_839128,possible photosystem II D1 repair protein FtsH3
PMT0758,MIT9313_1_795362_839128,D-glycerate 3-kinase
PMT0759,MIT9313_1_795362_839128,conserved hypothetical protein
PMT0760,MIT9313_1_795362_839128,"HAD hydrolase, IA, variant 3 family protein"
PMT0761,MIT9313_1_795362_839128,single-stranded DNA-specific exonuclease
PMT0762,MIT9313_1_795362_839128,putative chloride channel
PMT0763,MIT9313_1_795362_839128,zinc- or iron-chelating domain-containing protein
PMT0764,MIT9313_1_795362_839128,uncharacterized membrane protein
PMT0765,MIT9313_1_795362_839128,uncharacterized membrane protein (UPF0016)
PMT0766,MIT9313_1_795362_839128,exoribonuclease R
PMT0767,MIT9313_1_795362_839128,3-octaprenyl-4-hydroxybenzoate carboxy-lyase
PMT0769,MIT9313_1_795362_839128,NADH dehydrogenase subunit NdhV
PMT_0733,MIT9313_1_795362_839128,"RNA polymerase sigma factor, type III"
PMT_0739,MIT9313_1_795362_839128,50S ribosomal protein L33
PMT_0753,MIT9313_1_795362_839128,conserved hypothetical protein
PMT_0757,MIT9313_1_795362_839128,50S ribosomal protein L32
AKG35_RS12315,MIT9313_1_904788_1131090,DUF1651 domain-containing protein
AKG35_RS12750,MIT9313_1_904788_1131090,hypothetical protein
AKG35_RS12780,MIT9313_1_904788_1131090,hypothetical protein
AKG35_RS12790,MIT9313_1_904788_1131090,hypothetical protein
AKG35_RS12795,MIT9313_1_904788_1131090,hypothetical protein
AKG35_RS12810,MIT9313_1_904788_1131090,hypothetical protein
AKG35_RS12820,MIT9313_1_904788_1131090,CCRG-2 family RiPP
AKG35_RS12830,MIT9313_1_904788_1131090,CCRG-2 family RiPP
AKG35_RS12835,MIT9313_1_904788_1131090,hypothetical protein
AKG35_RS12880,MIT9313_1_904788_1131090,hypothetical protein
AKG35_RS12885,MIT9313_1_904788_1131090,hypothetical protein
AKG35_RS12910,MIT9313_1_904788_1131090,cytochrome B6
AKG35_RS13180,MIT9313_1_904788_1131090,hypothetical protein
AKG35_RS13185,MIT9313_1_904788_1131090,helix-turn-helix domain-containing protein
AKG35_RS13190,MIT9313_1_904788_1131090,hypothetical protein
AKG35_RS13200,MIT9313_1_904788_1131090,hypothetical protein
AKG35_RS13395,MIT9313_1_904788_1131090,hypothetical protein
AKG35_RS13400,MIT9313_1_904788_1131090,hypothetical protein
AKG35_RS13405,MIT9313_1_904788_1131090,hypothetical protein
AKG35_RS13505,MIT9313_1_904788_1131090,hypothetical protein
AKG35_RS13510,MIT9313_1_904788_1131090,hypothetical protein
AKG35_RS13620,MIT9313_1_904788_1131090,hypothetical protein
AKG35_RS13630,MIT9313_1_904788_1131090,hypothetical protein
AKG35_RS13635,MIT9313_1_904788_1131090,hypothetical protein
AKG35_RS13640,MIT9313_1_904788_1131090,hypothetical protein
AKG35_RS13755,MIT9313_1_904788_1131090,CCRG-2 family RiPP
AKG35_RS13760,MIT9313_1_904788_1131090,CCRG-2 family RiPP
PMT0826,MIT9313_1_904788_1131090,conserved hypothetical protein
PMT0827,MIT9313_1_904788_1131090,"lantipeptide precursor, Nif11-like leader peptide domain protein"
PMT0828,MIT9313_1_904788_1131090,conserved hypothetical protein
PMT0830,MIT9313_1_904788_1131090,conserved hypothetical protein
PMT0832,MIT9313_1_904788_1131090,nif11-like leader peptide domain protein
PMT0834,MIT9313_1_904788_1131090,hypothetical protein
PMT0835,MIT9313_1_904788_1131090,conserved hypothetical protein
PMT0836,MIT9313_1_904788_1131090,"lantipeptide precursor, Nif11-like leader peptide domain protein"
PMT0840,MIT9313_1_904788_1131090,conserved hypothetical protein DUF4278
PMT0843,MIT9313_1_904788_1131090,parB-like nuclease family protein
PMT0844,MIT9313_1_904788_1131090,histidine triad (HIT) family protein
PMT0845,MIT9313_1_904788_1131090,"possible Histidine kinase-, DNA gyrase B-, phy"
PMT0846,MIT9313_1_904788_1131090,copper resistance D family protein
PMT0847,MIT9313_1_904788_1131090,conserved hypothetical protein
PMT0848,MIT9313_1_904788_1131090,NADH dehydrogenase subunit NdhF (chain 5 or L)
PMT0850,MIT9313_1_904788_1131090,possible lyase class I-like protein superfamily
PMT0851,MIT9313_1_904788_1131090,calcineurin-like phosphoesterase family protein
PMT0852,MIT9313_1_904788_1131090,uncharacterized conserved membrane protein DUF2721
PMT0853,MIT9313_1_904788_1131090,conserved hypothetical protein
PMT0854,MIT9313_1_904788_1131090,"small-conductance mechanosensitive ion channel, MscS family"
PMT0855,MIT9313_1_904788_1131090,isochorismatase-like hydrolase superfamily
PMT0856,MIT9313_1_904788_1131090,"large-conductance mechanosensitive ion channel, MscL family"
PMT0857,MIT9313_1_904788_1131090,conserved membrane protein
PMT0859,MIT9313_1_904788_1131090,uncharacterized conserved membrane protein (DUF3721)
PMT0862,MIT9313_1_904788_1131090,radical SAM/Cys-rich domain protein
PMT0863,MIT9313_1_904788_1131090,glucosylglycerol 3-phosphatase
PMT0864,MIT9313_1_904788_1131090,conserved hypothetical protein
PMT0865,MIT9313_1_904788_1131090,AAA domain protein
PMT0866,MIT9313_1_904788_1131090,calcineurin-like phosphoesterase family protein
PMT0867,MIT9313_1_904788_1131090,winged helix-turn-helix DNA binding domain-containing protein
PMT0868,MIT9313_1_904788_1131090,aminoglycoside phosphotransferase
PMT0869,MIT9313_1_904788_1131090,conserved hypothetical protein
PMT0870,MIT9313_1_904788_1131090,conserved hypothetical protein
PMT0871,MIT9313_1_904788_1131090,light-dependent protochlorophyllide reductase
PMT0872,MIT9313_1_904788_1131090,CDP-alcohol phosphatidyltransferase
PMT0873,MIT9313_1_904788_1131090,transglycosylase-like protein
PMT0874,MIT9313_1_904788_1131090,conserved hypothetical protein
PMT0875,MIT9313_1_904788_1131090,O-acetylhomoserine aminocarboxypropyltransferase
PMT0876,MIT9313_1_904788_1131090,homoserine O-succinyltransferase
PMT0877,MIT9313_1_904788_1131090,protein kinase
PMT0878,MIT9313_1_904788_1131090,"alpha-ketoglutarate-dependent dioxygenase, AlkB-like superfamily"
PMT0880,MIT9313_1_904788_1131090,nuclease (SNase-like)
PMT0883,MIT9313_1_904788_1131090,Predicted protein family PM-11
PMT0884,MIT9313_1_904788_1131090,putative RIKEN cDNA 1200003J11; EST AA930106
PMT0886,MIT9313_1_904788_1131090,conserved hypothetical protein
PMT0888,MIT9313_1_904788_1131090,putative membrane protein
PMT0889,MIT9313_1_904788_1131090,conserved hypothetical protein
PMT0890,MIT9313_1_904788_1131090,putative Sec7 domain protein
PMT0891,MIT9313_1_904788_1131090,conserved hypothetical protein
PMT0892,MIT9313_1_904788_1131090,conserved hypothetical protein
PMT0893,MIT9313_1_904788_1131090,"BgtA-like ABC-type uptake transporter for acidic and neutral polar amino acids (N-II), ATPase subunit"
PMT0894,MIT9313_1_904788_1131090,"ABC-type uptake transporter for acidic and neutral polar amino acids (N-II), membrane protein"
PMT0895,MIT9313_1_904788_1131090,putative membrane protein
PMT0896,MIT9313_1_904788_1131090,"ABC-type uptake transporter for acidic and neutral polar amino acids (N-II), membrane protein"
PMT0897,MIT9313_1_904788_1131090,"ABC-type uptake transporter for acidic and neutral polar amino acids (N-II), substrate binding protein"
PMT0898,MIT9313_1_904788_1131090,putative antibiotic biosynthesis monooxygenase domain protein
PMT0899,MIT9313_1_904788_1131090,sulfate permease
PMT0900,MIT9313_1_904788_1131090,FAD domain-containing protein
PMT0901,MIT9313_1_904788_1131090,sirohydrochlorin cobaltochelatase
PMT0902,MIT9313_1_904788_1131090,conserved hypothetical protein (DUF2811)
PMT0903,MIT9313_1_904788_1131090,FAD binding domain protein
PMT0904,MIT9313_1_904788_1131090,conserved hypothetical protein
PMT0905,MIT9313_1_904788_1131090,uncharacterized conserved membrane protein
PMT0908,MIT9313_1_904788_1131090,prohibitin-like protein
PMT0909,MIT9313_1_904788_1131090,sodium:dicarboxylate symporter
PMT0910,MIT9313_1_904788_1131090,ribokinase
PMT0912,MIT9313_1_904788_1131090,conserved hypothetical protein
PMT0914,MIT9313_1_904788_1131090,uncharacterized conserved membrane protein
PMT0917,MIT9313_1_904788_1131090,putative membrane protein
PMT0918,MIT9313_1_904788_1131090,drug/metabolite transporter (DMT) superfamily efflux protein
PMT0919,MIT9313_1_904788_1131090,conserved hypothetical protein
PMT0920,MIT9313_1_904788_1131090,conserved hypothetical protein
PMT0921,MIT9313_1_904788_1131090,conserved hypothetical protein
PMT0924,MIT9313_1_904788_1131090,putative carbamoyl-phosphate synthase L chain
PMT0925,MIT9313_1_904788_1131090,conserved hypothetical protein
PMT0926,MIT9313_1_904788_1131090,"lantipeptide precursor, Nif11-like leader peptide domain protein"
PMT0927,MIT9313_1_904788_1131090,nif11-like leader peptide domain protein
PMT0930,MIT9313_1_904788_1131090,sulfite exporter TauE/SafE family protein
PMT0931,MIT9313_1_904788_1131090,conserved hypothetical protein
PMT0932,MIT9313_1_904788_1131090,conserved hypothetical protein
PMT0934,MIT9313_1_904788_1131090,conserved hypothetical protein
PMT0935,MIT9313_1_904788_1131090,possible GRAM domain
PMT0936,MIT9313_1_904788_1131090,hypothetical protein
PMT0937,MIT9313_1_904788_1131090,conserved hypothetical protein (DUF3303)
PMT0938,MIT9313_1_904788_1131090,TPR repeat-containing protein
PMT0939,MIT9313_1_904788_1131090,conserved hypothetical protein (DUF3764)
PMT0941,MIT9313_1_904788_1131090,conserved hypothetical protein
PMT0943,MIT9313_1_904788_1131090,hypothetical protein
PMT0945,MIT9313_1_904788_1131090,hypothetical protein
PMT0946,MIT9313_1_904788_1131090,conserved hypothetical protein
PMT0948,MIT9313_1_904788_1131090,uncharacterized conserved membrane protein
PMT0949,MIT9313_1_904788_1131090,conserved hypothetical protein
PMT0950,MIT9313_1_904788_1131090,conserved hypothetical protein
PMT0951,MIT9313_1_904788_1131090,conserved hypothetical protein (DUF3303)
PMT0952,MIT9313_1_904788_1131090,possible Peptidase family M1
PMT0953,MIT9313_1_904788_1131090,possible Peptidase family M1
PMT0954,MIT9313_1_904788_1131090,vanW like family protein
PMT0955,MIT9313_1_904788_1131090,FAD-dependent pyridine nucleotide-disulfide oxidoreductase
PMT0956,MIT9313_1_904788_1131090,possible kinesin motor domain
PMT0958,MIT9313_1_904788_1131090,putative flagella basal body rod protein
PMT0959,MIT9313_1_904788_1131090,possible kinesin motor domain
PMT0962,MIT9313_1_904788_1131090,possible kinesin motor domain
PMT0964,MIT9313_1_904788_1131090,conserved hypothetical protein (DUF3303)
PMT0965,MIT9313_1_904788_1131090,conserved hypothetical protein
PMT0966,MIT9313_1_904788_1131090,calcineurin-like phosphoesterase family protein
PMT0967,MIT9313_1_904788_1131090,conserved hypothetical protein
PMT0972,MIT9313_1_904788_1131090,conserved hypothetical protein
PMT0974,MIT9313_1_904788_1131090,conserved hypothetical protein
PMT0975,MIT9313_1_904788_1131090,Hypothetical protein
PMT0977,MIT9313_1_904788_1131090,ABC transporter family protein
PMT0978,MIT9313_1_904788_1131090,ABC multidrug efflux transporter
PMT0979,MIT9313_1_904788_1131090,uncharacterized conserved membrane protein
PMT0980,MIT9313_1_904788_1131090,outer membrane efflux family protein
PMT0981,MIT9313_1_904788_1131090,uncharacterized conserved secreted protein
PMT0982,MIT9313_1_904788_1131090,conserved hypothetical protein
PMT0983,MIT9313_1_904788_1131090,possible kinesin motor domain
PMT0989,MIT9313_1_904788_1131090,conserved hypothetical protein DUF4278
PMT0991,MIT9313_1_904788_1131090,possible tRNA synthetase class I (E and Q)
PMT0992,MIT9313_1_904788_1131090,high light inducible protein
PMT0993,MIT9313_1_904788_1131090,"phosphate ABC transporter, phosphate-binding protein PstS"
PMT0994,MIT9313_1_904788_1131090,two-component system response regulator RR class II (RRII)-CheY-OmpR
PMT0998,MIT9313_1_904788_1131090,outer membrane porin
PMT0999,MIT9313_1_904788_1131090,"multidrug efflux transporter, MFS family"
PMT1000,MIT9313_1_904788_1131090,glyceraldehyde-3-phosphate dehydrogenase
PMT1001,MIT9313_1_904788_1131090,"bacterial regulatory protein, ArsR family"
PMT1002,MIT9313_1_904788_1131090,conserved hypothetical protein
PMT1003,MIT9313_1_904788_1131090,glycosyl hydrolase 57 family protein
PMT1004,MIT9313_1_904788_1131090,cupin domain-containing protein
PMT1005,MIT9313_1_904788_1131090,possible Gamma-thionins family
PMT1007,MIT9313_1_904788_1131090,conserved hypothetical protein
PMT1008,MIT9313_1_904788_1131090,conserved hypothetical protein
PMT1009,MIT9313_1_904788_1131090,"possible 7S seed storage protein, N-terminal doma"
PMT1010,MIT9313_1_904788_1131090,conserved hypothetical protein
PMT1011,MIT9313_1_904788_1131090,putative trigger factor
PMT1012,MIT9313_1_904788_1131090,2-Cys peroxiredoxin
PMT1013,MIT9313_1_904788_1131090,phytochelatin synthase
PMT1014,MIT9313_1_904788_1131090,conserved hypothetical protein
PMT1015,MIT9313_1_904788_1131090,uncharacterized conserved membrane protein
PMT1016,MIT9313_1_904788_1131090,methyltransferase domain protein
PMT1017,MIT9313_1_904788_1131090,conserved hypothetical protein
PMT1019,MIT9313_1_904788_1131090,uncharacterized conserved membrane protein
PMT1024,MIT9313_1_904788_1131090,ion transport family protein
PMT1025,MIT9313_1_904788_1131090,"membrane-associated, eicosanoid/glutathione metabolism (MAPEG) protein"
PMT1026,MIT9313_1_904788_1131090,NUDIX hydrolase superfamily
PMT1028,MIT9313_1_904788_1131090,conserved hypothetical protein
PMT1029,MIT9313_1_904788_1131090,aspartate aminotransferase
PMT1031,MIT9313_1_904788_1131090,dienelactone hydrolase family protein
PMT1032,MIT9313_1_904788_1131090,conserved hypothetical protein
PMT1033,MIT9313_1_904788_1131090,possible Ets-domain
PMT1034,MIT9313_1_904788_1131090,conserved hypothetical protein
PMT1035,MIT9313_1_904788_1131090,conserved hypothetical protein
PMT1037,MIT9313_1_904788_1131090,conserved hypothetical protein
PMT1038,MIT9313_1_904788_1131090,OsmC/Ohr family domain-containing protein
PMT1039,MIT9313_1_904788_1131090,conserved hypothetical protein
PMT1040,MIT9313_1_904788_1131090,conserved hypothetical protein
PMT1042,MIT9313_1_904788_1131090,conserved hypothetical protein
PMT1043,MIT9313_1_904788_1131090,possible Domain of unknown function DUF38
PMT1044,MIT9313_1_904788_1131090,proline/betaine transporter
PMT1045,MIT9313_1_904788_1131090,possible Glyceraldehyde 3-phosphate dehydrogenase
PMT1046,MIT9313_1_904788_1131090,"divinyl-chlorophyll a/b binding light harvesting protein, photosystem II-associated"
PMT1047,MIT9313_1_904788_1131090,possible Trypsin and protease inhibitor
PMT1048,MIT9313_1_904788_1131090,photosystem II PsbY protein
PMT_0829,MIT9313_1_904788_1131090,"lantipeptide precursor, Nif11-like leader peptide domain protein"
PMT_0831,MIT9313_1_904788_1131090,conserved hypothetical protein
PMT_0838,MIT9313_1_904788_1131090,Nif11-like leader peptide family natural product precursor
PMT_0841,MIT9313_1_904788_1131090,conserved hypothetical protein
PMT_0842,MIT9313_1_904788_1131090,Pyrimidine dimer DNA glycosylase
PMT_0849,MIT9313_1_904788_1131090,hypothetical protein
PMT_0860,MIT9313_1_904788_1131090,DUF3721 domain-containing protein
PMT_0861,MIT9313_1_904788_1131090,cell division protein SepF
PMT_0879,MIT9313_1_904788_1131090,possible 'chromo' (CHRromatin Organization MOd
PMT_0885,MIT9313_1_904788_1131090,"possible Guanylate-binding protein, C-terminal"
PMT_0887,MIT9313_1_904788_1131090,nif11-like leader peptide domain protein
PMT_0913,MIT9313_1_904788_1131090,tryptophan-rich conserved hypothetical protein CHP02450
PMT_0915,MIT9313_1_904788_1131090,Bacterial outer membrane protein
PMT_0916,MIT9313_1_904788_1131090,hypothetical protein
PMT_0922,MIT9313_1_904788_1131090,nif11-like leader peptide domain protein
PMT_0923,MIT9313_1_904788_1131090,hypothetical protein
PMT_0928,MIT9313_1_904788_1131090,hypothetical protein
PMT_0929,MIT9313_1_904788_1131090,conserved hypothetical protein
PMT_0933,MIT9313_1_904788_1131090,"lantipeptide precursor, Nif11-like leader peptide domain protein"
PMT_0942,MIT9313_1_904788_1131090,hypothetical protein
PMT_0961,MIT9313_1_904788_1131090,putative flagella basal body rod protein
PMT_0971,MIT9313_1_904788_1131090,possible bZIP transcription factor
PMT_0976,MIT9313_1_904788_1131090,possible Protein of unknown function DUF42
PMT_0985,MIT9313_1_904788_1131090,hypothetical protein
PMT_0990,MIT9313_1_904788_1131090,high light inducible protein
PMT_0995,MIT9313_1_904788_1131090,"two component sensor histidine kinase fragment, likely pseudogene"
PMT_0996,MIT9313_1_904788_1131090,"two component sensor histidine kinase fragment, likely pseudogene"
PMT_0997,MIT9313_1_904788_1131090,"two-component system sensor histidine kinase, phosphate sensing PhoR"
PMT_1022,MIT9313_1_904788_1131090,30S ribosomal protein S21
PMT_1027,MIT9313_1_904788_1131090,hypothetical protein
PMT_1030,MIT9313_1_904788_1131090,"possible Glucose-6-phosphate dehydrogenase, C-ter"
PMT_1041,MIT9313_1_904788_1131090,conserved hypothetical protein
PMT_2441,MIT9313_1_904788_1131090,Hypothetical protein
PMT_2443,MIT9313_1_904788_1131090,conserved hypothetical protein
PMT_2446,MIT9313_1_904788_1131090,conserved hypothetical protein
PMT_2452,MIT9313_1_904788_1131090,Hypothetical protein
PMT_2454,MIT9313_1_904788_1131090,Hypothetical protein
PMT_2459,MIT9313_1_904788_1131090,Hypothetical protein
PMT_2463,MIT9313_1_904788_1131090,Hypothetical protein
PMT_2464,MIT9313_1_904788_1131090,conserved hypothetical protein
PMT_2468,MIT9313_1_904788_1131090,Hypothetical protein
PMT_2469,MIT9313_1_904788_1131090,Conserved hypothetical protein
PMT_2474,MIT9313_1_904788_1131090,Hypothetical protein
PMT_2476,MIT9313_1_904788_1131090,conserved hypothetical protein
PMT_2480,MIT9313_1_904788_1131090,Conserved hypothetical protein
PMT_2485,MIT9313_1_904788_1131090,conserved hypothetical protein
PMT_2487,MIT9313_1_904788_1131090,Conserved hypothetical protein
PMT_2491,MIT9313_1_904788_1131090,conserved hypothetical protein
PMT_2496,MIT9313_1_904788_1131090,Hypothetical protein
PMT_2502,MIT9313_1_904788_1131090,Hypothetical protein
PMT_2503,MIT9313_1_904788_1131090,phage integrase
PMT_2504,MIT9313_1_904788_1131090,conserved hypothetical protein
PMT_2508,MIT9313_1_904788_1131090,conserved hypothetical protein
PMT_2509,MIT9313_1_904788_1131090,hypothetical protein
PMT_2510,MIT9313_1_904788_1131090,Conserved hypothetical protein
PMT_2512,MIT9313_1_904788_1131090,Hypothetical protein
PMT_2515,MIT9313_1_904788_1131090,conserved hypothetical protein
PMT_2516,MIT9313_1_904788_1131090,Conserved hypothetical protein
PMT_2525,MIT9313_1_904788_1131090,possible Peptidase family M1
PMT_2526,MIT9313_1_904788_1131090,conserved hypothetical protein
PMT_2527,MIT9313_1_904788_1131090,conserved hypothetical protein
PMT_2528,MIT9313_1_904788_1131090,putative flagella basal body rod protein
PMT_2529,MIT9313_1_904788_1131090,conserved hypothetical protein
PMT_2532,MIT9313_1_904788_1131090,"lantipeptide precursor, Nif11-like leader peptide domain protein"
PMT_2538,MIT9313_1_904788_1131090,Hypothetical protein
PMT_2539,MIT9313_1_904788_1131090,Hypothetical protein
PMT_2542,MIT9313_1_904788_1131090,conserved hypothetical protein
PMT_2544,MIT9313_1_904788_1131090,Hypothetical protein
PMT_2546,MIT9313_1_904788_1131090,Hypothetical protein
PMT_2548,MIT9313_1_904788_1131090,conserved hypothetical protein
PMT_2549,MIT9313_1_904788_1131090,Conserved hypothetical protein
PMT_2561,MIT9313_1_904788_1131090,Conserved hypothetical protein
PMT_2572,MIT9313_1_904788_1131090,Conserved hypothetical protein
PMT_2575,MIT9313_1_904788_1131090,conserved hypothetical protein
PMT_2584,MIT9313_1_904788_1131090,Hypothetical protein
PMT_2586,MIT9313_1_904788_1131090,Conserved hypothetical protein
PMT_2591,MIT9313_1_904788_1131090,Conserved hypothetical protein
PMT_2593,MIT9313_1_904788_1131090,uncharacterized conserved membrane protein
PMT_2600,MIT9313_1_904788_1131090,Conserved hypothetical protein
PMT_2604,MIT9313_1_904788_1131090,Conserved hypothetical protein
PMT_2605,MIT9313_1_904788_1131090,Hypothetical protein
PMT_2611,MIT9313_1_904788_1131090,conserved hypothetical protein
PMT_2613,MIT9313_1_904788_1131090,hypothetical protein
RG24_RS04505,MIT9313_1_904788_1131090,ferric uptake regulator
RG24_RS04620,MIT9313_1_904788_1131090,hypothetical protein
RG24_RS04770,MIT9313_1_904788_1131090,"uncharacterized secreted protein, Prochlorococcus-specific"
RG24_RS05275,MIT9313_1_904788_1131090,hypothetical protein
RG24_RS05485,MIT9313_1_904788_1131090,hypothetical protein
PMT1384,MIT9313_1_1466670_1481174,conserved hypothetical protein
PMT1386,MIT9313_1_1466670_1481174,metallo-hydrolase/oxidoreductase
PMT1388,MIT9313_1_1466670_1481174,conserved hypothetical protein
PMT1391,MIT9313_1_1466670_1481174,conserved hypothetical protein
PMT1392,MIT9313_1_1466670_1481174,ACR YdiU/UPF0061 family protein
PMT1393,MIT9313_1_1466670_1481174,uncharacterized conserved secreted protein
PMT1394,MIT9313_1_1466670_1481174,glutamyl-Q-tRNA(Asp) synthetase
PMT_1382,MIT9313_1_1466670_1481174,phytanoyl-CoA dioxygenase family protein
PMT_2680,MIT9313_1_1466670_1481174,conserved hypothetical protein
PMT_2681,MIT9313_1_1466670_1481174,Conserved hypothetical protein
PMT_2686,MIT9313_1_1466670_1481174,Conserved hypothetical protein
PMT_2689,MIT9313_1_1466670_1481174,putative membrane protein
PMT_2693,MIT9313_1_1466670_1481174,Hypothetical protein
PMT_2694,MIT9313_1_1466670_1481174,possible DnaJ type IV chaperone protein
PMT1512,MIT9313_1_1600242_1616143,photosystem II assembly factor
PMT1513,MIT9313_1_1600242_1616143,outer membrane protein
PMT1514,MIT9313_1_1600242_1616143,uncharacterized conserved secreted protein
PMT1515,MIT9313_1_1600242_1616143,arylsulfatase subfamily S1_4
PMT1516,MIT9313_1_1600242_1616143,sulfatase-modifying factor enzyme 1
PMT1517,MIT9313_1_1600242_1616143,"extracellular substrate-binding orphan, GRRM family protein"
PMT1518,MIT9313_1_1600242_1616143,rSAM-associated Gly-rich repeat secreted protein
PMT1519,MIT9313_1_1600242_1616143,rSAM-associated Gly-rich repeat secreted protein
PMT1520,MIT9313_1_1600242_1616143,"radical SAM/SPASM domain, GRRM system family protein"
PMT1521,MIT9313_1_1600242_1616143,uncharacterized conserved lipoprotein (DUF1254/DUF1214)
PMT1522,MIT9313_1_1600242_1616143,uncharacterized conserved lipoprotein (DUF1254/DUF1214)
PMT1523,MIT9313_1_1600242_1616143,conserved hypothetical protein
PMT1524,MIT9313_1_1600242_1616143,"small-conductance mechanosensitive ion channel, MscS family"
