locus_tag,island_id,product,resolved_locus_tag,resolution_method
PMT9312_0311,MIT9312_1_296183_300541,conserved hypothetical protein,PMT9312_0311,locus_tag:locus_tag
PMT9312_0312,MIT9312_1_296183_300541,conserved hypothetical protein,PMT9312_0312,locus_tag:locus_tag
PMT9312_0313,MIT9312_1_296183_300541,putative sxtK,PMT9312_0313,locus_tag:locus_tag
PMT9312_0314,MIT9312_1_296183_300541,putative membrane protein,PMT9312_0314,locus_tag:locus_tag
PMT9312_0315,MIT9312_1_296183_300541,carbamoyltransferase family protein,PMT9312_0315,locus_tag:locus_tag
PMT9312_1128,MIT9312_1_1042895_1147105,photosystem II PsbY protein,PMT9312_1128,locus_tag:locus_tag
PMT9312_1129,MIT9312_1_1042895_1147105,high light inducible protein,PMT9312_1129,locus_tag:locus_tag
PMT9312_1130,MIT9312_1_1042895_1147105,outer membrane porin,PMT9312_1130,locus_tag:locus_tag
PMT9312_1131,MIT9312_1_1042895_1147105,outer membrane porin,PMT9312_1131,locus_tag:locus_tag
PMT9312_1132,MIT9312_1_1042895_1147105,putative membrane protein,PMT9312_1132,locus_tag:locus_tag
PMT9312_1133,MIT9312_1_1042895_1147105,adenine phosphoribosyltransferase,PMT9312_1133,locus_tag:locus_tag
PMT9312_1134,MIT9312_1_1042895_1147105,conserved hypothetical protein,PMT9312_1134,locus_tag:locus_tag
PMT9312_1135,MIT9312_1_1042895_1147105,"uncharacterized conserved secreted protein, PM-13 family",PMT9312_1135,locus_tag:locus_tag
PMT9312_1136,MIT9312_1_1042895_1147105,conserved hypothetical protein,PMT9312_1136,locus_tag:locus_tag
PMT9312_1137,MIT9312_1_1042895_1147105,conserved hypothetical protein,PMT9312_1137,locus_tag:locus_tag
PMT9312_1138,MIT9312_1_1042895_1147105,DnaJ type III chaperone protein,PMT9312_1138,locus_tag:locus_tag
PMT9312_1139,MIT9312_1_1042895_1147105,conserved hypothetical protein,PMT9312_1139,locus_tag:locus_tag
PMT9312_1140,MIT9312_1_1042895_1147105,conserved hypothetical protein,PMT9312_1140,locus_tag:locus_tag
PMT9312_1141,MIT9312_1_1042895_1147105,conserved hypothetical protein,PMT9312_1141,locus_tag:locus_tag
PMT9312_1142,MIT9312_1_1042895_1147105,possible Hantavirus glycoprotein G1,PMT9312_1142,locus_tag:locus_tag
PMT9312_1143,MIT9312_1_1042895_1147105,high light inducible protein,PMT9312_1143,locus_tag:locus_tag
PMT9312_1144,MIT9312_1_1042895_1147105,photosystem II protein D1.1,PMT9312_1144,locus_tag:locus_tag
PMT9312_1145,MIT9312_1_1042895_1147105,conserved hypothetical protein,PMT9312_1145,locus_tag:locus_tag
PMT9312_1146,MIT9312_1_1042895_1147105,conserved hypothetical protein,PMT9312_1146,locus_tag:locus_tag
PMT9312_1147,MIT9312_1_1042895_1147105,conserved hypothetical protein,PMT9312_1147,locus_tag:locus_tag
PMT9312_1148,MIT9312_1_1042895_1147105,"transcriptional regulator, MarR family",PMT9312_1148,locus_tag:locus_tag
PMT9312_1149,MIT9312_1_1042895_1147105,conserved hypothetical protein,PMT9312_1149,locus_tag:locus_tag
PMT9312_1150,MIT9312_1_1042895_1147105,Uncharacterized conserved protein containing SWIM-like Zn-finger,PMT9312_1150,locus_tag:locus_tag
PMT9312_1151,MIT9312_1_1042895_1147105,retron-type reverse transcriptase,PMT9312_1151,locus_tag:locus_tag
PMT9312_1152,MIT9312_1_1042895_1147105,conserved hypothetical protein,PMT9312_1152,locus_tag:locus_tag
PMT9312_1153,MIT9312_1_1042895_1147105,conserved hypothetical protein,PMT9312_1153,locus_tag:locus_tag
PMT9312_1154,MIT9312_1_1042895_1147105,conserved hypothetical protein,PMT9312_1154,locus_tag:locus_tag
PMT9312_1155,MIT9312_1_1042895_1147105,ATP-dependent DNA ligase,PMT9312_1155,locus_tag:locus_tag
PMT9312_1156,MIT9312_1_1042895_1147105,conserved hypothetical protein,PMT9312_1156,locus_tag:locus_tag
PMT9312_1157,MIT9312_1_1042895_1147105,conserved hypothetical protein,PMT9312_1157,locus_tag:locus_tag
PMT9312_1158,MIT9312_1_1042895_1147105,conserved hypothetical protein,PMT9312_1158,locus_tag:locus_tag
PMT9312_1159,MIT9312_1_1042895_1147105,conserved hypothetical protein,PMT9312_1159,locus_tag:locus_tag
PMT9312_1160,MIT9312_1_1042895_1147105,conserved hypothetical protein,PMT9312_1160,locus_tag:locus_tag
PMT9312_1161,MIT9312_1_1042895_1147105,conserved hypothetical protein,PMT9312_1161,locus_tag:locus_tag
PMT9312_1162,MIT9312_1_1042895_1147105,conserved hypothetical protein,PMT9312_1162,locus_tag:locus_tag
PMT9312_1163,MIT9312_1_1042895_1147105,conserved hypothetical protein,PMT9312_1163,locus_tag:locus_tag
PMT9312_1164,MIT9312_1_1042895_1147105,sulfotransferase family protein,PMT9312_1164,locus_tag:locus_tag
PMT9312_1165,MIT9312_1_1042895_1147105,"BgtA-like ABC-type uptake transporter for acidic and neutral polar amino acids (N-II), ATPase subunit",PMT9312_1165,locus_tag:locus_tag
PMT9312_1166,MIT9312_1_1042895_1147105,"ABC-type uptake transporter for acidic and neutral polar amino acids (N-II), membrane protein",PMT9312_1166,locus_tag:locus_tag
PMT9312_1167,MIT9312_1_1042895_1147105,"ABC-type uptake transporter for acidic and neutral polar amino acids (N-II), membrane protein",PMT9312_1167,locus_tag:locus_tag
PMT9312_1168,MIT9312_1_1042895_1147105,"ABC-type uptake transporter for acidic and neutral polar amino acids (N-II), substrate binding protein",PMT9312_1168,locus_tag:locus_tag
PMT9312_1169,MIT9312_1_1042895_1147105,NADPH-dependent reductase,PMT9312_1169,locus_tag:locus_tag
PMT9312_1170,MIT9312_1_1042895_1147105,conserved hypothetical protein,PMT9312_1170,locus_tag:locus_tag
PMT9312_1171,MIT9312_1_1042895_1147105,conserved hypothetical protein,PMT9312_1171,locus_tag:locus_tag
PMT9312_1172,MIT9312_1_1042895_1147105,protein of unknown function (DUF1651),PMT9312_1172,locus_tag:locus_tag
PMT9312_1173,MIT9312_1_1042895_1147105,high light inducible protein,PMT9312_1173,locus_tag:locus_tag
PMT9312_1175,MIT9312_1_1042895_1147105,conserved hypothetical protein,PMT9312_1175,locus_tag:locus_tag
PMT9312_1176,MIT9312_1_1042895_1147105,"cytochrome b559, beta subunit-like protein",PMT9312_1176,locus_tag:locus_tag
PMT9312_1177,MIT9312_1_1042895_1147105,uncharacterized conserved membrane protein,PMT9312_1177,locus_tag:locus_tag
PMT9312_1178,MIT9312_1_1042895_1147105,conserved hypothetical protein,PMT9312_1178,locus_tag:locus_tag
PMT9312_1179,MIT9312_1_1042895_1147105,beta-barrel porin-like outer membrane protein,PMT9312_1179,locus_tag:locus_tag
PMT9312_1180,MIT9312_1_1042895_1147105,"uncharacterized conserved secreted protein, PM-13 family",PMT9312_1180,locus_tag:locus_tag
PMT9312_1181,MIT9312_1_1042895_1147105,"TolC-like outer membrane efflux protein, RND family",PMT9312_1181,locus_tag:locus_tag
PMT9312_1182,MIT9312_1_1042895_1147105,ABC multidrug efflux transporter,PMT9312_1182,locus_tag:locus_tag
PMT9312_1183,MIT9312_1_1042895_1147105,hlyD secretion family protein,PMT9312_1183,locus_tag:locus_tag
PMT9312_1184,MIT9312_1_1042895_1147105,conserved hypothetical protein,PMT9312_1184,locus_tag:locus_tag
PMT9312_1185,MIT9312_1_1042895_1147105,subtilisin DY domain protein,PMT9312_1185,locus_tag:locus_tag
PMT9312_1186,MIT9312_1_1042895_1147105,leader peptidase (prepilin peptidase) / N-methyltransferase,PMT9312_1186,locus_tag:locus_tag
PMT9312_1187,MIT9312_1_1042895_1147105,"type II secretory pathway, component PulF",PMT9312_1187,locus_tag:locus_tag
PMT9312_1188,MIT9312_1_1042895_1147105,twitching motility protein PilT,PMT9312_1188,locus_tag:locus_tag
PMT9312_1189,MIT9312_1_1042895_1147105,Type IV fimbrial assembly,PMT9312_1189,locus_tag:locus_tag
PMT9312_1190,MIT9312_1_1042895_1147105,conserved hypothetical protein,PMT9312_1190,locus_tag:locus_tag
PMT9312_1191,MIT9312_1_1042895_1147105,conserved hypothetical protein,PMT9312_1191,locus_tag:locus_tag
PMT9312_1192,MIT9312_1_1042895_1147105,conserved hypothetical protein,PMT9312_1192,locus_tag:locus_tag
PMT9312_1193,MIT9312_1_1042895_1147105,conserved hypothetical protein,PMT9312_1193,locus_tag:locus_tag
PMT9312_1194,MIT9312_1_1042895_1147105,type IV pilus assembly protein PilQ,PMT9312_1194,locus_tag:locus_tag
PMT9312_1195,MIT9312_1_1042895_1147105,conserved hypothetical protein,PMT9312_1195,locus_tag:locus_tag
PMT9312_1196,MIT9312_1_1042895_1147105,conserved hypothetical protein,PMT9312_1196,locus_tag:locus_tag
PMT9312_1197,MIT9312_1_1042895_1147105,conserved hypothetical protein,PMT9312_1197,locus_tag:locus_tag
PMT9312_1198,MIT9312_1_1042895_1147105,conserved hypothetical protein,PMT9312_1198,locus_tag:locus_tag
PMT9312_1199,MIT9312_1_1042895_1147105,pilin polypeptide PilA-like N-terminal methylation domain-containing protein,PMT9312_1199,locus_tag:locus_tag
PMT9312_1201,MIT9312_1_1042895_1147105,conserved hypothetical protein,PMT9312_1201,locus_tag:locus_tag
PMT9312_1202,MIT9312_1_1042895_1147105,TPR repeat-containing protein,PMT9312_1202,locus_tag:locus_tag
PMT9312_1203,MIT9312_1_1042895_1147105,conserved hypothetical protein,PMT9312_1203,locus_tag:locus_tag
PMT9312_1204,MIT9312_1_1042895_1147105,pseudouridine synthase,PMT9312_1204,locus_tag:locus_tag
PMT9312_1205,MIT9312_1_1042895_1147105,putative membrane protein,PMT9312_1205,locus_tag:locus_tag
PMT9312_1206,MIT9312_1_1042895_1147105,protein of unknown function (DUF1651),PMT9312_1206,locus_tag:locus_tag
PMT9312_1207,MIT9312_1_1042895_1147105,putative SOS response associated peptidase,PMT9312_1207,locus_tag:locus_tag
PMT9312_1208,MIT9312_1_1042895_1147105,conserved hypothetical protein,PMT9312_1208,locus_tag:locus_tag
PMT9312_1209,MIT9312_1_1042895_1147105,conserved hypothetical protein (DUF3303),PMT9312_1209,locus_tag:locus_tag
PMT9312_1210,MIT9312_1_1042895_1147105,possible Uncharacterized protein family UPF003,PMT9312_1210,locus_tag:locus_tag
PMT9312_1212,MIT9312_1_1042895_1147105,conserved hypothetical protein (DUF411),PMT9312_1212,locus_tag:locus_tag
PMT9312_1213,MIT9312_1_1042895_1147105,conserved hypothetical protein,PMT9312_1213,locus_tag:locus_tag
PMT9312_1214,MIT9312_1_1042895_1147105,pepSY-associated TM helix family protein,PMT9312_1214,locus_tag:locus_tag
PMT9312_1215,MIT9312_1_1042895_1147105,conserved hypothetical protein,PMT9312_1215,locus_tag:locus_tag
PMT9312_1216,MIT9312_1_1042895_1147105,conserved hypothetical protein,PMT9312_1216,locus_tag:locus_tag
PMT9312_1217,MIT9312_1_1042895_1147105,conserved hypothetical protein,PMT9312_1217,locus_tag:locus_tag
PMT9312_1218,MIT9312_1_1042895_1147105,uncharacterized conserved membrane protein (DUF2839),PMT9312_1218,locus_tag:locus_tag
PMT9312_1219,MIT9312_1_1042895_1147105,"Mn2+/Fe2+ transporter, NRAMP family",PMT9312_1219,locus_tag:locus_tag
PMT9312_1220,MIT9312_1_1042895_1147105,conserved hypothetical protein,PMT9312_1220,locus_tag:locus_tag
PMT9312_1221,MIT9312_1_1042895_1147105,Predicted protein family PM-11,PMT9312_1221,locus_tag:locus_tag
PMT9312_1222,MIT9312_1_1042895_1147105,conserved hypothetical protein (DUF3764),PMT9312_1222,locus_tag:locus_tag
PMT9312_1223,MIT9312_1_1042895_1147105,sodium-dependent transporter,PMT9312_1223,locus_tag:locus_tag
PMT9312_1224,MIT9312_1_1042895_1147105,ACR YdiU/UPF0061 family protein,PMT9312_1224,locus_tag:locus_tag
PMT9312_1225,MIT9312_1_1042895_1147105,cupin domain-containing protein,PMT9312_1225,locus_tag:locus_tag
PMT9312_1226,MIT9312_1_1042895_1147105,conserved hypothetical protein,PMT9312_1226,locus_tag:locus_tag
PMT9312_1227,MIT9312_1_1042895_1147105,conserved hypothetical protein (DUF1651),PMT9312_1227,locus_tag:locus_tag
PMT9312_1228,MIT9312_1_1042895_1147105,high light inducible protein,PMT9312_1228,locus_tag:locus_tag
PMT9312_1229,MIT9312_1_1042895_1147105,high light inducible protein,PMT9312_1229,locus_tag:locus_tag
PMT9312_1230,MIT9312_1_1042895_1147105,high light inducible protein,PMT9312_1230,locus_tag:locus_tag
PMT9312_1231,MIT9312_1_1042895_1147105,uncharacterized conserved secreted protein,PMT9312_1231,locus_tag:locus_tag
PMT9312_1233,MIT9312_1_1042895_1147105,conserved hypothetical protein,PMT9312_1233,locus_tag:locus_tag
PMT9312_1900,MIT9312_1_1042895_1147105,conserved hypothetical protein,PMT9312_1900,locus_tag:locus_tag
PMT9312_1903,MIT9312_1_1042895_1147105,conserved hypothetical protein,PMT9312_1903,locus_tag:locus_tag
PMT9312_1904,MIT9312_1_1042895_1147105,conserved hypothetical protein,PMT9312_1904,locus_tag:locus_tag
PMT9312_1909,MIT9312_1_1042895_1147105,uncharacterized conserved membrane protein,PMT9312_1909,locus_tag:locus_tag
PMT9312_1910,MIT9312_1_1042895_1147105,Hypothetical protein,PMT9312_1910,locus_tag:locus_tag
PMT9312_1912,MIT9312_1_1042895_1147105,uncharacterized conserved membrane protein,PMT9312_1912,locus_tag:locus_tag
PMT9312_1914,MIT9312_1_1042895_1147105,Conserved hypothetical protein,PMT9312_1914,locus_tag:locus_tag
PMT9312_1916,MIT9312_1_1042895_1147105,Conserved hypothetical protein,PMT9312_1916,locus_tag:locus_tag
PMT9312_1918,MIT9312_1_1042895_1147105,conserved hypothetical protein,PMT9312_1918,locus_tag:locus_tag
PMT9312_1921,MIT9312_1_1042895_1147105,uncharacterized conserved membrane protein,PMT9312_1921,locus_tag:locus_tag
PMT9312_1922,MIT9312_1_1042895_1147105,conserved hypothetical protein,PMT9312_1922,locus_tag:locus_tag
PMT9312_1924,MIT9312_1_1042895_1147105,conserved hypothetical protein,PMT9312_1924,locus_tag:locus_tag
PMT9312_1929,MIT9312_1_1042895_1147105,Conserved hypothetical protein,PMT9312_1929,locus_tag:locus_tag
PMT9312_1931,MIT9312_1_1042895_1147105,Conserved hypothetical protein,PMT9312_1931,locus_tag:locus_tag
PMT9312_RS09820,MIT9312_1_1042895_1147105,hypothetical protein,PMT9312_RS09820,locus_tag:locus_tag
PMT9312_RS10035,MIT9312_1_1042895_1147105,hypothetical protein,PMT9312_RS10035,locus_tag:locus_tag
PMT9312_RS10040,MIT9312_1_1042895_1147105,hypothetical protein,PMT9312_RS10040,locus_tag:locus_tag
PMT9312_RS10055,MIT9312_1_1042895_1147105,hypothetical protein,PMT9312_RS10055,locus_tag:locus_tag
PMT9312_pseudoVIMSS1362712,MIT9312_1_1042895_1147105,hypothetical protein,PMT9312_pseudoVIMSS1362712,locus_tag:locus_tag
PMT9312_1298,MIT9312_1_1205096_1273425,lipopolysaccharides biosynthesis acetyltransferase,PMT9312_1298,locus_tag:locus_tag
PMT9312_1299,MIT9312_1_1205096_1273425,nucleotide sugar dehydrogenase family protein,PMT9312_1299,locus_tag:locus_tag
PMT9312_1300,MIT9312_1_1205096_1273425,Predicted oxidoreductase,PMT9312_1300,locus_tag:locus_tag
PMT9312_1301,MIT9312_1_1205096_1273425,conserved hypothetical protein distantly related to alpha-glycosyltransferases family 4,PMT9312_1301,locus_tag:locus_tag
PMT9312_1302,MIT9312_1_1205096_1273425,"transketolase, thiamine diphosphate binding domain protein",PMT9312_1302,locus_tag:locus_tag
PMT9312_1303,MIT9312_1_1205096_1273425,transketolase-like protein,PMT9312_1303,locus_tag:locus_tag
PMT9312_1304,MIT9312_1_1205096_1273425,perosamine synthetase protein family,PMT9312_1304,locus_tag:locus_tag
PMT9312_1305,MIT9312_1_1205096_1273425,bacterial sugar transferase family protein,PMT9312_1305,locus_tag:locus_tag
PMT9312_1306,MIT9312_1_1205096_1273425,polysaccharide biosynthesis family protein,PMT9312_1306,locus_tag:locus_tag
PMT9312_1307,MIT9312_1_1205096_1273425,possible alpha-galactosyltransferase,PMT9312_1307,locus_tag:locus_tag
PMT9312_1309,MIT9312_1_1205096_1273425,conserved hypothetical protein,PMT9312_1309,locus_tag:locus_tag
PMT9312_1310,MIT9312_1_1205096_1273425,conserved hypothetical protein,PMT9312_1310,locus_tag:locus_tag
PMT9312_1311,MIT9312_1_1205096_1273425,dolichyl-phosphate-mannose-mannosyltransferase family protein,PMT9312_1311,locus_tag:locus_tag
PMT9312_1312,MIT9312_1_1205096_1273425,UDP-glucose 6-dehydrogenase,PMT9312_1312,locus_tag:locus_tag
PMT9312_1313,MIT9312_1_1205096_1273425,nucleotide sugar epimerase,PMT9312_1313,locus_tag:locus_tag
PMT9312_1314,MIT9312_1_1205096_1273425,mannose-1-phosphate guanylyltransferase,PMT9312_1314,locus_tag:locus_tag
PMT9312_1315,MIT9312_1_1205096_1273425,GDP-L-fucose synthase,PMT9312_1315,locus_tag:locus_tag
PMT9312_1316,MIT9312_1_1205096_1273425,"GDP-mannose 4,6-dehydratase",PMT9312_1316,locus_tag:locus_tag
PMT9312_1317,MIT9312_1_1205096_1273425,UDP-glucose 4-epimerase,PMT9312_1317,locus_tag:locus_tag
PMT9312_1318,MIT9312_1_1205096_1273425,conserved hypothetical protein,PMT9312_1318,locus_tag:locus_tag
PMT9312_1319,MIT9312_1_1205096_1273425,UDP-N-acetylmuramyl pentapeptide phosphotransferase/UDP-N- acetylglucosamine-1-phosphate transferase,PMT9312_1319,locus_tag:locus_tag
PMT9312_1320,MIT9312_1_1205096_1273425,conserved hypothetical protein,PMT9312_1320,locus_tag:locus_tag
PMT9312_1321,MIT9312_1_1205096_1273425,conserved hypothetical protein,PMT9312_1321,locus_tag:locus_tag
PMT9312_1322,MIT9312_1_1205096_1273425,conserved hypothetical protein,PMT9312_1322,locus_tag:locus_tag
PMT9312_1323,MIT9312_1_1205096_1273425,possible alpha-galactosyltransferase,PMT9312_1323,locus_tag:locus_tag
PMT9312_1324,MIT9312_1_1205096_1273425,asparagine synthase (glutamine-hydrolyzing),PMT9312_1324,locus_tag:locus_tag
PMT9312_1325,MIT9312_1_1205096_1273425,conserved hypothetical protein,PMT9312_1325,locus_tag:locus_tag
PMT9312_1326,MIT9312_1_1205096_1273425,conserved hypothetical protein,PMT9312_1326,locus_tag:locus_tag
PMT9312_1327,MIT9312_1_1205096_1273425,conserved hypothetical protein,PMT9312_1327,locus_tag:locus_tag
PMT9312_1328,MIT9312_1_1205096_1273425,phosphotransferase,PMT9312_1328,locus_tag:locus_tag
PMT9312_1329,MIT9312_1_1205096_1273425,mannose-6-phosphate isomerase,PMT9312_1329,locus_tag:locus_tag
PMT9312_1330,MIT9312_1_1205096_1273425,conserved hypothetical protein,PMT9312_1330,locus_tag:locus_tag
PMT9312_1331,MIT9312_1_1205096_1273425,HAD domain-containing protein,PMT9312_1331,locus_tag:locus_tag
PMT9312_1332,MIT9312_1_1205096_1273425,"ABC transporter type 1, ATPase component",PMT9312_1332,locus_tag:locus_tag
PMT9312_1333,MIT9312_1_1205096_1273425,glycosyl transferase 2 family protein,PMT9312_1333,locus_tag:locus_tag
PMT9312_1334,MIT9312_1_1205096_1273425,UDP-glucose 4-epimerase GalE,PMT9312_1334,locus_tag:locus_tag
PMT9312_1335,MIT9312_1_1205096_1273425,"HAD hydrolase, family IIIA",PMT9312_1335,locus_tag:locus_tag
PMT9312_1336,MIT9312_1_1205096_1273425,D-glycero-D-manno-heptose 1-phosphate kinase,PMT9312_1336,locus_tag:locus_tag
PMT9312_1337,MIT9312_1_1205096_1273425,D-sedoheptulose 7-phosphate isomerase,PMT9312_1337,locus_tag:locus_tag
PMT9312_1339,MIT9312_1_1205096_1273425,conserved hypothetical protein,PMT9312_1339,locus_tag:locus_tag
PMT9312_1340,MIT9312_1_1205096_1273425,N-acetylneuraminate synthase,PMT9312_1340,locus_tag:locus_tag
PMT9312_1341,MIT9312_1_1205096_1273425,N-acylneuraminate cytidylyltransferase/HAD-like domain-containing protein,PMT9312_1341,locus_tag:locus_tag
PMT9312_1342,MIT9312_1_1205096_1273425,prepilin-type N-terminal cleavage/methylation domain protein,PMT9312_1342,locus_tag:locus_tag
PMT9312_1343,MIT9312_1_1205096_1273425,conserved hypothetical protein,PMT9312_1343,locus_tag:locus_tag
PMT9312_1344,MIT9312_1_1205096_1273425,conserved hypothetical protein,PMT9312_1344,locus_tag:locus_tag
PMT9312_1345,MIT9312_1_1205096_1273425,conserved hypothetical protein,PMT9312_1345,locus_tag:locus_tag
PMT9312_1346,MIT9312_1_1205096_1273425,"N,N'-diacetyllegionaminate synthase",PMT9312_1346,locus_tag:locus_tag
PMT9312_1347,MIT9312_1_1205096_1273425,D-sedoheptulose 7-phosphate isomerase,PMT9312_1347,locus_tag:locus_tag
PMT9312_1348,MIT9312_1_1205096_1273425,xylose isomerase-like TIM barrel family protein,PMT9312_1348,locus_tag:locus_tag
PMT9312_1349,MIT9312_1_1205096_1273425,N-acylneuraminate cytidylyltransferase,PMT9312_1349,locus_tag:locus_tag
PMT9312_1350,MIT9312_1_1205096_1273425,2-deoxy-D-gluconate 3-dehydrogenase,PMT9312_1350,locus_tag:locus_tag
PMT9312_1351,MIT9312_1_1205096_1273425,blr5975 domain protein,PMT9312_1351,locus_tag:locus_tag
PMT9312_1352,MIT9312_1_1205096_1273425,short chain dehydrogenase family protein,PMT9312_1352,locus_tag:locus_tag
PMT9312_1353,MIT9312_1_1205096_1273425,conserved hypothetical protein,PMT9312_1353,locus_tag:locus_tag
PMT9312_1354,MIT9312_1_1205096_1273425,L-aspartate oxidase,PMT9312_1354,locus_tag:locus_tag
PMT9312_1355,MIT9312_1_1205096_1273425,capsular exopolysaccharide family domain protein,PMT9312_1355,locus_tag:locus_tag
PMT9312_1814,MIT9312_1_1205096_1273425,conserved hypothetical protein,PMT9312_1814,locus_tag:locus_tag
PMT9312_RS09860,MIT9312_1_1205096_1273425,hypothetical protein,PMT9312_RS09860,locus_tag:locus_tag
PMT9312_RS09865,MIT9312_1_1205096_1273425,hypothetical protein,PMT9312_RS09865,locus_tag:locus_tag
PMT9312_1455,MIT9312_1_1366521_1419587,3-oxo-5-alpha-steroid 4-dehydrogenase C-terminal domain-containing protein,PMT9312_1455,locus_tag:locus_tag
PMT9312_1456,MIT9312_1_1366521_1419587,pyridoxamine 5'-phosphate oxidase,PMT9312_1456,locus_tag:locus_tag
PMT9312_1457,MIT9312_1_1366521_1419587,"uncharacterized conserved membrane protein, DoxX family",PMT9312_1457,locus_tag:locus_tag
PMT9312_1458,MIT9312_1_1366521_1419587,FAD binding domain of DNA photolyase,PMT9312_1458,locus_tag:locus_tag
PMT9312_1459,MIT9312_1_1366521_1419587,short-chain dehydrogenase/reductase (SDR) superfamily,PMT9312_1459,locus_tag:locus_tag
PMT9312_1460,MIT9312_1_1366521_1419587,conserved hypothetical protein,PMT9312_1460,locus_tag:locus_tag
PMT9312_1461,MIT9312_1_1366521_1419587,UDP-N-acetylmuramoylalanine--D-glutamate ligase,PMT9312_1461,locus_tag:locus_tag
PMT9312_1462,MIT9312_1_1366521_1419587,conserved hypothetical protein,PMT9312_1462,locus_tag:locus_tag
PMT9312_1463,MIT9312_1_1366521_1419587,pirin-like protein,PMT9312_1463,locus_tag:locus_tag
PMT9312_1464,MIT9312_1_1366521_1419587,conserved hypothetical protein,PMT9312_1464,locus_tag:locus_tag
PMT9312_1465,MIT9312_1_1366521_1419587,conserved hypothetical protein,PMT9312_1465,locus_tag:locus_tag
PMT9312_1466,MIT9312_1_1366521_1419587,GAF domain-containing protein,PMT9312_1466,locus_tag:locus_tag
PMT9312_1467,MIT9312_1_1366521_1419587,"flavoprotein, HI0933 family",PMT9312_1467,locus_tag:locus_tag
PMT9312_1468,MIT9312_1_1366521_1419587,drug/metabolite transporter (DMT) superfamily efflux protein,PMT9312_1468,locus_tag:locus_tag
PMT9312_1469,MIT9312_1_1366521_1419587,conserved hypothetical protein,PMT9312_1469,locus_tag:locus_tag
PMT9312_1470,MIT9312_1_1366521_1419587,conserved hypothetical protein,PMT9312_1470,locus_tag:locus_tag
PMT9312_1471,MIT9312_1_1366521_1419587,conserved hypothetical protein,PMT9312_1471,locus_tag:locus_tag
PMT9312_1472,MIT9312_1_1366521_1419587,possible M protein repeat,PMT9312_1472,locus_tag:locus_tag
PMT9312_1473,MIT9312_1_1366521_1419587,delta-12 fatty acid desaturase DesA3,PMT9312_1473,locus_tag:locus_tag
PMT9312_1474,MIT9312_1_1366521_1419587,conserved hypothetical protein,PMT9312_1474,locus_tag:locus_tag
PMT9312_1475,MIT9312_1_1366521_1419587,conserved hypothetical protein,PMT9312_1475,locus_tag:locus_tag
PMT9312_1476,MIT9312_1_1366521_1419587,delta-12 fatty acid desaturase DesA2,PMT9312_1476,locus_tag:locus_tag
PMT9312_1477,MIT9312_1_1366521_1419587,conserved hypothetical protein,PMT9312_1477,locus_tag:locus_tag
PMT9312_1479,MIT9312_1_1366521_1419587,hypothetical protein,PMT9312_1479,locus_tag:locus_tag
PMT9312_1480,MIT9312_1_1366521_1419587,high light inducible protein,PMT9312_1480,locus_tag:locus_tag
PMT9312_1481,MIT9312_1_1366521_1419587,high light inducible protein,PMT9312_1481,locus_tag:locus_tag
PMT9312_1482,MIT9312_1_1366521_1419587,"lipopolysaccharide export system, permease component",PMT9312_1482,locus_tag:locus_tag
PMT9312_1483,MIT9312_1_1366521_1419587,conserved hypothetical protein,PMT9312_1483,locus_tag:locus_tag
PMT9312_1484,MIT9312_1_1366521_1419587,conserved hypothetical protein,PMT9312_1484,locus_tag:locus_tag
PMT9312_1485,MIT9312_1_1366521_1419587,"possible bacterial extracellular solute-binding protein, family 3",PMT9312_1485,locus_tag:locus_tag
PMT9312_1486,MIT9312_1_1366521_1419587,conserved hypothetical protein,PMT9312_1486,locus_tag:locus_tag
PMT9312_1487,MIT9312_1_1366521_1419587,"conserved hypothetical protein, Prochlorococcus-specific",PMT9312_1487,locus_tag:locus_tag
PMT9312_1488,MIT9312_1_1366521_1419587,NTF2-like domain-containing protein,PMT9312_1488,locus_tag:locus_tag
PMT9312_1489,MIT9312_1_1366521_1419587,conserved hypothetical protein,PMT9312_1489,locus_tag:locus_tag
PMT9312_1491,MIT9312_1_1366521_1419587,high light inducible protein,PMT9312_1491,locus_tag:locus_tag
PMT9312_1492,MIT9312_1_1366521_1419587,conserved hypothetical protein family PM-14,PMT9312_1492,locus_tag:locus_tag
PMT9312_1493,MIT9312_1_1366521_1419587,RmlC-like cupin domain-containing protein,PMT9312_1493,locus_tag:locus_tag
PMT9312_1494,MIT9312_1_1366521_1419587,PIN and PhoH domains-containing protein involved in restraining the phage infection process,PMT9312_1494,locus_tag:locus_tag
PMT9312_1495,MIT9312_1_1366521_1419587,putative lysine decarboxylase family protein,PMT9312_1495,locus_tag:locus_tag
PMT9312_1496,MIT9312_1_1366521_1419587,conserved hypothetical protein,PMT9312_1496,locus_tag:locus_tag
PMT9312_1497,MIT9312_1_1366521_1419587,dienelactone hydrolase family protein,PMT9312_1497,locus_tag:locus_tag
PMT9312_1498,MIT9312_1_1366521_1419587,conserved hypothetical protein,PMT9312_1498,locus_tag:locus_tag
PMT9312_1499,MIT9312_1_1366521_1419587,nucleotide-binding alpha-beta plait domain-containing protein,PMT9312_1499,locus_tag:locus_tag
PMT9312_1500,MIT9312_1_1366521_1419587,conserved hypothetical protein,PMT9312_1500,locus_tag:locus_tag
PMT9312_1501,MIT9312_1_1366521_1419587,pepSY-associated TM helix family protein,PMT9312_1501,locus_tag:locus_tag
PMT9312_1502,MIT9312_1_1366521_1419587,conserved hypothetical protein,PMT9312_1502,locus_tag:locus_tag
PMT9312_1503,MIT9312_1_1366521_1419587,conserved hypothetical protein,PMT9312_1503,locus_tag:locus_tag
PMT9312_1504,MIT9312_1_1366521_1419587,conserved hypothetical protein,PMT9312_1504,locus_tag:locus_tag
PMT9312_1506,MIT9312_1_1366521_1419587,cupin domain-containing protein,PMT9312_1506,locus_tag:locus_tag
PMT9312_1507,MIT9312_1_1366521_1419587,uncharacterized conserved secreted protein,PMT9312_1507,locus_tag:locus_tag
PMT9312_1509,MIT9312_1_1366521_1419587,high light inducible protein,PMT9312_1509,locus_tag:locus_tag
PMT9312_1510,MIT9312_1_1366521_1419587,high light inducible protein,PMT9312_1510,locus_tag:locus_tag
PMT9312_1512,MIT9312_1_1366521_1419587,outer membrane porin,PMT9312_1512,locus_tag:locus_tag
PMT9312_1513,MIT9312_1_1366521_1419587,2-oxoglutarate/iron-dependent dioxygenase,PMT9312_1513,locus_tag:locus_tag
PMT9312_1514,MIT9312_1_1366521_1419587,conserved hypothetical protein family PM-12,PMT9312_1514,locus_tag:locus_tag
PMT9312_1515,MIT9312_1_1366521_1419587,outer membrane porin,PMT9312_1515,locus_tag:locus_tag
PMT9312_1516,MIT9312_1_1366521_1419587,uncharacterized conserved secreted protein (DUF3721),PMT9312_1516,locus_tag:locus_tag
PMT9312_1517,MIT9312_1_1366521_1419587,uncharacterized conserved membrane protein (DUF3721),PMT9312_1517,locus_tag:locus_tag
PMT9312_1518,MIT9312_1_1366521_1419587,putative phosphatase,PMT9312_1518,locus_tag:locus_tag
PMT9312_1519,MIT9312_1_1366521_1419587,"twin arginine-targeting translocase, TatA/E family protein",PMT9312_1519,locus_tag:locus_tag
PMT9312_1520,MIT9312_1_1366521_1419587,conserved hypothetical protein,PMT9312_1520,locus_tag:locus_tag
PMT9312_1939,MIT9312_1_1366521_1419587,conserved hypothetical protein,PMT9312_1939,locus_tag:locus_tag
PMT9312_1940,MIT9312_1_1366521_1419587,uncharacterized conserved membrane protein,PMT9312_1940,locus_tag:locus_tag
PMT9312_1942,MIT9312_1_1366521_1419587,uncharacterized conserved membrane protein PM-23,PMT9312_1942,locus_tag:locus_tag
PMT9312_1943,MIT9312_1_1366521_1419587,conserved hypothetical protein,PMT9312_1943,locus_tag:locus_tag
PMT9312_1944,MIT9312_1_1366521_1419587,uncharacterized conserved membrane protein,PMT9312_1944,locus_tag:locus_tag
PMT9312_1945,MIT9312_1_1366521_1419587,uncharacterized conserved membrane protein,PMT9312_1945,locus_tag:locus_tag
PMT9312_1946,MIT9312_1_1366521_1419587,conserved hypothetical protein,PMT9312_1946,locus_tag:locus_tag
PMT9312_1947,MIT9312_1_1366521_1419587,conserved hypothetical protein,PMT9312_1947,locus_tag:locus_tag
PMT9312_1948,MIT9312_1_1366521_1419587,Conserved hypothetical protein,PMT9312_1948,locus_tag:locus_tag
PMT9312_1949,MIT9312_1_1366521_1419587,conserved hypothetical protein,PMT9312_1949,locus_tag:locus_tag
PMT9312_1950,MIT9312_1_1366521_1419587,conserved hypothetical protein,PMT9312_1950,locus_tag:locus_tag
PMT9312_1952,MIT9312_1_1366521_1419587,Conserved hypothetical protein,PMT9312_1952,locus_tag:locus_tag
PMT9312_1956,MIT9312_1_1366521_1419587,Conserved hypothetical protein,PMT9312_1956,locus_tag:locus_tag
PMT9312_1960,MIT9312_1_1366521_1419587,conserved hypothetical protein,PMT9312_1960,locus_tag:locus_tag
PMT9312_1962,MIT9312_1_1366521_1419587,conserved hypothetical protein,PMT9312_1962,locus_tag:locus_tag
PMT9312_1963,MIT9312_1_1366521_1419587,Hypothetical protein,PMT9312_1963,locus_tag:locus_tag
PMT9312_1965,MIT9312_1_1366521_1419587,Conserved hypothetical protein,PMT9312_1965,locus_tag:locus_tag
PMT9312_1966,MIT9312_1_1366521_1419587,conserved hypothetical protein,PMT9312_1966,locus_tag:locus_tag
PMT9312_RS07805,MIT9312_1_1366521_1419587,high light inducible protein,PMT9312_RS07805,locus_tag:locus_tag
PMT9312_RS10090,MIT9312_1_1366521_1419587,chlorophyll a/b-binding protein,PMT9312_RS10090,locus_tag:locus_tag
PMT9312_0340,MIT9312_1_328150_332997,uncharacterized conserved membrane protein,PMT9312_0340,locus_tag:locus_tag
PMT9312_0341,MIT9312_1_328150_332997,plastoquinol terminal oxidase,PMT9312_0341,locus_tag:locus_tag
PMT9312_0343,MIT9312_1_328150_332997,conserved hypothetical protein,PMT9312_0343,locus_tag:locus_tag
PMT9312_0344,MIT9312_1_328150_332997,conserved hypothetical protein CHP03894,PMT9312_0344,locus_tag:locus_tag
PMT9312_0345,MIT9312_1_328150_332997,carotenoid isomerase protein family,PMT9312_0345,locus_tag:locus_tag
PMT9312_1821,MIT9312_1_328150_332997,conserved hypothetical protein,PMT9312_1821,locus_tag:locus_tag
PMT9312_1822,MIT9312_1_328150_332997,conserved hypothetical protein,PMT9312_1822,locus_tag:locus_tag
PMT9312_1823,MIT9312_1_328150_332997,Conserved hypothetical protein,PMT9312_1823,locus_tag:locus_tag
PMT9312_0357,MIT9312_1_337963_365363,RF-1 domain protein,PMT9312_0357,locus_tag:locus_tag
PMT9312_0358,MIT9312_1_337963_365363,conserved hypothetical protein (DUF1651),PMT9312_0358,locus_tag:locus_tag
PMT9312_0359,MIT9312_1_337963_365363,CAAX amino terminal protease,PMT9312_0359,locus_tag:locus_tag
PMT9312_0360,MIT9312_1_337963_365363,proline iminopeptidase,PMT9312_0360,locus_tag:locus_tag
PMT9312_0361,MIT9312_1_337963_365363,thiaminase II,PMT9312_0361,locus_tag:locus_tag
PMT9312_0362,MIT9312_1_337963_365363,bifunctional hydroxy-methylpyrimidine kinase/ hydroxy-phosphomethylpyrimidine kinase,PMT9312_0362,locus_tag:locus_tag
PMT9312_0363,MIT9312_1_337963_365363,conserved hypothetical protein,PMT9312_0363,locus_tag:locus_tag
PMT9312_0364,MIT9312_1_337963_365363,conserved hypothetical protein DUF985,PMT9312_0364,locus_tag:locus_tag
PMT9312_0365,MIT9312_1_337963_365363,conserved hypothetical protein,PMT9312_0365,locus_tag:locus_tag
PMT9312_0366,MIT9312_1_337963_365363,putative restriction endonuclease,PMT9312_0366,locus_tag:locus_tag
PMT9312_0368,MIT9312_1_337963_365363,conserved hypothetical protein,PMT9312_0368,locus_tag:locus_tag
PMT9312_0369,MIT9312_1_337963_365363,conserved hypothetical protein,PMT9312_0369,locus_tag:locus_tag
PMT9312_0370,MIT9312_1_337963_365363,uncharacterized TonB box-containing membrane protein,PMT9312_0370,locus_tag:locus_tag
PMT9312_0371,MIT9312_1_337963_365363,Conserved hypothetical protein,PMT9312_0371,locus_tag:locus_tag
PMT9312_0372,MIT9312_1_337963_365363,DNA G:T mismatch repair endonuclease,PMT9312_0372,locus_tag:locus_tag
PMT9312_0373,MIT9312_1_337963_365363,Putative Type II restriction endonuclease,PMT9312_0373,locus_tag:locus_tag
PMT9312_0374,MIT9312_1_337963_365363,conserved hypothetical protein,PMT9312_0374,locus_tag:locus_tag
PMT9312_0375,MIT9312_1_337963_365363,conserved hypothetical protein,PMT9312_0375,locus_tag:locus_tag
PMT9312_0376,MIT9312_1_337963_365363,conserved hypothetical protein,PMT9312_0376,locus_tag:locus_tag
PMT9312_0377,MIT9312_1_337963_365363,conserved hypothetical protein,PMT9312_0377,locus_tag:locus_tag
PMT9312_0378,MIT9312_1_337963_365363,Putative Type II cytosine-methyltransferase,PMT9312_0378,locus_tag:locus_tag
PMT9312_0379,MIT9312_1_337963_365363,conserved hypothetical protein,PMT9312_0379,locus_tag:locus_tag
PMT9312_0380,MIT9312_1_337963_365363,conserved hypothetical protein,PMT9312_0380,locus_tag:locus_tag
PMT9312_0381,MIT9312_1_337963_365363,conserved hypothetical protein,PMT9312_0381,locus_tag:locus_tag
PMT9312_1830,MIT9312_1_337963_365363,Hypothetical protein,PMT9312_1830,locus_tag:locus_tag
PMT9312_1831,MIT9312_1_337963_365363,Conserved hypothetical protein,PMT9312_1831,locus_tag:locus_tag
PMT9312_1832,MIT9312_1_337963_365363,conserved hypothetical protein,PMT9312_1832,locus_tag:locus_tag
PMT9312_1833,MIT9312_1_337963_365363,Hypothetical protein,PMT9312_1833,locus_tag:locus_tag
PMT9312_1834,MIT9312_1_337963_365363,conserved hypothetical protein,PMT9312_1834,locus_tag:locus_tag
PMT9312_RS01975,MIT9312_1_337963_365363,tyrosine-type recombinase/integrase,PMT9312_RS01975,locus_tag:locus_tag
PMT9312_0655,MIT9312_1_617230_622045,putative membrane protein,PMT9312_0655,locus_tag:locus_tag
PMT9312_0657,MIT9312_1_617230_622045,conserved hypothetical protein,PMT9312_0657,locus_tag:locus_tag
PMT9312_0659,MIT9312_1_617230_622045,conserved hypothetical protein,PMT9312_0659,locus_tag:locus_tag
PMT9312_1838,MIT9312_1_617230_622045,Conserved hypothetical protein,PMT9312_1838,locus_tag:locus_tag
PMT9312_1839,MIT9312_1_617230_622045,uncharacterized conserved membrane protein,PMT9312_1839,locus_tag:locus_tag
PMT9312_1840,MIT9312_1_617230_622045,uncharacterized conserved membrane protein,PMT9312_1840,locus_tag:locus_tag
PMT9312_RS09435,MIT9312_1_617230_622045,DUF4278 domain-containing protein,PMT9312_RS09435,locus_tag:locus_tag
PMT9312_0685,MIT9312_1_646552_694555,possible M protein repeat,PMT9312_0685,locus_tag:locus_tag
PMT9312_0687,MIT9312_1_646552_694555,high light inducible protein,PMT9312_0687,locus_tag:locus_tag
PMT9312_0688,MIT9312_1_646552_694555,high light inducible protein,PMT9312_0688,locus_tag:locus_tag
PMT9312_0689,MIT9312_1_646552_694555,conserved hypothetical protein,PMT9312_0689,locus_tag:locus_tag
PMT9312_0690,MIT9312_1_646552_694555,hypothetical protein,PMT9312_0690,locus_tag:locus_tag
PMT9312_0691,MIT9312_1_646552_694555,RmuC family protein,PMT9312_0691,locus_tag:locus_tag
PMT9312_0692,MIT9312_1_646552_694555,Conserved hypothetical protein,PMT9312_0692,locus_tag:locus_tag
PMT9312_0693,MIT9312_1_646552_694555,conserved hypothetical protein,PMT9312_0693,locus_tag:locus_tag
PMT9312_0694,MIT9312_1_646552_694555,"NAD-dependent DNA ligase, N-terminal domain",PMT9312_0694,locus_tag:locus_tag
PMT9312_0695,MIT9312_1_646552_694555,uncharacterized conserved membrane protein,PMT9312_0695,locus_tag:locus_tag
PMT9312_0696,MIT9312_1_646552_694555,conserved hypothetical protein,PMT9312_0696,locus_tag:locus_tag
PMT9312_0697,MIT9312_1_646552_694555,conserved hypothetical protein (DUF1651),PMT9312_0697,locus_tag:locus_tag
PMT9312_0699,MIT9312_1_646552_694555,uncharacterized conserved membrane protein,PMT9312_0699,locus_tag:locus_tag
PMT9312_0700,MIT9312_1_646552_694555,high light inducible protein,PMT9312_0700,locus_tag:locus_tag
PMT9312_0701,MIT9312_1_646552_694555,conserved hypothetical protein,PMT9312_0701,locus_tag:locus_tag
PMT9312_0702,MIT9312_1_646552_694555,tryptophan-rich conserved hypothetical protein CHP02450,PMT9312_0702,locus_tag:locus_tag
PMT9312_0703,MIT9312_1_646552_694555,conserved hypothetical protein,PMT9312_0703,locus_tag:locus_tag
PMT9312_0704,MIT9312_1_646552_694555,conserved hypothetical protein,PMT9312_0704,locus_tag:locus_tag
PMT9312_0705,MIT9312_1_646552_694555,short-chain dehydrogenase/reductase (SDR) superfamily,PMT9312_0705,locus_tag:locus_tag
PMT9312_0706,MIT9312_1_646552_694555,uncharacterized conserved membrane protein,PMT9312_0706,locus_tag:locus_tag
PMT9312_0707,MIT9312_1_646552_694555,possible uncharacterized conserved secreted protein,PMT9312_0707,locus_tag:locus_tag
PMT9312_0709,MIT9312_1_646552_694555,conserved hypothetical protein,PMT9312_0709,locus_tag:locus_tag
PMT9312_0710,MIT9312_1_646552_694555,uncharacterized conserved membrane protein,PMT9312_0710,locus_tag:locus_tag
PMT9312_0711,MIT9312_1_646552_694555,conserved hypothetical protein,PMT9312_0711,locus_tag:locus_tag
PMT9312_0712,MIT9312_1_646552_694555,conserved hypothetical protein,PMT9312_0712,locus_tag:locus_tag
PMT9312_0713,MIT9312_1_646552_694555,"uncharacterized conserved membrane protein, Prochlorococcus-specific",PMT9312_0713,locus_tag:locus_tag
PMT9312_0714,MIT9312_1_646552_694555,"protein of unknown function DUF1499, Prochlorococcus-specific",PMT9312_0714,locus_tag:locus_tag
PMT9312_0715,MIT9312_1_646552_694555,"potassium ion channel, VIC family",PMT9312_0715,locus_tag:locus_tag
PMT9312_0716,MIT9312_1_646552_694555,cytochrome c553 (cytochrome c6),PMT9312_0716,locus_tag:locus_tag
PMT9312_0717,MIT9312_1_646552_694555,two-component system response regulator RR class II (RRII)-CheY-OmpR,PMT9312_0717,locus_tag:locus_tag
PMT9312_0718,MIT9312_1_646552_694555,"two-component system sensor histidine kinase, phosphate sensing PhoR",PMT9312_0718,locus_tag:locus_tag
PMT9312_0719,MIT9312_1_646552_694555,uncharacterized conserved secreted protein,PMT9312_0719,locus_tag:locus_tag
PMT9312_0720,MIT9312_1_646552_694555,probable alkaline phosphatase,PMT9312_0720,locus_tag:locus_tag
PMT9312_0721,MIT9312_1_646552_694555,outer membrane porin,PMT9312_0721,locus_tag:locus_tag
PMT9312_0722,MIT9312_1_646552_694555,"phosphate ABC transporter, phosphate-binding protein PstS",PMT9312_0722,locus_tag:locus_tag
PMT9312_0723,MIT9312_1_646552_694555,chromate transporter,PMT9312_0723,locus_tag:locus_tag
PMT9312_0724,MIT9312_1_646552_694555,"multidrug efflux transporter, MFS family",PMT9312_0724,locus_tag:locus_tag
PMT9312_0725,MIT9312_1_646552_694555,glyceraldehyde-3-phosphate dehydrogenase,PMT9312_0725,locus_tag:locus_tag
PMT9312_0726,MIT9312_1_646552_694555,"bacterial regulatory protein, ArsR family",PMT9312_0726,locus_tag:locus_tag
PMT9312_0727,MIT9312_1_646552_694555,ABC-type phosphate transport system permease component,PMT9312_0727,locus_tag:locus_tag
PMT9312_0728,MIT9312_1_646552_694555,ABC-type phosphate transport system permease component,PMT9312_0728,locus_tag:locus_tag
PMT9312_0729,MIT9312_1_646552_694555,ABC-type phosphate transport system ATPase component,PMT9312_0729,locus_tag:locus_tag
PMT9312_0730,MIT9312_1_646552_694555,uncharacterized conserved secreted protein,PMT9312_0730,locus_tag:locus_tag
PMT9312_0731,MIT9312_1_646552_694555,"metallophosphoesterase, DNA ligase-associated",PMT9312_0731,locus_tag:locus_tag
PMT9312_0732,MIT9312_1_646552_694555,ATP-dependent Lhr-N-terminus-like helicase,PMT9312_0732,locus_tag:locus_tag
PMT9312_0733,MIT9312_1_646552_694555,ATP-dependent DNA ligase,PMT9312_0733,locus_tag:locus_tag
PMT9312_0734,MIT9312_1_646552_694555,putative mRNA 3-end processing factor,PMT9312_0734,locus_tag:locus_tag
PMT9312_0735,MIT9312_1_646552_694555,uncharacterized conserved membrane protein,PMT9312_0735,locus_tag:locus_tag
PMT9312_0736,MIT9312_1_646552_694555,"translation initiation factor IF-2, N-terminal domain-containing protein",PMT9312_0736,locus_tag:locus_tag
PMT9312_0737,MIT9312_1_646552_694555,conserved hypothetical protein,PMT9312_0737,locus_tag:locus_tag
PMT9312_0738,MIT9312_1_646552_694555,conserved hypothetical protein,PMT9312_0738,locus_tag:locus_tag
PMT9312_0739,MIT9312_1_646552_694555,conserved hypothetical protein,PMT9312_0739,locus_tag:locus_tag
PMT9312_0740,MIT9312_1_646552_694555,conserved hypothetical protein,PMT9312_0740,locus_tag:locus_tag
PMT9312_0741,MIT9312_1_646552_694555,conserved hypothetical protein,PMT9312_0741,locus_tag:locus_tag
PMT9312_0742,MIT9312_1_646552_694555,conserved hypothetical protein,PMT9312_0742,locus_tag:locus_tag
PMT9312_0743,MIT9312_1_646552_694555,uncharacterized conserved lipoprotein,PMT9312_0743,locus_tag:locus_tag
PMT9312_0744,MIT9312_1_646552_694555,conserved hypothetical protein,PMT9312_0744,locus_tag:locus_tag
PMT9312_0745,MIT9312_1_646552_694555,conserved hypothetical protein,PMT9312_0745,locus_tag:locus_tag
PMT9312_0746,MIT9312_1_646552_694555,conserved hypothetical protein,PMT9312_0746,locus_tag:locus_tag
PMT9312_0747,MIT9312_1_646552_694555,uncharacterized conserved metal-binding protein (DUF2103),PMT9312_0747,locus_tag:locus_tag
PMT9312_0748,MIT9312_1_646552_694555,cytochrome b6/f complex subunit VIII,PMT9312_0748,locus_tag:locus_tag
PMT9312_1841,MIT9312_1_646552_694555,conserved hypothetical protein,PMT9312_1841,locus_tag:locus_tag
PMT9312_1842,MIT9312_1_646552_694555,Conserved hypothetical protein,PMT9312_1842,locus_tag:locus_tag
PMT9312_1843,MIT9312_1_646552_694555,conserved hypothetical protein,PMT9312_1843,locus_tag:locus_tag
PMT9312_1844,MIT9312_1_646552_694555,conserved hypothetical protein,PMT9312_1844,locus_tag:locus_tag
PMT9312_1845,MIT9312_1_646552_694555,conserved hypothetical protein,PMT9312_1845,locus_tag:locus_tag
PMT9312_1847,MIT9312_1_646552_694555,Hypothetical protein,PMT9312_1847,locus_tag:locus_tag
PMT9312_1848,MIT9312_1_646552_694555,conserved hypothetical protein,PMT9312_1848,locus_tag:locus_tag
PMT9312_1850,MIT9312_1_646552_694555,uncharacterized conserved membrane protein,PMT9312_1850,locus_tag:locus_tag
PMT9312_1851,MIT9312_1_646552_694555,conserved hypothetical protein,PMT9312_1851,locus_tag:locus_tag
PMT9312_1852,MIT9312_1_646552_694555,conserved hypothetical protein,PMT9312_1852,locus_tag:locus_tag
PMT9312_1853,MIT9312_1_646552_694555,conserved hypothetical protein,PMT9312_1853,locus_tag:locus_tag
PMT9312_1855,MIT9312_1_646552_694555,possible uncharacterized conserved secreted protein,PMT9312_1855,locus_tag:locus_tag
PMT9312_1857,MIT9312_1_646552_694555,uncharacterized conserved lipoprotein,PMT9312_1857,locus_tag:locus_tag
PMT9312_1859,MIT9312_1_646552_694555,Conserved hypothetical protein,PMT9312_1859,locus_tag:locus_tag
PMT9312_0813,MIT9312_1_755637_780233,"iron stress-induced protein, Prochlorococcus-specific",PMT9312_0813,locus_tag:locus_tag
PMT9312_0814,MIT9312_1_755637_780233,"possible transcriptional regulator of iron metabolism, Crp/Fnr family protein",PMT9312_0814,locus_tag:locus_tag
PMT9312_0816,MIT9312_1_755637_780233,ABC transporter family protein,PMT9312_0816,locus_tag:locus_tag
PMT9312_0817,MIT9312_1_755637_780233,chlorophyll b synthase / chlorophyllide a oxygenase,PMT9312_0817,locus_tag:locus_tag
PMT9312_0818,MIT9312_1_755637_780233,conserved hypothetical protein,PMT9312_0818,locus_tag:locus_tag
PMT9312_0819,MIT9312_1_755637_780233,uncharacterized conserved secreted protein,PMT9312_0819,locus_tag:locus_tag
PMT9312_0820,MIT9312_1_755637_780233,conserved hypothetical protein,PMT9312_0820,locus_tag:locus_tag
PMT9312_0821,MIT9312_1_755637_780233,conserved hypothetical protein,PMT9312_0821,locus_tag:locus_tag
PMT9312_0822,MIT9312_1_755637_780233,conserved hypothetical protein,PMT9312_0822,locus_tag:locus_tag
PMT9312_0823,MIT9312_1_755637_780233,conserved hypothetical protein,PMT9312_0823,locus_tag:locus_tag
PMT9312_0824,MIT9312_1_755637_780233,conserved hypothetical protein,PMT9312_0824,locus_tag:locus_tag
PMT9312_0825,MIT9312_1_755637_780233,"ABC-type urea transporter, ATPase component UrtE",PMT9312_0825,locus_tag:locus_tag
PMT9312_0826,MIT9312_1_755637_780233,"ABC-type urea transporter, ATP-binding component UrtD",PMT9312_0826,locus_tag:locus_tag
PMT9312_0827,MIT9312_1_755637_780233,"ABC-type urea transporter, membrane component",PMT9312_0827,locus_tag:locus_tag
PMT9312_0828,MIT9312_1_755637_780233,"ABC-type urea transporter, permease component",PMT9312_0828,locus_tag:locus_tag
PMT9312_0829,MIT9312_1_755637_780233,"ABC-type urea transporter, substrate binding component",PMT9312_0829,locus_tag:locus_tag
PMT9312_0830,MIT9312_1_755637_780233,urease accessory protein UreG,PMT9312_0830,locus_tag:locus_tag
PMT9312_0831,MIT9312_1_755637_780233,urease accessory protein UreF,PMT9312_0831,locus_tag:locus_tag
PMT9312_0832,MIT9312_1_755637_780233,urease accessory protein UreE,PMT9312_0832,locus_tag:locus_tag
PMT9312_0833,MIT9312_1_755637_780233,urease accessory protein UreD,PMT9312_0833,locus_tag:locus_tag
PMT9312_0834,MIT9312_1_755637_780233,urease gamma subunit,PMT9312_0834,locus_tag:locus_tag
PMT9312_0835,MIT9312_1_755637_780233,urease beta subunit,PMT9312_0835,locus_tag:locus_tag
PMT9312_0836,MIT9312_1_755637_780233,urease alpha subunit,PMT9312_0836,locus_tag:locus_tag
PMT9312_0837,MIT9312_1_755637_780233,glucosyl-3-phosphoglycerate synthase,PMT9312_0837,locus_tag:locus_tag
PMT9312_0838,MIT9312_1_755637_780233,possible glucosyl(mannosyl)glycerate-glucosidase,PMT9312_0838,locus_tag:locus_tag
PMT9312_0839,MIT9312_1_755637_780233,glucosyl-3-phosphoglycerate phosphatase,PMT9312_0839,locus_tag:locus_tag
PMT9312_0840,MIT9312_1_755637_780233,D-glycerate 3-kinase,PMT9312_0840,locus_tag:locus_tag
PMT9312_0841,MIT9312_1_755637_780233,conserved hypothetical protein (DUF1830),PMT9312_0841,locus_tag:locus_tag
PMT9312_0843,MIT9312_1_755637_780233,undecaprenyl-diphosphatase,PMT9312_0843,locus_tag:locus_tag
PMT9312_1864,MIT9312_1_755637_780233,Conserved hypothetical protein,PMT9312_1864,locus_tag:locus_tag
PMT9312_1866,MIT9312_1_755637_780233,Conserved hypothetical protein,PMT9312_1866,locus_tag:locus_tag
PMT9312_RS09750,MIT9312_1_755637_780233,hypothetical protein,PMT9312_RS09750,locus_tag:locus_tag
PMT9312_0931,MIT9312_1_868017_886438,50S ribosomal protein L33,PMT9312_0931,locus_tag:locus_tag
PMT9312_0932,MIT9312_1_868017_886438,30S ribosomal protein S18,PMT9312_0932,locus_tag:locus_tag
PMT9312_0933,MIT9312_1_868017_886438,exoribonuclease II,PMT9312_0933,locus_tag:locus_tag
PMT9312_0934,MIT9312_1_868017_886438,methionine--tRNA ligase,PMT9312_0934,locus_tag:locus_tag
PMT9312_0935,MIT9312_1_868017_886438,possible SMC domain N terminal domain,PMT9312_0935,locus_tag:locus_tag
PMT9312_0936,MIT9312_1_868017_886438,cofactor assembly of complex C subunit CCB2,PMT9312_0936,locus_tag:locus_tag
PMT9312_0937,MIT9312_1_868017_886438,uncharacterized conserved membrane protein,PMT9312_0937,locus_tag:locus_tag
PMT9312_0938,MIT9312_1_868017_886438,bifunctional adenosylcobinamide kinase / adenosylcobinamide-phosphate guanylyltransferase,PMT9312_0938,locus_tag:locus_tag
PMT9312_0939,MIT9312_1_868017_886438,tRNA (cytidine/uridine-2'-O)-ribose methyltransferase,PMT9312_0939,locus_tag:locus_tag
PMT9312_0940,MIT9312_1_868017_886438,ATP-dependent Clp protease adaptor protein ClpS,PMT9312_0940,locus_tag:locus_tag
PMT9312_0941,MIT9312_1_868017_886438,conserved hypothetical protein,PMT9312_0941,locus_tag:locus_tag
PMT9312_0943,MIT9312_1_868017_886438,conserved hypothetical protein,PMT9312_0943,locus_tag:locus_tag
PMT9312_0944,MIT9312_1_868017_886438,2-Cys peroxiredoxin,PMT9312_0944,locus_tag:locus_tag
PMT9312_0946,MIT9312_1_868017_886438,possible photosystem II D1 repair protein FtsH3,PMT9312_0946,locus_tag:locus_tag
PMT9312_0947,MIT9312_1_868017_886438,50S ribosomal protein L32,PMT9312_0947,locus_tag:locus_tag
PMT9312_0948,MIT9312_1_868017_886438,conserved hypothetical protein,PMT9312_0948,locus_tag:locus_tag
PMT9312_0949,MIT9312_1_868017_886438,"HAD hydrolase, IA, variant 3 family protein",PMT9312_0949,locus_tag:locus_tag
PMT9312_0950,MIT9312_1_868017_886438,zinc- or iron-chelating domain-containing protein,PMT9312_0950,locus_tag:locus_tag
PMT9312_0951,MIT9312_1_868017_886438,uncharacterized membrane protein,PMT9312_0951,locus_tag:locus_tag
PMT9312_0952,MIT9312_1_868017_886438,uncharacterized membrane protein (UPF0016),PMT9312_0952,locus_tag:locus_tag
PMT9312_0953,MIT9312_1_868017_886438,exoribonuclease R,PMT9312_0953,locus_tag:locus_tag
PMT9312_0954,MIT9312_1_868017_886438,uncharacterized conserved membrane protein,PMT9312_0954,locus_tag:locus_tag
PMT9312_0955,MIT9312_1_868017_886438,NADH dehydrogenase subunit NdhV,PMT9312_0955,locus_tag:locus_tag
PMT9312_1869,MIT9312_1_868017_886438,conserved hypothetical protein,PMT9312_1869,locus_tag:locus_tag
PMT9312_1871,MIT9312_1_868017_886438,conserved hypothetical protein,PMT9312_1871,locus_tag:locus_tag
PMT9312_1872,MIT9312_1_868017_886438,Conserved hypothetical protein,PMT9312_1872,locus_tag:locus_tag
PMT9312_0980,MIT9312_1_914986_953253,conserved hypothetical protein (DUF2862),PMT9312_0980,locus_tag:locus_tag
PMT9312_0981,MIT9312_1_914986_953253,ATP-binding cassette-type viologen exporter,PMT9312_0981,locus_tag:locus_tag
PMT9312_0982,MIT9312_1_914986_953253,"ATP-binding cassette-type viologen exporter, permease component",PMT9312_0982,locus_tag:locus_tag
PMT9312_0983,MIT9312_1_914986_953253,ATP-binding cassette-type viologen exporter,PMT9312_0983,locus_tag:locus_tag
PMT9312_0984,MIT9312_1_914986_953253,uncharacterized conserved membrane protein,PMT9312_0984,locus_tag:locus_tag
PMT9312_0985,MIT9312_1_914986_953253,conserved hypothetical protein,PMT9312_0985,locus_tag:locus_tag
PMT9312_0986,MIT9312_1_914986_953253,sulfite exporter TauE/SafE family protein,PMT9312_0986,locus_tag:locus_tag
PMT9312_0987,MIT9312_1_914986_953253,HNH endonuclease,PMT9312_0987,locus_tag:locus_tag
PMT9312_0988,MIT9312_1_914986_953253,"uncharacterized secreted protein, Prochlorococcus-specific",PMT9312_0988,locus_tag:locus_tag
PMT9312_0989,MIT9312_1_914986_953253,uncharacterized conserved membrane protein,PMT9312_0989,locus_tag:locus_tag
PMT9312_0990,MIT9312_1_914986_953253,conserved hypothetical protein,PMT9312_0990,locus_tag:locus_tag
PMT9312_0991,MIT9312_1_914986_953253,phosphoribosyl transferase domain containing protein,PMT9312_0991,locus_tag:locus_tag
PMT9312_0992,MIT9312_1_914986_953253,nucleoside 2-deoxyribosyltransferase family protein,PMT9312_0992,locus_tag:locus_tag
PMT9312_0993,MIT9312_1_914986_953253,30S ribosomal protein S21,PMT9312_0993,locus_tag:locus_tag
PMT9312_0994,MIT9312_1_914986_953253,helix-hairpin-helix DNA-binding motif class 1-containing protein,PMT9312_0994,locus_tag:locus_tag
PMT9312_0995,MIT9312_1_914986_953253,possible uridine kinase,PMT9312_0995,locus_tag:locus_tag
PMT9312_0996,MIT9312_1_914986_953253,FAD/NAD-binding domain-containing protein,PMT9312_0996,locus_tag:locus_tag
PMT9312_0997,MIT9312_1_914986_953253,conserved hypothetical protein,PMT9312_0997,locus_tag:locus_tag
PMT9312_0999,MIT9312_1_914986_953253,conserved hypothetical protein,PMT9312_0999,locus_tag:locus_tag
PMT9312_1000,MIT9312_1_914986_953253,peptidase S51,PMT9312_1000,locus_tag:locus_tag
PMT9312_1001,MIT9312_1_914986_953253,acetyltransferase family protein,PMT9312_1001,locus_tag:locus_tag
PMT9312_1003,MIT9312_1_914986_953253,conserved hypothetical protein (DUF3303),PMT9312_1003,locus_tag:locus_tag
PMT9312_1004,MIT9312_1_914986_953253,uncharacterized conserved membrane protein,PMT9312_1004,locus_tag:locus_tag
PMT9312_1005,MIT9312_1_914986_953253,uncharacterized conserved membrane protein,PMT9312_1005,locus_tag:locus_tag
PMT9312_1006,MIT9312_1_914986_953253,conserved hypothetical protein,PMT9312_1006,locus_tag:locus_tag
PMT9312_1007,MIT9312_1_914986_953253,conserved hypothetical protein,PMT9312_1007,locus_tag:locus_tag
PMT9312_1008,MIT9312_1_914986_953253,conserved hypothetical protein,PMT9312_1008,locus_tag:locus_tag
PMT9312_1009,MIT9312_1_914986_953253,metallo-hydrolase/oxidoreductase,PMT9312_1009,locus_tag:locus_tag
PMT9312_1010,MIT9312_1_914986_953253,conserved hypothetical protein,PMT9312_1010,locus_tag:locus_tag
PMT9312_1011,MIT9312_1_914986_953253,aminopeptidase N,PMT9312_1011,locus_tag:locus_tag
PMT9312_1012,MIT9312_1_914986_953253,conserved hypothetical protein,PMT9312_1012,locus_tag:locus_tag
PMT9312_1013,MIT9312_1_914986_953253,conserved hypothetical protein,PMT9312_1013,locus_tag:locus_tag
PMT9312_1014,MIT9312_1_914986_953253,formate-dependent phosphoribosyl glycinamide formyl transferase,PMT9312_1014,locus_tag:locus_tag
PMT9312_1015,MIT9312_1_914986_953253,possible Legume lectins alpha domain,PMT9312_1015,locus_tag:locus_tag
PMT9312_1016,MIT9312_1_914986_953253,glutathione peroxidase,PMT9312_1016,locus_tag:locus_tag
PMT9312_1017,MIT9312_1_914986_953253,conserved hypothetical protein,PMT9312_1017,locus_tag:locus_tag
PMT9312_1018,MIT9312_1_914986_953253,uncharacterized conserved secreted protein,PMT9312_1018,locus_tag:locus_tag
PMT9312_1019,MIT9312_1_914986_953253,"TIM-barrel , nifR3 family protein",PMT9312_1019,locus_tag:locus_tag
PMT9312_1020,MIT9312_1_914986_953253,FMN-binding split barrel domain-containing protein,PMT9312_1020,locus_tag:locus_tag
PMT9312_1021,MIT9312_1_914986_953253,uncharacterized conserved secreted protein,PMT9312_1021,locus_tag:locus_tag
PMT9312_1023,MIT9312_1_914986_953253,thioesterase superfamily protein,PMT9312_1023,locus_tag:locus_tag
PMT9312_1024,MIT9312_1_914986_953253,uncharacterized conserved membrane protein,PMT9312_1024,locus_tag:locus_tag
PMT9312_1025,MIT9312_1_914986_953253,conserved hypothetical protein,PMT9312_1025,locus_tag:locus_tag
PMT9312_1027,MIT9312_1_914986_953253,MAPEG family protein,PMT9312_1027,locus_tag:locus_tag
PMT9312_1029,MIT9312_1_914986_953253,conserved hypothetical protein,PMT9312_1029,locus_tag:locus_tag
PMT9312_1030,MIT9312_1_914986_953253,nif11-like leader peptide domain protein,PMT9312_1030,locus_tag:locus_tag
PMT9312_1031,MIT9312_1_914986_953253,possible Gram-negative pili assembly chaperone,PMT9312_1031,locus_tag:locus_tag
PMT9312_1032,MIT9312_1_914986_953253,conserved hypothetical protein,PMT9312_1032,locus_tag:locus_tag
PMT9312_1033,MIT9312_1_914986_953253,uncharacterized conserved membrane protein,PMT9312_1033,locus_tag:locus_tag
PMT9312_1034,MIT9312_1_914986_953253,conserved hypothetical protein,PMT9312_1034,locus_tag:locus_tag
PMT9312_1035,MIT9312_1_914986_953253,uncharacterized conserved secreted protein,PMT9312_1035,locus_tag:locus_tag
PMT9312_1036,MIT9312_1_914986_953253,OsmC/Ohr family domain-containing protein,PMT9312_1036,locus_tag:locus_tag
PMT9312_1038,MIT9312_1_914986_953253,conserved hypothetical protein,PMT9312_1038,locus_tag:locus_tag
PMT9312_1039,MIT9312_1_914986_953253,uncharacterized conserved secreted protein,PMT9312_1039,locus_tag:locus_tag
PMT9312_1877,MIT9312_1_914986_953253,uncharacterized conserved membrane protein,PMT9312_1877,locus_tag:locus_tag
PMT9312_1878,MIT9312_1_914986_953253,Conserved hypothetical protein,PMT9312_1878,locus_tag:locus_tag
PMT9312_1879,MIT9312_1_914986_953253,Conserved hypothetical protein,PMT9312_1879,locus_tag:locus_tag
PMT9312_1880,MIT9312_1_914986_953253,conserved hypothetical protein,PMT9312_1880,locus_tag:locus_tag
PMT9312_1881,MIT9312_1_914986_953253,conserved hypothetical protein,PMT9312_1881,locus_tag:locus_tag
PMT9312_1882,MIT9312_1_914986_953253,conserved hypothetical protein,PMT9312_1882,locus_tag:locus_tag
PMT9312_1886,MIT9312_1_914986_953253,Conserved hypothetical protein,PMT9312_1886,locus_tag:locus_tag
PMT9312_1887,MIT9312_1_914986_953253,possible high light inducible protein,PMT9312_1887,locus_tag:locus_tag
PMT9312_1889,MIT9312_1_914986_953253,uncharacterized conserved membrane protein (DUF2839),PMT9312_1889,locus_tag:locus_tag
PMT9312_1890,MIT9312_1_914986_953253,uncharacterized conserved membrane protein,PMT9312_1890,locus_tag:locus_tag
PMT9312_1894,MIT9312_1_914986_953253,Conserved hypothetical protein,PMT9312_1894,locus_tag:locus_tag
PMT9312_1046,MIT9312_1_959469_964375,"possible DNA gyrase/topoisomerase IV, subunit",PMT9312_1046,locus_tag:locus_tag
PMT9312_1047,MIT9312_1_959469_964375,possible uncharacterized conserved secreted protein,PMT9312_1047,locus_tag:locus_tag
PMT9312_1048,MIT9312_1_959469_964375,conserved hypothetical protein,PMT9312_1048,locus_tag:locus_tag
PMT9312_1049,MIT9312_1_959469_964375,A circularly permuted ATPgrasp family protein,PMT9312_1049,locus_tag:locus_tag
PMT9312_1050,MIT9312_1_959469_964375,A predicted alpha-helical domain with a conserved ER motif family protein,PMT9312_1050,locus_tag:locus_tag
PMT9312_1051,MIT9312_1_959469_964375,transglutaminase-like superfamily protein,PMT9312_1051,locus_tag:locus_tag
PMT9312_pseudoVIMSS1362710,MIT9312_1_959469_964375,conserved hypothetical protein,PMT9312_pseudoVIMSS1362710,locus_tag:locus_tag
